ref,T,m,phi,catch_model,U_star,control_dt,sub_dt,lead,exact,start,knot,sig_th,sig_thd,seed,dt_release,reason,t,success_held,U_peak,U_peak_A,U_peak_C,E,d_min,released,caught,release_time,catch_time,catch_off,catch_hx,catch_hy,jr_max,wall_max,slip,wall_s,swing_err,first_failure,t_first_failure,succ_1,succ_1.25,succ_1.5,succ_1.75,succ_2,succ_2.25,succ_2.5,t_exc_1,t_exc_1.25,t_exc_1.5,t_exc_1.75,t_exc_2,t_exc_2.25,t_exc_2.5,task_key,variant,perturb,base_ref
sol_comp_T18_m60_phi0.250_B_wall5mm.pkl,18.0,60.0,0.25,compliant,1.0163755114555284,0.002,0.0005,0.001,1,rest,,0.01,0.1,4,0.0,slipped off A,6.757999999997242,0,0.7218872276335775,0.7218872276335775,0.0,1.5954146208816822,,0,0,,,,,,0.0016992629981478768,0.016100515713063705,0.0,4.7,0.15042894399945544,slipped off A,6.757999999997242,0,0,0,0,0,0,0,,,,,,,,sol_comp_T18_m60_phi0.250.pkl_B_wall5mm_weak_4_0.0,B_wall5mm,weak,sol_comp_T18_m60_phi0.250.pkl
sol_comp_T18_m60_phi0.250_B_wall5mm.pkl,18.0,60.0,0.25,compliant,1.0163755114555284,0.002,0.0005,0.001,1,rest,,0.0,0.0,0,0.003,hit B's face,8.16999999999646,0,1.3921715010199016,1.3921715010199016,0.0,2.190799810170167,0.033200633244251924,1,0,7.613999999996768,,,,,0.012321344641421095,0.00043705320406983716,0.0,5.5,0.03825414040074929,hit B's face,8.16999999999646,0,0,0,0,0,0,0,7.520499999996819,7.60849999999677,,,,,,sol_comp_T18_m60_phi0.250.pkl_B_wall5mm_none_0_0.003,B_wall5mm,none,sol_comp_T18_m60_phi0.250.pkl
sol_comp_T18_m60_phi0.250_B_wall5mm.pkl,18.0,60.0,0.25,compliant,1.0163755114555284,0.002,0.0005,0.001,1,rest,,0.01,0.1,1,0.0,hit B's face,8.155499999996472,0,1.3432462119773543,1.3432462119773543,0.0,2.1741591427451383,0.037211380625347644,1,0,7.610999999996771,,,,,0.0073723665452766485,0.0009174740104231915,0.0,5.5,0.04781354796442483,hit B's face,8.155499999996472,0,0,0,0,0,0,0,7.523999999996818,7.607999999996771,,,,,,sol_comp_T18_m60_phi0.250.pkl_B_wall5mm_weak_1_0.0,B_wall5mm,weak,sol_comp_T18_m60_phi0.250.pkl
sol_comp_T18_m60_phi0.250_B_wall5mm.pkl,18.0,60.0,0.25,compliant,1.0163755114555284,0.002,0.0005,0.001,1,rest,,0.01,0.1,2,0.0,hit B's face,8.146499999996475,0,1.3570665994691997,1.3570665994691997,0.0,2.1785109985596542,0.02719497909950725,1,0,7.610999999996771,,,,,0.006275943199865214,0.00328153209261986,0.0,5.6,0.05542584756951574,hit B's face,8.146499999996475,0,0,0,0,0,0,0,7.525999999996817,7.60849999999677,,,,,,sol_comp_T18_m60_phi0.250.pkl_B_wall5mm_weak_2_0.0,B_wall5mm,weak,sol_comp_T18_m60_phi0.250.pkl
sol_comp_T18_m60_phi0.250_B_wall5mm.pkl,18.0,60.0,0.25,compliant,1.0163755114555284,0.002,0.0005,0.001,1,rest,,0.01,0.1,3,0.0,hit B's face,8.153999999996472,0,1.3334345162351737,1.3334345162351737,0.0,2.1745419322337467,0.03716957615353339,1,0,7.610999999996771,,,,,0.006179709766022251,0.0067108648822198115,0.0,5.7,0.0795445230701286,hit B's face,8.153999999996472,0,0,0,0,0,0,0,7.565499999996796,7.60849999999677,,,,,,sol_comp_T18_m60_phi0.250.pkl_B_wall5mm_weak_3_0.0,B_wall5mm,weak,sol_comp_T18_m60_phi0.250.pkl
sol_comp_T18_m60_phi0.250_B_wall5mm.pkl,18.0,60.0,0.25,compliant,1.0163755114555284,0.002,0.0005,0.001,1,rest,,0.0,0.0,0,0.001,held B,10.119999999995379,1,1.6771573076306627,1.3921715010199016,1.6771573076306627,3.4687157930300416,0.024643088668188283,1,1,7.611999999996769,8.119499999996489,-0.024168406101881423,-0.024168406101881423,-0.004813519045639116,0.10033365666634453,0.0,0.0015166974896261877,6.5,0.03825414040074929,none,,0,0,0,1,1,1,1,7.520499999996819,7.60849999999677,8.152499999996468,,,,,sol_comp_T18_m60_phi0.250.pkl_B_wall5mm_none_0_0.001,B_wall5mm,none,sol_comp_T18_m60_phi0.250.pkl
sol_comp_T18_m60_phi0.250_B_wall5mm.pkl,18.0,60.0,0.25,compliant,1.0163755114555284,0.002,0.0005,0.001,1,rest,,0.01,0.1,0,0.0,held B,10.109999999995388,1,1.5390895641807114,1.3921715010199016,1.5390895641807114,3.4732700957130525,0.025343652310878425,1,1,7.610999999996771,8.109499999996498,-0.024997204698487874,-0.024997204698487874,0.0041761788415475,0.07289352101175306,0.0,0.01983728044082689,6.6,0.03825414040074929,none,,0,0,0,1,1,1,1,7.520499999996819,7.60849999999677,8.148999999996477,,,,,sol_comp_T18_m60_phi0.250.pkl_B_wall5mm_weak_0_0.0,B_wall5mm,weak,sol_comp_T18_m60_phi0.250.pkl
sol_comp_T18_m60_phi0.250_B_wall5mm.pkl,18.0,60.0,0.25,compliant,1.0163755114555284,0.002,0.0005,0.001,1,rest,,0.0,0.0,0,-0.003,held B,10.0804999999954,1,1.2512940468068467,1.0932091077223962,1.2512940468068467,3.4873476344429446,0.02870756698067878,1,1,7.607999999996771,8.07999999999651,-0.0249556127478483,-0.0249556127478483,0.014189495915274445,0.14925038887277245,0.031466376203344915,0.05495561274784829,6.6,0.03825414040074929,none,,0,0,1,1,1,1,1,7.520499999996819,8.259499999996411,,,,,,sol_comp_T18_m60_phi0.250.pkl_B_wall5mm_none_0_-0.003,B_wall5mm,none,sol_comp_T18_m60_phi0.250.pkl
sol_comp_T18_m60_phi0.250_B_wall5mm.pkl,18.0,60.0,0.25,compliant,1.0163755114555284,0.002,0.0005,0.001,1,rest,,0.0,0.0,0,0.0,held B,10.109999999995388,1,1.5390895641807114,1.3921715010199016,1.5390895641807114,3.4732700957130525,0.025343652310878425,1,1,7.610999999996771,8.109499999996498,-0.024997204698487874,-0.024997204698487874,0.0041761788415475,0.07289352101175306,0.0,0.01983728044082689,6.6,0.03825414040074929,none,,0,0,0,1,1,1,1,7.520499999996819,7.60849999999677,8.148999999996477,,,,,sol_comp_T18_m60_phi0.250.pkl_B_wall5mm_none_0_0.0,B_wall5mm,none,sol_comp_T18_m60_phi0.250.pkl
sol_comp_T18_m60_phi0.250_B_wall5mm.pkl,18.0,60.0,0.25,compliant,1.0163755114555284,0.002,0.0005,0.001,1,rest,,0.0,0.0,0,-0.001,held B,10.09999999999539,1,1.3921715010199016,1.3921715010199016,1.3856486406157082,3.481949426133075,0.026642240885380357,1,1,7.60999999999677,8.0994999999965,-0.02474252070249605,-0.02474252070249605,0.009880114811133874,0.055716548437463514,0.0,0.02868905804610601,6.7,0.03825414040074929,none,,0,0,1,1,1,1,1,7.520499999996819,7.60849999999677,,,,,,sol_comp_T18_m60_phi0.250.pkl_B_wall5mm_none_0_-0.001,B_wall5mm,none,sol_comp_T18_m60_phi0.250.pkl
sol_comp_T18_m60_phi0.250_B_wall5mm.pkl,18.0,60.0,0.25,compliant,1.0163755114555284,0.002,0.0005,0.001,1,rest,,0.03,0.2,4,0.0,hit wall,0.30800000000010286,0,0.6264766261885426,0.6264766261885426,0.0,0.06728022809308573,,0,0,,,,,,0.0,0.020022091757219546,0.0,0.2,0.17682478295095916,hit wall,0.30800000000010286,0,0,0,0,0,0,0,,,,,,,,sol_comp_T18_m60_phi0.250.pkl_B_wall5mm_strong_4_0.0,B_wall5mm,strong,sol_comp_T18_m60_phi0.250.pkl
sol_comp_T18_m60_phi0.250_B_wall5mm.pkl,18.0,60.0,0.25,compliant,1.0163755114555284,0.002,0.0005,0.001,1,rest,,0.01,0.1,5,0.0,hit wall,6.774499999997232,0,0.7181792959319877,0.7181792959319877,0.0,1.6039915021392617,,0,0,,,,,,0.001971443292416941,0.020001966074353908,0.0,4.7,0.19217659934324915,hit wall,6.774499999997232,0,0,0,0,0,0,0,,,,,,,,sol_comp_T18_m60_phi0.250.pkl_B_wall5mm_weak_5_0.0,B_wall5mm,weak,sol_comp_T18_m60_phi0.250.pkl
sol_comp_T18_m60_phi0.250_B_wall5mm.pkl,18.0,60.0,0.25,compliant,1.0163755114555284,0.002,0.0005,0.001,1,rest,,0.03,0.2,0,0.0,slipped off A,6.759999999997241,0,0.7218026086839563,0.7218026086839563,0.0,1.5913301298939688,,0,0,,,,,,0.0015039246071627543,0.013270438928524989,0.0,4.3,0.1308404929952766,slipped off A,6.759999999997241,0,0,0,0,0,0,0,,,,,,,,sol_comp_T18_m60_phi0.250.pkl_B_wall5mm_strong_0_0.0,B_wall5mm,strong,sol_comp_T18_m60_phi0.250.pkl
sol_comp_T18_m60_phi0.250_B_wall5mm.pkl,18.0,60.0,0.25,compliant,1.0163755114555284,0.002,0.0005,0.001,1,rest,,0.03,0.2,2,0.0,hit wall,6.708499999997269,0,0.7277599527378742,0.7277599527378742,0.0,1.6053226406084395,,0,0,,,,,,0.0023136084521443445,0.020096569942530774,0.0,4.4,0.2286756765285251,hit wall,6.708499999997269,0,0,0,0,0,0,0,,,,,,,,sol_comp_T18_m60_phi0.250.pkl_B_wall5mm_strong_2_0.0,B_wall5mm,strong,sol_comp_T18_m60_phi0.250.pkl
sol_comp_T18_m60_phi0.250_B_wall5mm.pkl,18.0,60.0,0.25,compliant,1.0163755114555284,0.002,0.0005,0.001,1,rest,,0.01,0.1,7,0.0,hit B's face,8.163499999996468,0,1.3240042720690897,1.3240042720690897,0.0,2.1724106424578298,0.044475372515816236,1,0,7.610999999996771,,,,,0.007882703887430759,0.0009377263753687082,0.0,5.4,0.046469910475258114,hit B's face,8.163499999996468,0,0,0,0,0,0,0,7.52149999999682,7.607999999996771,,,,,,sol_comp_T18_m60_phi0.250.pkl_B_wall5mm_weak_7_0.0,B_wall5mm,weak,sol_comp_T18_m60_phi0.250.pkl
sol_comp_T18_m60_phi0.250_B_wall5mm.pkl,18.0,60.0,0.25,compliant,1.0163755114555284,0.002,0.0005,0.001,1,rest,,0.03,0.2,5,0.0,hit wall,6.795499999997222,0,0.7171847527291166,0.7171847527291166,0.0,1.606066031873497,,0,0,,,,,,0.0018571398411729723,0.020007048386761574,0.0,4.6,0.1848536269558294,hit wall,6.795499999997222,0,0,0,0,0,0,0,,,,,,,,sol_comp_T18_m60_phi0.250.pkl_B_wall5mm_strong_5_0.0,B_wall5mm,strong,sol_comp_T18_m60_phi0.250.pkl
sol_comp_T18_m60_phi0.250_B_wall5mm.pkl,18.0,60.0,0.25,compliant,1.0163755114555284,0.002,0.0005,0.001,1,rest,,0.01,0.1,6,0.0,held B,10.109999999995388,1,1.5390895641807114,1.3921715010199016,1.5390895641807114,3.4732700957130525,0.025343652310878425,1,1,7.610999999996771,8.109499999996498,-0.024997204698487874,-0.024997204698487874,0.0041761788415475,0.07289352101175306,0.0,0.01983728044082689,6.7,0.03825414040074929,none,,0,0,0,1,1,1,1,7.520499999996819,7.60849999999677,8.148999999996477,,,,,sol_comp_T18_m60_phi0.250.pkl_B_wall5mm_weak_6_0.0,B_wall5mm,weak,sol_comp_T18_m60_phi0.250.pkl
sol_comp_T18_m60_phi0.250_B_wall5mm.pkl,18.0,60.0,0.25,compliant,1.0163755114555284,0.002,0.0005,0.001,1,rest,,0.03,0.2,1,0.0,missed B,8.349499999996365,0,1.2716338237753728,1.2716338237753728,0.0,2.1572307272610387,0.08495011208968671,1,0,7.610999999996771,,,,,0.008581302461989349,0.007118965263212436,0.0,5.6,0.10453689971715185,missed B,8.349499999996365,0,0,0,0,0,0,0,7.607499999996772,7.607499999996772,,,,,,sol_comp_T18_m60_phi0.250.pkl_B_wall5mm_strong_1_0.0,B_wall5mm,strong,sol_comp_T18_m60_phi0.250.pkl
sol_comp_T18_m60_phi0.250_B_wall5mm.pkl,18.0,60.0,0.25,compliant,1.0163755114555284,0.002,0.0005,0.001,1,rest,,0.01,0.1,8,0.0,held B,10.102499999995391,1,1.4546529993752968,1.3795282001217826,1.4546529993752968,3.4578270280582912,0.027168021363725845,1,1,7.610999999996771,8.101999999996501,-0.024295690694045025,-0.024295690694045025,0.012158157694287318,0.0494387270033228,0.014535644424874566,0.0,6.8,0.11898243543709194,none,,0,0,1,1,1,1,1,7.564999999996797,7.609499999996771,,,,,,sol_comp_T18_m60_phi0.250.pkl_B_wall5mm_weak_8_0.0,B_wall5mm,weak,sol_comp_T18_m60_phi0.250.pkl
sol_comp_T18_m60_phi0.250_B_wall5mm.pkl,18.0,60.0,0.25,compliant,1.0163755114555284,0.002,0.0005,0.001,1,rest,,0.03,0.2,3,0.0,missed B,8.341999999996368,0,1.2766950235400512,1.2766950235400512,0.0,2.164074470132463,0.07826854342985594,1,0,7.610999999996771,,,,,0.00548234270406045,0.018738048639362383,0.0,5.8,0.17234797420613157,missed B,8.341999999996368,0,0,0,0,0,0,0,7.608999999996772,7.608999999996772,,,,,,sol_comp_T18_m60_phi0.250.pkl_B_wall5mm_strong_3_0.0,B_wall5mm,strong,sol_comp_T18_m60_phi0.250.pkl
sol_comp_T18_m60_phi0.250_B_wall5mm.pkl,18.0,60.0,0.25,compliant,1.0163755114555284,0.002,0.0005,0.001,1,rest,,0.01,0.1,9,0.0,held B,10.100999999995395,1,1.3914895055714054,1.3914895055714054,1.3638983879476552,3.442443759184349,0.029930671401237882,1,1,7.610999999996771,8.1004999999965,-0.024323128343697764,-0.024323128343697764,0.01744220508149373,0.05118738265465306,0.012249583114452262,0.0038318249321566203,6.9,0.10476545387714518,none,,0,0,1,1,1,1,1,7.562999999996798,7.609499999996771,,,,,,sol_comp_T18_m60_phi0.250.pkl_B_wall5mm_weak_9_0.0,B_wall5mm,weak,sol_comp_T18_m60_phi0.250.pkl
sol_comp_T18_m60_phi0.250_B_wall5mm.pkl,18.0,60.0,0.25,compliant,1.0163755114555284,0.002,0.0005,0.001,1,rest,,0.03,0.2,6,0.0,hit wall,6.784499999997227,0,0.7183527407079067,0.7183527407079067,0.0,1.6048140334837768,,0,0,,,,,,0.0018893562189933044,0.0200352958907306,0.0,4.7,0.18219535545567678,hit wall,6.784499999997227,0,0,0,0,0,0,0,,,,,,,,sol_comp_T18_m60_phi0.250.pkl_B_wall5mm_strong_6_0.0,B_wall5mm,strong,sol_comp_T18_m60_phi0.250.pkl
sol_comp_T18_m60_phi0.250_B_wall5mm.pkl,18.0,60.0,0.25,compliant,1.0163755114555284,0.002,0.0005,0.001,1,rest,,0.03,0.2,7,0.0,hit wall,6.97799999999712,0,0.7255482111498742,0.7255482111498742,0.0,1.663344185829979,,0,0,,,,,,0.004528167703656827,0.020003877992004846,0.0,4.4,0.19800148043867294,hit wall,6.97799999999712,0,0,0,0,0,0,0,,,,,,,,sol_comp_T18_m60_phi0.250.pkl_B_wall5mm_strong_7_0.0,B_wall5mm,strong,sol_comp_T18_m60_phi0.250.pkl
sol_comp_T18_m60_phi0.250_B_wall5mm.pkl,18.0,60.0,0.25,compliant,1.0163755114555284,0.002,0.0005,0.001,1,rest,,0.03,0.2,9,0.0,hit B's face,8.168999999996466,0,1.2922667079398018,1.2922667079398018,0.0,2.1667004734989774,0.06800194653632653,1,0,7.610999999996771,,,,,0.0054901691484647575,0.01718580316488986,0.0,5.6,0.15818461953649776,hit B's face,8.168999999996466,0,0,0,0,0,0,0,7.608999999996772,7.608999999996772,,,,,,sol_comp_T18_m60_phi0.250.pkl_B_wall5mm_strong_9_0.0,B_wall5mm,strong,sol_comp_T18_m60_phi0.250.pkl
sol_comp_T18_m60_phi0.250_B_wall5mm.pkl,18.0,60.0,0.25,compliant,1.0163755114555284,0.002,0.0005,0.001,1,rest,,0.03,0.2,8,0.0,held B,10.0909999999954,1,1.4154364734294917,1.4154364734294917,1.2504796781303216,3.5216789965446242,0.04341142185729264,1,1,7.610999999996771,8.090499999996506,-0.02488042213448427,-0.02488042213448427,0.03557409369304706,0.14980181772146264,0.010141619109354405,0.05488042213448428,6.7,0.09147099868787506,none,,0,0,1,1,1,1,1,7.526499999996815,7.609499999996771,,,,,,sol_comp_T18_m60_phi0.250.pkl_B_wall5mm_strong_8_0.0,B_wall5mm,strong,sol_comp_T18_m60_phi0.250.pkl
sol_comp_T18_m60_phi0.250_A_base.pkl,18.0,60.0,0.25,compliant,0.9890676725484332,0.002,0.0005,0.001,1,rest,,0.0,0.0,0,0.003,hit B's face,8.523999999996596,0,1.450952852290499,1.450952852290499,0.0,2.213863471554821,0.028880010228602395,1,0,7.9884999999968915,,,,,0.01655627700243631,0.001069595117769051,0.0,5.7,0.03750282552602602,hit B's face,8.523999999996596,0,0,0,0,0,0,0,7.894999999996946,7.9789999999968995,,,,,,sol_comp_T18_m60_phi0.250.pkl_A_base_none_0_0.003,A_base,none,sol_comp_T18_m60_phi0.250.pkl
sol_comp_T18_m60_phi0.250_A_base.pkl,18.0,60.0,0.25,compliant,0.9890676725484332,0.002,0.0005,0.001,1,rest,,0.0,0.0,0,0.0,held B,10.48049999999551,1,1.6404779086173424,1.450952852290499,1.6404779086173424,3.634242774893266,0.026497854369834088,1,1,7.985499999996895,8.47999999999662,-0.02432884125534951,-0.02432884125534951,0.010499703299471808,0.12980752867576256,0.040576984084157885,0.07498780561111716,6.8,0.03637507282657121,none,,0,0,0,1,1,1,1,7.894999999996946,7.9789999999968995,8.47999999999662,,,,,sol_comp_T18_m60_phi0.250.pkl_A_base_none_0_0.0,A_base,none,sol_comp_T18_m60_phi0.250.pkl
sol_comp_T18_m60_phi0.250_A_base.pkl,18.0,60.0,0.25,compliant,0.9890676725484332,0.002,0.0005,0.001,1,rest,,0.0,0.0,0,-0.003,held B,10.456999999995526,1,1.450952852290499,1.450952852290499,1.2531509382492754,3.4896850251823235,0.03384681463485479,1,1,7.982499999996895,8.456499999996632,-0.024516231200529592,-0.024516231200529592,0.023335836574856276,0.16612057623208648,0.027052529844442397,0.0545162312005296,6.9,0.03637507282657121,none,,0,0,1,1,1,1,1,7.894999999996946,7.9789999999968995,,,,,,sol_comp_T18_m60_phi0.250.pkl_A_base_none_0_-0.003,A_base,none,sol_comp_T18_m60_phi0.250.pkl
sol_comp_T18_m60_phi0.250_A_base.pkl,18.0,60.0,0.25,compliant,0.9890676725484332,0.002,0.0005,0.001,1,rest,,0.0,0.0,0,-0.001,held B,10.47349999999552,1,1.5267169508035108,1.450952852290499,1.5267169508035108,3.541530537568896,0.029828393921701734,1,1,7.984499999996894,8.472999999996626,-0.024599079151019332,-0.024599079151019332,0.01687063688395014,0.2272579834503362,0.014514301250173833,0.054599079151019324,6.9,0.03637507282657121,none,,0,0,0,1,1,1,1,7.894999999996946,7.9789999999968995,8.472999999996626,,,,,sol_comp_T18_m60_phi0.250.pkl_A_base_none_0_-0.001,A_base,none,sol_comp_T18_m60_phi0.250.pkl
sol_comp_T18_m60_phi0.250_A_base.pkl,18.0,60.0,0.25,compliant,0.9890676725484332,0.002,0.0005,0.001,1,rest,,0.0,0.0,0,0.001,held B,10.487499999995512,1,1.5006310630837327,1.450952852290499,1.5006310630837327,3.5368670690892423,0.024020724146939718,1,1,7.986499999996893,8.486999999996618,-0.02394218439859408,-0.02394218439859408,0.0019408747427619006,0.07176056945651943,0.011075071307749429,0.05394218439859408,7.0,0.03637507282657121,none,,0,0,0,1,1,1,1,7.894999999996946,7.9789999999968995,8.534499999996592,,,,,sol_comp_T18_m60_phi0.250.pkl_A_base_none_0_0.001,A_base,none,sol_comp_T18_m60_phi0.250.pkl
sol_comp_T18_m60_phi0.250_A_base.pkl,18.0,60.0,0.25,compliant,0.9890676725484332,0.002,0.0005,0.001,1,rest,,0.01,0.1,0,0.0,held B,10.48049999999551,1,1.6404779086173424,1.450952852290499,1.6404779086173424,3.634242774893266,0.026497854369834088,1,1,7.985499999996895,8.47999999999662,-0.02432884125534951,-0.02432884125534951,0.010499703299471808,0.12980752867576256,0.040576984084157885,0.07498780561111716,7.4,0.03637507282657121,none,,0,0,0,1,1,1,1,7.894999999996946,7.9789999999968995,8.47999999999662,,,,,sol_comp_T18_m60_phi0.250.pkl_A_base_weak_0_0.0,A_base,weak,sol_comp_T18_m60_phi0.250.pkl
sol_comp_T18_m60_phi0.250_A_base.pkl,18.0,60.0,0.25,compliant,0.9890676725484332,0.002,0.0005,0.001,1,rest,,0.01,0.1,1,0.0,held B,10.478499999995512,1,1.6458184100079905,1.4368622466967949,1.6458184100079905,3.5475615093761506,0.027578844805156936,1,1,7.985499999996895,8.477999999996621,-0.024417182331112564,-0.024417182331112564,0.012821617986671426,0.13482651069431123,0.008988083540942604,0.05441718233111256,7.3,0.04107546788667976,none,,0,0,0,1,1,1,1,7.896999999996945,7.979499999996898,8.477999999996621,,,,,sol_comp_T18_m60_phi0.250.pkl_A_base_weak_1_0.0,A_base,weak,sol_comp_T18_m60_phi0.250.pkl
sol_comp_T18_m60_phi0.250_A_base.pkl,18.0,60.0,0.25,compliant,0.9890676725484332,0.002,0.0005,0.001,1,rest,,0.01,0.1,2,0.0,held B,10.467999999995518,1,1.4990219080691445,1.4990219080691445,1.27874160287309,3.541778593269258,0.05230851565469751,1,1,7.985499999996895,8.467499999996628,-0.016098395407851296,-0.016098395407851296,0.04976969434595924,0.14728822290320298,0.007589694507444917,0.06668655100470504,6.8,0.05131985240134241,none,,0,0,1,1,1,1,1,7.891499999996947,7.979999999996897,,,,,,sol_comp_T18_m60_phi0.250.pkl_A_base_weak_2_0.0,A_base,weak,sol_comp_T18_m60_phi0.250.pkl
sol_comp_T18_m60_phi0.250_A_base.pkl,18.0,60.0,0.25,compliant,0.9890676725484332,0.002,0.0005,0.001,1,rest,,0.01,0.1,4,0.0,hit wall,6.7904999999975555,0,0.7394597777373741,0.7394597777373741,0.0,1.6189940500578626,,0,0,,,,,,0.0029851223552418427,0.02001836310433347,0.0,4.5,0.15135077748670178,hit wall,6.7904999999975555,0,0,0,0,0,0,0,,,,,,,,sol_comp_T18_m60_phi0.250.pkl_A_base_weak_4_0.0,A_base,weak,sol_comp_T18_m60_phi0.250.pkl
sol_comp_T18_m60_phi0.250_A_base.pkl,18.0,60.0,0.25,compliant,0.9890676725484332,0.002,0.0005,0.001,1,rest,,0.01,0.1,5,0.0,hit wall,6.819499999997541,0,0.7416629618081242,0.7416629618081242,0.0,1.6268545107595351,,0,0,,,,,,0.003434100016430852,0.020043462870399886,0.0,4.5,0.16475645911461867,hit wall,6.819499999997541,0,0,0,0,0,0,0,,,,,,,,sol_comp_T18_m60_phi0.250.pkl_A_base_weak_5_0.0,A_base,weak,sol_comp_T18_m60_phi0.250.pkl
sol_comp_T18_m60_phi0.250_A_base.pkl,18.0,60.0,0.25,compliant,0.9890676725484332,0.002,0.0005,0.001,1,rest,,0.03,0.2,4,0.0,hit wall,0.3365000000001128,0,0.5753324250449406,0.5753324250449406,0.0,0.0730651214712192,,0,0,,,,,,0.0,0.02000637538045165,0.0,0.2,0.1855309491989783,hit wall,0.3365000000001128,0,0,0,0,0,0,0,,,,,,,,sol_comp_T18_m60_phi0.250.pkl_A_base_strong_4_0.0,A_base,strong,sol_comp_T18_m60_phi0.250.pkl
sol_comp_T18_m60_phi0.250_A_base.pkl,18.0,60.0,0.25,compliant,0.9890676725484332,0.002,0.0005,0.001,1,rest,,0.01,0.1,3,0.0,held B,10.467999999995518,1,1.533949373795647,1.533949373795647,1.2840751255877223,3.520909890508106,0.04997615322340974,1,1,7.985499999996895,8.467499999996628,-0.005726304275909921,-0.005726304275909921,0.04964700726478307,0.15066669551897544,0.010977519528287107,0.03572630427590992,6.8,0.07213108995357084,none,,0,0,0,1,1,1,1,7.891499999996947,7.979999999996897,7.979999999996897,,,,,sol_comp_T18_m60_phi0.250.pkl_A_base_weak_3_0.0,A_base,weak,sol_comp_T18_m60_phi0.250.pkl
sol_comp_T18_m60_phi0.250_A_base.pkl,18.0,60.0,0.25,compliant,0.9890676725484332,0.002,0.0005,0.001,1,rest,,0.01,0.1,8,0.0,hit wall,6.825999999997537,0,0.7300088838704851,0.7300088838704851,0.0,1.6103459910270006,,0,0,,,,,,0.002335316440843893,0.020072135794575063,0.0,4.4,0.10917955643621302,hit wall,6.825999999997537,0,0,0,0,0,0,0,,,,,,,,sol_comp_T18_m60_phi0.250.pkl_A_base_weak_8_0.0,A_base,weak,sol_comp_T18_m60_phi0.250.pkl
sol_comp_T18_m60_phi0.250_A_base.pkl,18.0,60.0,0.25,compliant,0.9890676725484332,0.002,0.0005,0.001,1,rest,,0.01,0.1,9,0.0,hit wall,6.824499999997537,0,0.7276119086379603,0.7276119086379603,0.0,1.6068584284586933,,0,0,,,,,,0.0021076247778709645,0.02017963680734408,0.0,4.4,0.09742106576796661,hit wall,6.824499999997537,0,0,0,0,0,0,0,,,,,,,,sol_comp_T18_m60_phi0.250.pkl_A_base_weak_9_0.0,A_base,weak,sol_comp_T18_m60_phi0.250.pkl
sol_comp_T18_m60_phi0.250_A_base.pkl,18.0,60.0,0.25,compliant,0.9890676725484332,0.002,0.0005,0.001,1,rest,,0.03,0.2,0,0.0,hit wall,6.7919999999975555,0,0.7349072547947156,0.7349072547947156,0.0,1.6130803878701596,,0,0,,,,,,0.0025943360770595003,0.020219881011879826,0.0,4.7,0.13073656458701932,hit wall,6.7919999999975555,0,0,0,0,0,0,0,,,,,,,,sol_comp_T18_m60_phi0.250.pkl_A_base_strong_0_0.0,A_base,strong,sol_comp_T18_m60_phi0.250.pkl
sol_comp_T18_m60_phi0.250_A_base.pkl,18.0,60.0,0.25,compliant,0.9890676725484332,0.002,0.0005,0.001,1,rest,,0.01,0.1,7,0.0,hit B's face,8.509999999996603,0,1.413112611125406,1.413112611125406,0.0,2.1960348543326367,0.03465602097395299,1,0,7.985499999996895,,,,,0.014504749407438969,0.004944653027885243,0.0,5.9,0.05025046764346808,hit B's face,8.509999999996603,0,0,0,0,0,0,0,7.9359999999969215,7.9789999999968995,,,,,,sol_comp_T18_m60_phi0.250.pkl_A_base_weak_7_0.0,A_base,weak,sol_comp_T18_m60_phi0.250.pkl
sol_comp_T18_m60_phi0.250_A_base.pkl,18.0,60.0,0.25,compliant,0.9890676725484332,0.002,0.0005,0.001,1,rest,,0.03,0.2,2,0.0,hit wall,4.477999999998838,0,0.5673670584178823,0.5673670584178823,0.0,0.9774774838859023,,0,0,,,,,,0.0016928236203266889,0.020017855146371152,0.0,2.8,0.193352139798598,hit wall,4.477999999998838,0,0,0,0,0,0,0,,,,,,,,sol_comp_T18_m60_phi0.250.pkl_A_base_strong_2_0.0,A_base,strong,sol_comp_T18_m60_phi0.250.pkl
sol_comp_T18_m60_phi0.250_A_base.pkl,18.0,60.0,0.25,compliant,0.9890676725484332,0.002,0.0005,0.001,1,rest,,0.01,0.1,6,0.0,held B,10.48049999999551,1,1.6404779086173424,1.450952852290499,1.6404779086173424,3.634242774893266,0.026497854369834088,1,1,7.985499999996895,8.47999999999662,-0.02432884125534951,-0.02432884125534951,0.010499703299471808,0.12980752867576256,0.040576984084157885,0.07498780561111716,6.9,0.03637507282657121,none,,0,0,0,1,1,1,1,7.894999999996946,7.9789999999968995,8.47999999999662,,,,,sol_comp_T18_m60_phi0.250.pkl_A_base_weak_6_0.0,A_base,weak,sol_comp_T18_m60_phi0.250.pkl
sol_comp_T18_m60_phi0.250_A_base.pkl,18.0,60.0,0.25,compliant,0.9890676725484332,0.002,0.0005,0.001,1,rest,,0.03,0.2,3,0.0,hit wall,7.064499999997404,0,0.7252468815010185,0.7252468815010185,0.0,1.6454538088433204,,0,0,,,,,,0.003560136214931453,0.02001425217990694,0.0,4.7,0.14034916850283863,hit wall,7.064499999997404,0,0,0,0,0,0,0,,,,,,,,sol_comp_T18_m60_phi0.250.pkl_A_base_strong_3_0.0,A_base,strong,sol_comp_T18_m60_phi0.250.pkl
sol_comp_T18_m60_phi0.250_A_base.pkl,18.0,60.0,0.25,compliant,0.9890676725484332,0.002,0.0005,0.001,1,rest,,0.03,0.2,5,0.0,hit wall,6.846999999997527,0,0.7376054422843837,0.7376054422843837,0.0,1.6252171665391915,,0,0,,,,,,0.003162965047366406,0.020013605691120658,0.0,4.4,0.15665588925033647,hit wall,6.846999999997527,0,0,0,0,0,0,0,,,,,,,,sol_comp_T18_m60_phi0.250.pkl_A_base_strong_5_0.0,A_base,strong,sol_comp_T18_m60_phi0.250.pkl
sol_comp_T18_m60_phi0.250_A_base.pkl,18.0,60.0,0.25,compliant,0.9890676725484332,0.002,0.0005,0.001,1,rest,,0.03,0.2,6,0.0,hit wall,6.8264999999975355,0,0.739854392571478,0.739854392571478,0.0,1.6251587058914823,,0,0,,,,,,0.0032709027231886956,0.020013138283307363,0.0,4.4,0.1561623211873453,hit wall,6.8264999999975355,0,0,0,0,0,0,0,,,,,,,,sol_comp_T18_m60_phi0.250.pkl_A_base_strong_6_0.0,A_base,strong,sol_comp_T18_m60_phi0.250.pkl
sol_comp_T18_m60_phi0.250_A_base.pkl,18.0,60.0,0.25,compliant,0.9890676725484332,0.002,0.0005,0.001,1,rest,,0.03,0.2,7,0.0,hit wall,7.120499999997373,0,0.7202402434069126,0.7202402434069126,0.0,1.6536743647264982,,0,0,,,,,,0.0034714340588513637,0.02002185892667378,0.0,4.6,0.15568195475832036,hit wall,7.120499999997373,0,0,0,0,0,0,0,,,,,,,,sol_comp_T18_m60_phi0.250.pkl_A_base_strong_7_0.0,A_base,strong,sol_comp_T18_m60_phi0.250.pkl
sol_comp_T18_m60_phi0.250_A_base.pkl,18.0,60.0,0.25,compliant,0.9890676725484332,0.002,0.0005,0.001,1,rest,,0.03,0.2,8,0.0,hit wall,6.805999999997548,0,0.7257129465803187,0.7257129465803187,0.0,1.6021490729376833,,0,0,,,,,,0.0018149020536566418,0.020027573982702995,0.0,4.5,0.08745949804932551,hit wall,6.805999999997548,0,0,0,0,0,0,0,,,,,,,,sol_comp_T18_m60_phi0.250.pkl_A_base_strong_8_0.0,A_base,strong,sol_comp_T18_m60_phi0.250.pkl
sol_comp_T18_m60_phi0.250_A_base.pkl,18.0,60.0,0.25,compliant,0.9890676725484332,0.002,0.0005,0.001,1,rest,,0.03,0.2,1,0.0,held B,10.479499999995516,1,1.5115565511354385,1.4301425748043308,1.5115565511354385,3.5284423754169922,0.02426108612001288,1,1,7.985499999996895,8.478999999996622,-0.024176467735937734,-0.024176467735937734,-0.0020245264967007426,0.0734158437355748,0.009925597486870597,0.05417646773593773,7.1,0.09978443476117861,none,,0,0,0,1,1,1,1,7.93649999999692,7.979499999996898,8.478999999996622,,,,,sol_comp_T18_m60_phi0.250.pkl_A_base_strong_1_0.0,A_base,strong,sol_comp_T18_m60_phi0.250.pkl
sol_comp_T18_m60_phi0.250_A_base.pkl,18.0,60.0,0.25,compliant,0.9890676725484332,0.002,0.0005,0.001,1,rest,,0.03,0.2,9,0.0,hit wall,7.0894999999973916,0,0.7252973666760621,0.7252973666760621,0.0,1.649693217590424,,0,0,,,,,,0.003350676290291399,0.020006308297471753,0.0,4.8,0.13204952431455275,hit wall,7.0894999999973916,0,0,0,0,0,0,0,,,,,,,,sol_comp_T18_m60_phi0.250.pkl_A_base_strong_9_0.0,A_base,strong,sol_comp_T18_m60_phi0.250.pkl
sol_comp_T18_m60_phi0.250_B_wall2mm.pkl,18.0,60.0,0.25,compliant,0.9852185419533225,0.002,0.0005,0.001,1,rest,,0.0,0.0,0,-0.003,lost hook,8.453999999995315,0,1.5747677366092219,1.5218162063534078,1.5747677366092219,2.9605165903700272,0.017921936494231426,1,1,6.4064999999964485,6.861499999996198,-0.01456621354709231,-0.01456621354709231,0.010441323220922179,0.050368274048483375,0.0,0.08990362278187877,5.4,0.023225897737246363,lost hook,8.453999999995315,0,0,0,0,0,0,0,6.337999999996487,6.403999999996451,6.403999999996451,,,,,sol_comp_T18_m60_phi0.250.pkl_B_wall2mm_none_0_-0.003,B_wall2mm,none,sol_comp_T18_m60_phi0.250.pkl
sol_comp_T18_m60_phi0.250_B_wall2mm.pkl,18.0,60.0,0.25,compliant,0.9852185419533225,0.002,0.0005,0.001,1,rest,,0.0,0.0,0,0.0,lost hook,8.511499999995287,0,1.6451948976465989,1.5218162063534078,1.6451948976465989,3.057064729866082,0.03146932391462089,1,1,6.409499999996449,6.888999999996184,-0.024512570453558702,-0.024512570453558702,0.019734544266403812,0.19224958492444907,0.0026321472724157857,0.23330445335743769,5.7,0.023225897737246363,lost hook,8.511499999995287,0,0,0,0,0,0,0,6.337999999996487,6.403999999996451,6.403999999996451,,,,,sol_comp_T18_m60_phi0.250.pkl_B_wall2mm_none_0_0.0,B_wall2mm,none,sol_comp_T18_m60_phi0.250.pkl
sol_comp_T18_m60_phi0.250_B_wall2mm.pkl,18.0,60.0,0.25,compliant,0.9852185419533225,0.002,0.0005,0.001,1,rest,,0.0,0.0,0,-0.001,lost hook,8.459999999995311,0,1.6184582880407823,1.5218162063534078,1.6184582880407823,3.0077093938550816,0.035536024095936584,1,1,6.408499999996447,6.877999999996188,-0.024715657074040553,-0.024715657074040553,0.025533219615736177,0.11979341544626387,0.0,0.04660989600506228,5.5,0.023225897737246363,lost hook,8.459999999995311,0,0,0,0,0,0,0,6.337999999996487,6.403999999996451,6.403999999996451,,,,,sol_comp_T18_m60_phi0.250.pkl_B_wall2mm_none_0_-0.001,B_wall2mm,none,sol_comp_T18_m60_phi0.250.pkl
sol_comp_T18_m60_phi0.250_B_wall2mm.pkl,18.0,60.0,0.25,compliant,0.9852185419533225,0.002,0.0005,0.001,1,rest,,0.01,0.1,2,0.0,hit wall,5.171999999997134,0,0.7115969739439185,0.7115969739439185,0.0,1.249918870252082,,0,0,,,,,,0.003055394925051167,0.020117114529230096,0.0,3.3,0.05387500236689702,hit wall,5.171999999997134,0,0,0,0,0,0,0,,,,,,,,sol_comp_T18_m60_phi0.250.pkl_B_wall2mm_weak_2_0.0,B_wall2mm,weak,sol_comp_T18_m60_phi0.250.pkl
sol_comp_T18_m60_phi0.250_B_wall2mm.pkl,18.0,60.0,0.25,compliant,0.9852185419533225,0.002,0.0005,0.001,1,rest,,0.01,0.1,1,0.0,hit wall,5.351999999997034,0,0.7108508173411436,0.7108508173411436,0.0,1.286552442167619,,0,0,,,,,,0.0012622355579592747,0.020007950468413915,0.0,3.4,0.03379682945035418,hit wall,5.351999999997034,0,0,0,0,0,0,0,,,,,,,,sol_comp_T18_m60_phi0.250.pkl_B_wall2mm_weak_1_0.0,B_wall2mm,weak,sol_comp_T18_m60_phi0.250.pkl
sol_comp_T18_m60_phi0.250_B_wall2mm.pkl,18.0,60.0,0.25,compliant,0.9852185419533225,0.002,0.0005,0.001,1,rest,,0.01,0.1,3,0.0,hit wall,5.150499999997145,0,0.7146158374077922,0.7146158374077922,0.0,1.2490551753108987,,0,0,,,,,,0.0015679514200179767,0.020509534962164455,0.0,3.4,0.08175157013133427,hit wall,5.150499999997145,0,0,0,0,0,0,0,,,,,,,,sol_comp_T18_m60_phi0.250.pkl_B_wall2mm_weak_3_0.0,B_wall2mm,weak,sol_comp_T18_m60_phi0.250.pkl
sol_comp_T18_m60_phi0.250_B_wall2mm.pkl,18.0,60.0,0.25,compliant,0.9852185419533225,0.002,0.0005,0.001,1,rest,,0.0,0.0,0,0.003,hit B's face,6.9454999999961515,0,1.5218162063534078,1.5218162063534078,0.0,1.9089416972648974,0.025514919001323407,1,0,6.412499999996445,,,,,0.02393193640286828,1.4096497025661847e-05,0.0,4.8,0.031904480844533345,hit B's face,6.9454999999961515,0,0,0,0,0,0,0,6.337999999996487,6.403999999996451,6.403999999996451,,,,,sol_comp_T18_m60_phi0.250.pkl_B_wall2mm_none_0_0.003,B_wall2mm,none,sol_comp_T18_m60_phi0.250.pkl
sol_comp_T18_m60_phi0.250_B_wall2mm.pkl,18.0,60.0,0.25,compliant,0.9852185419533225,0.002,0.0005,0.001,1,rest,,0.01,0.1,5,0.0,hit wall,2.937499999998373,0,0.6102924214268035,0.6102924214268035,0.0,0.630957752648466,,0,0,,,,,,0.002020244623964662,0.020008921799521975,0.0,1.9,0.2019727716190931,hit wall,2.937499999998373,0,0,0,0,0,0,0,,,,,,,,sol_comp_T18_m60_phi0.250.pkl_B_wall2mm_weak_5_0.0,B_wall2mm,weak,sol_comp_T18_m60_phi0.250.pkl
sol_comp_T18_m60_phi0.250_B_wall2mm.pkl,18.0,60.0,0.25,compliant,0.9852185419533225,0.002,0.0005,0.001,1,rest,,0.0,0.0,0,0.001,lost hook,8.506499999995288,0,1.5424079222055966,1.5218162063534078,1.5424079222055966,3.04747976955488,0.027628568296702957,1,1,6.410499999996446,6.898999999996178,-0.024805311177818812,-0.024805311177818812,0.012166935665859207,0.22909031448739142,0.024455013398284375,0.1098053111778188,5.7,0.023225897737246363,lost hook,8.506499999995288,0,0,0,0,0,0,0,6.337999999996487,6.403999999996451,6.403999999996451,,,,,sol_comp_T18_m60_phi0.250.pkl_B_wall2mm_none_0_0.001,B_wall2mm,none,sol_comp_T18_m60_phi0.250.pkl
sol_comp_T18_m60_phi0.250_B_wall2mm.pkl,18.0,60.0,0.25,compliant,0.9852185419533225,0.002,0.0005,0.001,1,rest,,0.01,0.1,4,0.0,hit wall,5.121499999997162,0,0.724820203638191,0.724820203638191,0.0,1.2435571716616174,,0,0,,,,,,0.003068087615433479,0.020682992201720152,0.0,3.5,0.1423087446682234,hit wall,5.121499999997162,0,0,0,0,0,0,0,,,,,,,,sol_comp_T18_m60_phi0.250.pkl_B_wall2mm_weak_4_0.0,B_wall2mm,weak,sol_comp_T18_m60_phi0.250.pkl
sol_comp_T18_m60_phi0.250_B_wall2mm.pkl,18.0,60.0,0.25,compliant,0.9852185419533225,0.002,0.0005,0.001,1,rest,,0.01,0.1,0,0.0,lost hook,8.511499999995287,0,1.6451948976465989,1.5218162063534078,1.6451948976465989,3.057064729866082,0.03146932391462089,1,1,6.409499999996449,6.888999999996184,-0.024512570453558702,-0.024512570453558702,0.019734544266403812,0.19224958492444907,0.0026321472724157857,0.23330445335743769,5.6,0.023225897737246363,lost hook,8.511499999995287,0,0,0,0,0,0,0,6.337999999996487,6.403999999996451,6.403999999996451,,,,,sol_comp_T18_m60_phi0.250.pkl_B_wall2mm_weak_0_0.0,B_wall2mm,weak,sol_comp_T18_m60_phi0.250.pkl
sol_comp_T18_m60_phi0.250_B_wall2mm.pkl,18.0,60.0,0.25,compliant,0.9852185419533225,0.002,0.0005,0.001,1,rest,,0.01,0.1,9,0.0,hit wall,5.138999999997154,0,0.7127000325996047,0.7127000325996047,0.0,1.2452417071954671,,0,0,,,,,,0.002181888916367003,0.020408550970512196,0.0,3.1,0.09999905038111656,hit wall,5.138999999997154,0,0,0,0,0,0,0,,,,,,,,sol_comp_T18_m60_phi0.250.pkl_B_wall2mm_weak_9_0.0,B_wall2mm,weak,sol_comp_T18_m60_phi0.250.pkl
sol_comp_T18_m60_phi0.250_B_wall2mm.pkl,18.0,60.0,0.25,compliant,0.9852185419533225,0.002,0.0005,0.001,1,rest,,0.01,0.1,8,0.0,hit wall,5.130999999997158,0,0.7156251554459849,0.7156251554459849,0.0,1.2463290121705561,,0,0,,,,,,0.002518815865371282,0.020332744553412996,0.0,3.3,0.11772572400001469,hit wall,5.130999999997158,0,0,0,0,0,0,0,,,,,,,,sol_comp_T18_m60_phi0.250.pkl_B_wall2mm_weak_8_0.0,B_wall2mm,weak,sol_comp_T18_m60_phi0.250.pkl
sol_comp_T18_m60_phi0.250_B_wall2mm.pkl,18.0,60.0,0.25,compliant,0.9852185419533225,0.002,0.0005,0.001,1,rest,,0.03,0.2,4,0.0,hit wall,2.876499999998405,0,0.6216300871991152,0.6216300871991152,0.0,0.6213583864009272,,0,0,,,,,,0.002472466367169801,0.020045304920011383,0.0,1.9,0.2798118179076883,hit wall,2.876499999998405,0,0,0,0,0,0,0,,,,,,,,sol_comp_T18_m60_phi0.250.pkl_B_wall2mm_strong_4_0.0,B_wall2mm,strong,sol_comp_T18_m60_phi0.250.pkl
sol_comp_T18_m60_phi0.250_B_wall2mm.pkl,18.0,60.0,0.25,compliant,0.9852185419533225,0.002,0.0005,0.001,1,rest,,0.03,0.2,0,0.0,hit wall,5.130999999997158,0,0.7156922329972952,0.7156922329972952,0.0,1.2435533746267968,,0,0,,,,,,0.003251483091310882,0.02065880341226356,0.0,3.3,0.12075705755722776,hit wall,5.130999999997158,0,0,0,0,0,0,0,,,,,,,,sol_comp_T18_m60_phi0.250.pkl_B_wall2mm_strong_0_0.0,B_wall2mm,strong,sol_comp_T18_m60_phi0.250.pkl
sol_comp_T18_m60_phi0.250_B_wall2mm.pkl,18.0,60.0,0.25,compliant,0.9852185419533225,0.002,0.0005,0.001,1,rest,,0.03,0.2,1,0.0,hit wall,5.164499999997137,0,0.71821018986011,0.71821018986011,0.0,1.2576874519660124,,0,0,,,,,,0.0022193940155754363,0.020255690085521583,0.0,3.3,0.10073927394290927,hit wall,5.164499999997137,0,0,0,0,0,0,0,,,,,,,,sol_comp_T18_m60_phi0.250.pkl_B_wall2mm_strong_1_0.0,B_wall2mm,strong,sol_comp_T18_m60_phi0.250.pkl
sol_comp_T18_m60_phi0.250_B_wall2mm.pkl,18.0,60.0,0.25,compliant,0.9852185419533225,0.002,0.0005,0.001,1,rest,,0.03,0.2,5,0.0,hit wall,2.9429999999983707,0,0.6084168925039439,0.6084168925039439,0.0,0.6335780661051443,,0,0,,,,,,0.0037449291619143232,0.020014300957855526,0.0,1.9,0.19382898409523586,hit wall,2.9429999999983707,0,0,0,0,0,0,0,,,,,,,,sol_comp_T18_m60_phi0.250.pkl_B_wall2mm_strong_5_0.0,B_wall2mm,strong,sol_comp_T18_m60_phi0.250.pkl
sol_comp_T18_m60_phi0.250_B_wall2mm.pkl,18.0,60.0,0.25,compliant,0.9852185419533225,0.002,0.0005,0.001,1,rest,,0.03,0.2,2,0.0,hit wall,5.10749999999717,0,0.7314904265136757,0.7314904265136757,0.0,1.239654253070082,,0,0,,,,,,0.00840381248075367,0.02028161471402362,0.0,3.3,0.20967449378919378,hit wall,5.10749999999717,0,0,0,0,0,0,0,,,,,,,,sol_comp_T18_m60_phi0.250.pkl_B_wall2mm_strong_2_0.0,B_wall2mm,strong,sol_comp_T18_m60_phi0.250.pkl
sol_comp_T18_m60_phi0.250_B_wall2mm.pkl,18.0,60.0,0.25,compliant,0.9852185419533225,0.002,0.0005,0.001,1,rest,,0.03,0.2,3,0.0,hit wall,5.113999999997166,0,0.7314380867447146,0.7314380867447146,0.0,1.2605978658688601,,0,0,,,,,,0.0030904369637331786,0.020282026720912616,0.0,3.3,0.18540123280917276,hit wall,5.113999999997166,0,0,0,0,0,0,0,,,,,,,,sol_comp_T18_m60_phi0.250.pkl_B_wall2mm_strong_3_0.0,B_wall2mm,strong,sol_comp_T18_m60_phi0.250.pkl
sol_comp_T18_m60_phi0.250_B_wall2mm.pkl,18.0,60.0,0.25,compliant,0.9852185419533225,0.002,0.0005,0.001,1,rest,,0.01,0.1,7,0.0,lost hook,8.464999999995314,0,1.644920018113228,1.547455674531915,1.644920018113228,2.9564347379729035,0.054638335168222314,1,1,6.409499999996449,6.8749999999961915,-0.024682546359367397,-0.024682546359367397,0.048745456969574906,0.047672935270065164,0.004965893003533617,0.09953548804799858,5.5,0.03542518449711626,lost hook,8.464999999995314,0,0,0,0,0,0,0,6.334499999996488,6.40449999999645,6.40449999999645,,,,,sol_comp_T18_m60_phi0.250.pkl_B_wall2mm_weak_7_0.0,B_wall2mm,weak,sol_comp_T18_m60_phi0.250.pkl
sol_comp_T18_m60_phi0.250_B_wall2mm.pkl,18.0,60.0,0.25,compliant,0.9852185419533225,0.002,0.0005,0.001,1,rest,,0.01,0.1,6,0.0,lost hook,8.511499999995287,0,1.6451948976465989,1.5218162063534078,1.6451948976465989,3.057064729866082,0.03146932391462089,1,1,6.409499999996449,6.888999999996184,-0.024512570453558702,-0.024512570453558702,0.019734544266403812,0.19224958492444907,0.0026321472724157857,0.23330445335743769,5.6,0.023225897737246363,lost hook,8.511499999995287,0,0,0,0,0,0,0,6.337999999996487,6.403999999996451,6.403999999996451,,,,,sol_comp_T18_m60_phi0.250.pkl_B_wall2mm_weak_6_0.0,B_wall2mm,weak,sol_comp_T18_m60_phi0.250.pkl
sol_comp_T18_m60_phi0.250_B_wall2mm.pkl,18.0,60.0,0.25,compliant,0.9852185419533225,0.002,0.0005,0.001,1,rest,,0.03,0.2,7,0.0,hit wall,2.9509999999983663,0,0.6023446466150705,0.6023446466150705,0.0,0.6383469382140868,,0,0,,,,,,0.0035878617684379117,0.020017173212851035,0.0,2.0,0.1620985652124361,hit wall,2.9509999999983663,0,0,0,0,0,0,0,,,,,,,,sol_comp_T18_m60_phi0.250.pkl_B_wall2mm_strong_7_0.0,B_wall2mm,strong,sol_comp_T18_m60_phi0.250.pkl
sol_comp_T18_m60_phi0.250_B_wall2mm.pkl,18.0,60.0,0.25,compliant,0.9852185419533225,0.002,0.0005,0.001,1,rest,,0.03,0.2,6,0.0,hit wall,5.106499999997169,0,0.740195762118496,0.740195762118496,0.0,1.254799741339573,,0,0,,,,,,0.0038232304957008245,0.020066448170577567,0.0,2.9,0.20063780496181116,hit wall,5.106499999997169,0,0,0,0,0,0,0,,,,,,,,sol_comp_T18_m60_phi0.250.pkl_B_wall2mm_strong_6_0.0,B_wall2mm,strong,sol_comp_T18_m60_phi0.250.pkl
sol_comp_T18_m60_phi0.250_B_wall2mm.pkl,18.0,60.0,0.25,compliant,0.9852185419533225,0.002,0.0005,0.001,1,rest,,0.03,0.2,9,0.0,hit wall,5.117499999997165,0,0.7278841024408514,0.7278841024408514,0.0,1.2595850923274594,,0,0,,,,,,0.003655651354996046,0.02090954867789757,0.0,3.2,0.17093321510956927,hit wall,5.117499999997165,0,0,0,0,0,0,0,,,,,,,,sol_comp_T18_m60_phi0.250.pkl_B_wall2mm_strong_9_0.0,B_wall2mm,strong,sol_comp_T18_m60_phi0.250.pkl
sol_comp_T18_m60_phi0.250_B_wall2mm.pkl,18.0,60.0,0.25,compliant,0.9852185419533225,0.002,0.0005,0.001,1,rest,,0.03,0.2,8,0.0,hit wall,5.1539999999971435,0,0.7093255151825035,0.7093255151825035,0.0,1.244079208513303,,0,0,,,,,,0.0030687366239378275,0.02010146965433718,0.0,3.5,0.0914285197404553,hit wall,5.1539999999971435,0,0,0,0,0,0,0,,,,,,,,sol_comp_T18_m60_phi0.250.pkl_B_wall2mm_strong_8_0.0,B_wall2mm,strong,sol_comp_T18_m60_phi0.250.pkl
sol_comp_T18_m66_phi0.250_B_wall5mm.pkl,18.0,66.0,0.25,compliant,1.0942057028376215,0.002,0.0005,0.001,1,rest,,0.01,0.1,2,0.0,slipped off A,4.854499999997309,0,0.800286247521651,0.800286247521651,0.0,1.4346002584668227,,0,0,,,,,,0.000590775177640751,0.0013475847897252424,0.0,2.7,0.06571985871763861,slipped off A,4.854499999997309,0,0,0,0,0,0,0,,,,,,,,sol_comp_T18_m66_phi0.250.pkl_B_wall5mm_weak_2_0.0,B_wall5mm,weak,sol_comp_T18_m66_phi0.250.pkl
sol_comp_T18_m66_phi0.250_B_wall5mm.pkl,18.0,66.0,0.25,compliant,1.0942057028376215,0.002,0.0005,0.001,1,rest,,0.0,0.0,0,0.0,held B,8.236999999995437,1,1.6294736072534632,1.5170244349249553,1.6294736072534632,3.66623852928262,0.03490759021191097,1,1,5.751999999996812,6.236499999996543,-0.024310821378352276,-0.024310821378352276,0.025050425511606637,0.05616102041357299,0.0,0.04149646911650599,5.3,0.026573801264513305,none,,0,0,0,1,1,1,1,5.315999999997054,5.747999999996814,5.747999999996814,,,,,sol_comp_T18_m66_phi0.250.pkl_B_wall5mm_none_0_0.0,B_wall5mm,none,sol_comp_T18_m66_phi0.250.pkl
sol_comp_T18_m66_phi0.250_B_wall5mm.pkl,18.0,66.0,0.25,compliant,1.0942057028376215,0.002,0.0005,0.001,1,rest,,0.0,0.0,0,-0.003,held B,8.207999999995454,1,1.5170244349249553,1.5170244349249553,1.4925719457688584,3.6764131051310582,0.03619135743216266,1,1,5.7489999999968155,6.207499999996564,-0.02474032568571971,-0.02474032568571971,0.02641459137952115,0.1117810190483143,0.03472982308932826,0.06362929143009438,5.3,0.026573801264513305,none,,0,0,0,1,1,1,1,5.315999999997054,5.747999999996814,5.747999999996814,,,,,sol_comp_T18_m66_phi0.250.pkl_B_wall5mm_none_0_-0.003,B_wall5mm,none,sol_comp_T18_m66_phi0.250.pkl
sol_comp_T18_m66_phi0.250_B_wall5mm.pkl,18.0,66.0,0.25,compliant,1.0942057028376215,0.002,0.0005,0.001,1,rest,,0.0,0.0,0,-0.001,held B,8.228499999995442,1,1.5170244349249553,1.5170244349249553,1.4131270907267988,3.764108754988382,0.03859323632133199,1,1,5.750999999996814,6.227999999996552,-0.024869402709109423,-0.024869402709109423,0.029511873858606808,0.22959342025319623,0.02107002141784342,0.08945325584009783,5.3,0.026573801264513305,none,,0,0,0,1,1,1,1,5.315999999997054,5.747999999996814,5.747999999996814,,,,,sol_comp_T18_m66_phi0.250.pkl_B_wall5mm_none_0_-0.001,B_wall5mm,none,sol_comp_T18_m66_phi0.250.pkl
sol_comp_T18_m66_phi0.250_B_wall5mm.pkl,18.0,66.0,0.25,compliant,1.0942057028376215,0.002,0.0005,0.001,1,rest,,0.0,0.0,0,0.001,held B,8.245999999995433,1,1.8606602094492022,1.5170244349249553,1.8606602094492022,3.67018586891929,0.030474305193464144,1,1,5.752999999996813,6.245499999996543,-0.0239986593145618,-0.0239986593145618,0.01878157682751882,0.05504446719161116,0.0,0.01813149573114379,5.4,0.026573801264513305,none,,0,0,0,0,1,1,1,5.315999999997054,5.747999999996814,5.747999999996814,6.245499999996543,,,,sol_comp_T18_m66_phi0.250.pkl_B_wall5mm_none_0_0.001,B_wall5mm,none,sol_comp_T18_m66_phi0.250.pkl
sol_comp_T18_m66_phi0.250_B_wall5mm.pkl,18.0,66.0,0.25,compliant,1.0942057028376215,0.002,0.0005,0.001,1,rest,,0.01,0.1,3,0.0,slipped off A,4.834999999997322,0,0.8011408687075418,0.8011408687075418,0.0,1.4336841576649988,,0,0,,,,,,0.0008427673062421648,0.002836795823227071,0.0,3.1,0.09412465539995492,slipped off A,4.834999999997322,0,0,0,0,0,0,0,,,,,,,,sol_comp_T18_m66_phi0.250.pkl_B_wall5mm_weak_3_0.0,B_wall5mm,weak,sol_comp_T18_m66_phi0.250.pkl
sol_comp_T18_m66_phi0.250_B_wall5mm.pkl,18.0,66.0,0.25,compliant,1.0942057028376215,0.002,0.0005,0.001,1,rest,,0.01,0.1,4,0.0,hit wall,4.517999999997496,0,0.8083614766014726,0.8083614766014726,0.0,1.3740392730208164,,0,0,,,,,,0.0013545679521644316,0.02032912709223561,0.0,3.0,0.13222966896231791,hit wall,4.517999999997496,0,0,0,0,0,0,0,,,,,,,,sol_comp_T18_m66_phi0.250.pkl_B_wall5mm_weak_4_0.0,B_wall5mm,weak,sol_comp_T18_m66_phi0.250.pkl
sol_comp_T18_m66_phi0.250_B_wall5mm.pkl,18.0,66.0,0.25,compliant,1.0942057028376215,0.002,0.0005,0.001,1,rest,,0.0,0.0,0,0.003,held B,8.265999999995422,1,2.1571324855449947,1.5170244349249553,2.1571324855449947,3.7799010624020317,0.024344792202564986,1,1,5.754999999996812,6.265499999996532,-0.0243359589732024,-0.0243359589732024,0.0006557501358586322,0.07909599345487228,0.013572349223369251,0.0543359589732024,5.4,0.026573801264513305,grip capacity exceeded,6.30249999999651,0,0,0,0,0,1,1,5.315999999997054,5.747999999996814,5.747999999996814,6.295499999996515,6.30249999999651,,,sol_comp_T18_m66_phi0.250.pkl_B_wall5mm_none_0_0.003,B_wall5mm,none,sol_comp_T18_m66_phi0.250.pkl
sol_comp_T18_m66_phi0.250_B_wall5mm.pkl,18.0,66.0,0.25,compliant,1.0942057028376215,0.002,0.0005,0.001,1,rest,,0.01,0.1,0,0.0,held B,8.236999999995437,1,1.6294736072534632,1.5170244349249553,1.6294736072534632,3.66623852928262,0.03490759021191097,1,1,5.751999999996812,6.236499999996543,-0.024310821378352276,-0.024310821378352276,0.025050425511606637,0.05616102041357299,0.0,0.04149646911650599,5.5,0.026573801264513305,none,,0,0,0,1,1,1,1,5.315999999997054,5.747999999996814,5.747999999996814,,,,,sol_comp_T18_m66_phi0.250.pkl_B_wall5mm_weak_0_0.0,B_wall5mm,weak,sol_comp_T18_m66_phi0.250.pkl
sol_comp_T18_m66_phi0.250_B_wall5mm.pkl,18.0,66.0,0.25,compliant,1.0942057028376215,0.002,0.0005,0.001,1,rest,,0.01,0.1,1,0.0,held B,8.249499999995432,1,1.9149936343601324,1.4829803053535493,1.9149936343601324,3.6646863881769436,0.03001628999223329,1,1,5.751999999996812,6.248999999996538,-0.024432898941168624,-0.024432898941168624,0.017435914493610177,0.05659924341736544,0.002162517648451696,0.01887873122032576,5.5,0.04099150650003117,none,,0,0,0,0,1,1,1,5.32199999999705,5.7474999999968155,6.248999999996538,6.248999999996538,,,,sol_comp_T18_m66_phi0.250.pkl_B_wall5mm_weak_1_0.0,B_wall5mm,weak,sol_comp_T18_m66_phi0.250.pkl
sol_comp_T18_m66_phi0.250_B_wall5mm.pkl,18.0,66.0,0.25,compliant,1.0942057028376215,0.002,0.0005,0.001,1,rest,,0.03,0.2,4,0.0,hit wall,0.318999999999825,0,0.6742528570092974,0.6742528570092974,0.0,0.09062172728920688,,0,0,,,,,,0.0,0.02000860703601172,0.0,0.2,0.1802430629303176,hit wall,0.318999999999825,0,0,0,0,0,0,0,,,,,,,,sol_comp_T18_m66_phi0.250.pkl_B_wall5mm_strong_4_0.0,B_wall5mm,strong,sol_comp_T18_m66_phi0.250.pkl
sol_comp_T18_m66_phi0.250_B_wall5mm.pkl,18.0,66.0,0.25,compliant,1.0942057028376215,0.002,0.0005,0.001,1,rest,,0.01,0.1,5,0.0,hit wall,4.638499999997428,0,0.8095144277515774,0.8095144277515774,0.0,1.4100413619622312,,0,0,,,,,,0.001794724956405036,0.020057894965651357,0.0,2.5,0.2176063400231506,hit wall,4.638499999997428,0,0,0,0,0,0,0,,,,,,,,sol_comp_T18_m66_phi0.250.pkl_B_wall5mm_weak_5_0.0,B_wall5mm,weak,sol_comp_T18_m66_phi0.250.pkl
sol_comp_T18_m66_phi0.250_B_wall5mm.pkl,18.0,66.0,0.25,compliant,1.0942057028376215,0.002,0.0005,0.001,1,rest,,0.01,0.1,8,0.0,hit wall,4.588499999997456,0,0.804699177874787,0.804699177874787,0.0,1.385900557202263,,0,0,,,,,,0.0011499118332237157,0.020053900869391184,0.0,3.0,0.11836827635063951,hit wall,4.588499999997456,0,0,0,0,0,0,0,,,,,,,,sol_comp_T18_m66_phi0.250.pkl_B_wall5mm_weak_8_0.0,B_wall5mm,weak,sol_comp_T18_m66_phi0.250.pkl
sol_comp_T18_m66_phi0.250_B_wall5mm.pkl,18.0,66.0,0.25,compliant,1.0942057028376215,0.002,0.0005,0.001,1,rest,,0.01,0.1,9,0.0,hit wall,4.582999999997462,0,0.8037885230798762,0.8037885230798762,0.0,1.382539055825649,,0,0,,,,,,0.0009919701840448436,0.02006759455473628,0.0,3.0,0.10395256876997155,hit wall,4.582999999997462,0,0,0,0,0,0,0,,,,,,,,sol_comp_T18_m66_phi0.250.pkl_B_wall5mm_weak_9_0.0,B_wall5mm,weak,sol_comp_T18_m66_phi0.250.pkl
sol_comp_T18_m66_phi0.250_B_wall5mm.pkl,18.0,66.0,0.25,compliant,1.0942057028376215,0.002,0.0005,0.001,1,rest,,0.03,0.2,0,0.0,hit wall,4.518999999997497,0,0.8065124212749893,0.8065124212749893,0.0,1.3700428315856725,,0,0,,,,,,0.0012491976801053684,0.02007185997427119,0.0,2.9,0.11545778406030527,hit wall,4.518999999997497,0,0,0,0,0,0,0,,,,,,,,sol_comp_T18_m66_phi0.250.pkl_B_wall5mm_strong_0_0.0,B_wall5mm,strong,sol_comp_T18_m66_phi0.250.pkl
sol_comp_T18_m66_phi0.250_B_wall5mm.pkl,18.0,66.0,0.25,compliant,1.0942057028376215,0.002,0.0005,0.001,1,rest,,0.03,0.2,2,0.0,hit wall,4.476499999997518,0,0.8186203226557022,0.8186203226557022,0.0,1.373943867508112,,0,0,,,,,,0.0022848893982564122,0.020019781274811577,0.0,3.1,0.21037439402661784,hit wall,4.476499999997518,0,0,0,0,0,0,0,,,,,,,,sol_comp_T18_m66_phi0.250.pkl_B_wall5mm_strong_2_0.0,B_wall5mm,strong,sol_comp_T18_m66_phi0.250.pkl
sol_comp_T18_m66_phi0.250_B_wall5mm.pkl,18.0,66.0,0.25,compliant,1.0942057028376215,0.002,0.0005,0.001,1,rest,,0.03,0.2,3,0.0,slipped off A,4.810499999997333,0,0.8039433769273215,0.8039433769273215,0.0,1.4445433500923797,,0,0,,,,,,0.001595162587515575,0.01041080715690905,0.0,3.2,0.18387047486650585,slipped off A,4.810499999997333,0,0,0,0,0,0,0,,,,,,,,sol_comp_T18_m66_phi0.250.pkl_B_wall5mm_strong_3_0.0,B_wall5mm,strong,sol_comp_T18_m66_phi0.250.pkl
sol_comp_T18_m66_phi0.250_B_wall5mm.pkl,18.0,66.0,0.25,compliant,1.0942057028376215,0.002,0.0005,0.001,1,rest,,0.01,0.1,7,0.0,hit B's face,6.292999999996514,0,1.426810808649294,1.426810808649294,0.0,2.1813570010262175,0.0377666271356485,1,0,5.751999999996812,,,,,0.01412923155977669,0.004516364298523933,0.0,4.2,0.05569896870830069,hit B's face,6.292999999996514,0,0,0,0,0,0,0,5.323999999997049,5.746999999996817,,,,,,sol_comp_T18_m66_phi0.250.pkl_B_wall5mm_weak_7_0.0,B_wall5mm,weak,sol_comp_T18_m66_phi0.250.pkl
sol_comp_T18_m66_phi0.250_B_wall5mm.pkl,18.0,66.0,0.25,compliant,1.0942057028376215,0.002,0.0005,0.001,1,rest,,0.03,0.2,6,0.0,hit wall,4.634999999997433,0,0.8087047102580432,0.8087047102580432,0.0,1.4067239030191196,,0,0,,,,,,0.0017269888596553318,0.020003269386461964,0.0,2.7,0.20572454724843237,hit wall,4.634999999997433,0,0,0,0,0,0,0,,,,,,,,sol_comp_T18_m66_phi0.250.pkl_B_wall5mm_strong_6_0.0,B_wall5mm,strong,sol_comp_T18_m66_phi0.250.pkl
sol_comp_T18_m66_phi0.250_B_wall5mm.pkl,18.0,66.0,0.25,compliant,1.0942057028376215,0.002,0.0005,0.001,1,rest,,0.03,0.2,5,0.0,hit wall,4.695999999997397,0,0.8079861526518974,0.8079861526518974,0.0,1.4188593789612274,,0,0,,,,,,0.0018578770566220204,0.020036453171083823,0.0,3.0,0.22880300776999216,hit wall,4.695999999997397,0,0,0,0,0,0,0,,,,,,,,sol_comp_T18_m66_phi0.250.pkl_B_wall5mm_strong_5_0.0,B_wall5mm,strong,sol_comp_T18_m66_phi0.250.pkl
sol_comp_T18_m66_phi0.250_B_wall5mm.pkl,18.0,66.0,0.25,compliant,1.0942057028376215,0.002,0.0005,0.001,1,rest,,0.01,0.1,6,0.0,held B,8.236999999995437,1,1.6294736072534632,1.5170244349249553,1.6294736072534632,3.66623852928262,0.03490759021191097,1,1,5.751999999996812,6.236499999996543,-0.024310821378352276,-0.024310821378352276,0.025050425511606637,0.05616102041357299,0.0,0.04149646911650599,5.3,0.026573801264513305,none,,0,0,0,1,1,1,1,5.315999999997054,5.747999999996814,5.747999999996814,,,,,sol_comp_T18_m66_phi0.250.pkl_B_wall5mm_weak_6_0.0,B_wall5mm,weak,sol_comp_T18_m66_phi0.250.pkl
sol_comp_T18_m66_phi0.250_B_wall5mm.pkl,18.0,66.0,0.25,compliant,1.0942057028376215,0.002,0.0005,0.001,1,rest,,0.03,0.2,1,0.0,hit B's face,6.3014999999965084,0,1.3798436257869426,1.3798436257869426,0.0,2.185922057771818,0.03587003200202108,1,0,5.751999999996812,,,,,0.013545818711105218,0.014457968665712403,0.0,4.5,0.11836975310871167,hit B's face,6.3014999999965084,0,0,0,0,0,0,0,5.636999999996878,5.7474999999968155,,,,,,sol_comp_T18_m66_phi0.250.pkl_B_wall5mm_strong_1_0.0,B_wall5mm,strong,sol_comp_T18_m66_phi0.250.pkl
sol_comp_T18_m66_phi0.250_B_wall5mm.pkl,18.0,66.0,0.25,compliant,1.0942057028376215,0.002,0.0005,0.001,1,rest,,0.03,0.2,7,0.0,slipped off A,4.826499999997324,0,0.8025992565908525,0.8025992565908525,0.0,1.4472492387933924,,0,0,,,,,,0.0017369047619521516,0.01195761416601435,0.0,3.1,0.1707497380234474,slipped off A,4.826499999997324,0,0,0,0,0,0,0,,,,,,,,sol_comp_T18_m66_phi0.250.pkl_B_wall5mm_strong_7_0.0,B_wall5mm,strong,sol_comp_T18_m66_phi0.250.pkl
sol_comp_T18_m66_phi0.250_B_wall5mm.pkl,18.0,66.0,0.25,compliant,1.0942057028376215,0.002,0.0005,0.001,1,rest,,0.03,0.2,8,0.0,hit wall,4.540499999997483,0,0.8029771599607327,0.8029771599607327,0.0,1.3697740951784991,,0,0,,,,,,0.0009932898274827295,0.02008528538987603,0.0,2.9,0.08445052830586275,hit wall,4.540499999997483,0,0,0,0,0,0,0,,,,,,,,sol_comp_T18_m66_phi0.250.pkl_B_wall5mm_strong_8_0.0,B_wall5mm,strong,sol_comp_T18_m66_phi0.250.pkl
sol_comp_T18_m66_phi0.250_B_wall5mm.pkl,18.0,66.0,0.25,compliant,1.0942057028376215,0.002,0.0005,0.001,1,rest,,0.03,0.2,9,0.0,slipped off A,4.811499999997334,0,0.8038625540245076,0.8038625540245076,0.0,1.4423097663037503,,0,0,,,,,,0.0014854346021402343,0.009060114758084298,0.0,3.1,0.17531237773068245,slipped off A,4.811499999997334,0,0,0,0,0,0,0,,,,,,,,sol_comp_T18_m66_phi0.250.pkl_B_wall5mm_strong_9_0.0,B_wall5mm,strong,sol_comp_T18_m66_phi0.250.pkl
sol_comp_T18_m66_phi0.250_B_wall2mm.pkl,18.0,66.0,0.25,compliant,1.071616937259421,0.002,0.0005,0.001,1,rest,,0.0,0.0,0,-0.003,lost hook,7.3994999999959,0,1.7881639998282162,1.1096144930276368,1.7881639998282162,3.312770617616818,0.01573744478457565,1,1,5.327499999997048,5.779999999996797,-0.006839117458694144,-0.006839117458694144,0.017744766296275558,0.08698049346643749,0.0,0.19212552180946924,4.8,0.05146991555851946,lost hook,7.3994999999959,0,0,0,0,0,0,0,4.908499999997279,5.944999999996707,5.957999999996698,7.010499999996114,,,,sol_comp_T18_m66_phi0.250.pkl_B_wall2mm_none_0_-0.003,B_wall2mm,none,sol_comp_T18_m66_phi0.250.pkl
sol_comp_T18_m66_phi0.250_B_wall2mm.pkl,18.0,66.0,0.25,compliant,1.071616937259421,0.002,0.0005,0.001,1,rest,,0.0,0.0,0,0.0,lost hook,7.457499999995868,0,1.6408489155868524,1.6408489155868524,1.4255223199043594,3.3873242164872472,0.04439254617142904,1,1,5.330499999997045,5.791499999996791,-0.024638006773088694,-0.024638006773088694,0.04248934844509056,0.12993190200554117,0.07861969783176281,0.12900237234264392,5.0,0.05146991555851946,lost hook,7.457499999995868,0,0,0,0,0,0,0,4.908499999997279,5.328999999997048,5.328999999997048,,,,,sol_comp_T18_m66_phi0.250.pkl_B_wall2mm_none_0_0.0,B_wall2mm,none,sol_comp_T18_m66_phi0.250.pkl
sol_comp_T18_m66_phi0.250_B_wall2mm.pkl,18.0,66.0,0.25,compliant,1.071616937259421,0.002,0.0005,0.001,1,rest,,0.0,0.0,0,0.001,lost hook,6.646999999996318,0,1.6408489155868524,1.6408489155868524,1.5677464693548162,2.88652290390056,0.047884199222622395,1,1,5.331499999997046,5.807499999996782,-0.0247645802106633,-0.0247645802106633,0.04098307092180154,0.18838035919776153,0.0024561581386892684,0.10976458021066332,4.3,0.05146991555851946,lost hook,6.646999999996318,0,0,0,0,0,0,0,4.908499999997279,5.328999999997048,5.328999999997048,,,,,sol_comp_T18_m66_phi0.250.pkl_B_wall2mm_none_0_0.001,B_wall2mm,none,sol_comp_T18_m66_phi0.250.pkl
sol_comp_T18_m66_phi0.250_B_wall2mm.pkl,18.0,66.0,0.25,compliant,1.071616937259421,0.002,0.0005,0.001,1,rest,,0.0,0.0,0,-0.001,lost hook,7.438999999995879,0,1.6538526242194125,1.6408489155868524,1.6538526242194125,3.336168618123797,0.030167940405372635,1,1,5.329499999997047,5.782499999996794,-0.018208340193067496,-0.018208340193067496,0.02878983923367667,0.06313808208012789,0.0,0.06750956770749847,5.0,0.05146991555851946,lost hook,7.438999999995879,0,0,0,0,0,0,0,4.908499999997279,5.328999999997048,5.328999999997048,,,,,sol_comp_T18_m66_phi0.250.pkl_B_wall2mm_none_0_-0.001,B_wall2mm,none,sol_comp_T18_m66_phi0.250.pkl
sol_comp_T18_m66_phi0.250_B_wall2mm.pkl,18.0,66.0,0.25,compliant,1.071616937259421,0.002,0.0005,0.001,1,rest,,0.01,0.1,3,0.0,hit wall,4.682499999997404,0,0.7830538886824076,0.7830538886824076,0.0,1.42228715806482,,0,0,,,,,,0.004443350107215416,0.020002454640342684,0.0,3.0,0.13492293359127072,hit wall,4.682499999997404,0,0,0,0,0,0,0,,,,,,,,sol_comp_T18_m66_phi0.250.pkl_B_wall2mm_weak_3_0.0,B_wall2mm,weak,sol_comp_T18_m66_phi0.250.pkl
sol_comp_T18_m66_phi0.250_B_wall2mm.pkl,18.0,66.0,0.25,compliant,1.071616937259421,0.002,0.0005,0.001,1,rest,,0.01,0.1,1,0.0,hit B's face,5.856499999996753,0,1.5461447755549826,1.5461447755549826,0.0,2.0313543474258164,0.026463857966602233,1,0,5.330499999997045,,,,,0.009241149437161922,0.0076342456128271965,0.0,4.2,0.056527779186388,hit B's face,5.856499999996753,0,0,0,0,0,0,0,5.208999999997115,5.328499999997046,5.328499999997046,,,,,sol_comp_T18_m66_phi0.250.pkl_B_wall2mm_weak_1_0.0,B_wall2mm,weak,sol_comp_T18_m66_phi0.250.pkl
sol_comp_T18_m66_phi0.250_B_wall2mm.pkl,18.0,66.0,0.25,compliant,1.071616937259421,0.002,0.0005,0.001,1,rest,,0.01,0.1,4,0.0,hit wall,4.509499999997502,0,0.7688068926068062,0.7688068926068062,0.0,1.361982772611778,,0,0,,,,,,0.0017169705653848066,0.02006928901116177,0.0,2.9,0.149686913795656,hit wall,4.509499999997502,0,0,0,0,0,0,0,,,,,,,,sol_comp_T18_m66_phi0.250.pkl_B_wall2mm_weak_4_0.0,B_wall2mm,weak,sol_comp_T18_m66_phi0.250.pkl
sol_comp_T18_m66_phi0.250_B_wall2mm.pkl,18.0,66.0,0.25,compliant,1.071616937259421,0.002,0.0005,0.001,1,rest,,0.0,0.0,0,0.003,lost hook,7.275499999995972,0,2.1595892513603605,1.6408489155868524,2.1595892513603605,3.4695304180340876,0.028075500022745486,1,1,5.333499999997045,5.838999999996766,-0.02454761146546769,-0.02454761146546769,0.013625287992098407,0.10169060861028145,0.0806202693084459,0.05454761146546769,5.0,0.05146991555851946,grip capacity exceeded,5.87149999999675,0,0,0,0,0,0,0,4.908499999997279,5.328999999997048,5.328999999997048,5.838999999996766,5.87149999999675,,,sol_comp_T18_m66_phi0.250.pkl_B_wall2mm_none_0_0.003,B_wall2mm,none,sol_comp_T18_m66_phi0.250.pkl
sol_comp_T18_m66_phi0.250_B_wall2mm.pkl,18.0,66.0,0.25,compliant,1.071616937259421,0.002,0.0005,0.001,1,rest,,0.01,0.1,0,0.0,lost hook,7.457499999995868,0,1.6408489155868524,1.6408489155868524,1.4255223199043594,3.3873242164872472,0.04439254617142904,1,1,5.330499999997045,5.791499999996791,-0.024638006773088694,-0.024638006773088694,0.04248934844509056,0.12993190200554117,0.07861969783176281,0.12900237234264392,4.9,0.05146991555851946,lost hook,7.457499999995868,0,0,0,0,0,0,0,4.908499999997279,5.328999999997048,5.328999999997048,,,,,sol_comp_T18_m66_phi0.250.pkl_B_wall2mm_weak_0_0.0,B_wall2mm,weak,sol_comp_T18_m66_phi0.250.pkl
sol_comp_T18_m66_phi0.250_B_wall2mm.pkl,18.0,66.0,0.25,compliant,1.071616937259421,0.002,0.0005,0.001,1,rest,,0.01,0.1,2,0.0,hit B's face,5.863499999996751,0,1.5065422116980451,1.5065422116980451,0.0,2.033584547730573,0.028379143049123135,1,0,5.330499999997045,,,,,0.00858251465418175,0.013321043147080765,0.0,4.1,0.09236580150389559,hit B's face,5.863499999996751,0,0,0,0,0,0,0,5.209499999997114,5.328499999997046,5.328499999997046,,,,,sol_comp_T18_m66_phi0.250.pkl_B_wall2mm_weak_2_0.0,B_wall2mm,weak,sol_comp_T18_m66_phi0.250.pkl
sol_comp_T18_m66_phi0.250_B_wall2mm.pkl,18.0,66.0,0.25,compliant,1.071616937259421,0.002,0.0005,0.001,1,rest,,0.03,0.2,4,0.0,hit wall,0.2909999999998405,0,0.6346291477138436,0.6346291477138436,0.0,0.09229707308012769,,0,0,,,,,,0.0,0.020015413299519388,0.0,0.2,0.18499032399326376,hit wall,0.2909999999998405,0,0,0,0,0,0,0,,,,,,,,sol_comp_T18_m66_phi0.250.pkl_B_wall2mm_strong_4_0.0,B_wall2mm,strong,sol_comp_T18_m66_phi0.250.pkl
sol_comp_T18_m66_phi0.250_B_wall2mm.pkl,18.0,66.0,0.25,compliant,1.071616937259421,0.002,0.0005,0.001,1,rest,,0.01,0.1,5,0.0,hit wall,2.7899999999984537,0,0.7175248567408665,0.7175248567408665,0.0,0.7802256792967769,,0,0,,,,,,0.0016951547772809938,0.02000454221278016,0.0,1.8,0.2048709356861611,hit wall,2.7899999999984537,0,0,0,0,0,0,0,,,,,,,,sol_comp_T18_m66_phi0.250.pkl_B_wall2mm_weak_5_0.0,B_wall2mm,weak,sol_comp_T18_m66_phi0.250.pkl
sol_comp_T18_m66_phi0.250_B_wall2mm.pkl,18.0,66.0,0.25,compliant,1.071616937259421,0.002,0.0005,0.001,1,rest,,0.01,0.1,8,0.0,hit wall,4.557499999997475,0,0.7769365217330516,0.7769365217330516,0.0,1.371643991969923,,0,0,,,,,,0.0026977544815807164,0.02000565287220888,0.0,2.9,0.13580879071843693,hit wall,4.557499999997475,0,0,0,0,0,0,0,,,,,,,,sol_comp_T18_m66_phi0.250.pkl_B_wall2mm_weak_8_0.0,B_wall2mm,weak,sol_comp_T18_m66_phi0.250.pkl
sol_comp_T18_m66_phi0.250_B_wall2mm.pkl,18.0,66.0,0.25,compliant,1.071616937259421,0.002,0.0005,0.001,1,rest,,0.03,0.2,5,0.0,hit wall,2.810999999998444,0,0.7213693964505716,0.7213693964505716,0.0,0.783082824100333,,0,0,,,,,,0.0015128264685790316,0.02001554450170353,0.0,1.9,0.1993212288685493,hit wall,2.810999999998444,0,0,0,0,0,0,0,,,,,,,,sol_comp_T18_m66_phi0.250.pkl_B_wall2mm_strong_5_0.0,B_wall2mm,strong,sol_comp_T18_m66_phi0.250.pkl
sol_comp_T18_m66_phi0.250_B_wall2mm.pkl,18.0,66.0,0.25,compliant,1.071616937259421,0.002,0.0005,0.001,1,rest,,0.01,0.1,9,0.0,hit wall,4.593999999997454,0,0.7745247782082738,0.7745247782082738,0.0,1.3858196591415717,,0,0,,,,,,0.002007941537339075,0.020024648316453703,0.0,3.0,0.1349208980553261,hit wall,4.593999999997454,0,0,0,0,0,0,0,,,,,,,,sol_comp_T18_m66_phi0.250.pkl_B_wall2mm_weak_9_0.0,B_wall2mm,weak,sol_comp_T18_m66_phi0.250.pkl
sol_comp_T18_m66_phi0.250_B_wall2mm.pkl,18.0,66.0,0.25,compliant,1.071616937259421,0.002,0.0005,0.001,1,rest,,0.03,0.2,6,0.0,hit wall,2.836499999998427,0,0.7181039414651924,0.7181039414651924,0.0,0.7902256388701681,,0,0,,,,,,0.0016252010208833712,0.0200073235975468,0.0,1.8,0.19318805078366408,hit wall,2.836499999998427,0,0,0,0,0,0,0,,,,,,,,sol_comp_T18_m66_phi0.250.pkl_B_wall2mm_strong_6_0.0,B_wall2mm,strong,sol_comp_T18_m66_phi0.250.pkl
sol_comp_T18_m66_phi0.250_B_wall2mm.pkl,18.0,66.0,0.25,compliant,1.071616937259421,0.002,0.0005,0.001,1,rest,,0.03,0.2,0,0.0,hit wall,4.533499999997488,0,0.7653781381356786,0.7653781381356786,0.0,1.3678618680187378,,0,0,,,,,,0.0014462401755315768,0.020040166032961878,0.0,3.1,0.13987046830261562,hit wall,4.533499999997488,0,0,0,0,0,0,0,,,,,,,,sol_comp_T18_m66_phi0.250.pkl_B_wall2mm_strong_0_0.0,B_wall2mm,strong,sol_comp_T18_m66_phi0.250.pkl
sol_comp_T18_m66_phi0.250_B_wall2mm.pkl,18.0,66.0,0.25,compliant,1.071616937259421,0.002,0.0005,0.001,1,rest,,0.03,0.2,1,0.0,hit wall,4.721499999997384,0,0.7926753777448023,0.7926753777448023,0.0,1.4362804070409874,,0,0,,,,,,0.007875964314491224,0.020019553027155843,0.0,3.0,0.13483094688160824,hit wall,4.721499999997384,0,0,0,0,0,0,0,,,,,,,,sol_comp_T18_m66_phi0.250.pkl_B_wall2mm_strong_1_0.0,B_wall2mm,strong,sol_comp_T18_m66_phi0.250.pkl
sol_comp_T18_m66_phi0.250_B_wall2mm.pkl,18.0,66.0,0.25,compliant,1.071616937259421,0.002,0.0005,0.001,1,rest,,0.03,0.2,2,0.0,hit wall,4.452999999997534,0,0.766317917078464,0.766317917078464,0.0,1.359566936677835,,0,0,,,,,,0.0022265977639262524,0.02012789168517084,0.0,2.9,0.20734847582737248,hit wall,4.452999999997534,0,0,0,0,0,0,0,,,,,,,,sol_comp_T18_m66_phi0.250.pkl_B_wall2mm_strong_2_0.0,B_wall2mm,strong,sol_comp_T18_m66_phi0.250.pkl
sol_comp_T18_m66_phi0.250_B_wall2mm.pkl,18.0,66.0,0.25,compliant,1.071616937259421,0.002,0.0005,0.001,1,rest,,0.03,0.2,3,0.0,hit wall,4.5459999999974805,0,0.7980573246424996,0.7980573246424996,0.0,1.360366077547404,,0,0,,,,,,0.009293476827503089,0.020032059329892257,0.0,2.9,0.18151938006224533,hit wall,4.5459999999974805,0,0,0,0,0,0,0,,,,,,,,sol_comp_T18_m66_phi0.250.pkl_B_wall2mm_strong_3_0.0,B_wall2mm,strong,sol_comp_T18_m66_phi0.250.pkl
sol_comp_T18_m66_phi0.250_B_wall2mm.pkl,18.0,66.0,0.25,compliant,1.071616937259421,0.002,0.0005,0.001,1,rest,,0.01,0.1,7,0.0,hit B's face,5.850999999996759,0,1.5739139629056498,1.5739139629056498,0.0,2.0307055803198493,0.025022542115653815,1,0,5.330499999997045,,,,,0.009338979847813234,0.0045185494530235615,0.0,4.1,0.04341889128970228,hit B's face,5.850999999996759,0,0,0,0,0,0,0,5.208999999997115,5.328499999997046,5.328499999997046,,,,,sol_comp_T18_m66_phi0.250.pkl_B_wall2mm_weak_7_0.0,B_wall2mm,weak,sol_comp_T18_m66_phi0.250.pkl
sol_comp_T18_m66_phi0.250_B_wall2mm.pkl,18.0,66.0,0.25,compliant,1.071616937259421,0.002,0.0005,0.001,1,rest,,0.03,0.2,7,0.0,hit wall,2.8514999999984205,0,0.7118376513338454,0.7118376513338454,0.0,0.7889858352752057,,0,0,,,,,,0.002635649435100973,0.02001312850406544,0.0,1.8,0.19315045389117724,hit wall,2.8514999999984205,0,0,0,0,0,0,0,,,,,,,,sol_comp_T18_m66_phi0.250.pkl_B_wall2mm_strong_7_0.0,B_wall2mm,strong,sol_comp_T18_m66_phi0.250.pkl
sol_comp_T18_m66_phi0.250_B_wall2mm.pkl,18.0,66.0,0.25,compliant,1.071616937259421,0.002,0.0005,0.001,1,rest,,0.01,0.1,6,0.0,lost hook,7.457499999995868,0,1.6408489155868524,1.6408489155868524,1.4255223199043594,3.3873242164872472,0.04439254617142904,1,1,5.330499999997045,5.791499999996791,-0.024638006773088694,-0.024638006773088694,0.04248934844509056,0.12993190200554117,0.07861969783176281,0.12900237234264392,5.2,0.05146991555851946,lost hook,7.457499999995868,0,0,0,0,0,0,0,4.908499999997279,5.328999999997048,5.328999999997048,,,,,sol_comp_T18_m66_phi0.250.pkl_B_wall2mm_weak_6_0.0,B_wall2mm,weak,sol_comp_T18_m66_phi0.250.pkl
sol_comp_T18_m66_phi0.250_B_wall2mm.pkl,18.0,66.0,0.25,compliant,1.071616937259421,0.002,0.0005,0.001,1,rest,,0.03,0.2,9,0.0,hit wall,4.549999999997478,0,0.7947226101164474,0.7947226101164474,0.0,1.361525788870376,,0,0,,,,,,0.008311785851229825,0.02005975980411574,0.0,3.0,0.16294905455751474,hit wall,4.549999999997478,0,0,0,0,0,0,0,,,,,,,,sol_comp_T18_m66_phi0.250.pkl_B_wall2mm_strong_9_0.0,B_wall2mm,strong,sol_comp_T18_m66_phi0.250.pkl
sol_comp_T18_m66_phi0.250_A_base.pkl,18.0,66.0,0.25,compliant,1.047992512655458,0.002,0.0005,0.001,1,rest,,0.0,0.0,0,0.003,lost hook,5.603499999996899,0,2.405732184789862,1.6827267578665035,2.405732184789862,2.6128095570442436,0.024813306676596474,1,1,4.646999999997426,5.143999999997153,-0.02427842666729063,-0.02427842666729063,0.005124274269378869,0.10488098333787604,0.08058902765167097,0.05427842666729063,3.8,0.025041107126438922,grip capacity exceeded,5.463499999996976,0,0,0,0,0,0,0,4.5149999999974995,4.643999999997426,4.643999999997426,5.1674999999971405,5.463499999996976,5.472999999996972,,sol_comp_T18_m66_phi0.250.pkl_A_base_none_0_0.003,A_base,none,sol_comp_T18_m66_phi0.250.pkl
sol_comp_T18_m66_phi0.250_A_base.pkl,18.0,66.0,0.25,compliant,1.047992512655458,0.002,0.0005,0.001,1,rest,,0.0,0.0,0,0.001,lost hook,6.572999999996362,0,1.6934647730655144,1.6775050171211612,1.6934647730655144,3.1402181097313746,0.04391387285168509,1,1,4.644999999997427,5.119999999997166,-0.024629016839560425,-0.024629016839560425,0.036357114274246434,0.10785567020025061,0.07996946201442112,0.4148054609376246,4.4,0.01717428154995397,lost hook,6.572999999996362,0,0,0,0,0,0,0,4.5149999999974995,4.643999999997426,4.643999999997426,,,,,sol_comp_T18_m66_phi0.250.pkl_A_base_none_0_0.001,A_base,none,sol_comp_T18_m66_phi0.250.pkl
sol_comp_T18_m66_phi0.250_A_base.pkl,18.0,66.0,0.25,compliant,1.047992512655458,0.002,0.0005,0.001,1,rest,,0.0,0.0,0,-0.001,held B,7.107499999996069,1,1.6600017917361682,1.0848566273555338,1.6600017917361682,3.371224104389995,0.04505257580773072,1,1,4.6429999999974285,5.106999999997175,-0.023452104614369418,-0.023452104614369418,0.0489738098673019,0.08101361744914476,0.05709283338004978,0.05383918758332948,4.6,0.01717428154995397,none,,0,0,0,1,1,1,1,4.5149999999974995,5.357999999997038,5.363499999997035,,,,,sol_comp_T18_m66_phi0.250.pkl_A_base_none_0_-0.001,A_base,none,sol_comp_T18_m66_phi0.250.pkl
sol_comp_T18_m66_phi0.250_A_base.pkl,18.0,66.0,0.25,compliant,1.047992512655458,0.002,0.0005,0.001,1,rest,,0.0,0.0,0,-0.003,lost hook,6.711999999996284,0,2.075774789672614,1.0848566273555338,2.075774789672614,3.1759214723822597,0.031379108341147995,1,1,4.64099999999743,5.089999999997183,-0.021159499977312812,-0.021159499977312812,0.04934383587219467,0.045157741157432096,0.0008281549331585168,0.08601081166278901,4.7,0.01717428154995397,grip capacity exceeded,6.304499999996509,0,0,0,0,0,0,0,4.5149999999974995,5.251999999997093,5.266499999997084,6.300999999996513,6.304499999996509,,,sol_comp_T18_m66_phi0.250.pkl_A_base_none_0_-0.003,A_base,none,sol_comp_T18_m66_phi0.250.pkl
sol_comp_T18_m66_phi0.250_A_base.pkl,18.0,66.0,0.25,compliant,1.047992512655458,0.002,0.0005,0.001,1,rest,,0.0,0.0,0,0.0,held B,7.109499999996064,1,1.5378782834292855,1.092818753324835,1.5378782834292855,3.4334526383034447,0.04900133045813519,1,1,4.643999999997426,5.10899999999717,-0.024808805294533443,-0.024808805294533443,0.04657564304768045,0.15681016833300757,0.06512548366497128,0.7192126958813514,4.8,0.01717428154995397,none,,0,0,0,1,1,1,1,4.5149999999974995,5.361999999997032,5.3694999999970285,,,,,sol_comp_T18_m66_phi0.250.pkl_A_base_none_0_0.0,A_base,none,sol_comp_T18_m66_phi0.250.pkl
sol_comp_T18_m66_phi0.250_B_wall2mm.pkl,18.0,66.0,0.25,compliant,1.071616937259421,0.002,0.0005,0.001,1,rest,,0.03,0.2,8,0.0,lost hook,7.498499999995843,0,1.8653854578027085,1.5602743590949701,1.8653854578027085,3.4604838668164635,0.04156624332001121,1,1,5.330499999997045,5.827499999996771,-0.024624074140230157,-0.024624074140230157,0.03348742385545393,0.11051623422466428,0.06202745762644746,0.10962407414023015,5.0,0.11667624971768414,lost hook,7.498499999995843,0,0,0,0,0,0,0,5.2099999999971125,5.328999999997048,5.328999999997048,5.827499999996771,,,,sol_comp_T18_m66_phi0.250.pkl_B_wall2mm_strong_8_0.0,B_wall2mm,strong,sol_comp_T18_m66_phi0.250.pkl
sol_comp_T18_m66_phi0.250_A_base.pkl,18.0,66.0,0.25,compliant,1.047992512655458,0.002,0.0005,0.001,1,rest,,0.01,0.1,2,0.0,hit B's face,5.166499999997136,0,1.0707262009273837,1.0707262009273837,0.0,1.8551199012491537,0.04572532855051461,1,0,4.643999999997426,,,,,0.005991250735584597,0.0073640751773747445,0.0,3.6,0.061164278412619476,hit B's face,5.166499999997136,0,0,0,0,0,0,0,4.513499999997499,,,,,,,sol_comp_T18_m66_phi0.250.pkl_A_base_weak_2_0.0,A_base,weak,sol_comp_T18_m66_phi0.250.pkl
sol_comp_T18_m66_phi0.250_A_base.pkl,18.0,66.0,0.25,compliant,1.047992512655458,0.002,0.0005,0.001,1,rest,,0.01,0.1,0,0.0,held B,7.109499999996064,1,1.5378782834292855,1.092818753324835,1.5378782834292855,3.4334526383034447,0.04900133045813519,1,1,4.643999999997426,5.10899999999717,-0.024808805294533443,-0.024808805294533443,0.04657564304768045,0.15681016833300757,0.06512548366497128,0.7192126958813514,4.7,0.01717428154995397,none,,0,0,0,1,1,1,1,4.5149999999974995,5.361999999997032,5.3694999999970285,,,,,sol_comp_T18_m66_phi0.250.pkl_A_base_weak_0_0.0,A_base,weak,sol_comp_T18_m66_phi0.250.pkl
sol_comp_T18_m66_phi0.250_A_base.pkl,18.0,66.0,0.25,compliant,1.047992512655458,0.002,0.0005,0.001,1,rest,,0.01,0.1,5,0.0,hit wall,0.9639999999994657,0,0.6054383884014899,0.6054383884014899,0.0,0.26932302895854776,,0,0,,,,,,0.009869610644380966,0.02003421729344923,0.0,0.6,0.17069301940934256,hit wall,0.9639999999994657,0,0,0,0,0,0,0,,,,,,,,sol_comp_T18_m66_phi0.250.pkl_A_base_weak_5_0.0,A_base,weak,sol_comp_T18_m66_phi0.250.pkl
sol_comp_T18_m66_phi0.250_A_base.pkl,18.0,66.0,0.25,compliant,1.047992512655458,0.002,0.0005,0.001,1,rest,,0.03,0.2,2,0.0,hit wall,0.262999999999856,0,0.5447944804119217,0.5447944804119217,0.0,0.06619043943466248,,0,0,,,,,,0.0,0.02001220251270799,0.0,0.2,0.13246945090559614,hit wall,0.262999999999856,0,0,0,0,0,0,0,,,,,,,,sol_comp_T18_m66_phi0.250.pkl_A_base_strong_2_0.0,A_base,strong,sol_comp_T18_m66_phi0.250.pkl
sol_comp_T18_m66_phi0.250_A_base.pkl,18.0,66.0,0.25,compliant,1.047992512655458,0.002,0.0005,0.001,1,rest,,0.01,0.1,1,0.0,lost hook,6.7974999999962336,0,1.4204067190769727,1.1151291156589485,1.4204067190769727,3.164987136616142,0.05175027315995067,1,1,4.643999999997426,5.113499999997167,-0.024890319765749958,-0.024890319765749958,0.04648713000738629,0.11565680656619698,0.034424378996688265,0.3756796156844747,4.5,0.03282419049999899,lost hook,6.7974999999962336,0,0,0,0,0,0,0,4.513999999997498,5.162499999997138,,,,,,sol_comp_T18_m66_phi0.250.pkl_A_base_weak_1_0.0,A_base,weak,sol_comp_T18_m66_phi0.250.pkl
sol_comp_T18_m66_phi0.250_A_base.pkl,18.0,66.0,0.25,compliant,1.047992512655458,0.002,0.0005,0.001,1,rest,,0.03,0.2,1,0.0,hit wall,0.9769999999994603,0,0.597986863791595,0.597986863791595,0.0,0.27257108293292215,,0,0,,,,,,0.00262894678965387,0.02014814636806528,0.0,0.6,0.10074485709767292,hit wall,0.9769999999994603,0,0,0,0,0,0,0,,,,,,,,sol_comp_T18_m66_phi0.250.pkl_A_base_strong_1_0.0,A_base,strong,sol_comp_T18_m66_phi0.250.pkl
sol_comp_T18_m66_phi0.250_A_base.pkl,18.0,66.0,0.25,compliant,1.047992512655458,0.002,0.0005,0.001,1,rest,,0.03,0.2,4,0.0,hit wall,0.23149999999987259,0,0.567755681167386,0.567755681167386,0.0,0.05966465621066527,,0,0,,,,,,0.0,0.020061746605729344,0.0,0.1,0.15315879334501054,hit wall,0.23149999999987259,0,0,0,0,0,0,0,,,,,,,,sol_comp_T18_m66_phi0.250.pkl_A_base_strong_4_0.0,A_base,strong,sol_comp_T18_m66_phi0.250.pkl
sol_comp_T18_m66_phi0.250_A_base.pkl,18.0,66.0,0.25,compliant,1.047992512655458,0.002,0.0005,0.001,1,rest,,0.03,0.2,3,0.0,hit wall,0.9439999999994768,0,0.6070420923449552,0.6070420923449552,0.0,0.2671678809423671,,0,0,,,,,,0.0021335220902236607,0.020123856075868307,0.0,0.6,0.13402857436634052,hit wall,0.9439999999994768,0,0,0,0,0,0,0,,,,,,,,sol_comp_T18_m66_phi0.250.pkl_A_base_strong_3_0.0,A_base,strong,sol_comp_T18_m66_phi0.250.pkl
sol_comp_T18_m66_phi0.250_A_base.pkl,18.0,66.0,0.25,compliant,1.047992512655458,0.002,0.0005,0.001,1,rest,,0.01,0.1,3,0.0,hit B's face,5.173499999997134,0,1.082489299502223,1.082489299502223,0.0,1.8542049789988226,0.06525890004472136,1,0,4.643999999997426,,,,,0.005841917278790909,0.018049828088093856,0.0,3.6,0.08386745314580113,hit B's face,5.173499999997134,0,0,0,0,0,0,0,4.512999999997501,,,,,,,sol_comp_T18_m66_phi0.250.pkl_A_base_weak_3_0.0,A_base,weak,sol_comp_T18_m66_phi0.250.pkl
sol_comp_T18_m66_phi0.250_A_base.pkl,18.0,66.0,0.25,compliant,1.047992512655458,0.002,0.0005,0.001,1,rest,,0.03,0.2,5,0.0,hit wall,0.9769999999994603,0,0.6098967763669034,0.6098967763669034,0.0,0.2700186337480305,,0,0,,,,,,0.01393818369117339,0.020159878455317415,0.0,0.6,0.1792875070278841,hit wall,0.9769999999994603,0,0,0,0,0,0,0,,,,,,,,sol_comp_T18_m66_phi0.250.pkl_A_base_strong_5_0.0,A_base,strong,sol_comp_T18_m66_phi0.250.pkl
sol_comp_T18_m66_phi0.250_A_base.pkl,18.0,66.0,0.25,compliant,1.047992512655458,0.002,0.0005,0.001,1,rest,,0.03,0.2,6,0.0,hit wall,0.9814999999994569,0,0.6073343725828603,0.6073343725828603,0.0,0.2715802808500936,,0,0,,,,,,0.010373024394525476,0.020078927374764133,0.0,0.6,0.16281833753839425,hit wall,0.9814999999994569,0,0,0,0,0,0,0,,,,,,,,sol_comp_T18_m66_phi0.250.pkl_A_base_strong_6_0.0,A_base,strong,sol_comp_T18_m66_phi0.250.pkl
sol_comp_T18_m66_phi0.250_A_base.pkl,18.0,66.0,0.25,compliant,1.047992512655458,0.002,0.0005,0.001,1,rest,,0.03,0.2,7,0.0,hit wall,0.9274999999994868,0,0.602042439660635,0.602042439660635,0.0,0.2640686706992196,,0,0,,,,,,0.007704938801080807,0.020084861311828295,0.0,0.6,0.15885324787552157,hit wall,0.9274999999994868,0,0,0,0,0,0,0,,,,,,,,sol_comp_T18_m66_phi0.250.pkl_A_base_strong_7_0.0,A_base,strong,sol_comp_T18_m66_phi0.250.pkl
sol_comp_T18_m66_phi0.250_A_base.pkl,18.0,66.0,0.25,compliant,1.047992512655458,0.002,0.0005,0.001,1,rest,,0.01,0.1,4,0.0,hit wall,4.020499999997771,0,0.7805261938364509,0.7805261938364509,0.0,1.2386301048056165,,0,0,,,,,,0.012629344007989207,0.0200599537392067,0.0,2.7,0.21548524453371667,hit wall,4.020499999997771,0,0,0,0,0,0,0,,,,,,,,sol_comp_T18_m66_phi0.250.pkl_A_base_weak_4_0.0,A_base,weak,sol_comp_T18_m66_phi0.250.pkl
sol_comp_T18_m66_phi0.250_A_base.pkl,18.0,66.0,0.25,compliant,1.047992512655458,0.002,0.0005,0.001,1,rest,,0.01,0.1,7,0.0,hit wall,3.417499999998107,0,0.7641644957745345,0.7641644957745345,0.0,1.066859051075944,,0,0,,,,,,0.0009601172231750582,0.020058412030134753,0.0,2.4,0.03590169476277305,hit wall,3.417499999998107,0,0,0,0,0,0,0,,,,,,,,sol_comp_T18_m66_phi0.250.pkl_A_base_weak_7_0.0,A_base,weak,sol_comp_T18_m66_phi0.250.pkl
sol_comp_T18_m66_phi0.250_A_base.pkl,18.0,66.0,0.25,compliant,1.047992512655458,0.002,0.0005,0.001,1,rest,,0.03,0.2,9,0.0,hit wall,0.9554999999994713,0,0.6032234673135416,0.6032234673135416,0.0,0.2678366330253391,,0,0,,,,,,0.010221050286152167,0.02006664682344539,0.0,0.6,0.14719765062396295,hit wall,0.9554999999994713,0,0,0,0,0,0,0,,,,,,,,sol_comp_T18_m66_phi0.250.pkl_A_base_strong_9_0.0,A_base,strong,sol_comp_T18_m66_phi0.250.pkl
sol_comp_T18_m66_phi0.250_A_base.pkl,18.0,66.0,0.25,compliant,1.047992512655458,0.002,0.0005,0.001,1,rest,,0.01,0.1,8,0.0,hit wall,4.089499999997734,0,0.8134041613204003,0.8134041613204003,0.0,1.2884466601880686,,0,0,,,,,,0.010242821929959067,0.020023402337360496,0.0,2.8,0.15861825826298048,hit wall,4.089499999997734,0,0,0,0,0,0,0,,,,,,,,sol_comp_T18_m66_phi0.250.pkl_A_base_weak_8_0.0,A_base,weak,sol_comp_T18_m66_phi0.250.pkl
sol_comp_T18_m66_phi0.250_A_base.pkl,18.0,66.0,0.25,compliant,1.047992512655458,0.002,0.0005,0.001,1,rest,,0.03,0.2,0,0.0,hit wall,4.034499999997763,0,0.7752968932066823,0.7752968932066823,0.0,1.2500742833519474,,0,0,,,,,,0.012456635284606499,0.0200233927991068,0.0,2.6,0.18578379065735137,hit wall,4.034499999997763,0,0,0,0,0,0,0,,,,,,,,sol_comp_T18_m66_phi0.250.pkl_A_base_strong_0_0.0,A_base,strong,sol_comp_T18_m66_phi0.250.pkl
sol_comp_T18_m66_phi0.250_A_base.pkl,18.0,66.0,0.25,compliant,1.047992512655458,0.002,0.0005,0.001,1,rest,,0.01,0.1,9,0.0,missed B,5.261999999997084,0,1.4502602417956973,1.4502602417956973,0.0,1.8438517867536122,0.13564378214341116,1,0,4.643999999997426,,,,,0.24790957319490348,0.019405608854059078,0.0,3.7,0.13928644420968384,missed B,5.261999999997084,0,0,0,0,0,0,0,4.511999999997499,4.643499999997427,,,,,,sol_comp_T18_m66_phi0.250.pkl_A_base_weak_9_0.0,A_base,weak,sol_comp_T18_m66_phi0.250.pkl
sol_comp_T18_m66_phi0.250_A_base.pkl,18.0,66.0,0.25,compliant,1.047992512655458,0.002,0.0005,0.001,1,rest,,0.01,0.1,6,0.0,held B,7.109499999996064,1,1.5378782834292855,1.092818753324835,1.5378782834292855,3.4334526383034447,0.04900133045813519,1,1,4.643999999997426,5.10899999999717,-0.024808805294533443,-0.024808805294533443,0.04657564304768045,0.15681016833300757,0.06512548366497128,0.7192126958813514,4.8,0.01717428154995397,none,,0,0,0,1,1,1,1,4.5149999999974995,5.361999999997032,5.3694999999970285,,,,,sol_comp_T18_m66_phi0.250.pkl_A_base_weak_6_0.0,A_base,weak,sol_comp_T18_m66_phi0.250.pkl
sol_comp_T18_m66_phi0.250_A_base.pkl,18.0,66.0,0.25,compliant,1.047992512655458,0.002,0.0005,0.001,1,rest,,0.03,0.2,8,0.0,missed B,5.26949999999708,0,1.4544506620893725,1.4544506620893725,0.0,1.847068632736902,0.10787008553291709,1,0,4.643999999997426,,,,,0.24912112747900483,0.018587809088975137,0.0,3.7,0.1237886603208101,missed B,5.26949999999708,0,0,0,0,0,0,0,4.512499999997498,4.643499999997427,,,,,,sol_comp_T18_m66_phi0.250.pkl_A_base_strong_8_0.0,A_base,strong,sol_comp_T18_m66_phi0.250.pkl
sol_comp_T18_m60_phi0.250_B_cone5.pkl,18.0,60.0,0.25,compliant,0.9973907021377173,0.002,0.0005,0.001,1,rest,,0.01,0.1,1,0.0,hit wall,5.323999999997049,0,0.7009069123259513,0.7009069123259513,0.0,1.2758397492383782,,0,0,,,,,,0.001267314268387592,0.020054726090324604,0.0,3.5,0.034045445254041115,hit wall,5.323999999997049,0,0,0,0,0,0,0,,,,,,,,sol_comp_T18_m60_phi0.250.pkl_B_cone5_weak_1_0.0,B_cone5,weak,sol_comp_T18_m60_phi0.250.pkl
sol_comp_T18_m60_phi0.250_B_cone5.pkl,18.0,60.0,0.25,compliant,0.9973907021377173,0.002,0.0005,0.001,1,rest,,0.01,0.1,2,0.0,hit wall,5.132999999997157,0,0.7022836465760652,0.7022836465760652,0.0,1.2404667287272828,,0,0,,,,,,0.0029219196444621696,0.020143372908523527,0.0,3.4,0.05538920211025444,hit wall,5.132999999997157,0,0,0,0,0,0,0,,,,,,,,sol_comp_T18_m60_phi0.250.pkl_B_cone5_weak_2_0.0,B_cone5,weak,sol_comp_T18_m60_phi0.250.pkl
sol_comp_T18_m60_phi0.250_B_cone5.pkl,18.0,60.0,0.25,compliant,0.9973907021377173,0.002,0.0005,0.001,1,rest,,0.0,0.0,0,0.0,lost hook,8.49949999999529,0,1.5195747363472152,1.2634495841010154,1.5195747363472152,3.012381330240851,0.03358009301127045,1,1,6.363999999996473,6.829499999996216,-0.024916577250917893,-0.024916577250917893,0.022511926277966866,0.0465537553423635,0.0009141821348158663,0.09152487248074453,5.6,0.017767620015501258,lost hook,8.49949999999529,0,0,0,0,0,0,0,6.254999999996535,6.357499999996477,7.0194999999961105,,,,,sol_comp_T18_m60_phi0.250.pkl_B_cone5_none_0_0.0,B_cone5,none,sol_comp_T18_m60_phi0.250.pkl
sol_comp_T18_m60_phi0.250_B_cone5.pkl,18.0,60.0,0.25,compliant,0.9973907021377173,0.002,0.0005,0.001,1,rest,,0.0,0.0,0,-0.001,lost hook,8.407999999995344,0,1.5860934359511714,1.2634495841010154,1.5860934359511714,2.9503366540112377,0.023182612183107364,1,1,6.362999999996475,6.826499999996219,-0.017895539597170718,-0.017895539597170718,0.014737135751510635,0.04775071673080328,0.0009141821348158663,0.07390370741122398,5.5,0.017767620015501258,lost hook,8.407999999995344,0,0,0,0,0,0,0,6.254999999996535,6.357499999996477,7.010499999996117,,,,,sol_comp_T18_m60_phi0.250.pkl_B_cone5_none_0_-0.001,B_cone5,none,sol_comp_T18_m60_phi0.250.pkl
sol_comp_T18_m60_phi0.250_B_cone5.pkl,18.0,60.0,0.25,compliant,0.9973907021377173,0.002,0.0005,0.001,1,rest,,0.0,0.0,0,-0.003,lost hook,8.391499999995354,0,1.6420825520834734,1.2634495841010154,1.6420825520834734,2.956342638852937,0.0004474902296647145,1,1,6.360999999996476,6.82599999999622,-0.00025835729180867517,-0.00025835729180867517,0.0003653751707692601,0.04996104885158986,0.0009141821348158663,0.033180083821654424,5.6,0.017767620015501258,lost hook,8.391499999995354,0,0,0,0,0,0,0,6.254999999996535,6.357499999996477,7.004499999996121,,,,,sol_comp_T18_m60_phi0.250.pkl_B_cone5_none_0_-0.003,B_cone5,none,sol_comp_T18_m60_phi0.250.pkl
sol_comp_T18_m60_phi0.250_B_cone5.pkl,18.0,60.0,0.25,compliant,0.9973907021377173,0.002,0.0005,0.001,1,rest,,0.01,0.1,3,0.0,hit wall,5.112499999997166,0,0.7081764157221673,0.7081764157221673,0.0,1.2399011978920689,,0,0,,,,,,0.0014905211061840284,0.020047881011353852,0.0,3.4,0.0836798622035686,hit wall,5.112499999997166,0,0,0,0,0,0,0,,,,,,,,sol_comp_T18_m60_phi0.250.pkl_B_cone5_weak_3_0.0,B_cone5,weak,sol_comp_T18_m60_phi0.250.pkl
sol_comp_T18_m60_phi0.250_B_cone5.pkl,18.0,60.0,0.25,compliant,0.9973907021377173,0.002,0.0005,0.001,1,rest,,0.0,0.0,0,0.003,held B,8.859499999995098,1,1.3844840945888832,1.2634495841010154,1.3844840945888832,3.2463693067676966,0.028047770423449914,1,1,6.366999999996473,6.858999999996204,-0.024913207301507256,-0.024913207301507256,0.01288446846706054,0.15025471703390847,0.0018079211467627587,0.06741589551266752,5.8,0.024924485856910872,none,,0,0,1,1,1,1,1,6.254999999996535,6.357499999996477,,,,,,sol_comp_T18_m60_phi0.250.pkl_B_cone5_none_0_0.003,B_cone5,none,sol_comp_T18_m60_phi0.250.pkl
sol_comp_T18_m60_phi0.250_B_cone5.pkl,18.0,60.0,0.25,compliant,0.9973907021377173,0.002,0.0005,0.001,1,rest,,0.01,0.1,0,0.0,lost hook,8.49949999999529,0,1.5195747363472152,1.2634495841010154,1.5195747363472152,3.012381330240851,0.03358009301127045,1,1,6.363999999996473,6.829499999996216,-0.024916577250917893,-0.024916577250917893,0.022511926277966866,0.0465537553423635,0.0009141821348158663,0.09152487248074453,5.5,0.017767620015501258,lost hook,8.49949999999529,0,0,0,0,0,0,0,6.254999999996535,6.357499999996477,7.0194999999961105,,,,,sol_comp_T18_m60_phi0.250.pkl_B_cone5_weak_0_0.0,B_cone5,weak,sol_comp_T18_m60_phi0.250.pkl
sol_comp_T18_m60_phi0.250_B_cone5.pkl,18.0,60.0,0.25,compliant,0.9973907021377173,0.002,0.0005,0.001,1,rest,,0.0,0.0,0,0.001,lost hook,8.713999999995174,0,1.3938053833507793,1.2634495841010154,1.3938053833507793,3.108028377430146,0.0342065454057295,1,1,6.364999999996474,6.841999999996212,-0.024766043297644647,-0.024766043297644647,0.02359514458471116,0.1047958540272623,0.0009141821348158663,0.03318454797597251,6.0,0.017767620015501258,lost hook,8.713999999995174,0,0,0,0,0,0,0,6.254999999996535,6.357499999996477,,,,,,sol_comp_T18_m60_phi0.250.pkl_B_cone5_none_0_0.001,B_cone5,none,sol_comp_T18_m60_phi0.250.pkl
sol_comp_T18_m60_phi0.250_B_cone5.pkl,18.0,60.0,0.25,compliant,0.9973907021377173,0.002,0.0005,0.001,1,rest,,0.01,0.1,5,0.0,hit wall,2.899499999998394,0,0.6110472694272665,0.6110472694272665,0.0,0.6237553834770398,,0,0,,,,,,0.0020325741332855585,0.020025296387448367,0.0,1.9,0.19844199926003325,hit wall,2.899499999998394,0,0,0,0,0,0,0,,,,,,,,sol_comp_T18_m60_phi0.250.pkl_B_cone5_weak_5_0.0,B_cone5,weak,sol_comp_T18_m60_phi0.250.pkl
sol_comp_T18_m60_phi0.250_B_cone5.pkl,18.0,60.0,0.25,compliant,0.9973907021377173,0.002,0.0005,0.001,1,rest,,0.01,0.1,4,0.0,hit wall,5.082999999997185,0,0.7321119752759409,0.7321119752759409,0.0,1.2357934338768737,,0,0,,,,,,0.0030466722023532733,0.020460677692992812,0.0,3.3,0.14996900007919356,hit wall,5.082999999997185,0,0,0,0,0,0,0,,,,,,,,sol_comp_T18_m60_phi0.250.pkl_B_cone5_weak_4_0.0,B_cone5,weak,sol_comp_T18_m60_phi0.250.pkl
sol_comp_T18_m60_phi0.250_B_cone5.pkl,18.0,60.0,0.25,compliant,0.9973907021377173,0.002,0.0005,0.001,1,rest,,0.03,0.2,4,0.0,hit wall,2.8349999999984306,0,0.6226792706284191,0.6226792706284191,0.0,0.6146450930427275,,0,0,,,,,,0.0024799388663945265,0.02000432550160167,0.0,1.8,0.286961568390669,hit wall,2.8349999999984306,0,0,0,0,0,0,0,,,,,,,,sol_comp_T18_m60_phi0.250.pkl_B_cone5_strong_4_0.0,B_cone5,strong,sol_comp_T18_m60_phi0.250.pkl
sol_comp_T18_m60_phi0.250_B_cone5.pkl,18.0,60.0,0.25,compliant,0.9973907021377173,0.002,0.0005,0.001,1,rest,,0.03,0.2,3,0.0,hit wall,2.933999999998374,0,0.6059953044608745,0.6059953044608745,0.0,0.6303677102733701,,0,0,,,,,,0.001857323149431267,0.02002963066391955,0.0,2.0,0.1598912290703659,hit wall,2.933999999998374,0,0,0,0,0,0,0,,,,,,,,sol_comp_T18_m60_phi0.250.pkl_B_cone5_strong_3_0.0,B_cone5,strong,sol_comp_T18_m60_phi0.250.pkl
sol_comp_T18_m60_phi0.250_B_cone5.pkl,18.0,60.0,0.25,compliant,0.9973907021377173,0.002,0.0005,0.001,1,rest,,0.03,0.2,5,0.0,hit wall,2.9049999999983918,0,0.6091850215631468,0.6091850215631468,0.0,0.6262577194291435,,0,0,,,,,,0.0034493498068778466,0.020021482351299327,0.0,1.9,0.19028452901396253,hit wall,2.9049999999983918,0,0,0,0,0,0,0,,,,,,,,sol_comp_T18_m60_phi0.250.pkl_B_cone5_strong_5_0.0,B_cone5,strong,sol_comp_T18_m60_phi0.250.pkl
sol_comp_T18_m60_phi0.250_B_cone5.pkl,18.0,60.0,0.25,compliant,0.9973907021377173,0.002,0.0005,0.001,1,rest,,0.01,0.1,8,0.0,hit wall,5.092499999997177,0,0.7273223076708242,0.7273223076708242,0.0,1.237914481833509,,0,0,,,,,,0.0025040824194662026,0.02018464036946188,0.0,3.3,0.12438246495960792,hit wall,5.092499999997177,0,0,0,0,0,0,0,,,,,,,,sol_comp_T18_m60_phi0.250.pkl_B_cone5_weak_8_0.0,B_cone5,weak,sol_comp_T18_m60_phi0.250.pkl
sol_comp_T18_m60_phi0.250_B_cone5.pkl,18.0,60.0,0.25,compliant,0.9973907021377173,0.002,0.0005,0.001,1,rest,,0.01,0.1,9,0.0,hit wall,5.0999999999971735,0,0.7194299634118686,0.7194299634118686,0.0,1.2365152194090092,,0,0,,,,,,0.002163150129795788,0.02037974580797114,0.0,3.5,0.1056041047843439,hit wall,5.0999999999971735,0,0,0,0,0,0,0,,,,,,,,sol_comp_T18_m60_phi0.250.pkl_B_cone5_weak_9_0.0,B_cone5,weak,sol_comp_T18_m60_phi0.250.pkl
sol_comp_T18_m60_phi0.250_B_cone5.pkl,18.0,60.0,0.25,compliant,0.9973907021377173,0.002,0.0005,0.001,1,rest,,0.03,0.2,0,0.0,hit wall,5.091499999997179,0,0.7268368687379336,0.7268368687379336,0.0,1.235163668547167,,0,0,,,,,,0.003072233230940302,0.020015795689987903,0.0,3.4,0.12456141574207003,hit wall,5.091499999997179,0,0,0,0,0,0,0,,,,,,,,sol_comp_T18_m60_phi0.250.pkl_B_cone5_strong_0_0.0,B_cone5,strong,sol_comp_T18_m60_phi0.250.pkl
sol_comp_T18_m60_phi0.250_B_cone5.pkl,18.0,60.0,0.25,compliant,0.9973907021377173,0.002,0.0005,0.001,1,rest,,0.03,0.2,1,0.0,hit wall,5.131499999997157,0,0.7086513185214491,0.7086513185214491,0.0,1.2486448453552215,,0,0,,,,,,0.002456906493589109,0.020301503702994383,0.0,3.3,0.10116265030857402,hit wall,5.131499999997157,0,0,0,0,0,0,0,,,,,,,,sol_comp_T18_m60_phi0.250.pkl_B_cone5_strong_1_0.0,B_cone5,strong,sol_comp_T18_m60_phi0.250.pkl
sol_comp_T18_m60_phi0.250_B_cone5.pkl,18.0,60.0,0.25,compliant,0.9973907021377173,0.002,0.0005,0.001,1,rest,,0.03,0.2,2,0.0,hit wall,5.068999999997192,0,0.7399489953995281,0.7399489953995281,0.0,1.2333058594405804,,0,0,,,,,,0.003910984875584278,0.020559890410681958,0.0,3.4,0.20922304634201294,hit wall,5.068999999997192,0,0,0,0,0,0,0,,,,,,,,sol_comp_T18_m60_phi0.250.pkl_B_cone5_strong_2_0.0,B_cone5,strong,sol_comp_T18_m60_phi0.250.pkl
sol_comp_T18_m60_phi0.250_B_cone5.pkl,18.0,60.0,0.25,compliant,0.9973907021377173,0.002,0.0005,0.001,1,rest,,0.03,0.2,6,0.0,hit wall,2.9164999999983827,0,0.6106164151845027,0.6106164151845027,0.0,0.6259976789412021,,0,0,,,,,,0.0019049708028779921,0.020036473664163158,0.0,1.9,0.19302737942574533,hit wall,2.9164999999983827,0,0,0,0,0,0,0,,,,,,,,sol_comp_T18_m60_phi0.250.pkl_B_cone5_strong_6_0.0,B_cone5,strong,sol_comp_T18_m60_phi0.250.pkl
sol_comp_T18_m60_phi0.250_B_cone5.pkl,18.0,60.0,0.25,compliant,0.9973907021377173,0.002,0.0005,0.001,1,rest,,0.03,0.2,7,0.0,hit wall,2.9214999999983817,0,0.603496425378716,0.603496425378716,0.0,0.6320489176106716,,0,0,,,,,,0.003522027883403833,0.020046578608976316,0.0,1.9,0.15844580649996443,hit wall,2.9214999999983817,0,0,0,0,0,0,0,,,,,,,,sol_comp_T18_m60_phi0.250.pkl_B_cone5_strong_7_0.0,B_cone5,strong,sol_comp_T18_m60_phi0.250.pkl
sol_comp_T18_m60_phi0.250_B_cone5.pkl,18.0,60.0,0.25,compliant,0.9973907021377173,0.002,0.0005,0.001,1,rest,,0.01,0.1,6,0.0,lost hook,8.49949999999529,0,1.5195747363472152,1.2634495841010154,1.5195747363472152,3.012381330240851,0.03358009301127045,1,1,6.363999999996473,6.829499999996216,-0.024916577250917893,-0.024916577250917893,0.022511926277966866,0.0465537553423635,0.0009141821348158663,0.09152487248074453,5.5,0.017767620015501258,lost hook,8.49949999999529,0,0,0,0,0,0,0,6.254999999996535,6.357499999996477,7.0194999999961105,,,,,sol_comp_T18_m60_phi0.250.pkl_B_cone5_weak_6_0.0,B_cone5,weak,sol_comp_T18_m60_phi0.250.pkl
sol_comp_T18_m60_phi0.250_B_cone5.pkl,18.0,60.0,0.25,compliant,0.9973907021377173,0.002,0.0005,0.001,1,rest,,0.01,0.1,7,0.0,held B,8.827999999995107,1,1.8171376082727102,1.2966644335596782,1.8171376082727102,3.241761850636735,0.030628271118563588,1,1,6.363999999996473,6.827499999996217,-0.01165769292778851,-0.01165769292778851,0.0284854288793001,0.06969748141995086,0.004315472852217879,0.05252201520073495,5.9,0.0322891824250907,none,,0,0,0,0,1,1,1,6.254999999996535,6.357999999996476,7.007999999996116,7.021499999996109,,,,sol_comp_T18_m60_phi0.250.pkl_B_cone5_weak_7_0.0,B_cone5,weak,sol_comp_T18_m60_phi0.250.pkl
sol_comp_T18_m60_phi0.250_B_cone5.pkl,18.0,60.0,0.25,compliant,0.9973907021377173,0.002,0.0005,0.001,1,rest,,0.03,0.2,8,0.0,hit wall,5.113499999997167,0,0.7124845043484708,0.7124845043484708,0.0,1.2349569185829539,,0,0,,,,,,0.0027886226720662197,0.020237229225081865,0.0,3.3,0.09099457079182949,hit wall,5.113499999997167,0,0,0,0,0,0,0,,,,,,,,sol_comp_T18_m60_phi0.250.pkl_B_cone5_strong_8_0.0,B_cone5,strong,sol_comp_T18_m60_phi0.250.pkl
sol_comp_T18_m60_phi0.250_B_cone5.pkl,18.0,60.0,0.25,compliant,0.9973907021377173,0.002,0.0005,0.001,1,rest,,0.03,0.2,9,0.0,hit wall,5.081999999997183,0,0.7323597696776687,0.7323597696776687,0.0,1.2515797371698507,,0,0,,,,,,0.003496458852654937,0.020869606521585427,0.0,3.2,0.17400864180245668,hit wall,5.081999999997183,0,0,0,0,0,0,0,,,,,,,,sol_comp_T18_m60_phi0.250.pkl_B_cone5_strong_9_0.0,B_cone5,strong,sol_comp_T18_m60_phi0.250.pkl
sol_comp_T18_m66_phi0.250_B_cone10.pkl,18.0,66.0,0.25,compliant,1.1049630923230485,0.002,0.0005,0.001,1,rest,,0.0,0.0,0,0.0,held B,8.16949999999548,1,1.4265330325760375,1.4265330325760375,1.3770545148445965,3.6537754738415376,0.0370233118671399,1,1,5.68699999999685,6.168999999996586,-0.024812529284439666,-0.024812529284439666,0.027478428123171927,0.24137375202041333,0.002582814349967766,0.09111403260786917,5.5,0.02693867044050596,none,,0,0,1,1,1,1,1,5.551499999996924,5.681499999996852,,,,,,sol_comp_T18_m66_phi0.250.pkl_B_cone10_none_0_0.0,B_cone10,none,sol_comp_T18_m66_phi0.250.pkl
sol_comp_T18_m66_phi0.250_B_cone10.pkl,18.0,66.0,0.25,compliant,1.1049630923230485,0.002,0.0005,0.001,1,rest,,0.0,0.0,0,-0.001,lost hook,7.782999999995692,0,1.8007673227295575,1.4265330325760375,1.8007673227295575,3.393506762470506,0.033168470662771975,1,1,5.685999999996849,6.1549999999965905,-0.024698133940357803,-0.024698133940357803,0.02213932306940099,0.053509870664091984,0.001313604383331982,0.07126005252435186,5.1,0.02693867044050596,lost hook,7.782999999995692,0,0,0,0,0,0,0,5.551499999996924,5.681499999996852,6.335999999996492,6.3509999999964855,,,,sol_comp_T18_m66_phi0.250.pkl_B_cone10_none_0_-0.001,B_cone10,none,sol_comp_T18_m66_phi0.250.pkl
sol_comp_T18_m66_phi0.250_B_cone10.pkl,18.0,66.0,0.25,compliant,1.1049630923230485,0.002,0.0005,0.001,1,rest,,0.0,0.0,0,-0.003,held B,8.151999999995482,1,1.649248911958492,1.4265330325760375,1.649248911958492,3.5920766015502803,0.00921173567431688,1,1,5.68399999999685,6.151499999996592,-0.008990886306757151,-0.008990886306757151,0.0020050031302841,0.11809580542259163,0.0304837783700882,0.03899088630675716,5.2,0.02693867044050596,none,,0,0,0,1,1,1,1,5.551499999996924,5.681499999996852,6.334999999996491,,,,,sol_comp_T18_m66_phi0.250.pkl_B_cone10_none_0_-0.003,B_cone10,none,sol_comp_T18_m66_phi0.250.pkl
sol_comp_T18_m66_phi0.250_B_cone10.pkl,18.0,66.0,0.25,compliant,1.1049630923230485,0.002,0.0005,0.001,1,rest,,0.01,0.1,4,0.0,hit wall,4.512999999997501,0,0.7818108786532986,0.7818108786532986,0.0,1.3600938985409419,,0,0,,,,,,0.0020242407909056293,0.020196657045264965,0.0,3.0,0.1323151291263408,hit wall,4.512999999997501,0,0,0,0,0,0,0,,,,,,,,sol_comp_T18_m66_phi0.250.pkl_B_cone10_weak_4_0.0,B_cone10,weak,sol_comp_T18_m66_phi0.250.pkl
sol_comp_T18_m66_phi0.250_B_cone10.pkl,18.0,66.0,0.25,compliant,1.1049630923230485,0.002,0.0005,0.001,1,rest,,0.0,0.0,0,0.001,held B,8.178499999995466,1,1.4265330325760375,1.4265330325760375,1.2904083652502796,3.609356615485592,0.03470892896933114,1,1,5.687999999996848,6.177999999996576,-0.024545494456034156,-0.024545494456034156,0.02454034335755861,0.08068952604758697,0.001313604383331982,0.05454549445603414,5.6,0.02693867044050596,none,,0,0,1,1,1,1,1,5.551499999996924,5.681499999996852,,,,,,sol_comp_T18_m66_phi0.250.pkl_B_cone10_none_0_0.001,B_cone10,none,sol_comp_T18_m66_phi0.250.pkl
sol_comp_T18_m66_phi0.250_B_cone10.pkl,18.0,66.0,0.25,compliant,1.1049630923230485,0.002,0.0005,0.001,1,rest,,0.01,0.1,0,0.0,held B,8.16949999999548,1,1.4265330325760375,1.4265330325760375,1.3770545148445965,3.6537754738415376,0.0370233118671399,1,1,5.68699999999685,6.168999999996586,-0.024812529284439666,-0.024812529284439666,0.027478428123171927,0.24137375202041333,0.002582814349967766,0.09111403260786917,5.3,0.02693867044050596,none,,0,0,1,1,1,1,1,5.551499999996924,5.681499999996852,,,,,,sol_comp_T18_m66_phi0.250.pkl_B_cone10_weak_0_0.0,B_cone10,weak,sol_comp_T18_m66_phi0.250.pkl
sol_comp_T18_m66_phi0.250_B_cone10.pkl,18.0,66.0,0.25,compliant,1.1049630923230485,0.002,0.0005,0.001,1,rest,,0.0,0.0,0,0.003,held B,8.196499999995456,1,1.7074704560843779,1.4265330325760375,1.7074704560843779,3.682835272669262,0.02824253426375325,1,1,5.6899999999968465,6.195999999996566,-0.02463311078745356,-0.02463311078745356,0.013814868604960215,0.16835758512899338,0.05427019307041503,0.054633110787453566,5.4,0.02693867044050596,none,,0,0,0,1,1,1,1,5.551499999996924,5.681499999996852,6.232499999996545,,,,,sol_comp_T18_m66_phi0.250.pkl_B_cone10_none_0_0.003,B_cone10,none,sol_comp_T18_m66_phi0.250.pkl
sol_comp_T18_m66_phi0.250_B_cone10.pkl,18.0,66.0,0.25,compliant,1.1049630923230485,0.002,0.0005,0.001,1,rest,,0.01,0.1,1,0.0,held B,8.183999999995468,1,1.467019694140075,1.372232856967457,1.467019694140075,3.5678632070240317,0.03375880812204402,1,1,5.68699999999685,6.183499999996577,-0.02447472776220616,-0.02447472776220616,0.023251770401130332,0.05263381398779893,0.0072294593865259126,0.03022122597423194,5.3,0.041912249201572854,none,,0,0,1,1,1,1,1,5.550499999996923,5.680999999996853,,,,,,sol_comp_T18_m66_phi0.250.pkl_B_cone10_weak_1_0.0,B_cone10,weak,sol_comp_T18_m66_phi0.250.pkl
sol_comp_T18_m66_phi0.250_B_cone10.pkl,18.0,66.0,0.25,compliant,1.1049630923230485,0.002,0.0005,0.001,1,rest,,0.01,0.1,2,0.0,held B,8.156999999995485,1,1.9472196591633326,1.4627977375000827,1.9472196591633326,3.56396206335093,0.04563290930833852,1,1,5.68699999999685,6.156499999996591,-0.017498512015987178,-0.017498512015987178,0.04766329249801034,0.05233675788700093,0.008268593553445325,0.04032568704189913,5.2,0.060027301687182705,none,,0,0,0,0,1,1,1,5.551999999996923,5.68249999999685,6.335499999996493,6.346499999996485,,,,sol_comp_T18_m66_phi0.250.pkl_B_cone10_weak_2_0.0,B_cone10,weak,sol_comp_T18_m66_phi0.250.pkl
sol_comp_T18_m66_phi0.250_B_cone10.pkl,18.0,66.0,0.25,compliant,1.1049630923230485,0.002,0.0005,0.001,1,rest,,0.01,0.1,3,0.0,held B,8.172499999995473,1,1.468677144505833,1.468677144505833,1.367366962799917,3.618899687638642,0.04976169749615286,1,1,5.68699999999685,6.171999999996583,-0.005884769203009732,-0.005884769203009732,0.04941250883254092,0.05037136762180594,0.014813883247282167,0.035884769203009745,5.4,0.08509557304271592,none,,0,0,1,1,1,1,1,5.551999999996923,5.68249999999685,,,,,,sol_comp_T18_m66_phi0.250.pkl_B_cone10_weak_3_0.0,B_cone10,weak,sol_comp_T18_m66_phi0.250.pkl
sol_comp_T18_m66_phi0.250_B_cone10.pkl,18.0,66.0,0.25,compliant,1.1049630923230485,0.002,0.0005,0.001,1,rest,,0.03,0.2,2,0.0,hit wall,2.341499999998703,0,0.6453586132065187,0.6453586132065187,0.0,0.6118154119639767,,0,0,,,,,,0.0020204036079590204,0.020025850764378406,0.0,1.5,0.1969814178071898,hit wall,2.341499999998703,0,0,0,0,0,0,0,,,,,,,,sol_comp_T18_m66_phi0.250.pkl_B_cone10_strong_2_0.0,B_cone10,strong,sol_comp_T18_m66_phi0.250.pkl
sol_comp_T18_m66_phi0.250_B_cone10.pkl,18.0,66.0,0.25,compliant,1.1049630923230485,0.002,0.0005,0.001,1,rest,,0.03,0.2,4,0.0,hit wall,0.32899999999981944,0,0.6557141685190896,0.6557141685190896,0.0,0.0933807459031803,,0,0,,,,,,0.0,0.020012050924747143,0.0,0.2,0.18408906095245442,hit wall,0.32899999999981944,0,0,0,0,0,0,0,,,,,,,,sol_comp_T18_m66_phi0.250.pkl_B_cone10_strong_4_0.0,B_cone10,strong,sol_comp_T18_m66_phi0.250.pkl
sol_comp_T18_m66_phi0.250_B_cone10.pkl,18.0,66.0,0.25,compliant,1.1049630923230485,0.002,0.0005,0.001,1,rest,,0.01,0.1,5,0.0,slipped off A,4.770999999997358,0,0.7778698799805184,0.7778698799805184,0.0,1.4359680286768934,,0,0,,,,,,0.002068779492170214,0.018092936362882138,0.0,3.1,0.24123931163633355,slipped off A,4.770999999997358,0,0,0,0,0,0,0,,,,,,,,sol_comp_T18_m66_phi0.250.pkl_B_cone10_weak_5_0.0,B_cone10,weak,sol_comp_T18_m66_phi0.250.pkl
sol_comp_T18_m66_phi0.250_B_cone10.pkl,18.0,66.0,0.25,compliant,1.1049630923230485,0.002,0.0005,0.001,1,rest,,0.01,0.1,8,0.0,hit wall,4.582999999997462,0,0.773345761402429,0.773345761402429,0.0,1.3669490046430948,,0,0,,,,,,0.0015050605137214845,0.020095274101241734,0.0,2.9,0.12022232429615293,hit wall,4.582999999997462,0,0,0,0,0,0,0,,,,,,,,sol_comp_T18_m66_phi0.250.pkl_B_cone10_weak_8_0.0,B_cone10,weak,sol_comp_T18_m66_phi0.250.pkl
sol_comp_T18_m66_phi0.250_B_cone10.pkl,18.0,66.0,0.25,compliant,1.1049630923230485,0.002,0.0005,0.001,1,rest,,0.01,0.1,9,0.0,hit wall,4.571499999997467,0,0.7732901357139842,0.7732901357139842,0.0,1.3623453856594836,,0,0,,,,,,0.001378481396808462,0.02006707763608645,0.0,3.1,0.10235503148368602,hit wall,4.571499999997467,0,0,0,0,0,0,0,,,,,,,,sol_comp_T18_m66_phi0.250.pkl_B_cone10_weak_9_0.0,B_cone10,weak,sol_comp_T18_m66_phi0.250.pkl
sol_comp_T18_m66_phi0.250_B_cone10.pkl,18.0,66.0,0.25,compliant,1.1049630923230485,0.002,0.0005,0.001,1,rest,,0.03,0.2,0,0.0,hit wall,4.511999999997499,0,0.7804710275449203,0.7804710275449203,0.0,1.355310378644359,,0,0,,,,,,0.0018028761565188622,0.020207352010621182,0.0,2.9,0.11729735473772504,hit wall,4.511999999997499,0,0,0,0,0,0,0,,,,,,,,sol_comp_T18_m66_phi0.250.pkl_B_cone10_strong_0_0.0,B_cone10,strong,sol_comp_T18_m66_phi0.250.pkl
sol_comp_T18_m66_phi0.250_B_cone10.pkl,18.0,66.0,0.25,compliant,1.1049630923230485,0.002,0.0005,0.001,1,rest,,0.01,0.1,7,0.0,hit B's face,6.23049999999655,0,1.3039038443286004,1.3039038443286004,0.0,2.1254016658139006,0.029851129902078916,1,0,5.68699999999685,,,,,0.011019502824339014,0.01001544221491639,0.0,4.4,0.05900356895796614,hit B's face,6.23049999999655,0,0,0,0,0,0,0,5.548999999996926,5.679999999996852,,,,,,sol_comp_T18_m66_phi0.250.pkl_B_cone10_weak_7_0.0,B_cone10,weak,sol_comp_T18_m66_phi0.250.pkl
sol_comp_T18_m66_phi0.250_B_cone10.pkl,18.0,66.0,0.25,compliant,1.1049630923230485,0.002,0.0005,0.001,1,rest,,0.03,0.2,3,0.0,slipped off A,4.806499999997335,0,0.7690022805080228,0.7690022805080228,0.0,1.430356841540073,,0,0,,,,,,0.0015177274017583176,0.01554366999434707,0.0,3.0,0.16549980137533193,slipped off A,4.806499999997335,0,0,0,0,0,0,0,,,,,,,,sol_comp_T18_m66_phi0.250.pkl_B_cone10_strong_3_0.0,B_cone10,strong,sol_comp_T18_m66_phi0.250.pkl
sol_comp_T18_m66_phi0.250_B_cone10.pkl,18.0,66.0,0.25,compliant,1.1049630923230485,0.002,0.0005,0.001,1,rest,,0.03,0.2,1,0.0,hit B's face,6.240999999996546,0,1.2779501730454481,1.2779501730454481,0.0,2.127788409653853,0.03215471809384005,1,0,5.68699999999685,,,,,0.01105649961252099,0.01974573507988906,0.0,4.2,0.12107217345015617,hit B's face,6.240999999996546,0,0,0,0,0,0,0,5.548999999996926,5.680499999996851,,,,,,sol_comp_T18_m66_phi0.250.pkl_B_cone10_strong_1_0.0,B_cone10,strong,sol_comp_T18_m66_phi0.250.pkl
sol_comp_T18_m66_phi0.250_B_cone10.pkl,18.0,66.0,0.25,compliant,1.1049630923230485,0.002,0.0005,0.001,1,rest,,0.01,0.1,6,0.0,held B,8.16949999999548,1,1.4265330325760375,1.4265330325760375,1.3770545148445965,3.6537754738415376,0.0370233118671399,1,1,5.68699999999685,6.168999999996586,-0.024812529284439666,-0.024812529284439666,0.027478428123171927,0.24137375202041333,0.002582814349967766,0.09111403260786917,5.4,0.02693867044050596,none,,0,0,1,1,1,1,1,5.551499999996924,5.681499999996852,,,,,,sol_comp_T18_m66_phi0.250.pkl_B_cone10_weak_6_0.0,B_cone10,weak,sol_comp_T18_m66_phi0.250.pkl
sol_comp_T18_m66_phi0.250_B_cone10.pkl,18.0,66.0,0.25,compliant,1.1049630923230485,0.002,0.0005,0.001,1,rest,,0.03,0.2,5,0.0,slipped off A,4.776499999997352,0,0.7755455046477051,0.7755455046477051,0.0,1.4325214548125218,,0,0,,,,,,0.0019027894098070375,0.01773514269090176,0.0,3.1,0.22048838118428654,slipped off A,4.776499999997352,0,0,0,0,0,0,0,,,,,,,,sol_comp_T18_m66_phi0.250.pkl_B_cone10_strong_5_0.0,B_cone10,strong,sol_comp_T18_m66_phi0.250.pkl
sol_comp_T18_m66_phi0.250_B_cone10.pkl,18.0,66.0,0.25,compliant,1.1049630923230485,0.002,0.0005,0.001,1,rest,,0.03,0.2,6,0.0,slipped off A,4.7729999999973565,0,0.7770400514995521,0.7770400514995521,0.0,1.433212871428247,,0,0,,,,,,0.0019490474208382624,0.017250498670873454,0.0,3.1,0.22832761429191423,slipped off A,4.7729999999973565,0,0,0,0,0,0,0,,,,,,,,sol_comp_T18_m66_phi0.250.pkl_B_cone10_strong_6_0.0,B_cone10,strong,sol_comp_T18_m66_phi0.250.pkl
sol_comp_T18_m66_phi0.250_B_cone10.pkl,18.0,66.0,0.25,compliant,1.1049630923230485,0.002,0.0005,0.001,1,rest,,0.03,0.2,8,0.0,hit wall,4.528999999997492,0,0.7755538980129694,0.7755538980129694,0.0,1.351045219758914,,0,0,,,,,,0.0013003402873158487,0.020036333012548202,0.0,2.9,0.08481247343552956,hit wall,4.528999999997492,0,0,0,0,0,0,0,,,,,,,,sol_comp_T18_m66_phi0.250.pkl_B_cone10_strong_8_0.0,B_cone10,strong,sol_comp_T18_m66_phi0.250.pkl
sol_comp_T18_m66_phi0.250_B_cone10.pkl,18.0,66.0,0.25,compliant,1.1049630923230485,0.002,0.0005,0.001,1,rest,,0.03,0.2,7,0.0,hit wall,4.848999999997314,0,0.7660045566329928,0.7660045566329928,0.0,1.4428244212424306,,0,0,,,,,,0.0017727598934347277,0.02004868821585829,0.0,3.2,0.16901952361005124,hit wall,4.848999999997314,0,0,0,0,0,0,0,,,,,,,,sol_comp_T18_m66_phi0.250.pkl_B_cone10_strong_7_0.0,B_cone10,strong,sol_comp_T18_m66_phi0.250.pkl
sol_comp_T18_m66_phi0.250_B_cone10.pkl,18.0,66.0,0.25,compliant,1.1049630923230485,0.002,0.0005,0.001,1,rest,,0.03,0.2,9,0.0,slipped off A,4.804999999997339,0,0.7693337317035946,0.7693337317035946,0.0,1.427684314799209,,0,0,,,,,,0.0015844271847604285,0.013388472020554081,0.0,3.5,0.15717467864581788,slipped off A,4.804999999997339,0,0,0,0,0,0,0,,,,,,,,sol_comp_T18_m66_phi0.250.pkl_B_cone10_strong_9_0.0,B_cone10,strong,sol_comp_T18_m66_phi0.250.pkl
sol_comp_T18_m60_phi0.250_B_cone10.pkl,18.0,60.0,0.25,compliant,0.9598785360021599,0.002,0.0005,0.001,1,rest,,0.0,0.0,0,0.0,lost hook,7.542499999995819,0,1.493068471271177,1.0308194476232044,1.493068471271177,2.732280221178662,0.02178173844502816,1,1,5.496499999996953,5.946499999996703,-0.012900020623587416,-0.012900020623587416,0.01911050419939963,0.0476631465253784,0.0008810275630995387,0.09072816343845988,5.1,0.02497570430564483,lost hook,7.542499999995819,0,0,0,0,0,0,0,5.463999999996972,6.109499999996615,,,,,,sol_comp_T18_m60_phi0.250.pkl_B_cone10_none_0_0.0,B_cone10,none,sol_comp_T18_m60_phi0.250.pkl
sol_comp_T18_m60_phi0.250_B_cone10.pkl,18.0,60.0,0.25,compliant,0.9598785360021599,0.002,0.0005,0.001,1,rest,,0.0,0.0,0,-0.003,lost hook,7.54199999999582,0,1.6055940839856357,1.0308194476232044,1.6055940839856357,2.75660941252429,0.01021771441893953,1,1,5.493499999996956,5.943999999996706,-0.002234438404373762,-0.002234438404373762,0.019296050962604117,0.06085936489973065,0.0008810275630995387,0.09355494263849035,4.9,0.02497570430564483,lost hook,7.54199999999582,0,0,0,0,0,0,0,5.463999999996972,6.106499999996615,6.122999999996608,,,,,sol_comp_T18_m60_phi0.250.pkl_B_cone10_none_0_-0.003,B_cone10,none,sol_comp_T18_m60_phi0.250.pkl
sol_comp_T18_m60_phi0.250_B_cone10.pkl,18.0,60.0,0.25,compliant,0.9598785360021599,0.002,0.0005,0.001,1,rest,,0.0,0.0,0,-0.001,lost hook,7.5209999999958335,0,1.529346471882907,1.0308194476232044,1.529346471882907,2.7782889611049577,0.015652002403526134,1,1,5.495499999996955,5.9444999999967045,-0.008206659669288019,-0.008206659669288019,0.014037966773497446,0.4704070313530514,0.0008810275630995387,0.0637009543370369,4.9,0.02497570430564483,lost hook,7.5209999999958335,0,0,0,0,0,0,0,5.463999999996972,6.107999999996615,6.127999999996604,,,,,sol_comp_T18_m60_phi0.250.pkl_B_cone10_none_0_-0.001,B_cone10,none,sol_comp_T18_m60_phi0.250.pkl
sol_comp_T18_m60_phi0.250_B_cone10.pkl,18.0,60.0,0.25,compliant,0.9598785360021599,0.002,0.0005,0.001,1,rest,,0.0,0.0,0,0.001,lost hook,7.542499999995819,0,1.8987732215169528,1.5476040181909496,1.8987732215169528,2.8208491078141877,0.03303976979486573,1,1,5.497499999996954,5.9479999999967035,-0.02138733501069945,-0.02138733501069945,0.03168490632483402,0.04617985952639869,0.0008810275630995387,0.06421910262915462,4.9,0.02497570430564483,lost hook,7.542499999995819,0,0,0,0,0,0,0,5.463999999996972,5.496999999996955,5.496999999996955,7.158499999996032,,,,sol_comp_T18_m60_phi0.250.pkl_B_cone10_none_0_0.001,B_cone10,none,sol_comp_T18_m60_phi0.250.pkl
sol_comp_T18_m60_phi0.250_B_cone10.pkl,18.0,60.0,0.25,compliant,0.9598785360021599,0.002,0.0005,0.001,1,rest,,0.0,0.0,0,0.003,held B,7.9809999999955785,1,1.7843306701277983,1.565280951251608,1.7843306701277983,3.084515372850212,0.03743507784926707,1,1,5.499499999996953,5.980499999996685,-0.024368609761669102,-0.024368609761669102,0.02841752825043324,0.09283116674915604,0.04591289749159477,0.07162319973683764,5.2,0.02497570430564483,none,,0,0,0,0,1,1,1,5.463999999996972,5.496999999996955,5.496999999996955,7.165999999996028,,,,sol_comp_T18_m60_phi0.250.pkl_B_cone10_none_0_0.003,B_cone10,none,sol_comp_T18_m60_phi0.250.pkl
sol_comp_T18_m60_phi0.250_B_cone10.pkl,18.0,60.0,0.25,compliant,0.9598785360021599,0.002,0.0005,0.001,1,rest,,0.01,0.1,0,0.0,lost hook,7.542499999995819,0,1.493068471271177,1.0308194476232044,1.493068471271177,2.732280221178662,0.02178173844502816,1,1,5.496499999996953,5.946499999996703,-0.012900020623587416,-0.012900020623587416,0.01911050419939963,0.0476631465253784,0.0008810275630995387,0.09072816343845988,4.9,0.02497570430564483,lost hook,7.542499999995819,0,0,0,0,0,0,0,5.463999999996972,6.109499999996615,,,,,,sol_comp_T18_m60_phi0.250.pkl_B_cone10_weak_0_0.0,B_cone10,weak,sol_comp_T18_m60_phi0.250.pkl
sol_comp_T18_m60_phi0.250_B_cone10.pkl,18.0,60.0,0.25,compliant,0.9598785360021599,0.002,0.0005,0.001,1,rest,,0.01,0.1,1,0.0,lost hook,7.518999999995835,0,1.7458982945865285,0.9964584095342828,1.7458982945865285,2.7859342554204085,0.028905456412794284,1,1,5.496499999996953,5.945999999996705,-0.024468210073138597,-0.024468210073138597,0.015389350416723544,0.04710418816080167,0.0047381581388875015,0.042172829043063506,4.9,0.040479806507412563,lost hook,7.518999999995835,0,0,0,0,0,0,0,6.084499999996627,6.105499999996617,7.157999999996033,,,,,sol_comp_T18_m60_phi0.250.pkl_B_cone10_weak_1_0.0,B_cone10,weak,sol_comp_T18_m60_phi0.250.pkl
sol_comp_T18_m60_phi0.250_B_cone10.pkl,18.0,60.0,0.25,compliant,0.9598785360021599,0.002,0.0005,0.001,1,rest,,0.01,0.1,3,0.0,lost hook,7.538999999995827,0,1.5319118950842259,0.9960844826295896,1.5319118950842259,2.73393183455716,0.01819976360594211,1,1,5.496499999996953,5.944999999996707,-0.01191338406076703,-0.01191338406076703,0.013758730883800186,0.047511869960025266,0.010052633094868674,0.08271537066444987,4.9,0.06628687179496717,lost hook,7.538999999995827,0,0,0,0,0,0,0,6.085499999996632,6.103499999996622,6.1239999999966095,,,,,sol_comp_T18_m60_phi0.250.pkl_B_cone10_weak_3_0.0,B_cone10,weak,sol_comp_T18_m60_phi0.250.pkl
sol_comp_T18_m60_phi0.250_B_cone10.pkl,18.0,60.0,0.25,compliant,0.9598785360021599,0.002,0.0005,0.001,1,rest,,0.01,0.1,2,0.0,lost hook,7.542999999995821,0,1.517980124556235,1.0124825130515656,1.517980124556235,2.7373657242207448,0.0184815563955167,1,1,5.496499999996953,5.945499999996706,-0.009454940114786314,-0.009454940114786314,0.018316149400528167,0.047328796861941025,0.006975934394723951,0.08134100083399629,5.0,0.05093405653783423,lost hook,7.542999999995821,0,0,0,0,0,0,0,5.4664999999969694,6.105999999996616,6.127499999996605,,,,,sol_comp_T18_m60_phi0.250.pkl_B_cone10_weak_2_0.0,B_cone10,weak,sol_comp_T18_m60_phi0.250.pkl
sol_comp_T18_m60_phi0.250_B_cone10.pkl,18.0,60.0,0.25,compliant,0.9598785360021599,0.002,0.0005,0.001,1,rest,,0.01,0.1,4,0.0,hit B's face,5.943999999996706,0,1.094716295399797,1.094716295399797,0.0,1.7254738672362209,0.007759323874194853,1,0,5.496499999996953,,,,,0.004575966904581175,0.01919560935437491,0.0,4.5,0.13450027716400376,hit B's face,5.943999999996706,0,0,0,0,0,0,0,5.461999999996973,,,,,,,sol_comp_T18_m60_phi0.250.pkl_B_cone10_weak_4_0.0,B_cone10,weak,sol_comp_T18_m60_phi0.250.pkl
sol_comp_T18_m60_phi0.250_B_cone10.pkl,18.0,60.0,0.25,compliant,0.9598785360021599,0.002,0.0005,0.001,1,rest,,0.03,0.2,4,0.0,hit wall,0.32849999999981705,0,0.5178579181382382,0.5178579181382382,0.0,0.08295886843852567,,0,0,,,,,,0.0,0.02003290797942213,0.0,0.2,0.18552105219605639,hit wall,0.32849999999981705,0,0,0,0,0,0,0,,,,,,,,sol_comp_T18_m60_phi0.250.pkl_B_cone10_strong_4_0.0,B_cone10,strong,sol_comp_T18_m60_phi0.250.pkl
sol_comp_T18_m60_phi0.250_B_cone10.pkl,18.0,60.0,0.25,compliant,0.9598785360021599,0.002,0.0005,0.001,1,rest,,0.01,0.1,5,0.0,hit wall,4.658499999997417,0,0.6846158208656484,0.6846158208656484,0.0,1.1637047809438832,,0,0,,,,,,0.004104429342165372,0.020005251792440396,0.0,3.1,0.1688595546312741,hit wall,4.658499999997417,0,0,0,0,0,0,0,,,,,,,,sol_comp_T18_m60_phi0.250.pkl_B_cone10_weak_5_0.0,B_cone10,weak,sol_comp_T18_m60_phi0.250.pkl
sol_comp_T18_m60_phi0.250_B_cone10.pkl,18.0,60.0,0.25,compliant,0.9598785360021599,0.002,0.0005,0.001,1,rest,,0.03,0.2,2,0.0,hit wall,4.370999999997579,0,0.6993504901978385,0.6993504901978385,0.0,1.0972220198871536,,0,0,,,,,,0.00448409452747945,0.020004705732369444,0.0,2.8,0.1985852432842079,hit wall,4.370999999997579,0,0,0,0,0,0,0,,,,,,,,sol_comp_T18_m60_phi0.250.pkl_B_cone10_strong_2_0.0,B_cone10,strong,sol_comp_T18_m60_phi0.250.pkl
sol_comp_T18_m60_phi0.250_B_cone10.pkl,18.0,60.0,0.25,compliant,0.9598785360021599,0.002,0.0005,0.001,1,rest,,0.03,0.2,3,0.0,hit wall,4.7479999999973685,0,0.6846265506119888,0.6846265506119888,0.0,1.1818391407664668,,0,0,,,,,,0.0028529244650417063,0.020017516435243733,0.0,3.0,0.15116137025992016,hit wall,4.7479999999973685,0,0,0,0,0,0,0,,,,,,,,sol_comp_T18_m60_phi0.250.pkl_B_cone10_strong_3_0.0,B_cone10,strong,sol_comp_T18_m60_phi0.250.pkl
sol_comp_T18_m60_phi0.250_B_cone10.pkl,18.0,60.0,0.25,compliant,0.9598785360021599,0.002,0.0005,0.001,1,rest,,0.01,0.1,6,0.0,lost hook,7.542499999995819,0,1.493068471271177,1.0308194476232044,1.493068471271177,2.732280221178662,0.02178173844502816,1,1,5.496499999996953,5.946499999996703,-0.012900020623587416,-0.012900020623587416,0.01911050419939963,0.0476631465253784,0.0008810275630995387,0.09072816343845988,4.9,0.02497570430564483,lost hook,7.542499999995819,0,0,0,0,0,0,0,5.463999999996972,6.109499999996615,,,,,,sol_comp_T18_m60_phi0.250.pkl_B_cone10_weak_6_0.0,B_cone10,weak,sol_comp_T18_m60_phi0.250.pkl
sol_comp_T18_m60_phi0.250_B_cone10.pkl,18.0,60.0,0.25,compliant,0.9598785360021599,0.002,0.0005,0.001,1,rest,,0.01,0.1,7,0.0,lost hook,7.3894999999959055,0,1.494923151318177,0.986579333175761,1.494923151318177,2.8339848655431474,0.024446041458716452,1,1,5.496499999996953,5.963499999996696,-0.024371298744076952,-0.024371298744076952,0.0019101676701893675,0.20335306540144302,0.07998798332210733,0.05437129874407695,4.7,0.047293250721748725,lost hook,7.3894999999959055,0,0,0,0,0,0,0,5.987999999996681,5.998999999996677,,,,,,sol_comp_T18_m60_phi0.250.pkl_B_cone10_weak_7_0.0,B_cone10,weak,sol_comp_T18_m60_phi0.250.pkl
sol_comp_T18_m60_phi0.250_B_cone10.pkl,18.0,60.0,0.25,compliant,0.9598785360021599,0.002,0.0005,0.001,1,rest,,0.01,0.1,8,0.0,lost hook,7.549999999995816,0,1.5550604706039517,1.048086807573311,1.5550604706039517,2.766007462532076,0.0020539145606630295,1,1,5.496499999996953,5.945499999996706,0.013234496756057368,0.013234496756057368,0.024794366587067906,0.04857390743407847,0.015067006054649543,0.10293049371292223,4.8,0.103427033409345,lost hook,7.549999999995816,0,0,0,0,0,0,0,5.464499999996971,6.107499999996616,6.129499999996604,,,,,sol_comp_T18_m60_phi0.250.pkl_B_cone10_weak_8_0.0,B_cone10,weak,sol_comp_T18_m60_phi0.250.pkl
sol_comp_T18_m60_phi0.250_B_cone10.pkl,18.0,60.0,0.25,compliant,0.9598785360021599,0.002,0.0005,0.001,1,rest,,0.03,0.2,1,0.0,hit B's face,5.997499999996677,0,0.9287447578824948,0.9287447578824948,0.0,1.6789112553984689,0.041199228081769686,1,0,5.496499999996953,,,,,0.005565019548151362,0.011837961362073726,0.0,4.1,0.10405264467302588,hit B's face,5.997499999996677,0,0,0,0,0,0,0,,,,,,,,sol_comp_T18_m60_phi0.250.pkl_B_cone10_strong_1_0.0,B_cone10,strong,sol_comp_T18_m60_phi0.250.pkl
sol_comp_T18_m60_phi0.250_B_cone10.pkl,18.0,60.0,0.25,compliant,0.9598785360021599,0.002,0.0005,0.001,1,rest,,0.03,0.2,6,0.0,hit wall,4.669999999997412,0,0.6848990573785635,0.6848990573785635,0.0,1.1649850147079588,,0,0,,,,,,0.0039046047059029254,0.02001547535648213,0.0,3.1,0.15885646006011234,hit wall,4.669999999997412,0,0,0,0,0,0,0,,,,,,,,sol_comp_T18_m60_phi0.250.pkl_B_cone10_strong_6_0.0,B_cone10,strong,sol_comp_T18_m60_phi0.250.pkl
sol_comp_T18_m60_phi0.250_B_cone10.pkl,18.0,60.0,0.25,compliant,0.9598785360021599,0.002,0.0005,0.001,1,rest,,0.03,0.2,5,0.0,hit wall,4.677999999997407,0,0.6830252785061701,0.6830252785061701,0.0,1.1664105555070823,,0,0,,,,,,0.0033196203775772704,0.020047393108403252,0.0,3.3,0.16816941491809523,hit wall,4.677999999997407,0,0,0,0,0,0,0,,,,,,,,sol_comp_T18_m60_phi0.250.pkl_B_cone10_strong_5_0.0,B_cone10,strong,sol_comp_T18_m60_phi0.250.pkl
sol_comp_T18_m60_phi0.250_B_cone10.pkl,18.0,60.0,0.25,compliant,0.9598785360021599,0.002,0.0005,0.001,1,rest,,0.01,0.1,9,0.0,lost hook,7.547499999995818,0,1.5534216537707188,1.0497044614199253,1.5534216537707188,2.762115460540757,0.00400898388114736,1,1,5.496499999996953,5.945999999996705,0.01208844111970464,0.01208844111970464,0.02643637235687086,0.04764573891825874,0.01313682849630355,0.11572184634914745,5.0,0.08868359790191027,lost hook,7.547499999995818,0,0,0,0,0,0,0,5.463999999996972,6.108999999996616,7.142499999996041,,,,,sol_comp_T18_m60_phi0.250.pkl_B_cone10_weak_9_0.0,B_cone10,weak,sol_comp_T18_m60_phi0.250.pkl
sol_comp_T18_m60_phi0.250_B_cone10.pkl,18.0,60.0,0.25,compliant,0.9598785360021599,0.002,0.0005,0.001,1,rest,,0.03,0.2,0,0.0,lost hook,7.546999999995819,0,1.615656688413489,1.0897721121195754,1.615656688413489,2.7899556470751974,0.0036705554615957766,1,1,5.496499999996953,5.946499999996703,0.027285270099269177,0.027285270099269177,0.03626684118148498,0.05509097884832981,0.016413358874561884,0.08346266161002686,4.9,0.1175535186536068,lost hook,7.546999999995819,0,0,0,0,0,0,0,5.461999999996973,6.105999999996616,6.121499999996608,,,,,sol_comp_T18_m60_phi0.250.pkl_B_cone10_strong_0_0.0,B_cone10,strong,sol_comp_T18_m60_phi0.250.pkl
sol_comp_T18_m60_phi0.250_B_cone10.pkl,18.0,60.0,0.25,compliant,0.9598785360021599,0.002,0.0005,0.001,1,rest,,0.03,0.2,7,0.0,hit wall,4.74599999999737,0,0.6905011735145242,0.6905011735145242,0.0,1.1802712298675453,,0,0,,,,,,0.0055510767959114915,0.020017018152644367,0.0,3.0,0.17131433648269034,hit wall,4.74599999999737,0,0,0,0,0,0,0,,,,,,,,sol_comp_T18_m60_phi0.250.pkl_B_cone10_strong_7_0.0,B_cone10,strong,sol_comp_T18_m60_phi0.250.pkl
sol_comp_T18_m60_phi0.250_B_cone10.pkl,18.0,60.0,0.25,compliant,0.9598785360021599,0.002,0.0005,0.001,1,rest,,0.03,0.2,9,0.0,hit B's face,5.974499999996688,0,0.9703083978551551,0.9703083978551551,0.0,1.7008564482340365,0.014673283900743208,1,0,5.496499999996953,,,,,0.0037459586583736826,0.019339937184209476,0.0,4.1,0.14043628343037895,hit B's face,5.974499999996688,0,0,0,0,0,0,0,,,,,,,,sol_comp_T18_m60_phi0.250.pkl_B_cone10_strong_9_0.0,B_cone10,strong,sol_comp_T18_m60_phi0.250.pkl
sol_comp_T18_m66_phi0.250_B_cone5.pkl,18.0,66.0,0.25,compliant,1.0505378464538866,0.002,0.0005,0.001,1,rest,,0.0,0.0,0,0.0,lost hook,6.557499999996367,0,1.4567166676662524,1.0929829505154351,1.4567166676662524,3.126293113099029,0.04767824519134571,1,1,4.585999999997458,5.0534999999972,-0.024518539807332207,-0.024518539807332207,0.04511676699196853,0.12229536130874033,0.08006059257030129,0.054518539807332206,4.4,0.015138885852502587,lost hook,6.557499999996367,0,0,0,0,0,0,0,4.458499999997528,5.116499999997163,,,,,,sol_comp_T18_m66_phi0.250.pkl_B_cone5_none_0_0.0,B_cone5,none,sol_comp_T18_m66_phi0.250.pkl
sol_comp_T18_m60_phi0.250_B_cone10.pkl,18.0,60.0,0.25,compliant,0.9598785360021599,0.002,0.0005,0.001,1,rest,,0.03,0.2,8,0.0,lost hook,7.545999999995818,0,1.5576845610076524,1.0672063767471938,1.5576845610076524,2.7640378734764743,0.0036608454643982024,1,1,5.496499999996953,5.946499999996703,0.01569292856663873,0.01569292856663873,0.031366449708392974,0.049243855414590976,0.010688133228771345,0.09837747733246502,4.9,0.08458989672326345,lost hook,7.545999999995818,0,0,0,0,0,0,0,5.461999999996973,6.108999999996616,6.127499999996605,,,,,sol_comp_T18_m60_phi0.250.pkl_B_cone10_strong_8_0.0,B_cone10,strong,sol_comp_T18_m60_phi0.250.pkl
sol_comp_T18_m66_phi0.250_B_cone5.pkl,18.0,66.0,0.25,compliant,1.0505378464538866,0.002,0.0005,0.001,1,rest,,0.01,0.1,3,0.0,hit wall,0.9549999999994725,0,0.5936458992891147,0.5936458992891147,0.0,0.26498048062923235,,0,0,,,,,,0.001322117970770531,0.020099189167567033,0.0,0.6,0.061253740984331895,hit wall,0.9549999999994725,0,0,0,0,0,0,0,,,,,,,,sol_comp_T18_m66_phi0.250.pkl_B_cone5_weak_3_0.0,B_cone5,weak,sol_comp_T18_m66_phi0.250.pkl
sol_comp_T18_m66_phi0.250_B_cone5.pkl,18.0,66.0,0.25,compliant,1.0505378464538866,0.002,0.0005,0.001,1,rest,,0.0,0.0,0,-0.003,lost hook,6.654499999996318,0,1.9001061523950187,1.085757180558996,1.9001061523950187,3.1911246231609485,0.028532511614412705,1,1,4.582999999997462,5.032999999997216,-0.018654542121298245,-0.018654542121298245,0.04326306162425889,0.09066182751419044,0.0008707536861432916,0.10365454212129824,4.3,0.015138885852502587,lost hook,6.654499999996318,0,0,0,0,0,0,0,4.458499999997528,5.195999999997127,5.2119999999971185,6.2439999999965465,,,,sol_comp_T18_m66_phi0.250.pkl_B_cone5_none_0_-0.003,B_cone5,none,sol_comp_T18_m66_phi0.250.pkl
sol_comp_T18_m66_phi0.250_B_cone5.pkl,18.0,66.0,0.25,compliant,1.0505378464538866,0.002,0.0005,0.001,1,rest,,0.0,0.0,0,0.003,grip capacity exceeded,5.4039999999970085,0,2.510139252731494,1.6578217709293885,2.510139252731494,2.3609521861417955,0.029022062468531347,1,1,4.5889999999974584,5.083499999997187,-0.024101619621457626,-0.024101619621457626,0.016167623249875186,0.09475631876550483,0.0008707536861432916,0.0031105029027376843,3.9,0.02298570213147455,grip capacity exceeded,5.083499999997187,0,0,0,0,0,0,0,4.458499999997528,4.585999999997458,4.585999999997458,5.083499999997187,5.083499999997187,5.398999999997013,5.40349999999701,sol_comp_T18_m66_phi0.250.pkl_B_cone5_none_0_0.003,B_cone5,none,sol_comp_T18_m66_phi0.250.pkl
sol_comp_T18_m66_phi0.250_B_cone5.pkl,18.0,66.0,0.25,compliant,1.0505378464538866,0.002,0.0005,0.001,1,rest,,0.0,0.0,0,0.001,lost hook,6.515499999996397,0,1.647862279456511,1.647862279456511,1.444296380436025,3.1327630451788875,0.04789433785006462,1,1,4.5869999999974596,5.0589999999972015,-0.02487472461887119,-0.02487472461887119,0.040928177008406515,0.06598044677370529,0.08000739171808036,0.05487472461887118,4.2,0.015138885852502587,lost hook,6.515499999996397,0,0,0,0,0,0,0,4.458499999997528,4.585999999997458,4.585999999997458,,,,,sol_comp_T18_m66_phi0.250.pkl_B_cone5_none_0_0.001,B_cone5,none,sol_comp_T18_m66_phi0.250.pkl
sol_comp_T18_m66_phi0.250_B_cone5.pkl,18.0,66.0,0.25,compliant,1.0505378464538866,0.002,0.0005,0.001,1,rest,,0.0,0.0,0,-0.001,held B,7.045499999996103,1,1.492634681277021,1.085757180558996,1.492634681277021,3.463131453445604,0.04104075598864387,1,1,4.584999999997461,5.044999999997209,-0.024313230846262357,-0.024313230846262357,0.049639371987458804,0.21546663116505482,0.05495832538942924,0.06601536329372658,4.6,0.015138885852502587,none,,0,0,1,1,1,1,1,4.458499999997528,5.300499999997069,,,,,,sol_comp_T18_m66_phi0.250.pkl_B_cone5_none_0_-0.001,B_cone5,none,sol_comp_T18_m66_phi0.250.pkl
sol_comp_T18_m66_phi0.250_B_cone5.pkl,18.0,66.0,0.25,compliant,1.0505378464538866,0.002,0.0005,0.001,1,rest,,0.01,0.1,5,0.0,hit wall,0.8779999999995134,0,0.5927130970928453,0.5927130970928453,0.0,0.25244803077868305,,0,0,,,,,,0.008132275077421092,0.020147671318441307,0.0,0.6,0.1765346209157408,hit wall,0.8779999999995134,0,0,0,0,0,0,0,,,,,,,,sol_comp_T18_m66_phi0.250.pkl_B_cone5_weak_5_0.0,B_cone5,weak,sol_comp_T18_m66_phi0.250.pkl
sol_comp_T18_m66_phi0.250_B_cone5.pkl,18.0,66.0,0.25,compliant,1.0505378464538866,0.002,0.0005,0.001,1,rest,,0.01,0.1,0,0.0,lost hook,6.557499999996367,0,1.4567166676662524,1.0929829505154351,1.4567166676662524,3.126293113099029,0.04767824519134571,1,1,4.585999999997458,5.0534999999972,-0.024518539807332207,-0.024518539807332207,0.04511676699196853,0.12229536130874033,0.08006059257030129,0.054518539807332206,4.5,0.015138885852502587,lost hook,6.557499999996367,0,0,0,0,0,0,0,4.458499999997528,5.116499999997163,,,,,,sol_comp_T18_m66_phi0.250.pkl_B_cone5_weak_0_0.0,B_cone5,weak,sol_comp_T18_m66_phi0.250.pkl
sol_comp_T18_m66_phi0.250_B_cone5.pkl,18.0,66.0,0.25,compliant,1.0505378464538866,0.002,0.0005,0.001,1,rest,,0.01,0.1,1,0.0,lost hook,6.530999999996382,0,1.9102263844626948,1.1255488289016762,1.9102263844626948,3.2008851433904173,0.04935625871889223,1,1,4.585999999997458,5.055499999997199,-0.02202609439704073,-0.02202609439704073,0.04857080063724817,0.08758590338671007,0.08010138893137642,0.05202609439704072,4.5,0.0329131599637111,lost hook,6.530999999996382,0,0,0,0,0,0,0,4.457999999997529,5.111499999997168,6.230499999996546,6.235499999996545,,,,sol_comp_T18_m66_phi0.250.pkl_B_cone5_weak_1_0.0,B_cone5,weak,sol_comp_T18_m66_phi0.250.pkl
sol_comp_T18_m66_phi0.250_B_cone5.pkl,18.0,66.0,0.25,compliant,1.0505378464538866,0.002,0.0005,0.001,1,rest,,0.03,0.2,2,0.0,hit wall,0.25249999999985917,0,0.5759483129675841,0.5759483129675841,0.0,0.07173727879864142,,0,0,,,,,,0.0003109647348077116,0.020013029319837818,0.0,0.2,0.13142599099858104,hit wall,0.25249999999985917,0,0,0,0,0,0,0,,,,,,,,sol_comp_T18_m66_phi0.250.pkl_B_cone5_strong_2_0.0,B_cone5,strong,sol_comp_T18_m66_phi0.250.pkl
sol_comp_T18_m66_phi0.250_B_cone5.pkl,18.0,66.0,0.25,compliant,1.0505378464538866,0.002,0.0005,0.001,1,rest,,0.03,0.2,1,0.0,hit wall,0.9179999999994912,0,0.5851121930810296,0.5851121930810296,0.0,0.26092538034518686,,0,0,,,,,,0.0026618755355901635,0.02027368028693277,0.0,0.6,0.10083401547443437,hit wall,0.9179999999994912,0,0,0,0,0,0,0,,,,,,,,sol_comp_T18_m66_phi0.250.pkl_B_cone5_strong_1_0.0,B_cone5,strong,sol_comp_T18_m66_phi0.250.pkl
sol_comp_T18_m66_phi0.250_B_cone5.pkl,18.0,66.0,0.25,compliant,1.0505378464538866,0.002,0.0005,0.001,1,rest,,0.03,0.2,4,0.0,hit wall,0.21999999999987807,0,0.5639147557161662,0.5639147557161662,0.0,0.06280051397768381,,0,0,,,,,,0.0,0.020011671993454966,0.0,0.1,0.14576098432954215,hit wall,0.21999999999987807,0,0,0,0,0,0,0,,,,,,,,sol_comp_T18_m66_phi0.250.pkl_B_cone5_strong_4_0.0,B_cone5,strong,sol_comp_T18_m66_phi0.250.pkl
sol_comp_T18_m66_phi0.250_B_cone5.pkl,18.0,66.0,0.25,compliant,1.0505378464538866,0.002,0.0005,0.001,1,rest,,0.01,0.1,2,0.0,hit B's face,5.102499999997171,0,1.082076373263425,1.082076373263425,0.0,1.845477590729206,0.030563668090558084,1,0,4.585999999997458,,,,,0.005362682353296844,0.009809945607767268,0.0,3.5,0.059128514938221,hit B's face,5.102499999997171,0,0,0,0,0,0,0,4.456999999997532,,,,,,,sol_comp_T18_m66_phi0.250.pkl_B_cone5_weak_2_0.0,B_cone5,weak,sol_comp_T18_m66_phi0.250.pkl
sol_comp_T18_m66_phi0.250_B_cone5.pkl,18.0,66.0,0.25,compliant,1.0505378464538866,0.002,0.0005,0.001,1,rest,,0.03,0.2,3,0.0,hit wall,0.8774999999995146,0,0.5953175756468058,0.5953175756468058,0.0,0.25337178687355494,,0,0,,,,,,0.002401955136206002,0.020097833454791214,0.0,0.5,0.13902175993528143,hit wall,0.8774999999995146,0,0,0,0,0,0,0,,,,,,,,sol_comp_T18_m66_phi0.250.pkl_B_cone5_strong_3_0.0,B_cone5,strong,sol_comp_T18_m66_phi0.250.pkl
sol_comp_T18_m66_phi0.250_B_cone5.pkl,18.0,66.0,0.25,compliant,1.0505378464538866,0.002,0.0005,0.001,1,rest,,0.03,0.2,5,0.0,hit wall,0.8849999999995113,0,0.592881598554188,0.592881598554188,0.0,0.25209649541621104,,0,0,,,,,,0.014286304609181233,0.020168414713236604,0.0,0.6,0.18901555342882226,hit wall,0.8849999999995113,0,0,0,0,0,0,0,,,,,,,,sol_comp_T18_m66_phi0.250.pkl_B_cone5_strong_5_0.0,B_cone5,strong,sol_comp_T18_m66_phi0.250.pkl
sol_comp_T18_m66_phi0.250_B_cone5.pkl,18.0,66.0,0.25,compliant,1.0505378464538866,0.002,0.0005,0.001,1,rest,,0.03,0.2,6,0.0,hit wall,0.8894999999995079,0,0.5930368223763484,0.5930368223763484,0.0,0.2536656717978135,,0,0,,,,,,0.009830709714692354,0.020159257790718477,0.0,0.6,0.171983545383799,hit wall,0.8894999999995079,0,0,0,0,0,0,0,,,,,,,,sol_comp_T18_m66_phi0.250.pkl_B_cone5_strong_6_0.0,B_cone5,strong,sol_comp_T18_m66_phi0.250.pkl
sol_comp_T18_m66_phi0.250_B_cone5.pkl,18.0,66.0,0.25,compliant,1.0505378464538866,0.002,0.0005,0.001,1,rest,,0.03,0.2,7,0.0,hit wall,0.8609999999995246,0,0.5868956171539139,0.5868956171539139,0.0,0.25112347402082597,,0,0,,,,,,0.003889961311899892,0.02033914188060637,0.0,0.6,0.16353867568284208,hit wall,0.8609999999995246,0,0,0,0,0,0,0,,,,,,,,sol_comp_T18_m66_phi0.250.pkl_B_cone5_strong_7_0.0,B_cone5,strong,sol_comp_T18_m66_phi0.250.pkl
sol_comp_T18_m66_phi0.250_B_cone5.pkl,18.0,66.0,0.25,compliant,1.0505378464538866,0.002,0.0005,0.001,1,rest,,0.01,0.1,7,0.0,hit wall,3.3604999999981366,0,0.7665266247943252,0.7665266247943252,0.0,1.0561673929918862,,0,0,,,,,,0.0010020539469665479,0.02002348760860917,0.0,2.2,0.03581688599306432,hit wall,3.3604999999981366,0,0,0,0,0,0,0,,,,,,,,sol_comp_T18_m66_phi0.250.pkl_B_cone5_weak_7_0.0,B_cone5,weak,sol_comp_T18_m66_phi0.250.pkl
sol_comp_T18_m66_phi0.250_B_cone5.pkl,18.0,66.0,0.25,compliant,1.0505378464538866,0.002,0.0005,0.001,1,rest,,0.01,0.1,4,0.0,hit wall,3.98949999999779,0,0.7923087215917871,0.7923087215917871,0.0,1.241453299387318,,0,0,,,,,,0.012770710320914702,0.020083770533038028,0.0,2.5,0.2086739002993768,hit wall,3.98949999999779,0,0,0,0,0,0,0,,,,,,,,sol_comp_T18_m66_phi0.250.pkl_B_cone5_weak_4_0.0,B_cone5,weak,sol_comp_T18_m66_phi0.250.pkl
sol_comp_T18_m66_phi0.250_B_cone5.pkl,18.0,66.0,0.25,compliant,1.0505378464538866,0.002,0.0005,0.001,1,rest,,0.03,0.2,9,0.0,hit wall,0.8799999999995123,0,0.5876827550641693,0.5876827550641693,0.0,0.2532010607241941,,0,0,,,,,,0.007185046219137181,0.02023652762977557,0.0,0.6,0.14345233769737264,hit wall,0.8799999999995123,0,0,0,0,0,0,0,,,,,,,,sol_comp_T18_m66_phi0.250.pkl_B_cone5_strong_9_0.0,B_cone5,strong,sol_comp_T18_m66_phi0.250.pkl
sol_comp_T18_m66_phi0.250_B_cone5.pkl,18.0,66.0,0.25,compliant,1.0505378464538866,0.002,0.0005,0.001,1,rest,,0.03,0.2,0,0.0,hit wall,4.004999999997782,0,0.7879076876445668,0.7879076876445668,0.0,1.2557980651479264,,0,0,,,,,,0.011577008929113397,0.020064254400827177,0.0,2.6,0.1792761447372043,hit wall,4.004999999997782,0,0,0,0,0,0,0,,,,,,,,sol_comp_T18_m66_phi0.250.pkl_B_cone5_strong_0_0.0,B_cone5,strong,sol_comp_T18_m66_phi0.250.pkl
sol_comp_T18_m66_phi0.250_B_cone5.pkl,18.0,66.0,0.25,compliant,1.0505378464538866,0.002,0.0005,0.001,1,rest,,0.01,0.1,8,0.0,missed B,5.257999999997086,0,1.4362321507951106,1.4362321507951106,0.0,1.864224288181191,0.1881136927705745,1,0,4.585999999997458,,,,,0.1679498569249538,0.01894311903604417,0.0,4.0,0.15455766732184825,missed B,5.257999999997086,0,0,0,0,0,0,0,4.45599999999753,4.5854999999974595,,,,,,sol_comp_T18_m66_phi0.250.pkl_B_cone5_weak_8_0.0,B_cone5,weak,sol_comp_T18_m66_phi0.250.pkl
sol_comp_T18_m66_phi0.250_B_cone5.pkl,18.0,66.0,0.25,compliant,1.0505378464538866,0.002,0.0005,0.001,1,rest,,0.01,0.1,9,0.0,missed B,5.229499999997103,0,1.4487421706412111,1.4487421706412111,0.0,1.8470431159769447,0.16848764463350865,1,0,4.585999999997458,,,,,0.20049339312220527,0.01726021761713999,0.0,3.8,0.1360058079289178,missed B,5.229499999997103,0,0,0,0,0,0,0,4.45599999999753,4.5854999999974595,,,,,,sol_comp_T18_m66_phi0.250.pkl_B_cone5_weak_9_0.0,B_cone5,weak,sol_comp_T18_m66_phi0.250.pkl
sol_comp_T18_m66_phi0.250_B_cone5.pkl,18.0,66.0,0.25,compliant,1.0505378464538866,0.002,0.0005,0.001,1,rest,,0.01,0.1,6,0.0,lost hook,6.557499999996367,0,1.4567166676662524,1.0929829505154351,1.4567166676662524,3.126293113099029,0.04767824519134571,1,1,4.585999999997458,5.0534999999972,-0.024518539807332207,-0.024518539807332207,0.04511676699196853,0.12229536130874033,0.08006059257030129,0.054518539807332206,4.6,0.015138885852502587,lost hook,6.557499999996367,0,0,0,0,0,0,0,4.458499999997528,5.116499999997163,,,,,,sol_comp_T18_m66_phi0.250.pkl_B_cone5_weak_6_0.0,B_cone5,weak,sol_comp_T18_m66_phi0.250.pkl
sol_comp_T18_m66_phi0.250_B_cone5.pkl,18.0,66.0,0.25,compliant,1.0505378464538866,0.002,0.0005,0.001,1,rest,,0.03,0.2,8,0.0,missed B,5.243999999997094,0,1.448001640910065,1.448001640910065,0.0,1.839775332766648,0.1336073431443773,1,0,4.585999999997458,,,,,0.18269826707099046,0.01709736880014284,0.0,3.6,0.12047304956995676,missed B,5.243999999997094,0,0,0,0,0,0,0,4.456499999997529,4.5854999999974595,,,,,,sol_comp_T18_m66_phi0.250.pkl_B_cone5_strong_8_0.0,B_cone5,strong,sol_comp_T18_m66_phi0.250.pkl
sol_comp_T18_m75_phi0.250_B_wall5mm.pkl,18.0,75.0,0.25,compliant,1.2668172064932257,0.002,0.0005,0.001,1,rest,,0.0,0.0,0,-0.003,held B,9.505999999995216,1,1.7416750982331388,1.3431717534235301,1.7416750982331388,5.012448635635174,0.03387707412567768,1,1,7.043999999996581,7.505499999996326,-0.024308362956718454,-0.024308362956718454,0.023595754738535025,0.08439565724730969,0.07729925995878828,0.05430836295671845,6.1,0.02763150522027064,none,,0,0,0,1,1,1,1,6.604999999996826,6.687999999996778,7.688999999996225,,,,,sol_comp_T18_m75_phi0.250.pkl_B_wall5mm_none_0_-0.003,B_wall5mm,none,sol_comp_T18_m75_phi0.250.pkl
sol_comp_T18_m75_phi0.250_B_wall5mm.pkl,18.0,75.0,0.25,compliant,1.2668172064932257,0.002,0.0005,0.001,1,rest,,0.0,0.0,0,0.001,held B,9.541499999995201,1,1.7865548235401278,1.3431717534235301,1.7865548235401278,5.116688196155655,0.030120527469908363,1,1,7.047999999996579,7.540999999996307,-0.024204008110860542,-0.024204008110860542,0.017927971620763497,0.053911486259175107,0.017431954940226646,0.05420400811086054,6.0,0.02763150522027064,none,,0,0,0,0,1,1,1,6.604999999996826,6.687999999996778,7.540999999996307,7.592999999996282,,,,sol_comp_T18_m75_phi0.250.pkl_B_wall5mm_none_0_0.001,B_wall5mm,none,sol_comp_T18_m75_phi0.250.pkl
sol_comp_T18_m75_phi0.250_B_wall5mm.pkl,18.0,75.0,0.25,compliant,1.2668172064932257,0.002,0.0005,0.001,1,rest,,0.0,0.0,0,0.0,held B,9.532999999995207,1,1.5966953630379006,1.3431717534235301,1.5966953630379006,5.132170327031015,0.034588778687322366,1,1,7.046999999996581,7.532499999996313,-0.02462969551073302,-0.02462969551073302,0.02428500998824468,0.06400741295804938,0.03958481555081583,0.05462969551073303,6.4,0.02763150522027064,none,,0,0,0,1,1,1,1,6.604999999996826,6.687999999996778,7.584499999996284,,,,,sol_comp_T18_m75_phi0.250.pkl_B_wall5mm_none_0_0.0,B_wall5mm,none,sol_comp_T18_m75_phi0.250.pkl
sol_comp_T18_m75_phi0.250_B_wall5mm.pkl,18.0,75.0,0.25,compliant,1.2668172064932257,0.002,0.0005,0.001,1,rest,,0.0,0.0,0,-0.001,held B,9.523999999995207,1,1.6360328859339548,1.3431717534235301,1.6360328859339548,5.10649088736593,0.037340257746800776,1,1,7.04599999999658,7.523499999996316,-0.024913862092465155,-0.024913862092465155,0.027813563673775122,0.13655751182430204,0.052623717475367204,0.05862022208112621,6.2,0.02763150522027064,none,,0,0,0,1,1,1,1,6.604999999996826,6.687999999996778,7.768999999996181,,,,,sol_comp_T18_m75_phi0.250.pkl_B_wall5mm_none_0_-0.001,B_wall5mm,none,sol_comp_T18_m75_phi0.250.pkl
sol_comp_T18_m75_phi0.250_B_wall5mm.pkl,18.0,75.0,0.25,compliant,1.2668172064932257,0.002,0.0005,0.001,1,rest,,0.0,0.0,0,0.003,held B,9.560499999995185,1,2.1651795767342805,1.3431717534235301,2.1651795767342805,5.27299655159453,0.025195422356246736,1,1,7.049999999996578,7.559999999996295,-0.024886915377576813,-0.024886915377576813,0.003930744293259058,0.07258019704346236,0.006766696405618777,0.098777436097412,6.2,0.029910169190946356,grip capacity exceeded,7.603499999996272,0,0,0,0,0,1,1,6.604999999996826,6.687999999996778,7.589999999996278,7.594499999996275,7.603499999996272,,,sol_comp_T18_m75_phi0.250.pkl_B_wall5mm_none_0_0.003,B_wall5mm,none,sol_comp_T18_m75_phi0.250.pkl
sol_comp_T18_m75_phi0.250_B_wall5mm.pkl,18.0,75.0,0.25,compliant,1.2668172064932257,0.002,0.0005,0.001,1,rest,,0.01,0.1,0,0.0,held B,9.532999999995207,1,1.5966953630379006,1.3431717534235301,1.5966953630379006,5.132170327031015,0.034588778687322366,1,1,7.046999999996581,7.532499999996313,-0.02462969551073302,-0.02462969551073302,0.02428500998824468,0.06400741295804938,0.03958481555081583,0.05462969551073303,6.0,0.02763150522027064,none,,0,0,0,1,1,1,1,6.604999999996826,6.687999999996778,7.584499999996284,,,,,sol_comp_T18_m75_phi0.250.pkl_B_wall5mm_weak_0_0.0,B_wall5mm,weak,sol_comp_T18_m75_phi0.250.pkl
sol_comp_T18_m75_phi0.250_B_wall5mm.pkl,18.0,75.0,0.25,compliant,1.2668172064932257,0.002,0.0005,0.001,1,rest,,0.01,0.1,4,0.0,hit wall,6.388499999996943,0,0.9544788594922847,0.9544788594922847,0.0,2.362878321895798,,0,0,,,,,,0.017002823993234717,0.020004225697774377,0.0,4.0,0.2222286622408804,hit wall,6.388499999996943,0,0,0,0,0,0,0,,,,,,,,sol_comp_T18_m75_phi0.250.pkl_B_wall5mm_weak_4_0.0,B_wall5mm,weak,sol_comp_T18_m75_phi0.250.pkl
sol_comp_T18_m75_phi0.250_B_wall5mm.pkl,18.0,75.0,0.25,compliant,1.2668172064932257,0.002,0.0005,0.001,1,rest,,0.01,0.1,2,0.0,missed B,7.768499999996182,0,1.2871836568954778,1.2871836568954778,0.0,3.2400315620769424,0.07107340302250502,1,0,7.046999999996581,,,,,0.00803131042511529,0.005181213359158032,0.0,5.5,0.08676597286680943,missed B,7.768499999996182,0,0,0,0,0,0,0,6.597999999996828,6.9599999999966276,,,,,,sol_comp_T18_m75_phi0.250.pkl_B_wall5mm_weak_2_0.0,B_wall5mm,weak,sol_comp_T18_m75_phi0.250.pkl
sol_comp_T18_m75_phi0.250_B_wall5mm.pkl,18.0,75.0,0.25,compliant,1.2668172064932257,0.002,0.0005,0.001,1,rest,,0.01,0.1,3,0.0,missed B,7.774999999996181,0,1.278593798493172,1.278593798493172,0.0,3.228492578278081,0.11259444074753217,1,0,7.046999999996581,,,,,0.010399539019158244,0.008246846785641387,0.0,5.4,0.11754193077952868,missed B,7.774999999996181,0,0,0,0,0,0,0,6.595999999996829,6.9289999999966465,,,,,,sol_comp_T18_m75_phi0.250.pkl_B_wall5mm_weak_3_0.0,B_wall5mm,weak,sol_comp_T18_m75_phi0.250.pkl
sol_comp_T18_m75_phi0.250_B_wall5mm.pkl,18.0,75.0,0.25,compliant,1.2668172064932257,0.002,0.0005,0.001,1,rest,,0.01,0.1,1,0.0,held B,9.545499999995203,1,1.83524978811601,1.3423618040746852,1.83524978811601,5.134362888686172,0.02464583308493155,1,1,7.046999999996581,7.544999999996309,-0.024523025163112333,-0.024523025163112333,-0.002457300408917458,0.07420806565348387,0.0007445812443904742,0.05452302516311234,6.5,0.04048118072034723,none,,0,0,0,0,1,1,1,6.597999999996828,6.651999999996798,7.578999999996293,7.5899999999962855,,,,sol_comp_T18_m75_phi0.250.pkl_B_wall5mm_weak_1_0.0,B_wall5mm,weak,sol_comp_T18_m75_phi0.250.pkl
sol_comp_T18_m75_phi0.250_B_wall5mm.pkl,18.0,75.0,0.25,compliant,1.2668172064932257,0.002,0.0005,0.001,1,rest,,0.03,0.2,4,0.0,hit wall,0.2850000000000943,0,0.7146863292762213,0.7146863292762213,0.0,0.10644622356864653,,0,0,,,,,,0.0,0.020017451591447737,0.0,0.2,0.16782263257416274,hit wall,0.2850000000000943,0,0,0,0,0,0,0,,,,,,,,sol_comp_T18_m75_phi0.250.pkl_B_wall5mm_strong_4_0.0,B_wall5mm,strong,sol_comp_T18_m75_phi0.250.pkl
sol_comp_T18_m75_phi0.250_B_wall5mm.pkl,18.0,75.0,0.25,compliant,1.2668172064932257,0.002,0.0005,0.001,1,rest,,0.01,0.1,5,0.0,hit wall,6.406999999996936,0,0.9697845116546918,0.9697845116546918,0.0,2.3661273443941626,,0,0,,,,,,0.020568230278214195,0.020007184213055244,0.0,4.0,0.29390365915266226,hit wall,6.406999999996936,0,0,0,0,0,0,0,,,,,,,,sol_comp_T18_m75_phi0.250.pkl_B_wall5mm_weak_5_0.0,B_wall5mm,weak,sol_comp_T18_m75_phi0.250.pkl
sol_comp_T18_m75_phi0.250_B_wall5mm.pkl,18.0,75.0,0.25,compliant,1.2668172064932257,0.002,0.0005,0.001,1,rest,,0.01,0.1,8,0.0,hit wall,6.492999999996888,0,0.9442579296349615,0.9442579296349615,0.0,2.4462971678929826,,0,0,,,,,,0.014580467745861636,0.02000060794400428,0.0,4.2,0.1837463253173126,hit wall,6.492999999996888,0,0,0,0,0,0,0,,,,,,,,sol_comp_T18_m75_phi0.250.pkl_B_wall5mm_weak_8_0.0,B_wall5mm,weak,sol_comp_T18_m75_phi0.250.pkl
sol_comp_T18_m75_phi0.250_B_wall5mm.pkl,18.0,75.0,0.25,compliant,1.2668172064932257,0.002,0.0005,0.001,1,rest,,0.03,0.2,0,0.0,hit wall,6.410499999996931,0,0.9468852112231343,0.9468852112231343,0.0,2.382026070148306,,0,0,,,,,,0.01517822601397345,0.020044712277884093,0.0,3.9,0.18847074091254756,hit wall,6.410499999996931,0,0,0,0,0,0,0,,,,,,,,sol_comp_T18_m75_phi0.250.pkl_B_wall5mm_strong_0_0.0,B_wall5mm,strong,sol_comp_T18_m75_phi0.250.pkl
sol_comp_T18_m75_phi0.250_B_wall5mm.pkl,18.0,75.0,0.25,compliant,1.2668172064932257,0.002,0.0005,0.001,1,rest,,0.01,0.1,9,0.0,missed B,7.785999999996173,0,1.3303458727047686,1.3303458727047686,0.0,3.207769940001914,0.2112478804399397,1,0,7.046999999996581,,,,,0.013155011041510623,0.017731194419137883,0.0,5.2,0.1824454226309512,missed B,7.785999999996173,0,0,0,0,0,0,0,6.617999999996817,6.8534999999966875,,,,,,sol_comp_T18_m75_phi0.250.pkl_B_wall5mm_weak_9_0.0,B_wall5mm,weak,sol_comp_T18_m75_phi0.250.pkl
sol_comp_T18_m75_phi0.250_B_wall5mm.pkl,18.0,75.0,0.25,compliant,1.2668172064932257,0.002,0.0005,0.001,1,rest,,0.03,0.2,2,0.0,hit wall,6.318499999996982,0,0.9737212527500744,0.9737212527500744,0.0,2.3190543538396247,,0,0,,,,,,0.020052728272225817,0.020011420675346562,0.0,4.2,0.30326718027658184,hit wall,6.318499999996982,0,0,0,0,0,0,0,,,,,,,,sol_comp_T18_m75_phi0.250.pkl_B_wall5mm_strong_2_0.0,B_wall5mm,strong,sol_comp_T18_m75_phi0.250.pkl
sol_comp_T18_m75_phi0.250_B_wall5mm.pkl,18.0,75.0,0.25,compliant,1.2668172064932257,0.002,0.0005,0.001,1,rest,,0.01,0.1,7,0.0,lost hook,8.959999999995523,0,1.6152685554310942,1.3963650542100292,1.6152685554310942,4.728931053701482,0.04141367693624386,1,1,7.046999999996581,7.513999999996324,-0.024909249447376602,-0.024909249447376602,0.03308507109479961,0.11248920229706219,0.08012677650432876,0.0549092494473766,5.8,0.046872200221847335,lost hook,8.959999999995523,0,0,0,0,0,0,0,6.601999999996826,6.6479999999968005,7.705499999996219,,,,,sol_comp_T18_m75_phi0.250.pkl_B_wall5mm_weak_7_0.0,B_wall5mm,weak,sol_comp_T18_m75_phi0.250.pkl
sol_comp_T18_m75_phi0.250_B_wall5mm.pkl,18.0,75.0,0.25,compliant,1.2668172064932257,0.002,0.0005,0.001,1,rest,,0.03,0.2,1,0.0,hit B's face,7.5849999999962865,0,1.3570281225213474,1.3570281225213474,0.0,3.2598134865636283,0.039328395949658916,1,0,7.046999999996581,,,,,0.010835300474250964,0.0023715973434225712,0.0,4.9,0.0997159535703887,hit B's face,7.5849999999962865,0,0,0,0,0,0,0,6.587999999996834,6.639999999996805,,,,,,sol_comp_T18_m75_phi0.250.pkl_B_wall5mm_strong_1_0.0,B_wall5mm,strong,sol_comp_T18_m75_phi0.250.pkl
sol_comp_T18_m75_phi0.250_B_wall5mm.pkl,18.0,75.0,0.25,compliant,1.2668172064932257,0.002,0.0005,0.001,1,rest,,0.01,0.1,6,0.0,held B,9.532999999995207,1,1.5966953630379006,1.3431717534235301,1.5966953630379006,5.132170327031015,0.034588778687322366,1,1,7.046999999996581,7.532499999996313,-0.02462969551073302,-0.02462969551073302,0.02428500998824468,0.06400741295804938,0.03958481555081583,0.05462969551073303,6.0,0.02763150522027064,none,,0,0,0,1,1,1,1,6.604999999996826,6.687999999996778,7.584499999996284,,,,,sol_comp_T18_m75_phi0.250.pkl_B_wall5mm_weak_6_0.0,B_wall5mm,weak,sol_comp_T18_m75_phi0.250.pkl
sol_comp_T18_m75_phi0.250_B_wall5mm.pkl,18.0,75.0,0.25,compliant,1.2668172064932257,0.002,0.0005,0.001,1,rest,,0.03,0.2,5,0.0,hit wall,6.4309999999969225,0,0.9662396159526403,0.9662396159526403,0.0,2.3823183193383,,0,0,,,,,,0.01998726122409966,0.02001019837239516,0.0,4.3,0.2792729263827765,hit wall,6.4309999999969225,0,0,0,0,0,0,0,,,,,,,,sol_comp_T18_m75_phi0.250.pkl_B_wall5mm_strong_5_0.0,B_wall5mm,strong,sol_comp_T18_m75_phi0.250.pkl
sol_comp_T18_m75_phi0.250_B_wall5mm.pkl,18.0,75.0,0.25,compliant,1.2668172064932257,0.002,0.0005,0.001,1,rest,,0.03,0.2,3,0.0,missed B,7.774999999996181,0,1.390552905095846,1.390552905095846,0.0,3.2036616313899713,0.2344991126247998,1,0,7.046999999996581,,,,,0.017534278683142723,0.01695231040038112,0.0,5.2,0.23008604096060353,missed B,7.774999999996181,0,0,0,0,0,0,0,6.595999999996829,6.853999999996686,,,,,,sol_comp_T18_m75_phi0.250.pkl_B_wall5mm_strong_3_0.0,B_wall5mm,strong,sol_comp_T18_m75_phi0.250.pkl
sol_comp_T18_m75_phi0.250_B_wall5mm.pkl,18.0,75.0,0.25,compliant,1.2668172064932257,0.002,0.0005,0.001,1,rest,,0.03,0.2,6,0.0,hit wall,6.4129999999969325,0,0.9663167735254221,0.9663167735254221,0.0,2.3711599429542516,,0,0,,,,,,0.019799854724194432,0.020038346783996953,0.0,4.0,0.2765717704929991,hit wall,6.4129999999969325,0,0,0,0,0,0,0,,,,,,,,sol_comp_T18_m75_phi0.250.pkl_B_wall5mm_strong_6_0.0,B_wall5mm,strong,sol_comp_T18_m75_phi0.250.pkl
sol_comp_T18_m75_phi0.250_B_wall5mm.pkl,18.0,75.0,0.25,compliant,1.2668172064932257,0.002,0.0005,0.001,1,rest,,0.03,0.2,7,0.0,missed B,7.77249999999618,0,1.308649242247877,1.308649242247877,0.0,3.214213184786539,0.21254005177124277,1,0,7.046999999996581,,,,,0.01685040126737558,0.01397973473602366,0.0,5.5,0.23174855878662404,missed B,7.77249999999618,0,0,0,0,0,0,0,6.561499999996849,6.856999999996686,,,,,,sol_comp_T18_m75_phi0.250.pkl_B_wall5mm_strong_7_0.0,B_wall5mm,strong,sol_comp_T18_m75_phi0.250.pkl
sol_comp_T18_m75_phi0.250_B_wall5mm.pkl,18.0,75.0,0.25,compliant,1.2668172064932257,0.002,0.0005,0.001,1,rest,,0.03,0.2,8,0.0,missed B,7.786499999996172,0,1.2688010383301862,1.2688010383301862,0.0,3.215747676226567,0.16028889385734527,1,0,7.046999999996581,,,,,0.011093135172774993,0.01588637382615707,0.0,5.2,0.1533729071033224,missed B,7.786499999996172,0,0,0,0,0,0,0,6.617999999996817,6.855999999996685,,,,,,sol_comp_T18_m75_phi0.250.pkl_B_wall5mm_strong_8_0.0,B_wall5mm,strong,sol_comp_T18_m75_phi0.250.pkl
sol_comp_T18_m75_phi0.250_A_base.pkl,18.0,75.0,0.25,compliant,1.222198073276898,0.002,0.0005,0.001,1,rest,,0.0,0.0,0,0.0,lost hook,7.6439999999957635,0,1.8936353807758206,1.8936353807758206,1.4405206813933737,4.246106431857079,0.04952384223878398,1,1,5.70049999999684,6.173999999996578,-0.024742316147037702,-0.024742316147037702,0.04290021843501501,0.06735252470595984,0.08012633790480983,0.054742316147037715,4.9,0.025623721005892622,lost hook,7.6439999999957635,0,0,0,0,0,0,0,5.243999999997094,5.666499999996859,5.698499999996841,5.698499999996841,,,,sol_comp_T18_m75_phi0.250.pkl_A_base_none_0_0.0,A_base,none,sol_comp_T18_m75_phi0.250.pkl
sol_comp_T18_m75_phi0.250_A_base.pkl,18.0,75.0,0.25,compliant,1.222198073276898,0.002,0.0005,0.001,1,rest,,0.0,0.0,0,0.001,lost hook,7.646499999995765,0,1.8936353807758206,1.8936353807758206,1.8129161728312784,4.329427890624771,0.040261629431414085,1,1,5.701499999996841,6.190999999996571,-0.02463944034513288,-0.02463944034513288,0.03184174593126368,0.09560518726373007,0.07982924371730071,0.05463944034513288,4.9,0.025623721005892622,lost hook,7.646499999995765,0,0,0,0,0,0,0,5.243999999997094,5.666499999996859,5.698499999996841,5.698499999996841,,,,sol_comp_T18_m75_phi0.250.pkl_A_base_none_0_0.001,A_base,none,sol_comp_T18_m75_phi0.250.pkl
sol_comp_T18_m75_phi0.250_B_wall5mm.pkl,18.0,75.0,0.25,compliant,1.2668172064932257,0.002,0.0005,0.001,1,rest,,0.03,0.2,9,0.0,missed B,7.777999999996178,0,1.3722057945028368,1.3722057945028368,0.0,3.2054152543342127,0.22912952922102323,1,0,7.046999999996581,,,,,0.016751614055078523,0.016486244715719797,0.0,5.4,0.2155508450899995,missed B,7.777999999996178,0,0,0,0,0,0,0,6.597999999996828,6.853999999996686,,,,,,sol_comp_T18_m75_phi0.250.pkl_B_wall5mm_strong_9_0.0,B_wall5mm,strong,sol_comp_T18_m75_phi0.250.pkl
sol_comp_T18_m75_phi0.250_A_base.pkl,18.0,75.0,0.25,compliant,1.222198073276898,0.002,0.0005,0.001,1,rest,,0.0,0.0,0,-0.001,held B,8.159499999995482,1,1.8929674083534485,1.8929674083534485,1.627091796431608,4.496259439580344,0.03561819227459371,1,1,5.699499999996842,6.158999999996588,-0.022389296286197347,-0.022389296286197347,0.03648171666883798,0.16239847024947912,0.06931296002116394,0.05238929628619734,5.1,0.025623721005892622,none,,0,0,0,0,1,1,1,5.243999999997094,5.666499999996859,5.698499999996841,5.698499999996841,,,,sol_comp_T18_m75_phi0.250.pkl_A_base_none_0_-0.001,A_base,none,sol_comp_T18_m75_phi0.250.pkl
sol_comp_T18_m75_phi0.250_A_base.pkl,18.0,75.0,0.25,compliant,1.222198073276898,0.002,0.0005,0.001,1,rest,,0.0,0.0,0,-0.003,held B,8.156999999995481,1,1.7478121593242628,1.2876606318066295,1.7478121593242628,4.586408224508622,0.016308783526864188,1,1,5.697499999996843,6.156499999996587,-0.007324781136967218,-0.007324781136967218,0.02167211872832083,0.14942320278506388,0.06869565437384395,0.03732478113696722,5.6,0.025623721005892622,none,,0,0,0,1,1,1,1,5.243999999997094,5.666499999996859,6.33549999999649,,,,,sol_comp_T18_m75_phi0.250.pkl_A_base_none_0_-0.003,A_base,none,sol_comp_T18_m75_phi0.250.pkl
sol_comp_T18_m75_phi0.250_A_base.pkl,18.0,75.0,0.25,compliant,1.222198073276898,0.002,0.0005,0.001,1,rest,,0.0,0.0,0,0.003,lost hook,6.942499999996155,0,2.269112176800547,1.8936353807758206,2.269112176800547,3.826547369262022,0.02482160598272635,1,1,5.70349999999684,6.224999999996552,-0.024802977600367537,-0.024802977600367537,-0.0009614706014136379,0.8186665775267975,0.07064702199953521,0.16338737583277377,4.8,0.025623721005892622,grip capacity exceeded,6.2504999999965385,0,0,0,0,0,0,0,5.243999999997094,5.666499999996859,5.698499999996841,5.698499999996841,6.2504999999965385,6.26649999999653,,sol_comp_T18_m75_phi0.250.pkl_A_base_none_0_0.003,A_base,none,sol_comp_T18_m75_phi0.250.pkl
sol_comp_T18_m75_phi0.250_A_base.pkl,18.0,75.0,0.25,compliant,1.222198073276898,0.002,0.0005,0.001,1,rest,,0.01,0.1,0,0.0,lost hook,7.6439999999957635,0,1.8936353807758206,1.8936353807758206,1.4405206813933737,4.246106431857079,0.04952384223878398,1,1,5.70049999999684,6.173999999996578,-0.024742316147037702,-0.024742316147037702,0.04290021843501501,0.06735252470595984,0.08012633790480983,0.054742316147037715,4.9,0.025623721005892622,lost hook,7.6439999999957635,0,0,0,0,0,0,0,5.243999999997094,5.666499999996859,5.698499999996841,5.698499999996841,,,,sol_comp_T18_m75_phi0.250.pkl_A_base_weak_0_0.0,A_base,weak,sol_comp_T18_m75_phi0.250.pkl
sol_comp_T18_m75_phi0.250_A_base.pkl,18.0,75.0,0.25,compliant,1.222198073276898,0.002,0.0005,0.001,1,rest,,0.01,0.1,1,0.0,lost hook,7.638999999995768,0,1.924661962904415,1.8364111524358218,1.924661962904415,4.354931384395283,0.03277832439062973,1,1,5.70049999999684,6.194499999996566,-0.024459111760310126,-0.024459111760310126,0.021821329055628367,0.09237893123181071,0.0797421351899219,0.054459111760310125,4.9,0.04063980734346742,lost hook,7.638999999995768,0,0,0,0,0,0,0,5.24999999999709,5.599999999996896,5.698499999996841,5.698499999996841,,,,sol_comp_T18_m75_phi0.250.pkl_A_base_weak_1_0.0,A_base,weak,sol_comp_T18_m75_phi0.250.pkl
sol_comp_T18_m75_phi0.250_A_base.pkl,18.0,75.0,0.25,compliant,1.222198073276898,0.002,0.0005,0.001,1,rest,,0.01,0.1,4,0.0,hit wall,4.483499999997516,0,0.8705712410330677,0.8705712410330677,0.0,1.7607179304192426,,0,0,,,,,,0.003376491391214431,0.020173613496762166,0.0,2.8,0.1388006147482037,hit wall,4.483499999997516,0,0,0,0,0,0,0,,,,,,,,sol_comp_T18_m75_phi0.250.pkl_A_base_weak_4_0.0,A_base,weak,sol_comp_T18_m75_phi0.250.pkl
sol_comp_T18_m75_phi0.250_A_base.pkl,18.0,75.0,0.25,compliant,1.222198073276898,0.002,0.0005,0.001,1,rest,,0.01,0.1,5,0.0,hit wall,4.564999999997472,0,0.8659885753036811,0.8659885753036811,0.0,1.7917801367864439,,0,0,,,,,,0.00379567136934289,0.02007030597881636,0.0,2.9,0.16306041526285275,hit wall,4.564999999997472,0,0,0,0,0,0,0,,,,,,,,sol_comp_T18_m75_phi0.250.pkl_A_base_weak_5_0.0,A_base,weak,sol_comp_T18_m75_phi0.250.pkl
sol_comp_T18_m75_phi0.250_A_base.pkl,18.0,75.0,0.25,compliant,1.222198073276898,0.002,0.0005,0.001,1,rest,,0.03,0.2,0,0.0,hit wall,4.480499999997516,0,0.8697375850730819,0.8697375850730819,0.0,1.7530475674624637,,0,0,,,,,,0.0029650998108987636,0.020170929718333785,0.0,2.8,0.12052251061574282,hit wall,4.480499999997516,0,0,0,0,0,0,0,,,,,,,,sol_comp_T18_m75_phi0.250.pkl_A_base_strong_0_0.0,A_base,strong,sol_comp_T18_m75_phi0.250.pkl
sol_comp_T18_m75_phi0.250_A_base.pkl,18.0,75.0,0.25,compliant,1.222198073276898,0.002,0.0005,0.001,1,rest,,0.01,0.1,8,0.0,hit wall,4.5984999999974505,0,0.8610997937677336,0.8610997937677336,0.0,1.7823073771630007,,0,0,,,,,,0.0026442205831601062,0.02003566954198105,0.0,3.1,0.10722942350538212,hit wall,4.5984999999974505,0,0,0,0,0,0,0,,,,,,,,sol_comp_T18_m75_phi0.250.pkl_A_base_weak_8_0.0,A_base,weak,sol_comp_T18_m75_phi0.250.pkl
sol_comp_T18_m75_phi0.250_A_base.pkl,18.0,75.0,0.25,compliant,1.222198073276898,0.002,0.0005,0.001,1,rest,,0.01,0.1,9,0.0,hit wall,4.595999999997453,0,0.8616678213046769,0.8616678213046769,0.0,1.7773047279415697,,0,0,,,,,,0.0023871899786481188,0.02005418378965529,0.0,3.0,0.09661072745233303,hit wall,4.595999999997453,0,0,0,0,0,0,0,,,,,,,,sol_comp_T18_m75_phi0.250.pkl_A_base_weak_9_0.0,A_base,weak,sol_comp_T18_m75_phi0.250.pkl
sol_comp_T18_m75_phi0.250_A_base.pkl,18.0,75.0,0.25,compliant,1.222198073276898,0.002,0.0005,0.001,1,rest,,0.03,0.2,2,0.0,hit wall,2.3409999999987043,0,0.7612555468966655,0.7612555468966655,0.0,0.8034033021754025,,0,0,,,,,,0.0023524189993351166,0.020025625564631572,0.0,1.4,0.2035021873793157,hit wall,2.3409999999987043,0,0,0,0,0,0,0,,,,,,,,sol_comp_T18_m75_phi0.250.pkl_A_base_strong_2_0.0,A_base,strong,sol_comp_T18_m75_phi0.250.pkl
sol_comp_T18_m75_phi0.250_A_base.pkl,18.0,75.0,0.25,compliant,1.222198073276898,0.002,0.0005,0.001,1,rest,,0.01,0.1,3,0.0,lost hook,7.641999999995765,0,1.95487718784631,1.95487718784631,1.499645752756216,4.3275268405837455,0.049880937228296576,1,1,5.70049999999684,6.175999999996577,-0.0022862992224483847,-0.0022862992224483847,0.04982851326939923,0.06198296265000003,0.08002870215118607,0.032286299222448384,5.0,0.07275293514370652,lost hook,7.641999999995765,0,0,0,0,0,0,0,5.255999999997087,5.665499999996861,5.698999999996843,5.698999999996843,,,,sol_comp_T18_m75_phi0.250.pkl_A_base_weak_3_0.0,A_base,weak,sol_comp_T18_m75_phi0.250.pkl
sol_comp_T18_m75_phi0.250_A_base.pkl,18.0,75.0,0.25,compliant,1.222198073276898,0.002,0.0005,0.001,1,rest,,0.03,0.2,4,0.0,hit wall,0.4069999999997762,0,0.63248402143261,0.63248402143261,0.0,0.14919639845665247,,0,0,,,,,,0.0,0.020012709992023557,0.0,0.3,0.2093435932993337,hit wall,0.4069999999997762,0,0,0,0,0,0,0,,,,,,,,sol_comp_T18_m75_phi0.250.pkl_A_base_strong_4_0.0,A_base,strong,sol_comp_T18_m75_phi0.250.pkl
sol_comp_T18_m75_phi0.250_A_base.pkl,18.0,75.0,0.25,compliant,1.222198073276898,0.002,0.0005,0.001,1,rest,,0.01,0.1,2,0.0,held B,8.169499999995477,1,1.9629703228938002,1.9629703228938002,1.5862874574994972,4.547631262964693,0.04102936118130331,1,1,5.70049999999684,6.168999999996583,-0.008561629133625903,-0.008561629133625903,0.049672692687993736,0.1374398881761317,0.04337185320416337,0.0385616291336259,5.3,0.05546852945462977,none,,0,0,0,0,1,1,1,5.251999999997089,5.664999999996862,5.698999999996843,5.698999999996843,,,,sol_comp_T18_m75_phi0.250.pkl_A_base_weak_2_0.0,A_base,weak,sol_comp_T18_m75_phi0.250.pkl
sol_comp_T18_m75_phi0.250_A_base.pkl,18.0,75.0,0.25,compliant,1.222198073276898,0.002,0.0005,0.001,1,rest,,0.01,0.1,7,0.0,hit B's face,6.239499999996543,0,1.7673487640394654,1.7673487640394654,0.0,2.7277081915551142,0.03647205971748004,1,0,5.70049999999684,,,,,0.009432452595005428,0.010103055613409032,0.0,4.2,0.05955611600655897,hit B's face,6.239499999996543,0,0,0,0,0,0,0,5.24999999999709,5.594999999996901,5.698499999996841,5.698499999996841,,,,sol_comp_T18_m75_phi0.250.pkl_A_base_weak_7_0.0,A_base,weak,sol_comp_T18_m75_phi0.250.pkl
sol_comp_T18_m75_phi0.250_A_base.pkl,18.0,75.0,0.25,compliant,1.222198073276898,0.002,0.0005,0.001,1,rest,,0.01,0.1,6,0.0,lost hook,7.6439999999957635,0,1.8936353807758206,1.8936353807758206,1.4405206813933737,4.246106431857079,0.04952384223878398,1,1,5.70049999999684,6.173999999996578,-0.024742316147037702,-0.024742316147037702,0.04290021843501501,0.06735252470595984,0.08012633790480983,0.054742316147037715,5.1,0.025623721005892622,lost hook,7.6439999999957635,0,0,0,0,0,0,0,5.243999999997094,5.666499999996859,5.698499999996841,5.698499999996841,,,,sol_comp_T18_m75_phi0.250.pkl_A_base_weak_6_0.0,A_base,weak,sol_comp_T18_m75_phi0.250.pkl
sol_comp_T18_m75_phi0.250_A_base.pkl,18.0,75.0,0.25,compliant,1.222198073276898,0.002,0.0005,0.001,1,rest,,0.03,0.2,3,0.0,hit wall,4.8384999999973175,0,0.8546985403342766,0.8546985403342766,0.0,1.880612385453003,,0,0,,,,,,0.0033755007651478097,0.020005206525201765,0.0,3.1,0.14349226154761782,hit wall,4.8384999999973175,0,0,0,0,0,0,0,,,,,,,,sol_comp_T18_m75_phi0.250.pkl_A_base_strong_3_0.0,A_base,strong,sol_comp_T18_m75_phi0.250.pkl
sol_comp_T18_m75_phi0.250_A_base.pkl,18.0,75.0,0.25,compliant,1.222198073276898,0.002,0.0005,0.001,1,rest,,0.03,0.2,1,0.0,hit B's face,6.245999999996538,0,1.6867665248992976,1.6867665248992976,0.0,2.7269478836810257,0.041798781107348096,1,0,5.70049999999684,,,,,0.00717416432416651,0.019050888834408728,0.0,4.2,0.11654951036858995,hit B's face,6.245999999996538,0,0,0,0,0,0,0,5.263999999997083,5.589499999996903,5.698999999996843,,,,,sol_comp_T18_m75_phi0.250.pkl_A_base_strong_1_0.0,A_base,strong,sol_comp_T18_m75_phi0.250.pkl
sol_comp_T18_m75_phi0.250_A_base.pkl,18.0,75.0,0.25,compliant,1.222198073276898,0.002,0.0005,0.001,1,rest,,0.03,0.2,5,0.0,hit wall,4.596499999997452,0,0.8630234206736885,0.8630234206736885,0.0,1.7966348989016239,,0,0,,,,,,0.003472248392913102,0.02003956560100785,0.0,2.9,0.1767851570201584,hit wall,4.596499999997452,0,0,0,0,0,0,0,,,,,,,,sol_comp_T18_m75_phi0.250.pkl_A_base_strong_5_0.0,A_base,strong,sol_comp_T18_m75_phi0.250.pkl
sol_comp_T18_m75_phi0.250_A_base.pkl,18.0,75.0,0.25,compliant,1.222198073276898,0.002,0.0005,0.001,1,rest,,0.03,0.2,7,0.0,hit wall,4.853499999997311,0,0.8508354438588103,0.8508354438588103,0.0,1.88116177029974,,0,0,,,,,,0.0021741937976512693,0.02003928407120482,0.0,3.0,0.15753148831685193,hit wall,4.853499999997311,0,0,0,0,0,0,0,,,,,,,,sol_comp_T18_m75_phi0.250.pkl_A_base_strong_7_0.0,A_base,strong,sol_comp_T18_m75_phi0.250.pkl
sol_comp_T18_m75_phi0.250_A_base.pkl,18.0,75.0,0.25,compliant,1.222198073276898,0.002,0.0005,0.001,1,rest,,0.03,0.2,8,0.0,hit wall,4.496499999997507,0,0.8652174502160516,0.8652174502160516,0.0,1.7441871368388808,,0,0,,,,,,0.0020826999266109203,0.020012304599973163,0.0,3.0,0.08838884049089546,hit wall,4.496499999997507,0,0,0,0,0,0,0,,,,,,,,sol_comp_T18_m75_phi0.250.pkl_A_base_strong_8_0.0,A_base,strong,sol_comp_T18_m75_phi0.250.pkl
sol_comp_T18_m75_phi0.250_A_base.pkl,18.0,75.0,0.25,compliant,1.222198073276898,0.002,0.0005,0.001,1,rest,,0.03,0.2,9,0.0,hit wall,4.852999999997312,0,0.8551226554659637,0.8551226554659637,0.0,1.884297229999742,,0,0,,,,,,0.0032775778238677278,0.020005533842253717,0.0,3.0,0.1408328356322026,hit wall,4.852999999997312,0,0,0,0,0,0,0,,,,,,,,sol_comp_T18_m75_phi0.250.pkl_A_base_strong_9_0.0,A_base,strong,sol_comp_T18_m75_phi0.250.pkl
sol_comp_T18_m75_phi0.250_A_base.pkl,18.0,75.0,0.25,compliant,1.222198073276898,0.002,0.0005,0.001,1,rest,,0.03,0.2,6,0.0,hit wall,4.570999999997468,0,0.8650069016463622,0.8650069016463622,0.0,1.7904339824865751,,0,0,,,,,,0.003628530992818846,0.020025048434758167,0.0,3.5,0.15852550305295887,hit wall,4.570999999997468,0,0,0,0,0,0,0,,,,,,,,sol_comp_T18_m75_phi0.250.pkl_A_base_strong_6_0.0,A_base,strong,sol_comp_T18_m75_phi0.250.pkl
sol_comp_T18_m75_phi0.250_B_cone5.pkl,18.0,75.0,0.25,compliant,1.245582393094581,0.002,0.0005,0.001,1,rest,,0.0,0.0,0,-0.003,held B,9.479999999995204,1,1.6270693136869554,1.2905171644776285,1.6270693136869554,4.864774735129614,0.04071419889791841,1,1,7.008999999996572,7.479499999996314,-0.024794493166910403,-0.024794493166910403,0.03229363870014177,0.12338235009829822,0.006150260604169233,0.0547944931669104,6.0,0.029015897028105298,none,,0,0,0,1,1,1,1,6.565499999996817,6.891999999996635,7.661999999996212,,,,,sol_comp_T18_m75_phi0.250.pkl_B_cone5_none_0_-0.003,B_cone5,none,sol_comp_T18_m75_phi0.250.pkl
sol_comp_T18_m75_phi0.250_B_cone5.pkl,18.0,75.0,0.25,compliant,1.245582393094581,0.002,0.0005,0.001,1,rest,,0.0,0.0,0,0.0,held B,9.510999999995185,1,2.0766078031750106,1.8805644246076432,2.0766078031750106,4.919736614696694,0.03367984139761693,1,1,7.0119999999965685,7.510499999996291,-0.024162674579029986,-0.024162674579029986,0.023462669791746396,0.05980525376803292,0.001362350739003865,0.037693456875332584,6.2,0.029015897028105298,grip capacity exceeded,7.510499999996291,0,0,0,0,0,1,1,6.565499999996817,6.891999999996635,7.008999999996572,7.008999999996572,7.510499999996291,,,sol_comp_T18_m75_phi0.250.pkl_B_cone5_none_0_0.0,B_cone5,none,sol_comp_T18_m75_phi0.250.pkl
sol_comp_T18_m75_phi0.250_B_cone5.pkl,18.0,75.0,0.25,compliant,1.245582393094581,0.002,0.0005,0.001,1,rest,,0.0,0.0,0,0.003,hit B's face,7.558999999996271,0,1.8805644246076432,1.8805644246076432,0.0,3.1663252325111473,0.02920223374301228,1,0,7.014999999996569,,,,,0.020794287827302013,0.001362350739003865,0.0,5.0,0.03266004455675631,hit B's face,7.558999999996271,0,0,0,0,0,0,0,6.565499999996817,6.891999999996635,7.008999999996572,7.008999999996572,,,,sol_comp_T18_m75_phi0.250.pkl_B_cone5_none_0_0.003,B_cone5,none,sol_comp_T18_m75_phi0.250.pkl
sol_comp_T18_m75_phi0.250_B_cone5.pkl,18.0,75.0,0.25,compliant,1.245582393094581,0.002,0.0005,0.001,1,rest,,0.0,0.0,0,-0.001,held B,9.500999999995194,1,1.8805644246076432,1.8805644246076432,1.5120080093273955,4.93275623778185,0.0394800062557391,1,1,7.010999999996571,7.5004999999963005,-0.024908572491269876,-0.024908572491269876,0.03063060414683903,0.06843366846092325,0.010893590966679856,0.05490857249126986,6.4,0.029015897028105298,none,,0,0,0,0,1,1,1,6.565499999996817,6.891999999996635,7.008999999996572,7.008999999996572,,,,sol_comp_T18_m75_phi0.250.pkl_B_cone5_none_0_-0.001,B_cone5,none,sol_comp_T18_m75_phi0.250.pkl
sol_comp_T18_m75_phi0.250_B_cone5.pkl,18.0,75.0,0.25,compliant,1.245582393094581,0.002,0.0005,0.001,1,rest,,0.01,0.1,4,0.0,hit wall,6.342999999996941,0,0.8640921247679363,0.8640921247679363,0.0,2.2801447361153473,,0,0,,,,,,0.014364023812891702,0.02004564597979805,0.0,4.4,0.21230913787723776,hit wall,6.342999999996941,0,0,0,0,0,0,0,,,,,,,,sol_comp_T18_m75_phi0.250.pkl_B_cone5_weak_4_0.0,B_cone5,weak,sol_comp_T18_m75_phi0.250.pkl
sol_comp_T18_m75_phi0.250_B_cone5.pkl,18.0,75.0,0.25,compliant,1.245582393094581,0.002,0.0005,0.001,1,rest,,0.0,0.0,0,0.001,held B,9.518999999995184,1,2.1671851360247265,1.8805644246076432,2.1671851360247265,4.973449927927058,0.028135986856509247,1,1,7.01299999999657,7.5184999999962905,-0.024483527175044983,-0.024483527175044983,0.013863284367655989,0.07613231462988862,0.001968196261397992,0.05448352717504498,6.0,0.029015897028105298,grip capacity exceeded,7.5184999999962905,0,0,0,0,0,1,1,6.565499999996817,6.891999999996635,7.008999999996572,7.008999999996572,7.5184999999962905,,,sol_comp_T18_m75_phi0.250.pkl_B_cone5_none_0_0.001,B_cone5,none,sol_comp_T18_m75_phi0.250.pkl
sol_comp_T18_m75_phi0.250_B_cone5.pkl,18.0,75.0,0.25,compliant,1.245582393094581,0.002,0.0005,0.001,1,rest,,0.01,0.1,2,0.0,hit B's face,7.5674999999962616,0,1.723140047957907,1.723140047957907,0.0,3.1212857492233055,0.06424116568289144,1,0,7.0119999999965685,,,,,0.01485532857495031,0.010766077996434014,0.0,5.3,0.0756647332979119,hit B's face,7.5674999999962616,0,0,0,0,0,0,0,6.559999999996819,6.88699999999664,7.007999999996571,,,,,sol_comp_T18_m75_phi0.250.pkl_B_cone5_weak_2_0.0,B_cone5,weak,sol_comp_T18_m75_phi0.250.pkl
sol_comp_T18_m75_phi0.250_B_cone5.pkl,18.0,75.0,0.25,compliant,1.245582393094581,0.002,0.0005,0.001,1,rest,,0.01,0.1,3,0.0,missed B,7.701499999996187,0,1.6589691351389964,1.6589691351389964,0.0,3.109554451648626,0.09363791449481085,1,0,7.0119999999965685,,,,,0.01555072295404901,0.014311432720171907,0.0,5.1,0.10497372060132792,missed B,7.701499999996187,0,0,0,0,0,0,0,6.561999999996818,6.8854999999966395,7.007499999996572,,,,,sol_comp_T18_m75_phi0.250.pkl_B_cone5_weak_3_0.0,B_cone5,weak,sol_comp_T18_m75_phi0.250.pkl
sol_comp_T18_m75_phi0.250_B_cone5.pkl,18.0,75.0,0.25,compliant,1.245582393094581,0.002,0.0005,0.001,1,rest,,0.01,0.1,1,0.0,held B,9.51799999999518,1,1.8507598555418165,1.8507598555418165,1.7666854533347092,4.9684592002948955,0.024587400080500334,1,1,7.0119999999965685,7.517499999996289,-0.024455560127905507,-0.024455560127905507,0.0025427979764397857,0.06966506328767905,0.022351892623857506,0.054455560127905506,5.6,0.034273481435987484,none,,0,0,0,0,1,1,1,6.55799999999682,6.889999999996636,7.008999999996572,7.008999999996572,,,,sol_comp_T18_m75_phi0.250.pkl_B_cone5_weak_1_0.0,B_cone5,weak,sol_comp_T18_m75_phi0.250.pkl
sol_comp_T18_m75_phi0.250_B_cone5.pkl,18.0,75.0,0.25,compliant,1.245582393094581,0.002,0.0005,0.001,1,rest,,0.01,0.1,0,0.0,held B,9.510999999995185,1,2.0766078031750106,1.8805644246076432,2.0766078031750106,4.919736614696694,0.03367984139761693,1,1,7.0119999999965685,7.510499999996291,-0.024162674579029986,-0.024162674579029986,0.023462669791746396,0.05980525376803292,0.001362350739003865,0.037693456875332584,6.1,0.029015897028105298,grip capacity exceeded,7.510499999996291,0,0,0,0,0,1,1,6.565499999996817,6.891999999996635,7.008999999996572,7.008999999996572,7.510499999996291,,,sol_comp_T18_m75_phi0.250.pkl_B_cone5_weak_0_0.0,B_cone5,weak,sol_comp_T18_m75_phi0.250.pkl
sol_comp_T18_m75_phi0.250_B_cone5.pkl,18.0,75.0,0.25,compliant,1.245582393094581,0.002,0.0005,0.001,1,rest,,0.03,0.2,4,0.0,hit wall,0.2800000000000935,0,0.7262862458044168,0.7262862458044168,0.0,0.10155075762305975,,0,0,,,,,,0.0,0.02003846289772262,0.0,0.2,0.1671571612471483,hit wall,0.2800000000000935,0,0,0,0,0,0,0,,,,,,,,sol_comp_T18_m75_phi0.250.pkl_B_cone5_strong_4_0.0,B_cone5,strong,sol_comp_T18_m75_phi0.250.pkl
sol_comp_T18_m75_phi0.250_B_cone5.pkl,18.0,75.0,0.25,compliant,1.245582393094581,0.002,0.0005,0.001,1,rest,,0.01,0.1,5,0.0,hit wall,6.356499999996931,0,0.8773774008087718,0.8773774008087718,0.0,2.2762219677169195,,0,0,,,,,,0.017917665963482765,0.02013859105227761,0.0,4.2,0.26953414892546984,hit wall,6.356499999996931,0,0,0,0,0,0,0,,,,,,,,sol_comp_T18_m75_phi0.250.pkl_B_cone5_weak_5_0.0,B_cone5,weak,sol_comp_T18_m75_phi0.250.pkl
sol_comp_T18_m75_phi0.250_B_cone5.pkl,18.0,75.0,0.25,compliant,1.245582393094581,0.002,0.0005,0.001,1,rest,,0.01,0.1,7,0.0,hit wall,5.929499999997169,0,0.8695388905275525,0.8695388905275525,0.0,2.167724013306023,,0,0,,,,,,0.003909815541208506,0.02002771053436525,0.0,3.7,0.04053527038844977,hit wall,5.929499999997169,0,0,0,0,0,0,0,,,,,,,,sol_comp_T18_m75_phi0.250.pkl_B_cone5_weak_7_0.0,B_cone5,weak,sol_comp_T18_m75_phi0.250.pkl
sol_comp_T18_m75_phi0.250_B_cone5.pkl,18.0,75.0,0.25,compliant,1.245582393094581,0.002,0.0005,0.001,1,rest,,0.01,0.1,8,0.0,hit wall,6.388499999996913,0,0.8542840434981388,0.8542840434981388,0.0,2.3104075837201417,,0,0,,,,,,0.011951438190021424,0.020034545684972344,0.0,4.0,0.16404426053889387,hit wall,6.388499999996913,0,0,0,0,0,0,0,,,,,,,,sol_comp_T18_m75_phi0.250.pkl_B_cone5_weak_8_0.0,B_cone5,weak,sol_comp_T18_m75_phi0.250.pkl
sol_comp_T18_m75_phi0.250_B_cone5.pkl,18.0,75.0,0.25,compliant,1.245582393094581,0.002,0.0005,0.001,1,rest,,0.03,0.2,3,0.0,hit wall,6.4449999999968846,0,0.9031084649030483,0.9031084649030483,0.0,2.345536661484207,,0,0,,,,,,0.014298519269209997,0.020068952550590404,0.0,3.5,0.19665354476301228,hit wall,6.4449999999968846,0,0,0,0,0,0,0,,,,,,,,sol_comp_T18_m75_phi0.250.pkl_B_cone5_strong_3_0.0,B_cone5,strong,sol_comp_T18_m75_phi0.250.pkl
sol_comp_T18_m75_phi0.250_B_cone5.pkl,18.0,75.0,0.25,compliant,1.245582393094581,0.002,0.0005,0.001,1,rest,,0.03,0.2,0,0.0,hit wall,6.356499999996931,0,0.8570656954217928,0.8570656954217928,0.0,2.292152351345607,,0,0,,,,,,0.012513841464270925,0.020023544309346695,0.0,4.1,0.17989094293390906,hit wall,6.356499999996931,0,0,0,0,0,0,0,,,,,,,,sol_comp_T18_m75_phi0.250.pkl_B_cone5_strong_0_0.0,B_cone5,strong,sol_comp_T18_m75_phi0.250.pkl
sol_comp_T18_m75_phi0.250_B_cone5.pkl,18.0,75.0,0.25,compliant,1.245582393094581,0.002,0.0005,0.001,1,rest,,0.01,0.1,9,0.0,hit wall,6.400999999996909,0,0.8495799623609592,0.8495799623609592,0.0,2.3229269008649314,,0,0,,,,,,0.010575581970516446,0.020040401158216627,0.0,4.3,0.143145420633329,hit wall,6.400999999996909,0,0,0,0,0,0,0,,,,,,,,sol_comp_T18_m75_phi0.250.pkl_B_cone5_weak_9_0.0,B_cone5,weak,sol_comp_T18_m75_phi0.250.pkl
sol_comp_T18_m75_phi0.250_B_cone5.pkl,18.0,75.0,0.25,compliant,1.245582393094581,0.002,0.0005,0.001,1,rest,,0.03,0.2,2,0.0,hit wall,6.28799999999697,0,0.8830005899690307,0.8830005899690307,0.0,2.254463913478061,,0,0,,,,,,0.017745256459768655,0.02010916232348013,0.0,4.0,0.3026910995925889,hit wall,6.28799999999697,0,0,0,0,0,0,0,,,,,,,,sol_comp_T18_m75_phi0.250.pkl_B_cone5_strong_2_0.0,B_cone5,strong,sol_comp_T18_m75_phi0.250.pkl
sol_comp_T18_m75_phi0.250_B_cone5.pkl,18.0,75.0,0.25,compliant,1.245582393094581,0.002,0.0005,0.001,1,rest,,0.01,0.1,6,0.0,held B,9.510999999995185,1,2.0766078031750106,1.8805644246076432,2.0766078031750106,4.919736614696694,0.03367984139761693,1,1,7.0119999999965685,7.510499999996291,-0.024162674579029986,-0.024162674579029986,0.023462669791746396,0.05980525376803292,0.001362350739003865,0.037693456875332584,6.2,0.029015897028105298,grip capacity exceeded,7.510499999996291,0,0,0,0,0,1,1,6.565499999996817,6.891999999996635,7.008999999996572,7.008999999996572,7.510499999996291,,,sol_comp_T18_m75_phi0.250.pkl_B_cone5_weak_6_0.0,B_cone5,weak,sol_comp_T18_m75_phi0.250.pkl
sol_comp_T18_m75_phi0.250_B_cone5.pkl,18.0,75.0,0.25,compliant,1.245582393094581,0.002,0.0005,0.001,1,rest,,0.03,0.2,5,0.0,hit wall,6.372499999996922,0,0.8736538464434784,0.8736538464434784,0.0,2.2852987269876097,,0,0,,,,,,0.01705274040426863,0.020147167364874142,0.0,4.1,0.2515674278934297,hit wall,6.372499999996922,0,0,0,0,0,0,0,,,,,,,,sol_comp_T18_m75_phi0.250.pkl_B_cone5_strong_5_0.0,B_cone5,strong,sol_comp_T18_m75_phi0.250.pkl
sol_comp_T18_m75_phi0.250_B_cone5.pkl,18.0,75.0,0.25,compliant,1.245582393094581,0.002,0.0005,0.001,1,rest,,0.03,0.2,1,0.0,hit B's face,7.548999999996273,0,1.8625201122759896,1.8625201122759896,0.0,3.148857065071429,0.03359782826833553,1,0,7.0119999999965685,,,,,0.014122507680525434,0.011676623058837043,0.0,5.1,0.09993715836791496,hit B's face,7.548999999996273,0,0,0,0,0,0,0,6.547999999996826,6.888499999996636,7.00849999999657,7.00849999999657,,,,sol_comp_T18_m75_phi0.250.pkl_B_cone5_strong_1_0.0,B_cone5,strong,sol_comp_T18_m75_phi0.250.pkl
sol_comp_T18_m75_phi0.250_B_cone5.pkl,18.0,75.0,0.25,compliant,1.245582393094581,0.002,0.0005,0.001,1,rest,,0.03,0.2,6,0.0,hit wall,6.35999999999693,0,0.8741831101370616,0.8741831101370616,0.0,2.279504212320406,,0,0,,,,,,0.017047192223043073,0.020049748854860112,0.0,4.2,0.2539960247727886,hit wall,6.35999999999693,0,0,0,0,0,0,0,,,,,,,,sol_comp_T18_m75_phi0.250.pkl_B_cone5_strong_6_0.0,B_cone5,strong,sol_comp_T18_m75_phi0.250.pkl
sol_comp_T18_m75_phi0.250_B_cone5.pkl,18.0,75.0,0.25,compliant,1.245582393094581,0.002,0.0005,0.001,1,rest,,0.03,0.2,9,0.0,hit wall,6.4449999999968846,0,0.8923958089698198,0.8923958089698198,0.0,2.348017488872964,,0,0,,,,,,0.013689771885394997,0.020046044920897288,0.0,3.5,0.18505405954928478,hit wall,6.4449999999968846,0,0,0,0,0,0,0,,,,,,,,sol_comp_T18_m75_phi0.250.pkl_B_cone5_strong_9_0.0,B_cone5,strong,sol_comp_T18_m75_phi0.250.pkl
sol_comp_T18_m75_phi0.250_B_cone5.pkl,18.0,75.0,0.25,compliant,1.245582393094581,0.002,0.0005,0.001,1,rest,,0.03,0.2,8,0.0,hit wall,6.4089999999969045,0,0.8543826140280343,0.8543826140280343,0.0,2.3344067035043197,,0,0,,,,,,0.008636431752597762,0.02003719840253444,0.0,4.1,0.125769671973543,hit wall,6.4089999999969045,0,0,0,0,0,0,0,,,,,,,,sol_comp_T18_m75_phi0.250.pkl_B_cone5_strong_8_0.0,B_cone5,strong,sol_comp_T18_m75_phi0.250.pkl
sol_comp_T18_m75_phi0.250_B_cone5.pkl,18.0,75.0,0.25,compliant,1.245582393094581,0.002,0.0005,0.001,1,rest,,0.03,0.2,7,0.0,missed B,7.712499999996179,0,1.5583985060362928,1.5583985060362928,0.0,3.0872856902404733,0.1769410431931189,1,0,7.0119999999965685,,,,,0.01782550187142773,0.019597276167609465,0.0,5.2,0.18950953395677667,missed B,7.712499999996179,0,0,0,0,0,0,0,6.509999999996847,6.880999999996643,7.006499999996571,,,,,sol_comp_T18_m75_phi0.250.pkl_B_cone5_strong_7_0.0,B_cone5,strong,sol_comp_T18_m75_phi0.250.pkl
sol_comp_T18_m75_phi0.250_B_wall2mm.pkl,18.0,75.0,0.25,compliant,1.2211365522554098,0.002,0.0005,0.001,1,rest,,0.0,0.0,0,0.0,lost hook,7.363999999995919,0,1.888513968362035,1.888513968362035,1.5951999768240543,4.279116208577395,0.04798007042744632,1,1,5.417499999996998,5.895999999996732,-0.024645466928297832,-0.024645466928297832,0.04116658982851126,0.08624822449348218,0.08015409705306142,0.054645466928297824,4.9,0.0390762211354761,lost hook,7.363999999995919,0,0,0,0,0,0,0,4.960999999997252,5.385499999997016,5.415999999996998,5.415999999996998,,,,sol_comp_T18_m75_phi0.250.pkl_B_wall2mm_none_0_0.0,B_wall2mm,none,sol_comp_T18_m75_phi0.250.pkl
sol_comp_T18_m75_phi0.250_B_wall2mm.pkl,18.0,75.0,0.25,compliant,1.2211365522554098,0.002,0.0005,0.001,1,rest,,0.0,0.0,0,-0.001,lost hook,7.371999999995914,0,1.8813832192660098,1.8813832192660098,1.5636290924237872,4.229066167083586,0.04294815413989699,1,1,5.416499999996997,5.881499999996741,-0.024682315071727245,-0.024682315071727245,0.04608728591589955,0.15707133924639932,0.07997629825079988,0.05468231507172726,4.8,0.0390762211354761,lost hook,7.371999999995914,0,0,0,0,0,0,0,4.960999999997252,5.385499999997016,5.415999999996998,5.415999999996998,,,,sol_comp_T18_m75_phi0.250.pkl_B_wall2mm_none_0_-0.001,B_wall2mm,none,sol_comp_T18_m75_phi0.250.pkl
sol_comp_T18_m75_phi0.250_B_wall2mm.pkl,18.0,75.0,0.25,compliant,1.2211365522554098,0.002,0.0005,0.001,1,rest,,0.0,0.0,0,-0.003,lost hook,7.5389999999958235,0,1.7553206258482867,1.274654473944398,1.7553206258482867,4.221430103556586,0.025520377962551632,1,1,5.414499999996998,5.869999999996747,-0.015520789946315006,-0.015520789946315006,0.031912121656287006,0.12862153073577348,0.0692125958747214,0.11090373283039673,5.1,0.0390762211354761,lost hook,7.5389999999958235,0,0,0,0,0,0,0,4.960999999997252,5.385499999997016,6.048499999996647,6.073999999996634,,,,sol_comp_T18_m75_phi0.250.pkl_B_wall2mm_none_0_-0.003,B_wall2mm,none,sol_comp_T18_m75_phi0.250.pkl
sol_comp_T18_m75_phi0.250_B_wall2mm.pkl,18.0,75.0,0.25,compliant,1.2211365522554098,0.002,0.0005,0.001,1,rest,,0.0,0.0,0,0.001,lost hook,7.365999999995918,0,1.9988346712278309,1.889533639069931,1.9988346712278309,4.44709628819271,0.034703490738335105,1,1,5.418499999996996,5.911499999996725,-0.024112081119623596,-0.024112081119623596,0.024958762259102547,0.11517633572604774,0.08043106373718567,0.0541120811196236,4.9,0.0390762211354761,lost hook,7.365999999995918,0,0,0,0,0,0,0,4.960999999997252,5.385499999997016,5.415999999996998,5.415999999996998,,,,sol_comp_T18_m75_phi0.250.pkl_B_wall2mm_none_0_0.001,B_wall2mm,none,sol_comp_T18_m75_phi0.250.pkl
sol_comp_T18_m75_phi0.250_B_wall2mm.pkl,18.0,75.0,0.25,compliant,1.2211365522554098,0.002,0.0005,0.001,1,rest,,0.0,0.0,0,0.003,hit B's face,5.996999999996678,0,1.889533639069931,1.889533639069931,0.0,2.7235784486682117,0.08689247026928855,1,0,5.420499999996995,,,,,0.019958385457011896,0.000793130555360122,0.0,4.3,0.0390762211354761,hit B's face,5.996999999996678,0,0,0,0,0,0,0,4.960999999997252,5.385499999997016,5.415999999996998,5.415999999996998,,,,sol_comp_T18_m75_phi0.250.pkl_B_wall2mm_none_0_0.003,B_wall2mm,none,sol_comp_T18_m75_phi0.250.pkl
sol_comp_T18_m75_phi0.250_B_wall2mm.pkl,18.0,75.0,0.25,compliant,1.2211365522554098,0.002,0.0005,0.001,1,rest,,0.01,0.1,0,0.0,lost hook,7.363999999995919,0,1.888513968362035,1.888513968362035,1.5951999768240543,4.279116208577395,0.04798007042744632,1,1,5.417499999996998,5.895999999996732,-0.024645466928297832,-0.024645466928297832,0.04116658982851126,0.08624822449348218,0.08015409705306142,0.054645466928297824,4.6,0.0390762211354761,lost hook,7.363999999995919,0,0,0,0,0,0,0,4.960999999997252,5.385499999997016,5.415999999996998,5.415999999996998,,,,sol_comp_T18_m75_phi0.250.pkl_B_wall2mm_weak_0_0.0,B_wall2mm,weak,sol_comp_T18_m75_phi0.250.pkl
sol_comp_T18_m75_phi0.250_B_wall2mm.pkl,18.0,75.0,0.25,compliant,1.2211365522554098,0.002,0.0005,0.001,1,rest,,0.01,0.1,1,0.0,hit B's face,5.954499999996699,0,1.7344190451430395,1.7344190451430395,0.0,2.6816854628295843,0.037932851826389447,1,0,5.417499999996998,,,,,0.005185753995286119,0.007960018979694207,0.0,4.0,0.058575511122273057,hit B's face,5.954499999996699,0,0,0,0,0,0,0,4.965999999997248,5.3069999999970605,5.416499999996997,,,,,sol_comp_T18_m75_phi0.250.pkl_B_wall2mm_weak_1_0.0,B_wall2mm,weak,sol_comp_T18_m75_phi0.250.pkl
sol_comp_T18_m75_phi0.250_B_wall2mm.pkl,18.0,75.0,0.25,compliant,1.2211365522554098,0.002,0.0005,0.001,1,rest,,0.01,0.1,4,0.0,hit wall,4.582499999997459,0,0.8890484766590605,0.8890484766590605,0.0,1.815307249999671,,0,0,,,,,,0.00387219491480717,0.02002385170364565,0.0,3.0,0.1428335860373134,hit wall,4.582499999997459,0,0,0,0,0,0,0,,,,,,,,sol_comp_T18_m75_phi0.250.pkl_B_wall2mm_weak_4_0.0,B_wall2mm,weak,sol_comp_T18_m75_phi0.250.pkl
sol_comp_T18_m75_phi0.250_B_wall2mm.pkl,18.0,75.0,0.25,compliant,1.2211365522554098,0.002,0.0005,0.001,1,rest,,0.01,0.1,5,0.0,hit wall,4.571499999997467,0,0.8870603258023507,0.8870603258023507,0.0,1.8095928219241961,,0,0,,,,,,0.002890107893825822,0.02009953730045545,0.0,2.8,0.19924959389495323,hit wall,4.571499999997467,0,0,0,0,0,0,0,,,,,,,,sol_comp_T18_m75_phi0.250.pkl_B_wall2mm_weak_5_0.0,B_wall2mm,weak,sol_comp_T18_m75_phi0.250.pkl
sol_comp_T18_m75_phi0.250_B_wall2mm.pkl,18.0,75.0,0.25,compliant,1.2211365522554098,0.002,0.0005,0.001,1,rest,,0.01,0.1,2,0.0,hit B's face,5.950499999996701,0,1.7390226943570455,1.7390226943570455,0.0,2.6848561700049625,0.028199955644651747,1,0,5.417499999996998,,,,,0.004170740569929721,0.011869373202611857,0.0,4.3,0.08320220839358891,hit B's face,5.950499999996701,0,0,0,0,0,0,0,4.9699999999972455,5.3054999999970605,5.416499999996997,,,,,sol_comp_T18_m75_phi0.250.pkl_B_wall2mm_weak_2_0.0,B_wall2mm,weak,sol_comp_T18_m75_phi0.250.pkl
sol_comp_T18_m75_phi0.250_B_wall2mm.pkl,18.0,75.0,0.25,compliant,1.2211365522554098,0.002,0.0005,0.001,1,rest,,0.01,0.1,3,0.0,hit B's face,5.981499999996686,0,1.6257842179017146,1.6257842179017146,0.0,2.6800916817021747,0.07600779291444025,1,0,5.417499999996998,,,,,0.004769013785739795,0.019200735237280674,0.0,4.2,0.12962340933401165,hit B's face,5.981499999996686,0,0,0,0,0,0,0,4.973999999997243,5.298999999997065,5.416499999996997,,,,,sol_comp_T18_m75_phi0.250.pkl_B_wall2mm_weak_3_0.0,B_wall2mm,weak,sol_comp_T18_m75_phi0.250.pkl
sol_comp_T18_m75_phi0.250_B_wall2mm.pkl,18.0,75.0,0.25,compliant,1.2211365522554098,0.002,0.0005,0.001,1,rest,,0.03,0.2,4,0.0,hit wall,0.30849999999982813,0,0.6713497735130665,0.6713497735130665,0.0,0.12636902729108576,,0,0,,,,,,0.0,0.02000101826893612,0.0,0.2,0.18753447579261162,hit wall,0.30849999999982813,0,0,0,0,0,0,0,,,,,,,,sol_comp_T18_m75_phi0.250.pkl_B_wall2mm_strong_4_0.0,B_wall2mm,strong,sol_comp_T18_m75_phi0.250.pkl
sol_comp_T18_m75_phi0.250_B_wall2mm.pkl,18.0,75.0,0.25,compliant,1.2211365522554098,0.002,0.0005,0.001,1,rest,,0.01,0.1,8,0.0,hit wall,4.661999999997416,0,0.8873618079312418,0.8873618079312418,0.0,1.8362579852318075,,0,0,,,,,,0.002515601267135792,0.020023719530335576,0.0,3.0,0.13634587507026757,hit wall,4.661999999997416,0,0,0,0,0,0,0,,,,,,,,sol_comp_T18_m75_phi0.250.pkl_B_wall2mm_weak_8_0.0,B_wall2mm,weak,sol_comp_T18_m75_phi0.250.pkl
sol_comp_T18_m75_phi0.250_B_wall2mm.pkl,18.0,75.0,0.25,compliant,1.2211365522554098,0.002,0.0005,0.001,1,rest,,0.01,0.1,9,0.0,hit wall,4.736999999997376,0,0.8876559226362641,0.8876559226362641,0.0,1.8717621230576602,,0,0,,,,,,0.002537262254465378,0.020005628444778222,0.0,3.1,0.13684694351281107,hit wall,4.736999999997376,0,0,0,0,0,0,0,,,,,,,,sol_comp_T18_m75_phi0.250.pkl_B_wall2mm_weak_9_0.0,B_wall2mm,weak,sol_comp_T18_m75_phi0.250.pkl
sol_comp_T18_m75_phi0.250_B_wall2mm.pkl,18.0,75.0,0.25,compliant,1.2211365522554098,0.002,0.0005,0.001,1,rest,,0.03,0.2,0,0.0,hit wall,4.6249999999974385,0,0.8890302772089567,0.8890302772089567,0.0,1.8285399518592291,,0,0,,,,,,0.003718374341393882,0.02002331728347335,0.0,2.6,0.13545063730165735,hit wall,4.6249999999974385,0,0,0,0,0,0,0,,,,,,,,sol_comp_T18_m75_phi0.250.pkl_B_wall2mm_strong_0_0.0,B_wall2mm,strong,sol_comp_T18_m75_phi0.250.pkl
sol_comp_T18_m75_phi0.250_B_wall2mm.pkl,18.0,75.0,0.25,compliant,1.2211365522554098,0.002,0.0005,0.001,1,rest,,0.01,0.1,7,0.0,hit B's face,5.968999999996694,0,1.745691972167224,1.745691972167224,0.0,2.6822722383895847,0.058500612170806855,1,0,5.417499999996998,,,,,0.005876119772139768,0.005898489290961987,0.0,4.3,0.049949386296380155,hit B's face,5.968999999996694,0,0,0,0,0,0,0,4.958999999997253,5.308999999997059,5.415999999996998,,,,,sol_comp_T18_m75_phi0.250.pkl_B_wall2mm_weak_7_0.0,B_wall2mm,weak,sol_comp_T18_m75_phi0.250.pkl
sol_comp_T18_m75_phi0.250_B_wall2mm.pkl,18.0,75.0,0.25,compliant,1.2211365522554098,0.002,0.0005,0.001,1,rest,,0.03,0.2,1,0.0,hit wall,4.779999999997351,0,0.9158224778374698,0.9158224778374698,0.0,1.8724921959079937,,0,0,,,,,,0.008530952603237107,0.02000764327935363,0.0,3.1,0.1349393853011469,hit wall,4.779999999997351,0,0,0,0,0,0,0,,,,,,,,sol_comp_T18_m75_phi0.250.pkl_B_wall2mm_strong_1_0.0,B_wall2mm,strong,sol_comp_T18_m75_phi0.250.pkl
sol_comp_T18_m75_phi0.250_B_wall2mm.pkl,18.0,75.0,0.25,compliant,1.2211365522554098,0.002,0.0005,0.001,1,rest,,0.01,0.1,6,0.0,lost hook,7.363999999995919,0,1.888513968362035,1.888513968362035,1.5951999768240543,4.279116208577395,0.04798007042744632,1,1,5.417499999996998,5.895999999996732,-0.024645466928297832,-0.024645466928297832,0.04116658982851126,0.08624822449348218,0.08015409705306142,0.054645466928297824,4.9,0.0390762211354761,lost hook,7.363999999995919,0,0,0,0,0,0,0,4.960999999997252,5.385499999997016,5.415999999996998,5.415999999996998,,,,sol_comp_T18_m75_phi0.250.pkl_B_wall2mm_weak_6_0.0,B_wall2mm,weak,sol_comp_T18_m75_phi0.250.pkl
sol_comp_T18_m75_phi0.250_B_wall2mm.pkl,18.0,75.0,0.25,compliant,1.2211365522554098,0.002,0.0005,0.001,1,rest,,0.03,0.2,2,0.0,hit wall,4.496999999997509,0,0.8931682182489586,0.8931682182489586,0.0,1.8067606237219427,,0,0,,,,,,0.006473988821298238,0.02007751102541577,0.0,3.1,0.2030593995097596,hit wall,4.496999999997509,0,0,0,0,0,0,0,,,,,,,,sol_comp_T18_m75_phi0.250.pkl_B_wall2mm_strong_2_0.0,B_wall2mm,strong,sol_comp_T18_m75_phi0.250.pkl
sol_comp_T18_m75_phi0.250_B_wall2mm.pkl,18.0,75.0,0.25,compliant,1.2211365522554098,0.002,0.0005,0.001,1,rest,,0.03,0.2,7,0.0,hit wall,2.9489999999983674,0,0.8294678501510448,0.8294678501510448,0.0,1.0855032547898114,,0,0,,,,,,0.002735129456241714,0.020008939378277423,0.0,1.9,0.19774099857444294,hit wall,2.9489999999983674,0,0,0,0,0,0,0,,,,,,,,sol_comp_T18_m75_phi0.250.pkl_B_wall2mm_strong_7_0.0,B_wall2mm,strong,sol_comp_T18_m75_phi0.250.pkl
sol_comp_T18_m75_phi0.250_B_wall2mm.pkl,18.0,75.0,0.25,compliant,1.2211365522554098,0.002,0.0005,0.001,1,rest,,0.03,0.2,3,0.0,hit wall,4.625499999997437,0,0.9141143700371075,0.9141143700371075,0.0,1.8116190692435903,,0,0,,,,,,0.007269617979231757,0.020073441978980297,0.0,3.0,0.17346984926462072,hit wall,4.625499999997437,0,0,0,0,0,0,0,,,,,,,,sol_comp_T18_m75_phi0.250.pkl_B_wall2mm_strong_3_0.0,B_wall2mm,strong,sol_comp_T18_m75_phi0.250.pkl
sol_comp_T18_m75_phi0.250_B_wall2mm.pkl,18.0,75.0,0.25,compliant,1.2211365522554098,0.002,0.0005,0.001,1,rest,,0.03,0.2,5,0.0,hit wall,4.583999999997459,0,0.8960640419318049,0.8960640419318049,0.0,1.8085366831203145,,0,0,,,,,,0.0028443535345915594,0.02007522062139783,0.0,3.0,0.195835239749671,hit wall,4.583999999997459,0,0,0,0,0,0,0,,,,,,,,sol_comp_T18_m75_phi0.250.pkl_B_wall2mm_strong_5_0.0,B_wall2mm,strong,sol_comp_T18_m75_phi0.250.pkl
sol_comp_T18_m75_phi0.250_B_wall2mm.pkl,18.0,75.0,0.25,compliant,1.2211365522554098,0.002,0.0005,0.001,1,rest,,0.03,0.2,6,0.0,hit wall,4.577499999997464,0,0.8861308575297522,0.8861308575297522,0.0,1.809907783668407,,0,0,,,,,,0.0026932776394476554,0.02006650269257112,0.0,2.9,0.18805070882857278,hit wall,4.577499999997464,0,0,0,0,0,0,0,,,,,,,,sol_comp_T18_m75_phi0.250.pkl_B_wall2mm_strong_6_0.0,B_wall2mm,strong,sol_comp_T18_m75_phi0.250.pkl
sol_comp_T18_m75_phi0.250_B_wall2mm.pkl,18.0,75.0,0.25,compliant,1.2211365522554098,0.002,0.0005,0.001,1,rest,,0.03,0.2,9,0.0,hit wall,4.631499999997434,0,0.9096806070234802,0.9096806070234802,0.0,1.8140033812561067,,0,0,,,,,,0.006039083798826894,0.020011033027571703,0.0,2.5,0.1606697984424854,hit wall,4.631499999997434,0,0,0,0,0,0,0,,,,,,,,sol_comp_T18_m75_phi0.250.pkl_B_wall2mm_strong_9_0.0,B_wall2mm,strong,sol_comp_T18_m75_phi0.250.pkl
sol_comp_T18_m75_phi0.250_B_wall2mm.pkl,18.0,75.0,0.25,compliant,1.2211365522554098,0.002,0.0005,0.001,1,rest,,0.03,0.2,8,0.0,lost hook,7.534999999995826,0,2.1611290213866523,1.7978351761851281,2.1611290213866523,4.464828716568598,0.053894775449767486,1,1,5.417499999996998,5.904499999996727,-0.022795549856469144,-0.022795549856469144,0.04883656138101954,0.10574764359875222,0.013861962727401513,0.14382743370421072,5.0,0.09788932414605073,grip capacity exceeded,5.904499999996727,0,0,0,0,0,0,0,4.971999999997244,5.416499999996997,5.416499999996997,5.416499999996997,5.904499999996727,,,sol_comp_T18_m75_phi0.250.pkl_B_wall2mm_strong_8_0.0,B_wall2mm,strong,sol_comp_T18_m75_phi0.250.pkl
sol_comp_T18_m75_phi0.250_B_cone10.pkl,18.0,75.0,0.25,compliant,1.2535229356946849,0.002,0.0005,0.001,1,rest,,0.0,0.0,0,-0.001,lost hook,8.805499999995453,0,1.7876845612047492,1.7876845612047492,1.5085078849611873,4.660356166918353,0.03691739925193296,1,1,6.871999999996524,7.349999999996259,-0.02490183288026193,-0.02490183288026193,0.02725423062077016,0.19071297312567548,0.08015153394894581,0.05490183288026193,5.7,0.024476577261525433,lost hook,8.805499999995453,0,0,0,0,0,0,0,6.435999999996765,6.752999999996591,6.8704999999965235,6.8704999999965235,,,,sol_comp_T18_m75_phi0.250.pkl_B_cone10_none_0_-0.001,B_cone10,none,sol_comp_T18_m75_phi0.250.pkl
sol_comp_T18_m75_phi0.250_B_cone10.pkl,18.0,75.0,0.25,compliant,1.2535229356946849,0.002,0.0005,0.001,1,rest,,0.01,0.1,3,0.0,hit B's face,7.423999999996221,0,1.6614693949793702,1.6614693949793702,0.0,3.082219132828534,0.06081753331548591,1,0,6.872999999996525,,,,,0.013684075523439573,0.00916807812214043,0.0,4.5,0.0799804174552973,hit B's face,7.423999999996221,0,0,0,0,0,0,0,6.415999999996776,6.7454999999965946,6.868499999996525,,,,,sol_comp_T18_m75_phi0.250.pkl_B_cone10_weak_3_0.0,B_cone10,weak,sol_comp_T18_m75_phi0.250.pkl
sol_comp_T18_m75_phi0.250_B_cone10.pkl,18.0,75.0,0.25,compliant,1.2535229356946849,0.002,0.0005,0.001,1,rest,,0.0,0.0,0,-0.003,held B,9.335499999995163,1,1.8840162500656379,1.315739555110167,1.8840162500656379,4.895233220155806,0.021833448082028594,1,1,6.869999999996525,7.334999999996269,-0.017261898668275766,-0.017261898668275766,0.013368855953925807,0.10391344678301903,0.051768298126271706,0.05344298343520476,5.9,0.024476577261525433,none,,0,0,0,0,1,1,1,6.435999999996765,6.752999999996591,7.511499999996174,7.525999999996165,,,,sol_comp_T18_m75_phi0.250.pkl_B_cone10_none_0_-0.003,B_cone10,none,sol_comp_T18_m75_phi0.250.pkl
sol_comp_T18_m75_phi0.250_B_cone10.pkl,18.0,75.0,0.25,compliant,1.2535229356946849,0.002,0.0005,0.001,1,rest,,0.0,0.0,0,0.0,held B,9.359499999995153,1,1.7876845612047492,1.7876845612047492,1.467752590404278,4.963080383777276,0.03481517095847142,1,1,6.872999999996525,7.358999999996259,-0.024698864310837454,-0.024698864310837454,0.024536956425409238,0.15601521784200356,0.05117384379166534,0.05762632727323579,6.2,0.024476577261525433,none,,0,0,0,0,1,1,1,6.435999999996765,6.752999999996591,6.8704999999965235,6.8704999999965235,,,,sol_comp_T18_m75_phi0.250.pkl_B_cone10_none_0_0.0,B_cone10,none,sol_comp_T18_m75_phi0.250.pkl
sol_comp_T18_m75_phi0.250_B_cone10.pkl,18.0,75.0,0.25,compliant,1.2535229356946849,0.002,0.0005,0.001,1,rest,,0.0,0.0,0,0.001,held B,9.368499999995139,1,1.7876845612047492,1.7876845612047492,1.7202383457905273,4.9208388620507435,0.030805364303463197,1,1,6.8739999999965224,7.367999999996249,-0.024451923251219476,-0.024451923251219476,0.018736966648461455,0.06152886948829478,0.05472819833408549,0.05445192325121947,6.0,0.024476577261525433,none,,0,0,0,0,1,1,1,6.435999999996765,6.752999999996591,6.8704999999965235,6.8704999999965235,,,,sol_comp_T18_m75_phi0.250.pkl_B_cone10_none_0_0.001,B_cone10,none,sol_comp_T18_m75_phi0.250.pkl
sol_comp_T18_m75_phi0.250_B_cone10.pkl,18.0,75.0,0.25,compliant,1.2535229356946849,0.002,0.0005,0.001,1,rest,,0.01,0.1,2,0.0,hit B's face,7.4144999999962256,0,1.6986736578964348,1.6986736578964348,0.0,3.090141608986084,0.04574580314971035,1,0,6.872999999996525,,,,,0.012969908568697286,0.007267098356158904,0.0,5.2,0.0587652128746905,hit B's face,7.4144999999962256,0,0,0,0,0,0,0,6.421999999996773,6.7474999999965934,6.868999999996527,,,,,sol_comp_T18_m75_phi0.250.pkl_B_cone10_weak_2_0.0,B_cone10,weak,sol_comp_T18_m75_phi0.250.pkl
sol_comp_T18_m75_phi0.250_B_cone10.pkl,18.0,75.0,0.25,compliant,1.2535229356946849,0.002,0.0005,0.001,1,rest,,0.0,0.0,0,0.003,held B,9.385499999995135,1,1.9192891744516853,1.7876845612047492,1.9192891744516853,5.028220854291181,0.02472304747166785,1,1,6.875999999996521,7.384999999996241,-0.0246697196777399,-0.0246697196777399,0.0016229625097564158,0.08140235028677767,0.059140274324501974,0.06085618279348627,6.1,0.024476577261525433,none,,0,0,0,0,1,1,1,6.435999999996765,6.752999999996591,6.8704999999965235,6.8704999999965235,,,,sol_comp_T18_m75_phi0.250.pkl_B_cone10_none_0_0.003,B_cone10,none,sol_comp_T18_m75_phi0.250.pkl
sol_comp_T18_m75_phi0.250_B_cone10.pkl,18.0,75.0,0.25,compliant,1.2535229356946849,0.002,0.0005,0.001,1,rest,,0.01,0.1,0,0.0,held B,9.359499999995153,1,1.7876845612047492,1.7876845612047492,1.467752590404278,4.963080383777276,0.03481517095847142,1,1,6.872999999996525,7.358999999996259,-0.024698864310837454,-0.024698864310837454,0.024536956425409238,0.15601521784200356,0.05117384379166534,0.05762632727323579,6.1,0.024476577261525433,none,,0,0,0,0,1,1,1,6.435999999996765,6.752999999996591,6.8704999999965235,6.8704999999965235,,,,sol_comp_T18_m75_phi0.250.pkl_B_cone10_weak_0_0.0,B_cone10,weak,sol_comp_T18_m75_phi0.250.pkl
sol_comp_T18_m75_phi0.250_B_cone10.pkl,18.0,75.0,0.25,compliant,1.2535229356946849,0.002,0.0005,0.001,1,rest,,0.01,0.1,1,0.0,lost hook,8.826999999995445,0,1.8083922732403341,1.8083922732403341,1.5376525800340268,4.658914922196221,0.03426173675015701,1,1,6.872999999996525,7.356499999996258,-0.024914984339648782,-0.024914984339648782,0.023518294166289255,0.185417636454445,0.08003594002501124,0.05491498433964878,6.1,0.03828976844536394,lost hook,8.826999999995445,0,0,0,0,0,0,0,6.4299999999967685,6.75199999999659,6.8704999999965235,6.8704999999965235,,,,sol_comp_T18_m75_phi0.250.pkl_B_cone10_weak_1_0.0,B_cone10,weak,sol_comp_T18_m75_phi0.250.pkl
sol_comp_T18_m75_phi0.250_B_cone10.pkl,18.0,75.0,0.25,compliant,1.2535229356946849,0.002,0.0005,0.001,1,rest,,0.01,0.1,4,0.0,hit wall,6.2639999999968605,0,0.8617459032973047,0.8617459032973047,0.0,2.267116157009761,,0,0,,,,,,0.014246023202917346,0.02002562089647197,0.0,4.2,0.2041401305331162,hit wall,6.2639999999968605,0,0,0,0,0,0,0,,,,,,,,sol_comp_T18_m75_phi0.250.pkl_B_cone10_weak_4_0.0,B_cone10,weak,sol_comp_T18_m75_phi0.250.pkl
sol_comp_T18_m75_phi0.250_B_cone10.pkl,18.0,75.0,0.25,compliant,1.2535229356946849,0.002,0.0005,0.001,1,rest,,0.01,0.1,7,0.0,hit wall,5.752499999997143,0,0.8583229711699784,0.8583229711699784,0.0,2.126552487173801,,0,0,,,,,,0.0011222017192876743,0.02009581150392581,0.0,3.6,0.04467972233130661,hit wall,5.752499999997143,0,0,0,0,0,0,0,,,,,,,,sol_comp_T18_m75_phi0.250.pkl_B_cone10_weak_7_0.0,B_cone10,weak,sol_comp_T18_m75_phi0.250.pkl
sol_comp_T18_m75_phi0.250_B_cone10.pkl,18.0,75.0,0.25,compliant,1.2535229356946849,0.002,0.0005,0.001,1,rest,,0.01,0.1,5,0.0,hit wall,6.293499999996845,0,0.9139351596405221,0.9139351596405221,0.0,2.2821181718640635,,0,0,,,,,,0.016375182643683317,0.020087337972790897,0.0,3.9,0.23945675113038414,hit wall,6.293499999996845,0,0,0,0,0,0,0,,,,,,,,sol_comp_T18_m75_phi0.250.pkl_B_cone10_weak_5_0.0,B_cone10,weak,sol_comp_T18_m75_phi0.250.pkl
sol_comp_T18_m75_phi0.250_B_cone10.pkl,18.0,75.0,0.25,compliant,1.2535229356946849,0.002,0.0005,0.001,1,rest,,0.01,0.1,8,0.0,hit wall,6.3379999999968195,0,0.8819217064395366,0.8819217064395366,0.0,2.3362948318972663,,0,0,,,,,,0.011243239638589753,0.020023406736618617,0.0,4.1,0.15154126411886182,hit wall,6.3379999999968195,0,0,0,0,0,0,0,,,,,,,,sol_comp_T18_m75_phi0.250.pkl_B_cone10_weak_8_0.0,B_cone10,weak,sol_comp_T18_m75_phi0.250.pkl
sol_comp_T18_m75_phi0.250_B_cone10.pkl,18.0,75.0,0.25,compliant,1.2535229356946849,0.002,0.0005,0.001,1,rest,,0.03,0.2,1,0.0,hit wall,5.70749999999717,0,0.887961195597082,0.887961195597082,0.0,2.111559143768004,,0,0,,,,,,0.006491132902799013,0.02016895664520807,0.0,3.7,0.09977455495817122,hit wall,5.70749999999717,0,0,0,0,0,0,0,,,,,,,,sol_comp_T18_m75_phi0.250.pkl_B_cone10_strong_1_0.0,B_cone10,strong,sol_comp_T18_m75_phi0.250.pkl
sol_comp_T18_m75_phi0.250_B_cone10.pkl,18.0,75.0,0.25,compliant,1.2535229356946849,0.002,0.0005,0.001,1,rest,,0.03,0.2,0,0.0,hit wall,6.277499999996854,0,0.8565135244733255,0.8565135244733255,0.0,2.2827897291907413,,0,0,,,,,,0.012543519248775503,0.020016912270040634,0.0,4.2,0.17532993296757626,hit wall,6.277499999996854,0,0,0,0,0,0,0,,,,,,,,sol_comp_T18_m75_phi0.250.pkl_B_cone10_strong_0_0.0,B_cone10,strong,sol_comp_T18_m75_phi0.250.pkl
sol_comp_T18_m75_phi0.250_B_cone10.pkl,18.0,75.0,0.25,compliant,1.2535229356946849,0.002,0.0005,0.001,1,rest,,0.03,0.2,2,0.0,hit wall,6.199999999996896,0,0.878653558506628,0.878653558506628,0.0,2.221917464223725,,0,0,,,,,,0.019096896517049267,0.020132254059235685,0.0,3.9,0.30797013764635817,hit wall,6.199999999996896,0,0,0,0,0,0,0,,,,,,,,sol_comp_T18_m75_phi0.250.pkl_B_cone10_strong_2_0.0,B_cone10,strong,sol_comp_T18_m75_phi0.250.pkl
sol_comp_T18_m75_phi0.250_B_cone10.pkl,18.0,75.0,0.25,compliant,1.2535229356946849,0.002,0.0005,0.001,1,rest,,0.01,0.1,6,0.0,held B,9.359499999995153,1,1.7876845612047492,1.7876845612047492,1.467752590404278,4.963080383777276,0.03481517095847142,1,1,6.872999999996525,7.358999999996259,-0.024698864310837454,-0.024698864310837454,0.024536956425409238,0.15601521784200356,0.05117384379166534,0.05762632727323579,5.6,0.024476577261525433,none,,0,0,0,0,1,1,1,6.435999999996765,6.752999999996591,6.8704999999965235,6.8704999999965235,,,,sol_comp_T18_m75_phi0.250.pkl_B_cone10_weak_6_0.0,B_cone10,weak,sol_comp_T18_m75_phi0.250.pkl
sol_comp_T18_m75_phi0.250_B_cone10.pkl,18.0,75.0,0.25,compliant,1.2535229356946849,0.002,0.0005,0.001,1,rest,,0.01,0.1,9,0.0,missed B,7.591499999996129,0,1.496772312937115,1.496772312937115,0.0,3.0485241110783625,0.13090962993651545,1,0,6.872999999996525,,,,,0.016151691210592067,0.018957435805360533,0.0,5.2,0.14381894388531935,missed B,7.591499999996129,0,0,0,0,0,0,0,6.465999999996749,6.740999999996598,,,,,,sol_comp_T18_m75_phi0.250.pkl_B_cone10_weak_9_0.0,B_cone10,weak,sol_comp_T18_m75_phi0.250.pkl
sol_comp_T18_m75_phi0.250_B_cone10.pkl,18.0,75.0,0.25,compliant,1.2535229356946849,0.002,0.0005,0.001,1,rest,,0.03,0.2,4,0.0,hit wall,6.196999999996899,0,0.8964907861391345,0.8964907861391345,0.0,2.2123229804456224,,0,0,,,,,,0.02366167581570844,0.020109167714229763,0.0,3.9,0.4123864980672377,hit wall,6.196999999996899,0,0,0,0,0,0,0,,,,,,,,sol_comp_T18_m75_phi0.250.pkl_B_cone10_strong_4_0.0,B_cone10,strong,sol_comp_T18_m75_phi0.250.pkl
sol_comp_T18_m75_phi0.250_B_cone10.pkl,18.0,75.0,0.25,compliant,1.2535229356946849,0.002,0.0005,0.001,1,rest,,0.03,0.2,3,0.0,missed B,7.577499999996137,0,1.572961656834433,1.572961656834433,0.0,3.0650598620842238,0.11011007247038322,1,0,6.872999999996525,,,,,0.01590273220712582,0.014921054487950055,0.0,5.3,0.1607937292413322,missed B,7.577499999996137,0,0,0,0,0,0,0,6.387499999996793,6.739499999996598,6.867499999996527,,,,,sol_comp_T18_m75_phi0.250.pkl_B_cone10_strong_3_0.0,B_cone10,strong,sol_comp_T18_m75_phi0.250.pkl
sol_comp_T18_m75_phi0.250_B_cone10.pkl,18.0,75.0,0.25,compliant,1.2535229356946849,0.002,0.0005,0.001,1,rest,,0.03,0.2,5,0.0,hit wall,6.3199999999968295,0,0.9351786205750539,0.9351786205750539,0.0,2.306886511585631,,0,0,,,,,,0.015218024324113344,0.020010911448848413,0.0,3.9,0.2200398264526734,hit wall,6.3199999999968295,0,0,0,0,0,0,0,,,,,,,,sol_comp_T18_m75_phi0.250.pkl_B_cone10_strong_5_0.0,B_cone10,strong,sol_comp_T18_m75_phi0.250.pkl
sol_comp_T18_m75_phi0.250_B_cone10.pkl,18.0,75.0,0.25,compliant,1.2535229356946849,0.002,0.0005,0.001,1,rest,,0.03,0.2,6,0.0,hit wall,6.297999999996842,0,0.9124376621488042,0.9124376621488042,0.0,2.2874344179819466,,0,0,,,,,,0.015698842411636438,0.020104499151004887,0.0,4.0,0.2262376764534127,hit wall,6.297999999996842,0,0,0,0,0,0,0,,,,,,,,sol_comp_T18_m75_phi0.250.pkl_B_cone10_strong_6_0.0,B_cone10,strong,sol_comp_T18_m75_phi0.250.pkl
sol_comp_T18_m75_phi0.250_B_cone10.pkl,18.0,75.0,0.25,compliant,1.2535229356946849,0.002,0.0005,0.001,1,rest,,0.03,0.2,7,0.0,missed B,7.564499999996142,0,1.675908841818788,1.675908841818788,0.0,3.09139125663226,0.07386142626846696,1,0,6.872999999996525,,,,,0.014223985858294014,0.01635475173552997,0.0,5.2,0.18468125735111252,missed B,7.564499999996142,0,0,0,0,0,0,0,6.3939999999967885,6.742999999996597,6.868499999996525,,,,,sol_comp_T18_m75_phi0.250.pkl_B_cone10_strong_7_0.0,B_cone10,strong,sol_comp_T18_m75_phi0.250.pkl
sol_comp_T18_m75_phi0.250_B_cone10.pkl,18.0,75.0,0.25,compliant,1.2535229356946849,0.002,0.0005,0.001,1,rest,,0.03,0.2,8,0.0,missed B,7.590499999996128,0,1.5028161410911753,1.5028161410911753,0.0,3.0535468226016236,0.11430291618033335,1,0,6.872999999996525,,,,,0.015231481672815142,0.018382729523658797,0.0,5.2,0.12898195515962474,missed B,7.590499999996128,0,0,0,0,0,0,0,6.465999999996749,6.742999999996597,6.867499999996527,,,,,sol_comp_T18_m75_phi0.250.pkl_B_cone10_strong_8_0.0,B_cone10,strong,sol_comp_T18_m75_phi0.250.pkl
sol_comp_T18_m75_phi0.250_B_cone10.pkl,18.0,75.0,0.25,compliant,1.2535229356946849,0.002,0.0005,0.001,1,rest,,0.03,0.2,9,0.0,missed B,7.578999999996137,0,1.5664524595509477,1.5664524595509477,0.0,3.0653076469138765,0.1104801385747232,1,0,6.872999999996525,,,,,0.015907715594678018,0.01481857268926275,0.0,5.5,0.15975358556049635,missed B,7.578999999996137,0,0,0,0,0,0,0,6.388999999996793,6.739499999996598,6.867499999996527,,,,,sol_comp_T18_m75_phi0.250.pkl_B_cone10_strong_9_0.0,B_cone10,strong,sol_comp_T18_m75_phi0.250.pkl
sol_ref_T18_m60_phi0.250_A_base.pkl,18.0,60.0,0.25,impact,1.0284778976405493,0.002,0.0005,0.001,1,rest,,0.0,0.0,0,0.0,lost hook,7.9499999999955975,0,1.3720679719146602,1.0665552736147728,1.3720679719146602,3.0200667132507517,0.026653167942401666,1,1,5.736999999996822,6.211499999996562,-0.02495360712699579,-0.02495360712699579,0.009365300460605236,0.04825541672290884,0.0010025482015561284,0.00043111701033624744,5.1,0.028958898088678988,lost hook,7.9499999999955975,0,0,0,0,0,0,0,5.692999999996847,6.211499999996562,,,,,,sol_ref_T18_m60_phi0.250.pkl_A_base_none_0_0.0,A_base,none,sol_ref_T18_m60_phi0.250.pkl
sol_ref_T18_m60_phi0.250_A_base.pkl,18.0,60.0,0.25,impact,1.0284778976405493,0.002,0.0005,0.001,1,rest,,0.0,0.0,0,-0.003,held B,8.203999999995453,1,1.3199328777045234,1.0502912570152312,1.3199328777045234,3.0355631190872407,0.025461567862301835,1,1,5.733999999996822,6.203499999996563,-0.02416656409563611,-0.02416656409563611,0.008016771034407386,0.046813341317236634,0.0010025482015561284,0.0,5.0,0.028958898088678988,none,,0,0,1,1,1,1,1,5.692999999996847,6.248999999996538,,,,,,sol_ref_T18_m60_phi0.250.pkl_A_base_none_0_-0.003,A_base,none,sol_ref_T18_m60_phi0.250.pkl
sol_ref_T18_m60_phi0.250_A_base.pkl,18.0,60.0,0.25,impact,1.0284778976405493,0.002,0.0005,0.001,1,rest,,0.0,0.0,0,-0.001,held B,8.208999999995452,1,1.3404267319874879,1.0607911120825868,1.3404267319874879,3.062718509123624,0.026701880065033986,1,1,5.735999999996821,6.208499999996558,-0.024950411914399506,-0.024950411914399506,0.00951143229536175,0.04668582571434221,0.0010025482015561284,0.0008541955387364811,5.2,0.028958898088678988,none,,0,0,1,1,1,1,1,5.692999999996847,6.251999999996535,,,,,,sol_ref_T18_m60_phi0.250.pkl_A_base_none_0_-0.001,A_base,none,sol_ref_T18_m60_phi0.250.pkl
sol_ref_T18_m60_phi0.250_A_base.pkl,18.0,60.0,0.25,impact,1.0284778976405493,0.002,0.0005,0.001,1,rest,,0.0,0.0,0,0.001,lost hook,7.964999999995587,0,1.447312648608777,1.0729442371607243,1.447312648608777,3.0675500569070158,0.0260105921252717,1,1,5.73799999999682,6.214499999996555,-0.024538312317301525,-0.024538312317301525,0.008626826260323918,0.048078970463844684,0.0010025482015561284,0.00046168768269847643,5.0,0.028958898088678988,lost hook,7.964999999995587,0,0,0,0,0,0,0,5.692999999996847,6.214499999996555,,,,,,sol_ref_T18_m60_phi0.250.pkl_A_base_none_0_0.001,A_base,none,sol_ref_T18_m60_phi0.250.pkl
sol_ref_T18_m60_phi0.250_A_base.pkl,18.0,60.0,0.25,impact,1.0284778976405493,0.002,0.0005,0.001,1,rest,,0.0,0.0,0,0.003,lost hook,7.976999999995584,0,1.5418980593839435,1.1150160161873173,1.5418980593839435,3.0864281181368756,0.02514961098558338,1,1,5.739999999996819,6.220999999996554,-0.024297349679488267,-0.024297349679488267,0.006491666294476921,0.04414768734671776,0.0010025482015561284,0.0007026503205117343,5.5,0.028958898088678988,lost hook,7.976999999995584,0,0,0,0,0,0,0,5.692999999996847,6.220999999996554,7.372499999995917,,,,,sol_ref_T18_m60_phi0.250.pkl_A_base_none_0_0.003,A_base,none,sol_ref_T18_m60_phi0.250.pkl
sol_ref_T18_m60_phi0.250_A_base.pkl,18.0,60.0,0.25,impact,1.0284778976405493,0.002,0.0005,0.001,1,rest,,0.01,0.1,2,0.0,slipped off A,4.83449999999732,0,0.7526414032332472,0.7526414032332472,0.0,1.1668511687529022,,0,0,,,,,,0.0010515637234270736,0.004849828218156098,0.0,3.1,0.06685028990413518,slipped off A,4.83449999999732,0,0,0,0,0,0,0,,,,,,,,sol_ref_T18_m60_phi0.250.pkl_A_base_weak_2_0.0,A_base,weak,sol_ref_T18_m60_phi0.250.pkl
sol_ref_T18_m60_phi0.250_A_base.pkl,18.0,60.0,0.25,impact,1.0284778976405493,0.002,0.0005,0.001,1,rest,,0.01,0.1,0,0.0,lost hook,7.9499999999955975,0,1.3720679719146602,1.0665552736147728,1.3720679719146602,3.0200667132507517,0.026653167942401666,1,1,5.736999999996822,6.211499999996562,-0.02495360712699579,-0.02495360712699579,0.009365300460605236,0.04825541672290884,0.0010025482015561284,0.00043111701033624744,5.2,0.028958898088678988,lost hook,7.9499999999955975,0,0,0,0,0,0,0,5.692999999996847,6.211499999996562,,,,,,sol_ref_T18_m60_phi0.250.pkl_A_base_weak_0_0.0,A_base,weak,sol_ref_T18_m60_phi0.250.pkl
sol_ref_T18_m60_phi0.250_A_base.pkl,18.0,60.0,0.25,impact,1.0284778976405493,0.002,0.0005,0.001,1,rest,,0.01,0.1,3,0.0,slipped off A,4.819999999997329,0,0.7528457283582014,0.7528457283582014,0.0,1.1678586139568081,,0,0,,,,,,0.0008910220005540204,0.006788854942920298,0.0,3.1,0.096044145799813,slipped off A,4.819999999997329,0,0,0,0,0,0,0,,,,,,,,sol_ref_T18_m60_phi0.250.pkl_A_base_weak_3_0.0,A_base,weak,sol_ref_T18_m60_phi0.250.pkl
sol_ref_T18_m60_phi0.250_A_base.pkl,18.0,60.0,0.25,impact,1.0284778976405493,0.002,0.0005,0.001,1,rest,,0.01,0.1,5,0.0,hit wall,4.619499999997441,0,0.7567303525130379,0.7567303525130379,0.0,1.1484944162673314,,0,0,,,,,,0.0017668446171123786,0.020087491160762916,0.0,2.9,0.23553669975797153,hit wall,4.619499999997441,0,0,0,0,0,0,0,,,,,,,,sol_ref_T18_m60_phi0.250.pkl_A_base_weak_5_0.0,A_base,weak,sol_ref_T18_m60_phi0.250.pkl
sol_ref_T18_m60_phi0.250_A_base.pkl,18.0,60.0,0.25,impact,1.0284778976405493,0.002,0.0005,0.001,1,rest,,0.01,0.1,1,0.0,held B,8.212999999995453,1,1.3964148854254095,1.0555891879548287,1.3964148854254095,3.0555313878216515,0.026234110864730948,1,1,5.736999999996822,6.2124999999965596,-0.024683893564870107,-0.024683893564870107,0.008884479238602477,0.04675505390648227,0.004634903945197222,0.0,5.2,0.03525130019864342,none,,0,0,1,1,1,1,1,5.696999999996844,6.2124999999965596,,,,,,sol_ref_T18_m60_phi0.250.pkl_A_base_weak_1_0.0,A_base,weak,sol_ref_T18_m60_phi0.250.pkl
sol_ref_T18_m60_phi0.250_A_base.pkl,18.0,60.0,0.25,impact,1.0284778976405493,0.002,0.0005,0.001,1,rest,,0.01,0.1,4,0.0,hit wall,4.5149999999974995,0,0.7541958786302507,0.7541958786302507,0.0,1.1248672629376428,,0,0,,,,,,0.0015822552531157552,0.020044341349748418,0.0,3.0,0.1397163396351111,hit wall,4.5149999999974995,0,0,0,0,0,0,0,,,,,,,,sol_ref_T18_m60_phi0.250.pkl_A_base_weak_4_0.0,A_base,weak,sol_ref_T18_m60_phi0.250.pkl
sol_ref_T18_m60_phi0.250_A_base.pkl,18.0,60.0,0.25,impact,1.0284778976405493,0.002,0.0005,0.001,1,rest,,0.03,0.2,4,0.0,hit wall,0.33549999999981495,0,0.6424902010332834,0.6424902010332834,0.0,0.0752585184412478,,0,0,,,,,,0.0,0.020013509342614744,0.0,0.2,0.18596739040156535,hit wall,0.33549999999981495,0,0,0,0,0,0,0,,,,,,,,sol_ref_T18_m60_phi0.250.pkl_A_base_strong_4_0.0,A_base,strong,sol_ref_T18_m60_phi0.250.pkl
sol_ref_T18_m60_phi0.250_A_base.pkl,18.0,60.0,0.25,impact,1.0284778976405493,0.002,0.0005,0.001,1,rest,,0.01,0.1,8,0.0,hit wall,4.569999999997467,0,0.7521585745549147,0.7521585745549147,0.0,1.1297830514922296,,0,0,,,,,,0.001287306297426405,0.020063855856102653,0.0,2.6,0.12426642305367652,hit wall,4.569999999997467,0,0,0,0,0,0,0,,,,,,,,sol_ref_T18_m60_phi0.250.pkl_A_base_weak_8_0.0,A_base,weak,sol_ref_T18_m60_phi0.250.pkl
sol_ref_T18_m60_phi0.250_A_base.pkl,18.0,60.0,0.25,impact,1.0284778976405493,0.002,0.0005,0.001,1,rest,,0.03,0.2,2,0.0,hit wall,2.4044999999986665,0,0.6334506298674759,0.6334506298674759,0.0,0.5101270289482699,,0,0,,,,,,0.002414181047437236,0.020022679768131636,0.0,1.5,0.193471127623823,hit wall,2.4044999999986665,0,0,0,0,0,0,0,,,,,,,,sol_ref_T18_m60_phi0.250.pkl_A_base_strong_2_0.0,A_base,strong,sol_ref_T18_m60_phi0.250.pkl
sol_ref_T18_m60_phi0.250_A_base.pkl,18.0,60.0,0.25,impact,1.0284778976405493,0.002,0.0005,0.001,1,rest,,0.01,0.1,7,0.0,hit B's face,6.247999999996541,0,1.031574214180309,1.031574214180309,0.0,1.7623817713592618,0.03566443431417375,1,0,5.736999999996822,,,,,0.001509420283178603,0.0046204102543637975,0.0,4.2,0.05227320913684941,hit B's face,6.247999999996541,0,0,0,0,0,0,0,5.7309999999968255,,,,,,,sol_ref_T18_m60_phi0.250.pkl_A_base_weak_7_0.0,A_base,weak,sol_ref_T18_m60_phi0.250.pkl
sol_ref_T18_m60_phi0.250_A_base.pkl,18.0,60.0,0.25,impact,1.0284778976405493,0.002,0.0005,0.001,1,rest,,0.01,0.1,9,0.0,hit wall,4.566499999997468,0,0.7516610200663879,0.7516610200663879,0.0,1.1275479157655748,,0,0,,,,,,0.001159072694228186,0.020032285234658664,0.0,3.1,0.10985892555890386,hit wall,4.566499999997468,0,0,0,0,0,0,0,,,,,,,,sol_ref_T18_m60_phi0.250.pkl_A_base_weak_9_0.0,A_base,weak,sol_ref_T18_m60_phi0.250.pkl
sol_ref_T18_m60_phi0.250_A_base.pkl,18.0,60.0,0.25,impact,1.0284778976405493,0.002,0.0005,0.001,1,rest,,0.03,0.2,0,0.0,hit wall,4.516999999997498,0,0.7527800012251888,0.7527800012251888,0.0,1.1224871914668586,,0,0,,,,,,0.0014157340354574721,0.020315966864266788,0.0,2.9,0.12402970659999013,hit wall,4.516999999997498,0,0,0,0,0,0,0,,,,,,,,sol_ref_T18_m60_phi0.250.pkl_A_base_strong_0_0.0,A_base,strong,sol_ref_T18_m60_phi0.250.pkl
sol_ref_T18_m60_phi0.250_A_base.pkl,18.0,60.0,0.25,impact,1.0284778976405493,0.002,0.0005,0.001,1,rest,,0.01,0.1,6,0.0,lost hook,7.9499999999955975,0,1.3720679719146602,1.0665552736147728,1.3720679719146602,3.0200667132507517,0.026653167942401666,1,1,5.736999999996822,6.211499999996562,-0.02495360712699579,-0.02495360712699579,0.009365300460605236,0.04825541672290884,0.0010025482015561284,0.00043111701033624744,5.1,0.028958898088678988,lost hook,7.9499999999955975,0,0,0,0,0,0,0,5.692999999996847,6.211499999996562,,,,,,sol_ref_T18_m60_phi0.250.pkl_A_base_weak_6_0.0,A_base,weak,sol_ref_T18_m60_phi0.250.pkl
sol_ref_T18_m60_phi0.250_A_base.pkl,18.0,60.0,0.25,impact,1.0284778976405493,0.002,0.0005,0.001,1,rest,,0.03,0.2,5,0.0,slipped off A,4.778999999997353,0,0.7559826268679575,0.7559826268679575,0.0,1.184887277595507,,0,0,,,,,,0.0019194787468403973,0.01865770265454525,0.0,3.0,0.2531071826724116,slipped off A,4.778999999997353,0,0,0,0,0,0,0,,,,,,,,sol_ref_T18_m60_phi0.250.pkl_A_base_strong_5_0.0,A_base,strong,sol_ref_T18_m60_phi0.250.pkl
sol_ref_T18_m60_phi0.250_A_base.pkl,18.0,60.0,0.25,impact,1.0284778976405493,0.002,0.0005,0.001,1,rest,,0.03,0.2,7,0.0,slipped off A,4.8219999999973275,0,0.7553362870070165,0.7553362870070165,0.0,1.1871122733475317,,0,0,,,,,,0.0017292067862329508,0.01587812012603204,0.0,2.7,0.17155135932594404,slipped off A,4.8219999999973275,0,0,0,0,0,0,0,,,,,,,,sol_ref_T18_m60_phi0.250.pkl_A_base_strong_7_0.0,A_base,strong,sol_ref_T18_m60_phi0.250.pkl
sol_ref_T18_m60_phi0.250_A_base.pkl,18.0,60.0,0.25,impact,1.0284778976405493,0.002,0.0005,0.001,1,rest,,0.03,0.2,6,0.0,hit wall,4.613499999997444,0,0.7560055446521529,0.7560055446521529,0.0,1.1456396482119795,,0,0,,,,,,0.0017564586872647892,0.020048525517404936,0.0,2.9,0.2159974303496418,hit wall,4.613499999997444,0,0,0,0,0,0,0,,,,,,,,sol_ref_T18_m60_phi0.250.pkl_A_base_strong_6_0.0,A_base,strong,sol_ref_T18_m60_phi0.250.pkl
sol_ref_T18_m60_phi0.250_A_base.pkl,18.0,60.0,0.25,impact,1.0284778976405493,0.002,0.0005,0.001,1,rest,,0.03,0.2,3,0.0,slipped off A,4.804499999997336,0,0.7540570578024687,0.7540570578024687,0.0,1.1823131133957518,,0,0,,,,,,0.0016311506744396687,0.014716869032103078,0.0,3.2,0.18844869580453757,slipped off A,4.804499999997336,0,0,0,0,0,0,0,,,,,,,,sol_ref_T18_m60_phi0.250.pkl_A_base_strong_3_0.0,A_base,strong,sol_ref_T18_m60_phi0.250.pkl
sol_ref_T18_m60_phi0.250_A_base.pkl,18.0,60.0,0.25,impact,1.0284778976405493,0.002,0.0005,0.001,1,rest,,0.03,0.2,1,0.0,hit B's face,6.243999999996543,0,1.0206938641368817,1.0206938641368817,0.0,1.7739367841100366,0.025504854501020944,1,0,5.736999999996822,,,,,0.0020549850675581627,0.01223304769074552,0.0,4.2,0.09998204727748985,hit B's face,6.243999999996543,0,0,0,0,0,0,0,5.733499999996823,,,,,,,sol_ref_T18_m60_phi0.250.pkl_A_base_strong_1_0.0,A_base,strong,sol_ref_T18_m60_phi0.250.pkl
sol_ref_T18_m60_phi0.250_A_base.pkl,18.0,60.0,0.25,impact,1.0284778976405493,0.002,0.0005,0.001,1,rest,,0.03,0.2,8,0.0,hit wall,4.536499999997485,0,0.7512570242187354,0.7512570242187354,0.0,1.1210654769605792,,0,0,,,,,,0.0011584969011861346,0.02005999307530032,0.0,2.9,0.09025615025404543,hit wall,4.536499999997485,0,0,0,0,0,0,0,,,,,,,,sol_ref_T18_m60_phi0.250.pkl_A_base_strong_8_0.0,A_base,strong,sol_ref_T18_m60_phi0.250.pkl
sol_ref_T18_m60_phi0.250_A_base.pkl,18.0,60.0,0.25,impact,1.0284778976405493,0.002,0.0005,0.001,1,rest,,0.03,0.2,9,0.0,slipped off A,4.800999999997341,0,0.7537291461963677,0.7537291461963677,0.0,1.1788365464037158,,0,0,,,,,,0.0015172013335340295,0.01363278605834791,0.0,3.1,0.17987885461289815,slipped off A,4.800999999997341,0,0,0,0,0,0,0,,,,,,,,sol_ref_T18_m60_phi0.250.pkl_A_base_strong_9_0.0,A_base,strong,sol_ref_T18_m60_phi0.250.pkl
sol_ref_T18_m60_phi0.250_B_wall2mm.pkl,18.0,60.0,0.25,impact,1.038746133875234,0.002,0.0005,0.001,1,rest,,0.0,0.0,0,0.0,lost hook,8.019499999995556,0,1.3921241195603105,1.0804146840861597,1.3921241195603105,3.102976231828463,0.025890348659732526,1,1,5.775999999996799,6.248499999996536,-0.02448723743831671,-0.02448723743831671,0.008407458377061063,0.03520334129510411,0.0,0.0013365153795923818,5.1,0.0267894115219764,lost hook,8.019499999995556,0,0,0,0,0,0,0,5.728999999996827,6.248499999996536,,,,,,sol_ref_T18_m60_phi0.250.pkl_B_wall2mm_none_0_0.0,B_wall2mm,none,sol_ref_T18_m60_phi0.250.pkl
sol_ref_T18_m60_phi0.250_B_wall2mm.pkl,18.0,60.0,0.25,impact,1.038746133875234,0.002,0.0005,0.001,1,rest,,0.0,0.0,0,-0.003,held B,8.241999999995436,1,1.3661371674874616,1.060398602091868,1.3661371674874616,3.1000427167747637,0.026063900076798374,1,1,5.772999999996802,6.241499999996545,-0.024939897906895325,-0.024939897906895325,0.00757155067386916,0.035927691037430654,0.0,0.0,5.3,0.0267894115219764,none,,0,0,1,1,1,1,1,5.728999999996827,6.283999999996521,,,,,,sol_ref_T18_m60_phi0.250.pkl_B_wall2mm_none_0_-0.003,B_wall2mm,none,sol_ref_T18_m60_phi0.250.pkl
sol_ref_T18_m60_phi0.250_B_wall2mm.pkl,18.0,60.0,0.25,impact,1.038746133875234,0.002,0.0005,0.001,1,rest,,0.0,0.0,0,-0.001,held B,8.246499999995432,1,1.3681116344183555,1.0741258996709309,1.3681116344183555,3.1423070141189555,0.02618112524141301,1,1,5.774999999996801,6.245999999996542,-0.024798478254078216,-0.024798478254078216,0.008395641439971301,0.0356179701374259,0.0,0.0005455826017230214,5.2,0.0267894115219764,none,,0,0,1,1,1,1,1,5.728999999996827,6.28749999999652,,,,,,sol_ref_T18_m60_phi0.250.pkl_B_wall2mm_none_0_-0.001,B_wall2mm,none,sol_ref_T18_m60_phi0.250.pkl
sol_ref_T18_m60_phi0.250_B_wall2mm.pkl,18.0,60.0,0.25,impact,1.038746133875234,0.002,0.0005,0.001,1,rest,,0.0,0.0,0,0.003,lost hook,7.770999999995702,0,1.6187890869963215,1.1420414014457225,1.6187890869963215,2.964249205603527,0.024776624182805705,1,1,5.778999999996799,6.2569999999965376,-0.023903560696582726,-0.023903560696582726,0.0065192708120446995,0.03246407385233335,0.0,0.001096439303417275,4.5,0.0267894115219764,lost hook,7.770999999995702,0,0,0,0,0,0,0,5.728999999996827,6.2569999999965376,7.402499999995904,,,,,sol_ref_T18_m60_phi0.250.pkl_B_wall2mm_none_0_0.003,B_wall2mm,none,sol_ref_T18_m60_phi0.250.pkl
sol_ref_T18_m60_phi0.250_B_wall2mm.pkl,18.0,60.0,0.25,impact,1.038746133875234,0.002,0.0005,0.001,1,rest,,0.01,0.1,4,0.0,hit wall,4.570999999997468,0,0.7598953478548945,0.7598953478548945,0.0,1.1460560426832727,,0,0,,,,,,0.0017291009147296643,0.020256397183678,0.0,3.1,0.1734824766481151,hit wall,4.570999999997468,0,0,0,0,0,0,0,,,,,,,,sol_ref_T18_m60_phi0.250.pkl_B_wall2mm_weak_4_0.0,B_wall2mm,weak,sol_ref_T18_m60_phi0.250.pkl
sol_ref_T18_m60_phi0.250_B_wall2mm.pkl,18.0,60.0,0.25,impact,1.038746133875234,0.002,0.0005,0.001,1,rest,,0.0,0.0,0,0.001,held B,8.251499999995435,1,1.5119207424487207,1.1058091609732452,1.5119207424487207,3.1820274454395236,0.026129183408315274,1,1,5.7769999999968,6.250999999996541,-0.024701152097740486,-0.024701152097740486,0.008519818696995194,0.032831970377152075,0.0,0.0004136442799901885,5.3,0.0267894115219764,none,,0,0,0,1,1,1,1,5.728999999996827,6.250999999996541,7.403999999995904,,,,,sol_ref_T18_m60_phi0.250.pkl_B_wall2mm_none_0_0.001,B_wall2mm,none,sol_ref_T18_m60_phi0.250.pkl
sol_ref_T18_m60_phi0.250_B_wall2mm.pkl,18.0,60.0,0.25,impact,1.038746133875234,0.002,0.0005,0.001,1,rest,,0.01,0.1,0,0.0,lost hook,8.019499999995556,0,1.3921241195603105,1.0804146840861597,1.3921241195603105,3.102976231828463,0.025890348659732526,1,1,5.775999999996799,6.248499999996536,-0.02448723743831671,-0.02448723743831671,0.008407458377061063,0.03520334129510411,0.0,0.0013365153795923818,5.1,0.0267894115219764,lost hook,8.019499999995556,0,0,0,0,0,0,0,5.728999999996827,6.248499999996536,,,,,,sol_ref_T18_m60_phi0.250.pkl_B_wall2mm_weak_0_0.0,B_wall2mm,weak,sol_ref_T18_m60_phi0.250.pkl
sol_ref_T18_m60_phi0.250_B_wall2mm.pkl,18.0,60.0,0.25,impact,1.038746133875234,0.002,0.0005,0.001,1,rest,,0.01,0.1,1,0.0,held B,8.248499999995428,1,1.4029962963435612,1.0725611291053492,1.4029962963435612,3.1153212765833094,0.026965456286333404,1,1,5.775999999996799,6.247999999996537,-0.024321081793023502,-0.024321081793023502,0.011645634939633751,0.03706792156312371,0.0025405014409944325,0.0016197291396722532,5.2,0.03418972538157275,none,,0,0,1,1,1,1,1,5.731999999996823,6.247999999996537,,,,,,sol_ref_T18_m60_phi0.250.pkl_B_wall2mm_weak_1_0.0,B_wall2mm,weak,sol_ref_T18_m60_phi0.250.pkl
sol_ref_T18_m60_phi0.250_B_wall2mm.pkl,18.0,60.0,0.25,impact,1.038746133875234,0.002,0.0005,0.001,1,rest,,0.01,0.1,3,0.0,lost hook,7.065999999996087,0,2.4894155182513398,1.116629799966654,2.4894155182513398,2.825541503482342,0.05137985846711585,1,1,5.775999999996799,6.202999999996564,-0.024537285524554253,-0.024537285524554253,0.045142125284343415,0.4839777210326275,0.01138124597024753,0.2753655808526457,4.7,0.10164984028362647,grip capacity exceeded,6.363499999996478,0,0,0,0,0,0,0,5.728499999996824,6.3259999999964975,6.328999999996498,6.336499999996491,6.363499999996478,6.37599999999647,,sol_ref_T18_m60_phi0.250.pkl_B_wall2mm_weak_3_0.0,B_wall2mm,weak,sol_ref_T18_m60_phi0.250.pkl
sol_ref_T18_m60_phi0.250_B_wall2mm.pkl,18.0,60.0,0.25,impact,1.038746133875234,0.002,0.0005,0.001,1,rest,,0.01,0.1,2,0.0,held B,8.214499999995446,1,1.8077351148570373,1.1105126766797706,1.8077351148570373,3.2857479225357364,0.048329983120541424,1,1,5.775999999996799,6.213999999996556,-0.02459955057898444,-0.02459955057898444,0.041601074261896236,0.3909578409412676,0.006724379639006267,0.07643294254459926,5.4,0.07103648447414074,none,,0,0,0,0,1,1,1,5.727999999996825,6.309999999996503,6.368999999996472,6.393999999996456,,,,sol_ref_T18_m60_phi0.250.pkl_B_wall2mm_weak_2_0.0,B_wall2mm,weak,sol_ref_T18_m60_phi0.250.pkl
sol_ref_T18_m60_phi0.250_B_wall2mm.pkl,18.0,60.0,0.25,impact,1.038746133875234,0.002,0.0005,0.001,1,rest,,0.03,0.2,4,0.0,hit wall,0.37849999999978934,0,0.6570299806742713,0.6570299806742713,0.0,0.08336651249031905,,0,0,,,,,,0.0,0.020019554706710005,0.0,0.2,0.20065981414890766,hit wall,0.37849999999978934,0,0,0,0,0,0,0,,,,,,,,sol_ref_T18_m60_phi0.250.pkl_B_wall2mm_strong_4_0.0,B_wall2mm,strong,sol_ref_T18_m60_phi0.250.pkl
sol_ref_T18_m60_phi0.250_B_wall2mm.pkl,18.0,60.0,0.25,impact,1.038746133875234,0.002,0.0005,0.001,1,rest,,0.01,0.1,5,0.0,hit wall,4.635999999997431,0,0.7533469548035202,0.7533469548035202,0.0,1.165036449528399,,0,0,,,,,,0.0020460626919459324,0.02008658382957279,0.0,2.9,0.24399926324961196,hit wall,4.635999999997431,0,0,0,0,0,0,0,,,,,,,,sol_ref_T18_m60_phi0.250.pkl_B_wall2mm_weak_5_0.0,B_wall2mm,weak,sol_ref_T18_m60_phi0.250.pkl
sol_ref_T18_m60_phi0.250_B_wall2mm.pkl,18.0,60.0,0.25,impact,1.038746133875234,0.002,0.0005,0.001,1,rest,,0.03,0.2,2,0.0,hit wall,2.454999999998641,0,0.6482438282683102,0.6482438282683102,0.0,0.523891506130116,,0,0,,,,,,0.002610856353706753,0.020009492539074986,0.0,1.5,0.1948671654604066,hit wall,2.454999999998641,0,0,0,0,0,0,0,,,,,,,,sol_ref_T18_m60_phi0.250.pkl_B_wall2mm_strong_2_0.0,B_wall2mm,strong,sol_ref_T18_m60_phi0.250.pkl
sol_ref_T18_m60_phi0.250_B_wall2mm.pkl,18.0,60.0,0.25,impact,1.038746133875234,0.002,0.0005,0.001,1,rest,,0.01,0.1,8,0.0,hit wall,4.624499999997436,0,0.7538010939819298,0.7538010939819298,0.0,1.150038652682516,,0,0,,,,,,0.0014445149776848853,0.020076234207840826,0.0,2.6,0.1604343798498974,hit wall,4.624499999997436,0,0,0,0,0,0,0,,,,,,,,sol_ref_T18_m60_phi0.250.pkl_B_wall2mm_weak_8_0.0,B_wall2mm,weak,sol_ref_T18_m60_phi0.250.pkl
sol_ref_T18_m60_phi0.250_B_wall2mm.pkl,18.0,60.0,0.25,impact,1.038746133875234,0.002,0.0005,0.001,1,rest,,0.01,0.1,9,0.0,hit wall,4.626999999997437,0,0.753526389797253,0.753526389797253,0.0,1.1482732627259007,,0,0,,,,,,0.0013198432392974024,0.020188324242559563,0.0,2.9,0.14356330399260397,hit wall,4.626999999997437,0,0,0,0,0,0,0,,,,,,,,sol_ref_T18_m60_phi0.250.pkl_B_wall2mm_weak_9_0.0,B_wall2mm,weak,sol_ref_T18_m60_phi0.250.pkl
sol_ref_T18_m60_phi0.250_B_wall2mm.pkl,18.0,60.0,0.25,impact,1.038746133875234,0.002,0.0005,0.001,1,rest,,0.03,0.2,0,0.0,hit wall,4.575999999997464,0,0.7585417662579911,0.7585417662579911,0.0,1.1439267999222666,,0,0,,,,,,0.0015614595238899465,0.020050249971375778,0.0,3.1,0.1568559148012546,hit wall,4.575999999997464,0,0,0,0,0,0,0,,,,,,,,sol_ref_T18_m60_phi0.250.pkl_B_wall2mm_strong_0_0.0,B_wall2mm,strong,sol_ref_T18_m60_phi0.250.pkl
sol_ref_T18_m60_phi0.250_B_wall2mm.pkl,18.0,60.0,0.25,impact,1.038746133875234,0.002,0.0005,0.001,1,rest,,0.01,0.1,7,0.0,hit B's face,6.284499999996516,0,1.0483809608385959,1.0483809608385959,0.0,1.7912510532732075,0.03389295889147068,1,0,5.775999999996799,,,,,0.0006341369091084625,0.002668261856054661,0.0,4.2,0.049730355687469974,hit B's face,6.284499999996516,0,0,0,0,0,0,0,5.734499999996821,,,,,,,sol_ref_T18_m60_phi0.250.pkl_B_wall2mm_weak_7_0.0,B_wall2mm,weak,sol_ref_T18_m60_phi0.250.pkl
sol_ref_T18_m60_phi0.250_B_wall2mm.pkl,18.0,60.0,0.25,impact,1.038746133875234,0.002,0.0005,0.001,1,rest,,0.03,0.2,3,0.0,slipped off A,4.845499999997315,0,0.7434751002842132,0.7434751002842132,0.0,1.2129859405808132,,0,0,,,,,,0.001906633237874572,0.012583204212804462,0.0,3.2,0.2011929242335333,slipped off A,4.845499999997315,0,0,0,0,0,0,0,,,,,,,,sol_ref_T18_m60_phi0.250.pkl_B_wall2mm_strong_3_0.0,B_wall2mm,strong,sol_ref_T18_m60_phi0.250.pkl
sol_ref_T18_m60_phi0.250_B_wall2mm.pkl,18.0,60.0,0.25,impact,1.038746133875234,0.002,0.0005,0.001,1,rest,,0.03,0.2,5,0.0,hit wall,4.671999999997411,0,0.7504951637173881,0.7504951637173881,0.0,1.1707715455038965,,0,0,,,,,,0.0020141400993399505,0.02012966359522933,0.0,3.0,0.2493371029805938,hit wall,4.671999999997411,0,0,0,0,0,0,0,,,,,,,,sol_ref_T18_m60_phi0.250.pkl_B_wall2mm_strong_5_0.0,B_wall2mm,strong,sol_ref_T18_m60_phi0.250.pkl
sol_ref_T18_m60_phi0.250_B_wall2mm.pkl,18.0,60.0,0.25,impact,1.038746133875234,0.002,0.0005,0.001,1,rest,,0.01,0.1,6,0.0,lost hook,8.019499999995556,0,1.3921241195603105,1.0804146840861597,1.3921241195603105,3.102976231828463,0.025890348659732526,1,1,5.775999999996799,6.248499999996536,-0.02448723743831671,-0.02448723743831671,0.008407458377061063,0.03520334129510411,0.0,0.0013365153795923818,5.2,0.0267894115219764,lost hook,8.019499999995556,0,0,0,0,0,0,0,5.728999999996827,6.248499999996536,,,,,,sol_ref_T18_m60_phi0.250.pkl_B_wall2mm_weak_6_0.0,B_wall2mm,weak,sol_ref_T18_m60_phi0.250.pkl
sol_ref_T18_m60_phi0.250_B_wall2mm.pkl,18.0,60.0,0.25,impact,1.038746133875234,0.002,0.0005,0.001,1,rest,,0.03,0.2,8,0.0,hit wall,4.607499999997447,0,0.7546938443751942,0.7546938443751942,0.0,1.1431226628630715,,0,0,,,,,,0.0013133652349728298,0.02022613653200034,0.0,2.6,0.11704720407387381,hit wall,4.607499999997447,0,0,0,0,0,0,0,,,,,,,,sol_ref_T18_m60_phi0.250.pkl_B_wall2mm_strong_8_0.0,B_wall2mm,strong,sol_ref_T18_m60_phi0.250.pkl
sol_ref_T18_m60_phi0.250_B_wall2mm.pkl,18.0,60.0,0.25,impact,1.038746133875234,0.002,0.0005,0.001,1,rest,,0.03,0.2,6,0.0,hit wall,4.634499999997431,0,0.7534016374724999,0.7534016374724999,0.0,1.16280571044675,,0,0,,,,,,0.0019310192770879142,0.020049039137626845,0.0,2.9,0.23069059916136492,hit wall,4.634499999997431,0,0,0,0,0,0,0,,,,,,,,sol_ref_T18_m60_phi0.250.pkl_B_wall2mm_strong_6_0.0,B_wall2mm,strong,sol_ref_T18_m60_phi0.250.pkl
sol_ref_T18_m60_phi0.250_B_wall2mm.pkl,18.0,60.0,0.25,impact,1.038746133875234,0.002,0.0005,0.001,1,rest,,0.03,0.2,7,0.0,slipped off A,4.8564999999973075,0,0.7444857200505934,0.7444857200505934,0.0,1.2154412675869561,,0,0,,,,,,0.002014609825086666,0.013505043861838258,0.0,3.1,0.1852486733542858,slipped off A,4.8564999999973075,0,0,0,0,0,0,0,,,,,,,,sol_ref_T18_m60_phi0.250.pkl_B_wall2mm_strong_7_0.0,B_wall2mm,strong,sol_ref_T18_m60_phi0.250.pkl
sol_ref_T18_m60_phi0.250_B_wall2mm.pkl,18.0,60.0,0.25,impact,1.038746133875234,0.002,0.0005,0.001,1,rest,,0.03,0.2,1,0.0,held B,8.255499999995429,1,1.5151224961294134,1.0435196693733098,1.5151224961294134,3.168492274033984,0.024453346539398988,1,1,5.775999999996799,6.254999999996535,-0.024307652789081313,-0.024307652789081313,0.002665365427367126,0.05918741782588892,0.010067828263288881,0.0,5.4,0.09978244717322862,none,,0,0,0,1,1,1,1,5.7689999999968045,6.289499999996519,6.313499999996505,,,,,sol_ref_T18_m60_phi0.250.pkl_B_wall2mm_strong_1_0.0,B_wall2mm,strong,sol_ref_T18_m60_phi0.250.pkl
sol_ref_T18_m60_phi0.250_B_wall2mm.pkl,18.0,60.0,0.25,impact,1.038746133875234,0.002,0.0005,0.001,1,rest,,0.03,0.2,9,0.0,slipped off A,4.845499999997315,0,0.7433283416689422,0.7433283416689422,0.0,1.2108993143725857,,0,0,,,,,,0.0017735319658247761,0.01128746197254504,0.0,3.0,0.19175935335680522,slipped off A,4.845499999997315,0,0,0,0,0,0,0,,,,,,,,sol_ref_T18_m60_phi0.250.pkl_B_wall2mm_strong_9_0.0,B_wall2mm,strong,sol_ref_T18_m60_phi0.250.pkl
sol_ref_T18_m60_phi0.250_B_wall5mm.pkl,18.0,60.0,0.25,impact,1.0561348907857409,0.002,0.0005,0.001,1,rest,,0.0,0.0,0,-0.003,lost hook,6.4919999999964055,0,2.131375285289479,1.077121594616238,2.131375285289479,2.3166734596796945,0.025151335913928027,1,1,5.756999999996811,6.224499999996553,-0.024604486348157373,-0.024604486348157373,0.0052162198763647995,0.0077907747164613905,0.0,0.0043899841308128115,4.2,0.029213076552597913,grip capacity exceeded,6.368499999996473,0,0,0,0,0,0,0,5.715999999996832,6.331499999996495,6.34299999999649,6.354999999996483,6.368499999996473,,,sol_ref_T18_m60_phi0.250.pkl_B_wall5mm_none_0_-0.003,B_wall5mm,none,sol_ref_T18_m60_phi0.250.pkl
sol_ref_T18_m60_phi0.250_B_wall5mm.pkl,18.0,60.0,0.25,impact,1.0561348907857409,0.002,0.0005,0.001,1,rest,,0.01,0.1,2,0.0,slipped off A,4.83599999999732,0,0.7587527508695943,0.7587527508695943,0.0,1.191092737817675,,0,0,,,,,,0.0009166251589552421,0.0,0.0,3.1,0.06961875439859988,slipped off A,4.83599999999732,0,0,0,0,0,0,0,,,,,,,,sol_ref_T18_m60_phi0.250.pkl_B_wall5mm_weak_2_0.0,B_wall5mm,weak,sol_ref_T18_m60_phi0.250.pkl
sol_ref_T18_m60_phi0.250_B_wall5mm.pkl,18.0,60.0,0.25,impact,1.0561348907857409,0.002,0.0005,0.001,1,rest,,0.01,0.1,3,0.0,slipped off A,4.806999999997338,0,0.7592487600733271,0.7592487600733271,0.0,1.1879022779392119,,0,0,,,,,,0.0012006775599814473,0.0023125292632139773,0.0,3.0,0.09880967178952232,slipped off A,4.806999999997338,0,0,0,0,0,0,0,,,,,,,,sol_ref_T18_m60_phi0.250.pkl_B_wall5mm_weak_3_0.0,B_wall5mm,weak,sol_ref_T18_m60_phi0.250.pkl
sol_ref_T18_m60_phi0.250_B_wall5mm.pkl,18.0,60.0,0.25,impact,1.0561348907857409,0.002,0.0005,0.001,1,rest,,0.0,0.0,0,0.0,held B,8.23099999999544,1,1.4228028515477176,1.1048160913597342,1.4228028515477176,3.121385675356441,0.025707275980002612,1,1,5.759999999996808,6.230499999996546,-0.024505406369535354,-0.024505406369535354,0.007768468122864079,0.04624518509534736,0.0,0.0,5.6,0.029213076552597913,none,,0,0,1,1,1,1,1,5.715999999996832,6.268499999996525,,,,,,sol_ref_T18_m60_phi0.250.pkl_B_wall5mm_none_0_0.0,B_wall5mm,none,sol_ref_T18_m60_phi0.250.pkl
sol_ref_T18_m60_phi0.250_B_wall5mm.pkl,18.0,60.0,0.25,impact,1.0561348907857409,0.002,0.0005,0.001,1,rest,,0.01,0.1,4,0.0,hit wall,4.588499999997456,0,0.7598751718852775,0.7598751718852775,0.0,1.1544704030399886,,0,0,,,,,,0.0016335881790459639,0.020213677961205656,0.0,3.1,0.2010870810417712,hit wall,4.588499999997456,0,0,0,0,0,0,0,,,,,,,,sol_ref_T18_m60_phi0.250.pkl_B_wall5mm_weak_4_0.0,B_wall5mm,weak,sol_ref_T18_m60_phi0.250.pkl
sol_ref_T18_m60_phi0.250_B_wall5mm.pkl,18.0,60.0,0.25,impact,1.0561348907857409,0.002,0.0005,0.001,1,rest,,0.0,0.0,0,-0.001,lost hook,7.996999999995573,0,1.4299422219575146,1.0986457979187105,1.4299422219575146,3.152040115825869,0.02533923300817362,1,1,5.75899999999681,6.227999999996552,-0.0243955087958887,-0.0243955087958887,0.0068509765750754655,0.03460517760839765,0.0,0.0006044912041113029,5.2,0.029213076552597913,lost hook,7.996999999995573,0,0,0,0,0,0,0,5.715999999996832,6.26799999999653,,,,,,sol_ref_T18_m60_phi0.250.pkl_B_wall5mm_none_0_-0.001,B_wall5mm,none,sol_ref_T18_m60_phi0.250.pkl
sol_ref_T18_m60_phi0.250_B_wall5mm.pkl,18.0,60.0,0.25,impact,1.0561348907857409,0.002,0.0005,0.001,1,rest,,0.01,0.1,0,0.0,held B,8.23099999999544,1,1.4228028515477176,1.1048160913597342,1.4228028515477176,3.121385675356441,0.025707275980002612,1,1,5.759999999996808,6.230499999996546,-0.024505406369535354,-0.024505406369535354,0.007768468122864079,0.04624518509534736,0.0,0.0,4.7,0.029213076552597913,none,,0,0,1,1,1,1,1,5.715999999996832,6.268499999996525,,,,,,sol_ref_T18_m60_phi0.250.pkl_B_wall5mm_weak_0_0.0,B_wall5mm,weak,sol_ref_T18_m60_phi0.250.pkl
sol_ref_T18_m60_phi0.250_B_wall5mm.pkl,18.0,60.0,0.25,impact,1.0561348907857409,0.002,0.0005,0.001,1,rest,,0.0,0.0,0,0.001,lost hook,7.986499999995576,0,1.513891785775091,1.1220117692508549,1.513891785775091,3.1034410291458134,0.02600505759351189,1,1,5.760999999996809,6.23199999999655,-0.02462111567019365,-0.02462111567019365,0.008370405222975478,0.03927854028890171,0.0,0.0007646885898341532,5.2,0.029213076552597913,lost hook,7.986499999995576,0,0,0,0,0,0,0,5.715999999996832,6.23199999999655,6.435499999996438,,,,,sol_ref_T18_m60_phi0.250.pkl_B_wall5mm_none_0_0.001,B_wall5mm,none,sol_ref_T18_m60_phi0.250.pkl
sol_ref_T18_m60_phi0.250_B_wall5mm.pkl,18.0,60.0,0.25,impact,1.0561348907857409,0.002,0.0005,0.001,1,rest,,0.0,0.0,0,0.003,lost hook,7.75249999999571,0,1.5663583446946487,1.1525551815355877,1.5663583446946487,2.9932788286588226,0.025671095947097627,1,1,5.762999999996808,6.236999999996549,-0.02430378942434608,-0.02430378942434608,0.00826625590833818,0.029665040129049844,0.0,0.0016981326083702758,5.1,0.029213076552597913,lost hook,7.75249999999571,0,0,0,0,0,0,0,5.715999999996832,6.236999999996549,6.290999999996522,,,,,sol_ref_T18_m60_phi0.250.pkl_B_wall5mm_none_0_0.003,B_wall5mm,none,sol_ref_T18_m60_phi0.250.pkl
sol_ref_T18_m60_phi0.250_B_wall5mm.pkl,18.0,60.0,0.25,impact,1.0561348907857409,0.002,0.0005,0.001,1,rest,,0.01,0.1,1,0.0,held B,8.23099999999544,1,1.4914529167530888,1.0953503680851404,1.4914529167530888,3.2294787515116763,0.02690198124595887,1,1,5.759999999996808,6.230499999996546,-0.024430762965439445,-0.024430762965439445,0.011262966566781378,0.16835932399746523,0.0,0.0,5.4,0.035120888771851405,none,,0,0,1,1,1,1,1,5.717999999996831,6.230499999996546,,,,,,sol_ref_T18_m60_phi0.250.pkl_B_wall5mm_weak_1_0.0,B_wall5mm,weak,sol_ref_T18_m60_phi0.250.pkl
sol_ref_T18_m60_phi0.250_B_wall5mm.pkl,18.0,60.0,0.25,impact,1.0561348907857409,0.002,0.0005,0.001,1,rest,,0.03,0.2,4,0.0,hit wall,0.34899999999980835,0,0.6630050792529492,0.6630050792529492,0.0,0.07778230111688313,,0,0,,,,,,0.0,0.02003481122581259,0.0,0.2,0.1903800830229096,hit wall,0.34899999999980835,0,0,0,0,0,0,0,,,,,,,,sol_ref_T18_m60_phi0.250.pkl_B_wall5mm_strong_4_0.0,B_wall5mm,strong,sol_ref_T18_m60_phi0.250.pkl
sol_ref_T18_m60_phi0.250_B_wall5mm.pkl,18.0,60.0,0.25,impact,1.0561348907857409,0.002,0.0005,0.001,1,rest,,0.01,0.1,5,0.0,hit wall,4.65749999999742,0,0.761408232775064,0.761408232775064,0.0,1.1748004626951836,,0,0,,,,,,0.002318773634732124,0.02010092302649691,0.0,2.9,0.27324914890421353,hit wall,4.65749999999742,0,0,0,0,0,0,0,,,,,,,,sol_ref_T18_m60_phi0.250.pkl_B_wall5mm_weak_5_0.0,B_wall5mm,weak,sol_ref_T18_m60_phi0.250.pkl
sol_ref_T18_m60_phi0.250_B_wall5mm.pkl,18.0,60.0,0.25,impact,1.0561348907857409,0.002,0.0005,0.001,1,rest,,0.01,0.1,8,0.0,hit wall,4.645999999997425,0,0.7592515778110049,0.7592515778110049,0.0,1.1579643335176866,,0,0,,,,,,0.0014716131888801998,0.020004384117845053,0.0,2.9,0.18242868402354728,hit wall,4.645999999997425,0,0,0,0,0,0,0,,,,,,,,sol_ref_T18_m60_phi0.250.pkl_B_wall5mm_weak_8_0.0,B_wall5mm,weak,sol_ref_T18_m60_phi0.250.pkl
sol_ref_T18_m60_phi0.250_B_wall5mm.pkl,18.0,60.0,0.25,impact,1.0561348907857409,0.002,0.0005,0.001,1,rest,,0.01,0.1,9,0.0,hit wall,4.647999999997424,0,0.7589109539857045,0.7589109539857045,0.0,1.1559123417755057,,0,0,,,,,,0.0012940954768525803,0.020124472109955327,0.0,3.0,0.16270285927380568,hit wall,4.647999999997424,0,0,0,0,0,0,0,,,,,,,,sol_ref_T18_m60_phi0.250.pkl_B_wall5mm_weak_9_0.0,B_wall5mm,weak,sol_ref_T18_m60_phi0.250.pkl
sol_ref_T18_m60_phi0.250_B_wall5mm.pkl,18.0,60.0,0.25,impact,1.0561348907857409,0.002,0.0005,0.001,1,rest,,0.03,0.2,0,0.0,hit wall,4.594999999997455,0,0.7592532185880353,0.7592532185880353,0.0,1.152019406652343,,0,0,,,,,,0.001435478299721099,0.02023181567384158,0.0,3.0,0.18033020337220385,hit wall,4.594999999997455,0,0,0,0,0,0,0,,,,,,,,sol_ref_T18_m60_phi0.250.pkl_B_wall5mm_strong_0_0.0,B_wall5mm,strong,sol_ref_T18_m60_phi0.250.pkl
sol_ref_T18_m60_phi0.250_B_wall5mm.pkl,18.0,60.0,0.25,impact,1.0561348907857409,0.002,0.0005,0.001,1,rest,,0.03,0.2,2,0.0,hit wall,4.516999999997498,0,0.7766426807167681,0.7766426807167681,0.0,1.1536285766932235,,0,0,,,,,,0.0024274320937965888,0.02043447652066338,0.0,2.8,0.23699094325855746,hit wall,4.516999999997498,0,0,0,0,0,0,0,,,,,,,,sol_ref_T18_m60_phi0.250.pkl_B_wall5mm_strong_2_0.0,B_wall5mm,strong,sol_ref_T18_m60_phi0.250.pkl
sol_ref_T18_m60_phi0.250_B_wall5mm.pkl,18.0,60.0,0.25,impact,1.0561348907857409,0.002,0.0005,0.001,1,rest,,0.01,0.1,7,0.0,hit B's face,6.269999999996525,0,1.0708283635592262,1.0708283635592262,0.0,1.7980291245756435,0.03689751419668708,1,0,5.759999999996808,,,,,0.002968846441487649,0.0007369138500612493,0.0,4.3,0.05270840533579624,hit B's face,6.269999999996525,0,0,0,0,0,0,0,5.71999999999683,,,,,,,sol_ref_T18_m60_phi0.250.pkl_B_wall5mm_weak_7_0.0,B_wall5mm,weak,sol_ref_T18_m60_phi0.250.pkl
sol_ref_T18_m60_phi0.250_B_wall5mm.pkl,18.0,60.0,0.25,impact,1.0561348907857409,0.002,0.0005,0.001,1,rest,,0.03,0.2,3,0.0,slipped off A,4.799499999997341,0,0.7615984392440464,0.7615984392440464,0.0,1.2056459597291098,,0,0,,,,,,0.002125380663590165,0.010063307279186817,0.0,3.1,0.18955225268667836,slipped off A,4.799499999997341,0,0,0,0,0,0,0,,,,,,,,sol_ref_T18_m60_phi0.250.pkl_B_wall5mm_strong_3_0.0,B_wall5mm,strong,sol_ref_T18_m60_phi0.250.pkl
sol_ref_T18_m60_phi0.250_B_wall5mm.pkl,18.0,60.0,0.25,impact,1.0561348907857409,0.002,0.0005,0.001,1,rest,,0.03,0.2,5,0.0,hit wall,4.692499999997398,0,0.761300346708759,0.761300346708759,0.0,1.1818718687519982,,0,0,,,,,,0.0022749272242918728,0.020111227245781294,0.0,3.2,0.2585105343333072,hit wall,4.692499999997398,0,0,0,0,0,0,0,,,,,,,,sol_ref_T18_m60_phi0.250.pkl_B_wall5mm_strong_5_0.0,B_wall5mm,strong,sol_ref_T18_m60_phi0.250.pkl
sol_ref_T18_m60_phi0.250_B_wall5mm.pkl,18.0,60.0,0.25,impact,1.0561348907857409,0.002,0.0005,0.001,1,rest,,0.03,0.2,1,0.0,lost hook,6.498499999996401,0,1.6108229730947305,1.0672328013789618,1.6108229730947305,2.276856901006582,0.02421218967168548,1,1,5.759999999996808,6.236999999996545,-0.02420196419729903,-0.02420196419729903,0.0007036033615105415,0.03284434974171119,0.006421430245917986,0.017703556297568847,4.2,0.0996054228573309,lost hook,6.498499999996401,0,0,0,0,0,0,0,5.7489999999968155,6.311999999996505,6.35649999999648,,,,,sol_ref_T18_m60_phi0.250.pkl_B_wall5mm_strong_1_0.0,B_wall5mm,strong,sol_ref_T18_m60_phi0.250.pkl
sol_ref_T18_m60_phi0.250_B_wall5mm.pkl,18.0,60.0,0.25,impact,1.0561348907857409,0.002,0.0005,0.001,1,rest,,0.01,0.1,6,0.0,held B,8.23099999999544,1,1.4228028515477176,1.1048160913597342,1.4228028515477176,3.121385675356441,0.025707275980002612,1,1,5.759999999996808,6.230499999996546,-0.024505406369535354,-0.024505406369535354,0.007768468122864079,0.04624518509534736,0.0,0.0,5.7,0.029213076552597913,none,,0,0,1,1,1,1,1,5.715999999996832,6.268499999996525,,,,,,sol_ref_T18_m60_phi0.250.pkl_B_wall5mm_weak_6_0.0,B_wall5mm,weak,sol_ref_T18_m60_phi0.250.pkl
sol_ref_T18_m60_phi0.250_B_wall5mm.pkl,18.0,60.0,0.25,impact,1.0561348907857409,0.002,0.0005,0.001,1,rest,,0.03,0.2,6,0.0,hit wall,4.6559999999974195,0,0.761030977968203,0.761030977968203,0.0,1.172221456061643,,0,0,,,,,,0.0021996919341386034,0.02004548595382749,0.0,3.0,0.25936533047051485,hit wall,4.6559999999974195,0,0,0,0,0,0,0,,,,,,,,sol_ref_T18_m60_phi0.250.pkl_B_wall5mm_strong_6_0.0,B_wall5mm,strong,sol_ref_T18_m60_phi0.250.pkl
sol_ref_T18_m60_phi0.250_B_wall5mm.pkl,18.0,60.0,0.25,impact,1.0561348907857409,0.002,0.0005,0.001,1,rest,,0.03,0.2,7,0.0,slipped off A,4.811499999997334,0,0.7626402112020676,0.7626402112020676,0.0,1.2078221656135917,,0,0,,,,,,0.0021920404996193243,0.01090682472517156,0.0,3.0,0.17290977250258371,slipped off A,4.811499999997334,0,0,0,0,0,0,0,,,,,,,,sol_ref_T18_m60_phi0.250.pkl_B_wall5mm_strong_7_0.0,B_wall5mm,strong,sol_ref_T18_m60_phi0.250.pkl
sol_ref_T18_m60_phi0.250_B_wall5mm.pkl,18.0,60.0,0.25,impact,1.0561348907857409,0.002,0.0005,0.001,1,rest,,0.03,0.2,8,0.0,hit wall,4.627499999997436,0,0.758371777853024,0.758371777853024,0.0,1.1501081433672922,,0,0,,,,,,0.0011795728669607985,0.020084724589963188,0.0,3.1,0.13349260205585145,hit wall,4.627499999997436,0,0,0,0,0,0,0,,,,,,,,sol_ref_T18_m60_phi0.250.pkl_B_wall5mm_strong_8_0.0,B_wall5mm,strong,sol_ref_T18_m60_phi0.250.pkl
sol_ref_T18_m60_phi0.250_B_wall5mm.pkl,18.0,60.0,0.25,impact,1.0561348907857409,0.002,0.0005,0.001,1,rest,,0.03,0.2,9,0.0,slipped off A,4.797999999997341,0,0.7611330934055124,0.7611330934055124,0.0,1.2030154085220386,,0,0,,,,,,0.0019931703371140475,0.008445977662112508,0.0,3.1,0.1823290835930294,slipped off A,4.797999999997341,0,0,0,0,0,0,0,,,,,,,,sol_ref_T18_m60_phi0.250.pkl_B_wall5mm_strong_9_0.0,B_wall5mm,strong,sol_ref_T18_m60_phi0.250.pkl
sol_ref_T18_m60_phi0.250_B_cone5.pkl,18.0,60.0,0.25,impact,1.032578357479861,0.002,0.0005,0.001,1,rest,,0.0,0.0,0,0.0,held B,8.200999999995457,1,1.375706353427943,1.0766927306145044,1.375706353427943,3.076770292644053,0.025900489023105936,1,1,5.727999999996825,6.200499999996563,-0.02464635641153201,-0.02464635641153201,0.00796193740692339,0.04712656269281518,0.0009747141781872373,0.0,5.3,0.028181714333739498,none,,0,0,1,1,1,1,1,5.68399999999685,6.238499999996542,,,,,,sol_ref_T18_m60_phi0.250.pkl_B_cone5_none_0_0.0,B_cone5,none,sol_ref_T18_m60_phi0.250.pkl
sol_ref_T18_m60_phi0.250_B_cone5.pkl,18.0,60.0,0.25,impact,1.032578357479861,0.002,0.0005,0.001,1,rest,,0.0,0.0,0,-0.003,held B,8.192999999995465,1,1.3237795229462317,1.057813019191004,1.3237795229462317,3.049217698278064,0.02562360763637557,1,1,5.724999999996829,6.192499999996571,-0.02483179859537943,-0.02483179859537943,0.006320684046955414,0.046502149570122886,0.0009747141781872373,0.0,5.3,0.028181714333739498,none,,0,0,1,1,1,1,1,5.68399999999685,6.235999999996547,,,,,,sol_ref_T18_m60_phi0.250.pkl_B_cone5_none_0_-0.003,B_cone5,none,sol_ref_T18_m60_phi0.250.pkl
sol_ref_T18_m60_phi0.250_B_cone5.pkl,18.0,60.0,0.25,impact,1.032578357479861,0.002,0.0005,0.001,1,rest,,0.01,0.1,4,0.0,hit wall,4.529999999997489,0,0.7551120582381924,0.7551120582381924,0.0,1.1262965107706953,,0,0,,,,,,0.001689731977425113,0.0202774471772994,0.0,2.9,0.15373679703633225,hit wall,4.529999999997489,0,0,0,0,0,0,0,,,,,,,,sol_ref_T18_m60_phi0.250.pkl_B_cone5_weak_4_0.0,B_cone5,weak,sol_ref_T18_m60_phi0.250.pkl
sol_ref_T18_m60_phi0.250_B_cone5.pkl,18.0,60.0,0.25,impact,1.032578357479861,0.002,0.0005,0.001,1,rest,,0.0,0.0,0,0.003,lost hook,7.974499999995583,0,1.4865291961067895,1.1371391705560183,1.4865291961067895,3.0959225131119097,0.026028835485647772,1,1,5.7309999999968255,6.208499999996562,-0.024688974453369816,-0.024688974453369816,0.008243471185111845,0.04894085126767511,0.0009747141781872373,0.00031102554663018506,4.7,0.028181714333739498,lost hook,7.974499999995583,0,0,0,0,0,0,0,5.68399999999685,6.208499999996562,,,,,,sol_ref_T18_m60_phi0.250.pkl_B_cone5_none_0_0.003,B_cone5,none,sol_ref_T18_m60_phi0.250.pkl
sol_ref_T18_m60_phi0.250_B_cone5.pkl,18.0,60.0,0.25,impact,1.032578357479861,0.002,0.0005,0.001,1,rest,,0.0,0.0,0,-0.001,held B,8.19799999999546,1,1.3461035185346386,1.069863205007094,1.3461035185346386,3.06793262684006,0.02577968138959715,1,1,5.726999999996828,6.19749999999657,-0.024644918479537647,-0.024644918479537647,0.00756438799150899,0.04629788583268124,0.0009747141781872373,0.0,5.8,0.028181714333739498,none,,0,0,1,1,1,1,1,5.68399999999685,6.238499999996545,,,,,,sol_ref_T18_m60_phi0.250.pkl_B_cone5_none_0_-0.001,B_cone5,none,sol_ref_T18_m60_phi0.250.pkl
sol_ref_T18_m60_phi0.250_B_cone5.pkl,18.0,60.0,0.25,impact,1.032578357479861,0.002,0.0005,0.001,1,rest,,0.0,0.0,0,0.001,lost hook,7.954499999995598,0,1.3993557263565581,1.0979203346569477,1.3993557263565581,3.0617513047676668,0.025104930107074167,1,1,5.728999999996827,6.2029999999965675,-0.02394288066129535,-0.02394288066129535,0.0075495682869981375,0.04853395239625824,0.0009747141781872373,0.0010571193387046499,5.4,0.028181714333739498,lost hook,7.954499999995598,0,0,0,0,0,0,0,5.68399999999685,6.2029999999965675,,,,,,sol_ref_T18_m60_phi0.250.pkl_B_cone5_none_0_0.001,B_cone5,none,sol_ref_T18_m60_phi0.250.pkl
sol_ref_T18_m60_phi0.250_B_cone5.pkl,18.0,60.0,0.25,impact,1.032578357479861,0.002,0.0005,0.001,1,rest,,0.01,0.1,1,0.0,held B,8.202999999995455,1,1.4070876599626667,1.0639086249882632,1.4070876599626667,3.084480035931812,0.025013061524146327,1,1,5.727999999996825,6.2024999999965615,-0.024294041868937022,-0.024294041868937022,0.005954223415447591,0.04787692391933618,0.004519887985898429,0.0,5.1,0.03538920564043635,none,,0,0,1,1,1,1,1,5.687999999996848,6.237999999996543,,,,,,sol_ref_T18_m60_phi0.250.pkl_B_cone5_weak_1_0.0,B_cone5,weak,sol_ref_T18_m60_phi0.250.pkl
sol_ref_T18_m60_phi0.250_B_cone5.pkl,18.0,60.0,0.25,impact,1.032578357479861,0.002,0.0005,0.001,1,rest,,0.01,0.1,0,0.0,held B,8.200999999995457,1,1.375706353427943,1.0766927306145044,1.375706353427943,3.076770292644053,0.025900489023105936,1,1,5.727999999996825,6.200499999996563,-0.02464635641153201,-0.02464635641153201,0.00796193740692339,0.04712656269281518,0.0009747141781872373,0.0,5.5,0.028181714333739498,none,,0,0,1,1,1,1,1,5.68399999999685,6.238499999996542,,,,,,sol_ref_T18_m60_phi0.250.pkl_B_cone5_weak_0_0.0,B_cone5,weak,sol_ref_T18_m60_phi0.250.pkl
sol_ref_T18_m60_phi0.250_B_cone5.pkl,18.0,60.0,0.25,impact,1.032578357479861,0.002,0.0005,0.001,1,rest,,0.01,0.1,2,0.0,held B,8.167999999995473,1,1.8961150520799668,1.1016849940081188,1.8961150520799668,3.2130504978295806,0.046121673244650156,1,1,5.727999999996825,6.167499999996583,-0.024904227507508203,-0.024904227507508203,0.038819945841545814,0.38569526174394064,0.008677071779243314,0.0549042275075082,5.1,0.06743969587113308,none,,0,0,0,0,1,1,1,5.682999999996852,6.2764999999965205,6.325999999996494,6.3504999999964795,,,,sol_ref_T18_m60_phi0.250.pkl_B_cone5_weak_2_0.0,B_cone5,weak,sol_ref_T18_m60_phi0.250.pkl
sol_ref_T18_m60_phi0.250_B_cone5.pkl,18.0,60.0,0.25,impact,1.032578357479861,0.002,0.0005,0.001,1,rest,,0.01,0.1,3,0.0,lost hook,7.966499999995584,0,2.4076733916405075,1.1042204488636131,2.4076733916405075,3.411919006839875,0.04800055372785231,1,1,5.727999999996825,6.157499999996588,-0.024580436871097344,-0.024580436871097344,0.04122930124809823,0.48109912442306446,0.015373248876882961,0.24061303492205344,5.3,0.09748830264848271,grip capacity exceeded,6.320499999996496,0,0,0,0,0,0,0,5.684499999996849,6.267999999996526,6.274999999996524,6.304499999996505,6.320499999996496,6.331999999996491,,sol_ref_T18_m60_phi0.250.pkl_B_cone5_weak_3_0.0,B_cone5,weak,sol_ref_T18_m60_phi0.250.pkl
sol_ref_T18_m60_phi0.250_B_cone5.pkl,18.0,60.0,0.25,impact,1.032578357479861,0.002,0.0005,0.001,1,rest,,0.03,0.2,4,0.0,hit wall,0.35249999999980375,0,0.6481073172280083,0.6481073172280083,0.0,0.07858824245793082,,0,0,,,,,,0.0,0.020013993584705705,0.0,0.2,0.1917365811960908,hit wall,0.35249999999980375,0,0,0,0,0,0,0,,,,,,,,sol_ref_T18_m60_phi0.250.pkl_B_cone5_strong_4_0.0,B_cone5,strong,sol_ref_T18_m60_phi0.250.pkl
sol_ref_T18_m60_phi0.250_B_cone5.pkl,18.0,60.0,0.25,impact,1.032578357479861,0.002,0.0005,0.001,1,rest,,0.01,0.1,5,0.0,hit wall,4.632999999997434,0,0.7562661544043435,0.7562661544043435,0.0,1.1490751234861223,,0,0,,,,,,0.0019118394787897008,0.02006188494400679,0.0,2.9,0.25367204684102457,hit wall,4.632999999997434,0,0,0,0,0,0,0,,,,,,,,sol_ref_T18_m60_phi0.250.pkl_B_cone5_weak_5_0.0,B_cone5,weak,sol_ref_T18_m60_phi0.250.pkl
sol_ref_T18_m60_phi0.250_B_cone5.pkl,18.0,60.0,0.25,impact,1.032578357479861,0.002,0.0005,0.001,1,rest,,0.03,0.2,2,0.0,hit wall,2.404999999998669,0,0.6391819515620629,0.6391819515620629,0.0,0.5093330289163982,,0,0,,,,,,0.002572203595901379,0.02001062759986705,0.0,1.6,0.19360961155265044,hit wall,2.404999999998669,0,0,0,0,0,0,0,,,,,,,,sol_ref_T18_m60_phi0.250.pkl_B_cone5_strong_2_0.0,B_cone5,strong,sol_ref_T18_m60_phi0.250.pkl
sol_ref_T18_m60_phi0.250_B_cone5.pkl,18.0,60.0,0.25,impact,1.032578357479861,0.002,0.0005,0.001,1,rest,,0.01,0.1,8,0.0,hit wall,4.595499999997454,0,0.755394280233355,0.755394280233355,0.0,1.1309898395054898,,0,0,,,,,,0.0013927113519648093,0.020047779668525445,0.0,2.6,0.1471044271670735,hit wall,4.595499999997454,0,0,0,0,0,0,0,,,,,,,,sol_ref_T18_m60_phi0.250.pkl_B_cone5_weak_8_0.0,B_cone5,weak,sol_ref_T18_m60_phi0.250.pkl
sol_ref_T18_m60_phi0.250_B_cone5.pkl,18.0,60.0,0.25,impact,1.032578357479861,0.002,0.0005,0.001,1,rest,,0.01,0.1,9,0.0,hit wall,4.593499999997455,0,0.7553424436206592,0.7553424436206592,0.0,1.1288705357814177,,0,0,,,,,,0.0012597315426492173,0.02009688952655203,0.0,3.0,0.13142500118748413,hit wall,4.593499999997455,0,0,0,0,0,0,0,,,,,,,,sol_ref_T18_m60_phi0.250.pkl_B_cone5_weak_9_0.0,B_cone5,weak,sol_ref_T18_m60_phi0.250.pkl
sol_ref_T18_m60_phi0.250_B_cone5.pkl,18.0,60.0,0.25,impact,1.032578357479861,0.002,0.0005,0.001,1,rest,,0.03,0.2,0,0.0,hit wall,4.532499999997487,0,0.7549378040897515,0.7549378040897515,0.0,1.12392465283616,,0,0,,,,,,0.0015202477021679095,0.02027685350753944,0.0,3.0,0.13728858127559185,hit wall,4.532499999997487,0,0,0,0,0,0,0,,,,,,,,sol_ref_T18_m60_phi0.250.pkl_B_cone5_strong_0_0.0,B_cone5,strong,sol_ref_T18_m60_phi0.250.pkl
sol_ref_T18_m60_phi0.250_B_cone5.pkl,18.0,60.0,0.25,impact,1.032578357479861,0.002,0.0005,0.001,1,rest,,0.01,0.1,7,0.0,hit B's face,6.237499999996544,0,1.0399419473557228,1.0399419473557228,0.0,1.7622560655705737,0.03705060552747341,1,0,5.727999999996825,,,,,0.0013343404061064712,0.004770492917424382,0.0,4.2,0.05122243904506307,hit B's face,6.237499999996544,0,0,0,0,0,0,0,5.6914999999968465,,,,,,,sol_ref_T18_m60_phi0.250.pkl_B_cone5_weak_7_0.0,B_cone5,weak,sol_ref_T18_m60_phi0.250.pkl
sol_ref_T18_m60_phi0.250_B_cone5.pkl,18.0,60.0,0.25,impact,1.032578357479861,0.002,0.0005,0.001,1,rest,,0.03,0.2,3,0.0,slipped off A,4.81949999999733,0,0.7578791603506458,0.7578791603506458,0.0,1.1878814180968644,,0,0,,,,,,0.0017701747228953957,0.014680584491615647,0.0,3.0,0.1909140623098025,slipped off A,4.81949999999733,0,0,0,0,0,0,0,,,,,,,,sol_ref_T18_m60_phi0.250.pkl_B_cone5_strong_3_0.0,B_cone5,strong,sol_ref_T18_m60_phi0.250.pkl
sol_ref_T18_m60_phi0.250_B_cone5.pkl,18.0,60.0,0.25,impact,1.032578357479861,0.002,0.0005,0.001,1,rest,,0.01,0.1,6,0.0,held B,8.200999999995457,1,1.375706353427943,1.0766927306145044,1.375706353427943,3.076770292644053,0.025900489023105936,1,1,5.727999999996825,6.200499999996563,-0.02464635641153201,-0.02464635641153201,0.00796193740692339,0.04712656269281518,0.0009747141781872373,0.0,5.2,0.028181714333739498,none,,0,0,1,1,1,1,1,5.68399999999685,6.238499999996542,,,,,,sol_ref_T18_m60_phi0.250.pkl_B_cone5_weak_6_0.0,B_cone5,weak,sol_ref_T18_m60_phi0.250.pkl
sol_ref_T18_m60_phi0.250_B_cone5.pkl,18.0,60.0,0.25,impact,1.032578357479861,0.002,0.0005,0.001,1,rest,,0.03,0.2,1,0.0,hit B's face,6.238999999996544,0,1.0206040683639515,1.0206040683639515,0.0,1.772844048479111,0.03067894882637728,1,0,5.727999999996825,,,,,0.0011706863519412858,0.012602499435536273,0.0,4.3,0.09988462802353548,hit B's face,6.238999999996544,0,0,0,0,0,0,0,5.724999999996829,,,,,,,sol_ref_T18_m60_phi0.250.pkl_B_cone5_strong_1_0.0,B_cone5,strong,sol_ref_T18_m60_phi0.250.pkl
sol_ref_T18_m60_phi0.250_B_cone5.pkl,18.0,60.0,0.25,impact,1.032578357479861,0.002,0.0005,0.001,1,rest,,0.03,0.2,8,0.0,hit wall,4.559499999997474,0,0.7550559886574313,0.7550559886574313,0.0,1.1227641417672694,,0,0,,,,,,0.0012588680971065969,0.02013766275222012,0.0,2.6,0.10340920991111302,hit wall,4.559499999997474,0,0,0,0,0,0,0,,,,,,,,sol_ref_T18_m60_phi0.250.pkl_B_cone5_strong_8_0.0,B_cone5,strong,sol_ref_T18_m60_phi0.250.pkl
sol_ref_T18_m60_phi0.250_B_cone5.pkl,18.0,60.0,0.25,impact,1.032578357479861,0.002,0.0005,0.001,1,rest,,0.03,0.2,6,0.0,hit wall,4.628499999997434,0,0.7560985038127579,0.7560985038127579,0.0,1.146287813692969,,0,0,,,,,,0.0018777268895666943,0.020005561041362308,0.0,3.0,0.2395178553994502,hit wall,4.628499999997434,0,0,0,0,0,0,0,,,,,,,,sol_ref_T18_m60_phi0.250.pkl_B_cone5_strong_6_0.0,B_cone5,strong,sol_ref_T18_m60_phi0.250.pkl
sol_ref_T18_m60_phi0.250_B_cone5.pkl,18.0,60.0,0.25,impact,1.032578357479861,0.002,0.0005,0.001,1,rest,,0.03,0.2,5,0.0,slipped off A,4.78349999999735,0,0.7564312912388698,0.7564312912388698,0.0,1.1867241677564722,,0,0,,,,,,0.0019370048464268097,0.017614663845718193,0.0,3.0,0.2563814868525438,slipped off A,4.78349999999735,0,0,0,0,0,0,0,,,,,,,,sol_ref_T18_m60_phi0.250.pkl_B_cone5_strong_5_0.0,B_cone5,strong,sol_ref_T18_m60_phi0.250.pkl
sol_ref_T18_m60_phi0.250_B_cone5.pkl,18.0,60.0,0.25,impact,1.032578357479861,0.002,0.0005,0.001,1,rest,,0.03,0.2,7,0.0,slipped off A,4.83899999999732,0,0.7596846227094523,0.7596846227094523,0.0,1.1932716503858503,,0,0,,,,,,0.0018527889045355794,0.015749267666946676,0.0,3.3,0.1792151662129964,slipped off A,4.83899999999732,0,0,0,0,0,0,0,,,,,,,,sol_ref_T18_m60_phi0.250.pkl_B_cone5_strong_7_0.0,B_cone5,strong,sol_ref_T18_m60_phi0.250.pkl
sol_ref_T18_m60_phi0.250_B_cone5.pkl,18.0,60.0,0.25,impact,1.032578357479861,0.002,0.0005,0.001,1,rest,,0.03,0.2,9,0.0,slipped off A,4.818499999997329,0,0.7574559406632841,0.7574559406632841,0.0,1.1852646929731392,,0,0,,,,,,0.0016490810657874277,0.013387732263501404,0.0,3.1,0.1816273256730942,slipped off A,4.818499999997329,0,0,0,0,0,0,0,,,,,,,,sol_ref_T18_m60_phi0.250.pkl_B_cone5_strong_9_0.0,B_cone5,strong,sol_ref_T18_m60_phi0.250.pkl
sol_ref_T18_m60_phi0.250_B_cone10.pkl,18.0,60.0,0.25,impact,1.0400020877435612,0.002,0.0005,0.001,1,rest,,0.0,0.0,0,0.0,held B,8.156499999995479,1,1.3743213235235892,1.0658561854299393,1.3743213235235892,3.0602516491420517,0.026408806250100676,1,1,5.681999999996851,6.155999999996588,-0.024773427095245104,-0.024773427095245104,0.009148899251381685,0.04615460683045133,0.000980947140383194,0.0,5.5,0.03513288713146484,none,,0,0,1,1,1,1,1,5.638499999996874,6.193999999996567,,,,,,sol_ref_T18_m60_phi0.250.pkl_B_cone10_none_0_0.0,B_cone10,none,sol_ref_T18_m60_phi0.250.pkl
sol_ref_T18_m60_phi0.250_B_cone10.pkl,18.0,60.0,0.25,impact,1.0400020877435612,0.002,0.0005,0.001,1,rest,,0.01,0.1,4,0.0,hit wall,4.514499999997497,0,0.7636178019244264,0.7636178019244264,0.0,1.1193992573951186,,0,0,,,,,,0.0014520471421316516,0.02014057492622201,0.0,2.9,0.1605798232515776,hit wall,4.514499999997497,0,0,0,0,0,0,0,,,,,,,,sol_ref_T18_m60_phi0.250.pkl_B_cone10_weak_4_0.0,B_cone10,weak,sol_ref_T18_m60_phi0.250.pkl
sol_ref_T18_m60_phi0.250_B_cone10.pkl,18.0,60.0,0.25,impact,1.0400020877435612,0.002,0.0005,0.001,1,rest,,0.0,0.0,0,-0.003,held B,8.149999999995487,1,1.3192991243527774,1.0490117052266597,1.3192991243527774,3.0491652792522497,0.024960362908399893,1,1,5.678999999996854,6.149499999996596,-0.024354362015918785,-0.024354362015918785,0.0054666961975765056,0.044971012979240416,0.000980947140383194,0.0,5.3,0.03513288713146484,none,,0,0,1,1,1,1,1,5.638499999996874,6.191999999996572,,,,,,sol_ref_T18_m60_phi0.250.pkl_B_cone10_none_0_-0.003,B_cone10,none,sol_ref_T18_m60_phi0.250.pkl
sol_ref_T18_m60_phi0.250_B_cone10.pkl,18.0,60.0,0.25,impact,1.0400020877435612,0.002,0.0005,0.001,1,rest,,0.0,0.0,0,-0.001,held B,8.153999999995484,1,1.3510139037373563,1.0591709456683291,1.3510139037373563,3.0616054254763516,0.026063961962374444,1,1,5.680999999996853,6.153499999996594,-0.024781928861751013,-0.024781928861751013,0.008073791864249046,0.06954852246881439,0.000980947140383194,0.0,5.2,0.03513288713146484,none,,0,0,1,1,1,1,1,5.638499999996874,6.192999999996573,,,,,,sol_ref_T18_m60_phi0.250.pkl_B_cone10_none_0_-0.001,B_cone10,none,sol_ref_T18_m60_phi0.250.pkl
sol_ref_T18_m60_phi0.250_B_cone10.pkl,18.0,60.0,0.25,impact,1.0400020877435612,0.002,0.0005,0.001,1,rest,,0.01,0.1,0,0.0,held B,8.156499999995479,1,1.3743213235235892,1.0658561854299393,1.3743213235235892,3.0602516491420517,0.026408806250100676,1,1,5.681999999996851,6.155999999996588,-0.024773427095245104,-0.024773427095245104,0.009148899251381685,0.04615460683045133,0.000980947140383194,0.0,4.7,0.03513288713146484,none,,0,0,1,1,1,1,1,5.638499999996874,6.193999999996567,,,,,,sol_ref_T18_m60_phi0.250.pkl_B_cone10_weak_0_0.0,B_cone10,weak,sol_ref_T18_m60_phi0.250.pkl
sol_ref_T18_m60_phi0.250_B_cone10.pkl,18.0,60.0,0.25,impact,1.0400020877435612,0.002,0.0005,0.001,1,rest,,0.0,0.0,0,0.003,lost hook,7.8989999999956275,0,1.484815461285931,1.1129235595279086,1.484815461285931,3.03618695017261,0.02644875487072388,1,1,5.684999999996851,6.1634999999965885,-0.024196965587858,-0.024196965587858,0.010679114689507547,0.0460574296533916,0.000980947140383194,0.0008030344121420022,5.0,0.03513288713146484,lost hook,7.8989999999956275,0,0,0,0,0,0,0,5.638499999996874,6.1634999999965885,,,,,,sol_ref_T18_m60_phi0.250.pkl_B_cone10_none_0_0.003,B_cone10,none,sol_ref_T18_m60_phi0.250.pkl
sol_ref_T18_m60_phi0.250_B_cone10.pkl,18.0,60.0,0.25,impact,1.0400020877435612,0.002,0.0005,0.001,1,rest,,0.0,0.0,0,0.001,held B,8.158499999995481,1,1.397056611960098,1.0793701358357382,1.397056611960098,3.0630403373699497,0.02697289553431272,1,1,5.682999999996852,6.157999999996591,-0.024970980772392792,-0.024970980772392792,0.010197412062368396,0.04539239265979586,0.000980947140383194,0.0,5.2,0.03513288713146484,none,,0,0,1,1,1,1,1,5.638499999996874,6.157999999996591,,,,,,sol_ref_T18_m60_phi0.250.pkl_B_cone10_none_0_0.001,B_cone10,none,sol_ref_T18_m60_phi0.250.pkl
sol_ref_T18_m60_phi0.250_B_cone10.pkl,18.0,60.0,0.25,impact,1.0400020877435612,0.002,0.0005,0.001,1,rest,,0.01,0.1,1,0.0,held B,8.161999999995476,1,1.4435735428618053,1.0475155136094383,1.4435735428618053,3.0934087157398524,0.024603919532501912,1,1,5.681999999996851,6.161499999996586,-0.024373547683368635,-0.024373547683368635,0.0033590221327619387,0.047542673791496126,0.0047912398995633935,0.0,5.2,0.03758223716800457,none,,0,0,1,1,1,1,1,5.642499999996872,6.193499999996568,,,,,,sol_ref_T18_m60_phi0.250.pkl_B_cone10_weak_1_0.0,B_cone10,weak,sol_ref_T18_m60_phi0.250.pkl
sol_ref_T18_m60_phi0.250_B_cone10.pkl,18.0,60.0,0.25,impact,1.0400020877435612,0.002,0.0005,0.001,1,rest,,0.01,0.1,2,0.0,held B,8.125999999995496,1,1.7663004499523751,1.0823749588132188,1.7663004499523751,3.2143480612853947,0.04704436169999722,1,1,5.681999999996851,6.125499999996606,-0.02484660561949026,-0.02484660561949026,0.039947692761280726,0.3141868429292246,0.00925526595710225,0.06846987443091591,5.5,0.06466523671863272,none,,0,0,0,0,1,1,1,5.638499999996874,6.229999999996547,6.276999999996523,6.310499999996502,,,,sol_ref_T18_m60_phi0.250.pkl_B_cone10_weak_2_0.0,B_cone10,weak,sol_ref_T18_m60_phi0.250.pkl
sol_ref_T18_m60_phi0.250_B_cone10.pkl,18.0,60.0,0.25,impact,1.0400020877435612,0.002,0.0005,0.001,1,rest,,0.01,0.1,3,0.0,held B,8.126499999995495,1,2.007234500238001,1.0788361656658751,2.007234500238001,3.1651689441368487,0.05072327813348458,1,1,5.681999999996851,6.125999999996605,-0.020009272256047428,-0.020009272256047428,0.046609869860258196,0.30766515217323875,0.04036727294893927,0.05782977163350425,5.4,0.09336887683794386,grip capacity exceeded,6.303999999996506,0,0,0,0,0,1,1,5.639999999996874,6.230499999996546,6.251499999996536,6.277499999996522,6.303999999996506,,,sol_ref_T18_m60_phi0.250.pkl_B_cone10_weak_3_0.0,B_cone10,weak,sol_ref_T18_m60_phi0.250.pkl
sol_ref_T18_m60_phi0.250_B_cone10.pkl,18.0,60.0,0.25,impact,1.0400020877435612,0.002,0.0005,0.001,1,rest,,0.03,0.2,4,0.0,hit wall,0.32449999999981927,0,0.6505537912268949,0.6505537912268949,0.0,0.07340497798859752,,0,0,,,,,,0.0,0.02000223059127032,0.0,0.2,0.18256115135454554,hit wall,0.32449999999981927,0,0,0,0,0,0,0,,,,,,,,sol_ref_T18_m60_phi0.250.pkl_B_cone10_strong_4_0.0,B_cone10,strong,sol_ref_T18_m60_phi0.250.pkl
sol_ref_T18_m60_phi0.250_B_cone10.pkl,18.0,60.0,0.25,impact,1.0400020877435612,0.002,0.0005,0.001,1,rest,,0.03,0.2,2,0.0,hit wall,2.4019999999986688,0,0.6426695776412924,0.6426695776412924,0.0,0.5068091069346862,,0,0,,,,,,0.002185275701074907,0.020004763065763664,0.0,1.5,0.19345659303070661,hit wall,2.4019999999986688,0,0,0,0,0,0,0,,,,,,,,sol_ref_T18_m60_phi0.250.pkl_B_cone10_strong_2_0.0,B_cone10,strong,sol_ref_T18_m60_phi0.250.pkl
sol_ref_T18_m60_phi0.250_B_cone10.pkl,18.0,60.0,0.25,impact,1.0400020877435612,0.002,0.0005,0.001,1,rest,,0.01,0.1,5,0.0,slipped off A,4.739999999997373,0,0.7658725113312846,0.7658725113312846,0.0,1.1724070657030237,,0,0,,,,,,0.001921752543066424,0.017152077514500316,0.0,3.2,0.2616362578947321,slipped off A,4.739999999997373,0,0,0,0,0,0,0,,,,,,,,sol_ref_T18_m60_phi0.250.pkl_B_cone10_weak_5_0.0,B_cone10,weak,sol_ref_T18_m60_phi0.250.pkl
sol_ref_T18_m60_phi0.250_B_cone10.pkl,18.0,60.0,0.25,impact,1.0400020877435612,0.002,0.0005,0.001,1,rest,,0.01,0.1,9,0.0,hit wall,4.597999999997452,0,0.7618622455326287,0.7618622455326287,0.0,1.1223703159810317,,0,0,,,,,,0.0010854444708116029,0.020050014724846188,0.0,2.6,0.1425792722941086,hit wall,4.597999999997452,0,0,0,0,0,0,0,,,,,,,,sol_ref_T18_m60_phi0.250.pkl_B_cone10_weak_9_0.0,B_cone10,weak,sol_ref_T18_m60_phi0.250.pkl
sol_ref_T18_m60_phi0.250_B_cone10.pkl,18.0,60.0,0.25,impact,1.0400020877435612,0.002,0.0005,0.001,1,rest,,0.03,0.2,0,0.0,hit wall,4.513499999997499,0,0.7626275777044556,0.7626275777044556,0.0,1.1164740025403554,,0,0,,,,,,0.001287471531856016,0.020235654035339667,0.0,2.8,0.1414048190712679,hit wall,4.513499999997499,0,0,0,0,0,0,0,,,,,,,,sol_ref_T18_m60_phi0.250.pkl_B_cone10_strong_0_0.0,B_cone10,strong,sol_ref_T18_m60_phi0.250.pkl
sol_ref_T18_m60_phi0.250_B_cone10.pkl,18.0,60.0,0.25,impact,1.0400020877435612,0.002,0.0005,0.001,1,rest,,0.01,0.1,8,0.0,hit wall,4.611999999997444,0,0.7624760556509871,0.7624760556509871,0.0,1.1264090977435548,,0,0,,,,,,0.0012283823790703724,0.020037254686424255,0.0,3.1,0.163596544607798,hit wall,4.611999999997444,0,0,0,0,0,0,0,,,,,,,,sol_ref_T18_m60_phi0.250.pkl_B_cone10_weak_8_0.0,B_cone10,weak,sol_ref_T18_m60_phi0.250.pkl
sol_ref_T18_m60_phi0.250_B_cone10.pkl,18.0,60.0,0.25,impact,1.0400020877435612,0.002,0.0005,0.001,1,rest,,0.01,0.1,7,0.0,hit B's face,6.194499999996566,0,1.0259464484217689,1.0259464484217689,0.0,1.751968806386426,0.037850421605603056,1,0,5.681999999996851,,,,,0.001865085515037293,0.005518536511038499,0.0,4.2,0.051087395127607405,hit B's face,6.194499999996566,0,0,0,0,0,0,0,5.644999999996873,,,,,,,sol_ref_T18_m60_phi0.250.pkl_B_cone10_weak_7_0.0,B_cone10,weak,sol_ref_T18_m60_phi0.250.pkl
sol_ref_T18_m60_phi0.250_B_cone10.pkl,18.0,60.0,0.25,impact,1.0400020877435612,0.002,0.0005,0.001,1,rest,,0.03,0.2,3,0.0,slipped off A,4.786999999997349,0,0.7638592228193762,0.7638592228193762,0.0,1.1738553183082312,,0,0,,,,,,0.0016773050051882288,0.014977606292905982,0.0,3.3,0.1803415665174284,slipped off A,4.786999999997349,0,0,0,0,0,0,0,,,,,,,,sol_ref_T18_m60_phi0.250.pkl_B_cone10_strong_3_0.0,B_cone10,strong,sol_ref_T18_m60_phi0.250.pkl
sol_ref_T18_m60_phi0.250_B_cone10.pkl,18.0,60.0,0.25,impact,1.0400020877435612,0.002,0.0005,0.001,1,rest,,0.03,0.2,1,0.0,hit B's face,6.203999999996562,0,0.9957029996301308,0.9957029996301308,0.0,1.7601942217532462,0.04064208589548434,1,0,5.681999999996851,,,,,0.001994819305892223,0.013939391872136764,0.0,4.1,0.09960992504470784,hit B's face,6.203999999996562,0,0,0,0,0,0,0,,,,,,,,sol_ref_T18_m60_phi0.250.pkl_B_cone10_strong_1_0.0,B_cone10,strong,sol_ref_T18_m60_phi0.250.pkl
sol_ref_T18_m60_phi0.250_B_cone10.pkl,18.0,60.0,0.25,impact,1.0400020877435612,0.002,0.0005,0.001,1,rest,,0.01,0.1,6,0.0,held B,8.156499999995479,1,1.3743213235235892,1.0658561854299393,1.3743213235235892,3.0602516491420517,0.026408806250100676,1,1,5.681999999996851,6.155999999996588,-0.024773427095245104,-0.024773427095245104,0.009148899251381685,0.04615460683045133,0.000980947140383194,0.0,5.2,0.03513288713146484,none,,0,0,1,1,1,1,1,5.638499999996874,6.193999999996567,,,,,,sol_ref_T18_m60_phi0.250.pkl_B_cone10_weak_6_0.0,B_cone10,weak,sol_ref_T18_m60_phi0.250.pkl
sol_ref_T18_m60_phi0.250_B_cone10.pkl,18.0,60.0,0.25,impact,1.0400020877435612,0.002,0.0005,0.001,1,rest,,0.03,0.2,5,0.0,slipped off A,4.7464999999973685,0,0.7653635442575767,0.7653635442575767,0.0,1.1707450543298672,,0,0,,,,,,0.0018702984673553968,0.017379849935588606,0.0,3.2,0.24081127158401996,slipped off A,4.7464999999973685,0,0,0,0,0,0,0,,,,,,,,sol_ref_T18_m60_phi0.250.pkl_B_cone10_strong_5_0.0,B_cone10,strong,sol_ref_T18_m60_phi0.250.pkl
sol_ref_T18_m60_phi0.250_B_cone10.pkl,18.0,60.0,0.25,impact,1.0400020877435612,0.002,0.0005,0.001,1,rest,,0.03,0.2,6,0.0,slipped off A,4.741499999997373,0,0.765347473190506,0.765347473190506,0.0,1.1698636680351264,,0,0,,,,,,0.0018232605006933411,0.016458746927169476,0.0,3.0,0.2480949206438967,slipped off A,4.741499999997373,0,0,0,0,0,0,0,,,,,,,,sol_ref_T18_m60_phi0.250.pkl_B_cone10_strong_6_0.0,B_cone10,strong,sol_ref_T18_m60_phi0.250.pkl
sol_ref_T18_m60_phi0.250_B_cone10.pkl,18.0,60.0,0.25,impact,1.0400020877435612,0.002,0.0005,0.001,1,rest,,0.03,0.2,8,0.0,hit wall,4.536999999997487,0,0.7609587489827633,0.7609587489827633,0.0,1.11378251381118,,0,0,,,,,,0.0010707827047817253,0.02000707009345387,0.0,2.6,0.10614664150274333,hit wall,4.536999999997487,0,0,0,0,0,0,0,,,,,,,,sol_ref_T18_m60_phi0.250.pkl_B_cone10_strong_8_0.0,B_cone10,strong,sol_ref_T18_m60_phi0.250.pkl
sol_ref_T18_m60_phi0.250_B_cone10.pkl,18.0,60.0,0.25,impact,1.0400020877435612,0.002,0.0005,0.001,1,rest,,0.03,0.2,7,0.0,slipped off A,4.809499999997335,0,0.7643857511804295,0.7643857511804295,0.0,1.1799974438482386,,0,0,,,,,,0.001695458659730531,0.018262115439999945,0.0,3.1,0.16664062571869678,slipped off A,4.809499999997335,0,0,0,0,0,0,0,,,,,,,,sol_ref_T18_m60_phi0.250.pkl_B_cone10_strong_7_0.0,B_cone10,strong,sol_ref_T18_m60_phi0.250.pkl
sol_ref_T18_m60_phi0.250_B_cone10.pkl,18.0,60.0,0.25,impact,1.0400020877435612,0.002,0.0005,0.001,1,rest,,0.03,0.2,9,0.0,slipped off A,4.78349999999735,0,0.7635829873376594,0.7635829873376594,0.0,1.1705113726500487,,0,0,,,,,,0.0015809738547450658,0.013604058007215366,0.0,3.0,0.17150547107827166,slipped off A,4.78349999999735,0,0,0,0,0,0,0,,,,,,,,sol_ref_T18_m60_phi0.250.pkl_B_cone10_strong_9_0.0,B_cone10,strong,sol_ref_T18_m60_phi0.250.pkl
sol_ref_T18_m66_phi0.250_A_base.pkl,18.0,66.0,0.25,impact,1.1394770860773114,0.002,0.0005,0.001,1,rest,,0.01,0.1,2,0.0,slipped off A,4.828499999997323,0,0.8191972935566422,0.8191972935566422,0.0,1.4182961528158795,,0,0,,,,,,0.0021329192686581067,0.003785036962187658,0.0,2.8,0.06559378365809576,slipped off A,4.828499999997323,0,0,0,0,0,0,0,,,,,,,,sol_ref_T18_m66_phi0.250.pkl_A_base_weak_2_0.0,A_base,weak,sol_ref_T18_m66_phi0.250.pkl
sol_ref_T18_m66_phi0.250_A_base.pkl,18.0,66.0,0.25,impact,1.1394770860773114,0.002,0.0005,0.001,1,rest,,0.01,0.1,4,0.0,hit wall,4.503499999997505,0,0.8250820457667073,0.8250820457667073,0.0,1.3632634419107434,,0,0,,,,,,0.0014795324486265027,0.020085225035937848,0.0,2.8,0.13128635361782842,hit wall,4.503499999997505,0,0,0,0,0,0,0,,,,,,,,sol_ref_T18_m66_phi0.250.pkl_A_base_weak_4_0.0,A_base,weak,sol_ref_T18_m66_phi0.250.pkl
sol_ref_T18_m66_phi0.250_A_base.pkl,18.0,66.0,0.25,impact,1.1394770860773114,0.002,0.0005,0.001,1,rest,,0.0,0.0,0,0.0,held B,8.205999999995456,1,1.5084313104262679,1.207787185295302,1.5084313104262679,3.6236690697939964,0.026801108065961716,1,1,5.732999999996824,6.205499999996565,-0.024653993099786664,-0.024653993099786664,0.010510947521466828,0.049332320760594406,0.0018245604386353219,0.001625654942219952,5.7,0.0389981713386211,none,,0,0,0,1,1,1,1,5.281999999997073,6.245499999996543,6.263999999996532,,,,,sol_ref_T18_m66_phi0.250.pkl_A_base_none_0_0.0,A_base,none,sol_ref_T18_m66_phi0.250.pkl
sol_ref_T18_m66_phi0.250_A_base.pkl,18.0,66.0,0.25,impact,1.1394770860773114,0.002,0.0005,0.001,1,rest,,0.01,0.1,3,0.0,slipped off A,4.81799999999733,0,0.8201210865251702,0.8201210865251702,0.0,1.4201916266003507,,0,0,,,,,,0.002224287583990625,0.006927565782513693,0.0,3.3,0.09341255619152386,slipped off A,4.81799999999733,0,0,0,0,0,0,0,,,,,,,,sol_ref_T18_m66_phi0.250.pkl_A_base_weak_3_0.0,A_base,weak,sol_ref_T18_m66_phi0.250.pkl
sol_ref_T18_m66_phi0.250_A_base.pkl,18.0,66.0,0.25,impact,1.1394770860773114,0.002,0.0005,0.001,1,rest,,0.0,0.0,0,-0.003,held B,8.19949999999546,1,1.476353247717751,1.1686028269810358,1.476353247717751,3.6491180524458735,0.026036820524069675,1,1,5.729999999996824,6.198999999996566,-0.02452450802983197,-0.02452450802983197,0.008744399859185485,0.06065309593804555,0.0018245604386353219,0.0,5.4,0.0389981713386211,none,,0,0,1,1,1,1,1,5.281999999997073,6.239499999996546,,,,,,sol_ref_T18_m66_phi0.250.pkl_A_base_none_0_-0.003,A_base,none,sol_ref_T18_m66_phi0.250.pkl
sol_ref_T18_m66_phi0.250_A_base.pkl,18.0,66.0,0.25,impact,1.1394770860773114,0.002,0.0005,0.001,1,rest,,0.0,0.0,0,0.001,lost hook,7.971499999995583,0,1.5396979350766073,1.2163257834123522,1.5396979350766073,3.6136633574527317,0.026365269954881546,1,1,5.733999999996822,6.2074999999965605,-0.0241879486078993,-0.0241879486078993,0.010491453757006308,0.04131126883676206,0.0018245604386353219,0.0059543638870585835,5.1,0.0389981713386211,lost hook,7.971499999995583,0,0,0,0,0,0,0,5.281999999997073,6.2074999999965605,6.2634999999965295,,,,,sol_ref_T18_m66_phi0.250.pkl_A_base_none_0_0.001,A_base,none,sol_ref_T18_m66_phi0.250.pkl
sol_ref_T18_m66_phi0.250_A_base.pkl,18.0,66.0,0.25,impact,1.1394770860773114,0.002,0.0005,0.001,1,rest,,0.0,0.0,0,-0.001,held B,8.203499999995458,1,1.4957714398185782,1.190740340032739,1.4957714398185782,3.6329498350924414,0.026415787793560807,1,1,5.731999999996823,6.202999999996564,-0.024452744167689833,-0.024452744167689833,0.009992854818516424,0.05665413541764178,0.0018245604386353219,0.0011614636760338345,5.3,0.0389981713386211,none,,0,0,1,1,1,1,1,5.281999999997073,6.243499999996544,,,,,,sol_ref_T18_m66_phi0.250.pkl_A_base_none_0_-0.001,A_base,none,sol_ref_T18_m66_phi0.250.pkl
sol_ref_T18_m66_phi0.250_A_base.pkl,18.0,66.0,0.25,impact,1.1394770860773114,0.002,0.0005,0.001,1,rest,,0.0,0.0,0,0.003,lost hook,7.991499999995572,0,1.6271389920873591,1.2529913496495315,1.6271389920873591,3.6763722085854087,0.026744603268244738,1,1,5.735999999996821,6.212499999996556,-0.024248198503180163,-0.024248198503180163,0.011282671373667605,0.04111704262660543,0.0018245604386353219,0.007963366527657362,5.2,0.0389981713386211,lost hook,7.991499999995572,0,0,0,0,0,0,0,5.281999999997073,5.735499999996822,6.2634999999965295,,,,,sol_ref_T18_m66_phi0.250.pkl_A_base_none_0_0.003,A_base,none,sol_ref_T18_m66_phi0.250.pkl
sol_ref_T18_m66_phi0.250_A_base.pkl,18.0,66.0,0.25,impact,1.1394770860773114,0.002,0.0005,0.001,1,rest,,0.01,0.1,0,0.0,held B,8.205999999995456,1,1.5084313104262679,1.207787185295302,1.5084313104262679,3.6236690697939964,0.026801108065961716,1,1,5.732999999996824,6.205499999996565,-0.024653993099786664,-0.024653993099786664,0.010510947521466828,0.049332320760594406,0.0018245604386353219,0.001625654942219952,5.6,0.0389981713386211,none,,0,0,0,1,1,1,1,5.281999999997073,6.245499999996543,6.263999999996532,,,,,sol_ref_T18_m66_phi0.250.pkl_A_base_weak_0_0.0,A_base,weak,sol_ref_T18_m66_phi0.250.pkl
sol_ref_T18_m66_phi0.250_A_base.pkl,18.0,66.0,0.25,impact,1.1394770860773114,0.002,0.0005,0.001,1,rest,,0.01,0.1,1,0.0,held B,8.217999999995449,1,1.8264552449871414,1.1783882229036704,1.8264552449871414,3.7030913951432827,0.025877113070628538,1,1,5.732999999996824,6.217499999996559,-0.024717268412164373,-0.024717268412164373,0.007660393143378196,0.05961249975276868,0.007529707829214079,0.0,5.2,0.04354202317870724,none,,0,0,0,0,1,1,1,5.297999999997064,6.217499999996559,6.217499999996559,6.26949999999653,,,,sol_ref_T18_m66_phi0.250.pkl_A_base_weak_1_0.0,A_base,weak,sol_ref_T18_m66_phi0.250.pkl
sol_ref_T18_m66_phi0.250_A_base.pkl,18.0,66.0,0.25,impact,1.1394770860773114,0.002,0.0005,0.001,1,rest,,0.03,0.2,4,0.0,hit wall,0.32399999999982043,0,0.6800968341402135,0.6800968341402135,0.0,0.09137052844957726,,0,0,,,,,,0.0,0.02002960658231158,0.0,0.2,0.183539812909499,hit wall,0.32399999999982043,0,0,0,0,0,0,0,,,,,,,,sol_ref_T18_m66_phi0.250.pkl_A_base_strong_4_0.0,A_base,strong,sol_ref_T18_m66_phi0.250.pkl
sol_ref_T18_m66_phi0.250_A_base.pkl,18.0,66.0,0.25,impact,1.1394770860773114,0.002,0.0005,0.001,1,rest,,0.01,0.1,5,0.0,slipped off A,4.756499999997363,0,0.8274670893490139,0.8274670893490139,0.0,1.434742918964446,,0,0,,,,,,0.0016936877829095143,0.017592182866425964,0.0,3.3,0.26559520224794775,slipped off A,4.756499999997363,0,0,0,0,0,0,0,,,,,,,,sol_ref_T18_m66_phi0.250.pkl_A_base_weak_5_0.0,A_base,weak,sol_ref_T18_m66_phi0.250.pkl
sol_ref_T18_m66_phi0.250_A_base.pkl,18.0,66.0,0.25,impact,1.1394770860773114,0.002,0.0005,0.001,1,rest,,0.03,0.2,2,0.0,hit wall,2.359499999998693,0,0.670025838722042,0.670025838722042,0.0,0.6111206454779521,,0,0,,,,,,0.0023017218202394663,0.020015213558482084,0.0,1.5,0.1965350236052288,hit wall,2.359499999998693,0,0,0,0,0,0,0,,,,,,,,sol_ref_T18_m66_phi0.250.pkl_A_base_strong_2_0.0,A_base,strong,sol_ref_T18_m66_phi0.250.pkl
sol_ref_T18_m66_phi0.250_A_base.pkl,18.0,66.0,0.25,impact,1.1394770860773114,0.002,0.0005,0.001,1,rest,,0.01,0.1,8,0.0,hit wall,4.591999999997455,0,0.8226634885828756,0.8226634885828756,0.0,1.3740764061231878,,0,0,,,,,,0.0012054854342359589,0.020020318091036937,0.0,3.1,0.13826975064172853,hit wall,4.591999999997455,0,0,0,0,0,0,0,,,,,,,,sol_ref_T18_m66_phi0.250.pkl_A_base_weak_8_0.0,A_base,weak,sol_ref_T18_m66_phi0.250.pkl
sol_ref_T18_m66_phi0.250_A_base.pkl,18.0,66.0,0.25,impact,1.1394770860773114,0.002,0.0005,0.001,1,rest,,0.01,0.1,9,0.0,hit wall,4.571499999997467,0,0.821771860226647,0.821771860226647,0.0,1.3684058613299657,,0,0,,,,,,0.0010930961887329893,0.02001671329564425,0.0,3.0,0.11058006139209176,hit wall,4.571499999997467,0,0,0,0,0,0,0,,,,,,,,sol_ref_T18_m66_phi0.250.pkl_A_base_weak_9_0.0,A_base,weak,sol_ref_T18_m66_phi0.250.pkl
sol_ref_T18_m66_phi0.250_A_base.pkl,18.0,66.0,0.25,impact,1.1394770860773114,0.002,0.0005,0.001,1,rest,,0.03,0.2,0,0.0,hit wall,4.503499999997505,0,0.8235034623208334,0.8235034623208334,0.0,1.3592425161545585,,0,0,,,,,,0.0013155712844536982,0.020127346738157248,0.0,2.8,0.11661701938314523,hit wall,4.503499999997505,0,0,0,0,0,0,0,,,,,,,,sol_ref_T18_m66_phi0.250.pkl_A_base_strong_0_0.0,A_base,strong,sol_ref_T18_m66_phi0.250.pkl
sol_ref_T18_m66_phi0.250_A_base.pkl,18.0,66.0,0.25,impact,1.1394770860773114,0.002,0.0005,0.001,1,rest,,0.01,0.1,7,0.0,hit B's face,6.259499999996535,0,1.149960985319214,1.149960985319214,0.0,2.1231612860947306,0.039485970886209615,1,0,5.732999999996824,,,,,0.0018644549845039382,0.009770964854169614,0.0,4.3,0.05746436394041053,hit B's face,6.259499999996535,0,0,0,0,0,0,0,5.30399999999706,,,,,,,sol_ref_T18_m66_phi0.250.pkl_A_base_weak_7_0.0,A_base,weak,sol_ref_T18_m66_phi0.250.pkl
sol_ref_T18_m66_phi0.250_A_base.pkl,18.0,66.0,0.25,impact,1.1394770860773114,0.002,0.0005,0.001,1,rest,,0.03,0.2,3,0.0,slipped off A,4.786999999997349,0,0.8235022752086012,0.8235022752086012,0.0,1.4273990634200378,,0,0,,,,,,0.0023655095817860516,0.014695413775871118,0.0,3.2,0.17805649594764877,slipped off A,4.786999999997349,0,0,0,0,0,0,0,,,,,,,,sol_ref_T18_m66_phi0.250.pkl_A_base_strong_3_0.0,A_base,strong,sol_ref_T18_m66_phi0.250.pkl
sol_ref_T18_m66_phi0.250_A_base.pkl,18.0,66.0,0.25,impact,1.1394770860773114,0.002,0.0005,0.001,1,rest,,0.03,0.2,5,0.0,slipped off A,4.768999999997359,0,0.8264589861469954,0.8264589861469954,0.0,1.4341502850798744,,0,0,,,,,,0.001721623708966169,0.016912278778675308,0.0,3.0,0.24352119384679338,slipped off A,4.768999999997359,0,0,0,0,0,0,0,,,,,,,,sol_ref_T18_m66_phi0.250.pkl_A_base_strong_5_0.0,A_base,strong,sol_ref_T18_m66_phi0.250.pkl
sol_ref_T18_m66_phi0.250_A_base.pkl,18.0,66.0,0.25,impact,1.1394770860773114,0.002,0.0005,0.001,1,rest,,0.03,0.2,1,0.0,hit B's face,6.280499999996522,0,1.1139901030633004,1.1139901030633004,0.0,2.135122582908473,0.04552386403570438,1,0,5.732999999996824,,,,,0.0021501288742893365,0.019800762145809697,0.0,4.3,0.12119330051373291,hit B's face,6.280499999996522,0,0,0,0,0,0,0,5.683499999996851,,,,,,,sol_ref_T18_m66_phi0.250.pkl_A_base_strong_1_0.0,A_base,strong,sol_ref_T18_m66_phi0.250.pkl
sol_ref_T18_m66_phi0.250_A_base.pkl,18.0,66.0,0.25,impact,1.1394770860773114,0.002,0.0005,0.001,1,rest,,0.01,0.1,6,0.0,held B,8.205999999995456,1,1.5084313104262679,1.207787185295302,1.5084313104262679,3.6236690697939964,0.026801108065961716,1,1,5.732999999996824,6.205499999996565,-0.024653993099786664,-0.024653993099786664,0.010510947521466828,0.049332320760594406,0.0018245604386353219,0.001625654942219952,5.2,0.0389981713386211,none,,0,0,0,1,1,1,1,5.281999999997073,6.245499999996543,6.263999999996532,,,,,sol_ref_T18_m66_phi0.250.pkl_A_base_weak_6_0.0,A_base,weak,sol_ref_T18_m66_phi0.250.pkl
sol_ref_T18_m66_phi0.250_A_base.pkl,18.0,66.0,0.25,impact,1.1394770860773114,0.002,0.0005,0.001,1,rest,,0.03,0.2,7,0.0,slipped off A,4.813499999997333,0,0.8227965298168043,0.8227965298168043,0.0,1.433731691438713,,0,0,,,,,,0.0024002466211061613,0.015179685270267439,0.0,3.1,0.1655315232678343,slipped off A,4.813499999997333,0,0,0,0,0,0,0,,,,,,,,sol_ref_T18_m66_phi0.250.pkl_A_base_strong_7_0.0,A_base,strong,sol_ref_T18_m66_phi0.250.pkl
sol_ref_T18_m66_phi0.250_A_base.pkl,18.0,66.0,0.25,impact,1.1394770860773114,0.002,0.0005,0.001,1,rest,,0.03,0.2,6,0.0,slipped off A,4.758499999997362,0,0.8267086382343353,0.8267086382343353,0.0,1.4319732738215314,,0,0,,,,,,0.001644582106244269,0.016605389785694685,0.0,3.1,0.2514243536608898,slipped off A,4.758499999997362,0,0,0,0,0,0,0,,,,,,,,sol_ref_T18_m66_phi0.250.pkl_A_base_strong_6_0.0,A_base,strong,sol_ref_T18_m66_phi0.250.pkl
sol_ref_T18_m66_phi0.250_A_base.pkl,18.0,66.0,0.25,impact,1.1394770860773114,0.002,0.0005,0.001,1,rest,,0.03,0.2,8,0.0,hit wall,4.519999999997495,0,0.8207262459950474,0.8207262459950474,0.0,1.3561505160380407,,0,0,,,,,,0.0010984002897022338,0.02021546359752807,0.0,2.9,0.08435528700566913,hit wall,4.519999999997495,0,0,0,0,0,0,0,,,,,,,,sol_ref_T18_m66_phi0.250.pkl_A_base_strong_8_0.0,A_base,strong,sol_ref_T18_m66_phi0.250.pkl
sol_ref_T18_m66_phi0.250_A_base.pkl,18.0,66.0,0.25,impact,1.1394770860773114,0.002,0.0005,0.001,1,rest,,0.03,0.2,9,0.0,slipped off A,4.786499999997346,0,0.823237364307129,0.823237364307129,0.0,1.4251418964781815,,0,0,,,,,,0.002354302438410949,0.012794205281086431,0.0,3.1,0.1708420718256239,slipped off A,4.786499999997346,0,0,0,0,0,0,0,,,,,,,,sol_ref_T18_m66_phi0.250.pkl_A_base_strong_9_0.0,A_base,strong,sol_ref_T18_m66_phi0.250.pkl
sol_ref_T18_m66_phi0.250_B_wall2mm.pkl,18.0,66.0,0.25,impact,1.1552678365946025,0.002,0.0005,0.001,1,rest,,0.0,0.0,0,-0.003,lost hook,6.580499999996352,0,1.7415357671462768,1.1856075478151742,1.7415357671462768,2.6966334427640883,0.024802224997117994,1,1,5.841999999996762,6.310499999996502,-0.024132782491337768,-0.024132782491337768,0.0057235630540290175,0.021931000319371674,0.0,0.01795454629342691,4.3,0.031663692234503264,lost hook,6.580499999996352,0,0,0,0,0,0,0,5.395999999997009,6.387499999996461,6.424999999996441,,,,,sol_ref_T18_m66_phi0.250.pkl_B_wall2mm_none_0_-0.003,B_wall2mm,none,sol_ref_T18_m66_phi0.250.pkl
sol_ref_T18_m66_phi0.250_B_wall2mm.pkl,18.0,66.0,0.25,impact,1.1552678365946025,0.002,0.0005,0.001,1,rest,,0.0,0.0,0,0.0,held B,8.315999999995395,1,1.5069633045381943,1.2286042802942254,1.5069633045381943,3.7032373831475867,0.025594709242744183,1,1,5.844999999996762,6.315499999996504,-0.024306784985627772,-0.024306784985627772,0.008016816380775777,0.057013322528822546,0.0,0.0007656337208505962,5.4,0.031663692234503264,none,,0,0,0,1,1,1,1,5.395999999997009,6.354999999996483,6.376999999996471,,,,,sol_ref_T18_m66_phi0.250.pkl_B_wall2mm_none_0_0.0,B_wall2mm,none,sol_ref_T18_m66_phi0.250.pkl
sol_ref_T18_m66_phi0.250_B_wall2mm.pkl,18.0,66.0,0.25,impact,1.1552678365946025,0.002,0.0005,0.001,1,rest,,0.01,0.1,4,0.0,hit wall,4.633499999997433,0,0.8206625984719677,0.8206625984719677,0.0,1.4115632365953255,,0,0,,,,,,0.0010249100484049645,0.020133199191311624,0.0,2.9,0.18949768838166592,hit wall,4.633499999997433,0,0,0,0,0,0,0,,,,,,,,sol_ref_T18_m66_phi0.250.pkl_B_wall2mm_weak_4_0.0,B_wall2mm,weak,sol_ref_T18_m66_phi0.250.pkl
sol_ref_T18_m66_phi0.250_B_wall2mm.pkl,18.0,66.0,0.25,impact,1.1552678365946025,0.002,0.0005,0.001,1,rest,,0.0,0.0,0,0.001,held B,8.31799999999539,1,1.558048693169381,1.236975105272856,1.558048693169381,3.700974236312568,0.025780670338229998,1,1,5.84599999999676,6.3174999999965,-0.024305755754438163,-0.024305755754438163,0.008594952023955002,0.05503863278668096,0.0,0.001541755067548993,5.3,0.031663692234503264,none,,0,0,0,1,1,1,1,5.395999999997009,6.3174999999965,6.37299999999647,,,,,sol_ref_T18_m66_phi0.250.pkl_B_wall2mm_none_0_0.001,B_wall2mm,none,sol_ref_T18_m66_phi0.250.pkl
sol_ref_T18_m66_phi0.250_B_wall2mm.pkl,18.0,66.0,0.25,impact,1.1552678365946025,0.002,0.0005,0.001,1,rest,,0.0,0.0,0,-0.001,held B,8.313999999995392,1,1.5058644395093514,1.2119607274219564,1.5058644395093514,3.7101138056031133,0.025884076806676704,1,1,5.843999999996761,6.313499999996502,-0.02463521822097814,-0.02463521822097814,0.007943012988704323,0.06120485815664681,0.0,0.0,5.4,0.031663692234503264,none,,0,0,0,1,1,1,1,5.395999999997009,6.352999999996481,6.374499999996466,,,,,sol_ref_T18_m66_phi0.250.pkl_B_wall2mm_none_0_-0.001,B_wall2mm,none,sol_ref_T18_m66_phi0.250.pkl
sol_ref_T18_m66_phi0.250_B_wall2mm.pkl,18.0,66.0,0.25,impact,1.1552678365946025,0.002,0.0005,0.001,1,rest,,0.0,0.0,0,0.003,held B,8.322499999995387,1,1.6304855676305985,1.2718453569201325,1.6304855676305985,3.711501636340862,0.026114246458006144,1,1,5.847999999996759,6.321999999996496,-0.024436059283984513,-0.024436059283984513,0.009210476357880776,0.04909529419291646,0.0,0.0025153796619158293,5.2,0.031663692234503264,none,,0,0,0,1,1,1,1,5.395999999997009,5.84599999999676,6.3719999999964685,,,,,sol_ref_T18_m66_phi0.250.pkl_B_wall2mm_none_0_0.003,B_wall2mm,none,sol_ref_T18_m66_phi0.250.pkl
sol_ref_T18_m66_phi0.250_B_wall2mm.pkl,18.0,66.0,0.25,impact,1.1552678365946025,0.002,0.0005,0.001,1,rest,,0.01,0.1,0,0.0,held B,8.315999999995395,1,1.5069633045381943,1.2286042802942254,1.5069633045381943,3.7032373831475867,0.025594709242744183,1,1,5.844999999996762,6.315499999996504,-0.024306784985627772,-0.024306784985627772,0.008016816380775777,0.057013322528822546,0.0,0.0007656337208505962,5.2,0.031663692234503264,none,,0,0,0,1,1,1,1,5.395999999997009,6.354999999996483,6.376999999996471,,,,,sol_ref_T18_m66_phi0.250.pkl_B_wall2mm_weak_0_0.0,B_wall2mm,weak,sol_ref_T18_m66_phi0.250.pkl
sol_ref_T18_m66_phi0.250_B_wall2mm.pkl,18.0,66.0,0.25,impact,1.1552678365946025,0.002,0.0005,0.001,1,rest,,0.01,0.1,2,0.0,lost hook,7.853999999995654,0,1.8750549976900157,1.2590716914139406,1.8750549976900157,3.629217544961295,0.04991736980888916,1,1,5.844999999996762,6.28899999999652,-0.0185107410610601,-0.0185107410610601,0.047774758986011794,0.28276509961613605,0.008591592066544418,0.12959755226009942,5.0,0.07441537434316597,lost hook,7.853999999995654,0,0,0,0,0,0,0,5.399999999997007,5.843999999996761,6.426999999996447,6.455999999996429,,,,sol_ref_T18_m66_phi0.250.pkl_B_wall2mm_weak_2_0.0,B_wall2mm,weak,sol_ref_T18_m66_phi0.250.pkl
sol_ref_T18_m66_phi0.250_B_wall2mm.pkl,18.0,66.0,0.25,impact,1.1552678365946025,0.002,0.0005,0.001,1,rest,,0.01,0.1,1,0.0,held B,8.322999999995393,1,1.7035370508983172,1.2102746123976011,1.7035370508983172,3.723143644158909,0.029981867950550793,1,1,5.844999999996762,6.322499999996499,-0.02485431070307742,-0.02485431070307742,0.016768292855241885,0.04570361168757142,0.004561148719328438,0.0020438054648212294,5.4,0.03883597548977511,none,,0,0,0,1,1,1,1,5.403999999997005,6.322499999996499,6.322499999996499,,,,,sol_ref_T18_m66_phi0.250.pkl_B_wall2mm_weak_1_0.0,B_wall2mm,weak,sol_ref_T18_m66_phi0.250.pkl
sol_ref_T18_m66_phi0.250_B_wall2mm.pkl,18.0,66.0,0.25,impact,1.1552678365946025,0.002,0.0005,0.001,1,rest,,0.01,0.1,3,0.0,held B,8.307999999995399,1,1.905215678574669,1.262311104257461,1.905215678574669,3.9206763249847314,0.05057481637348998,1,1,5.844999999996762,6.307499999996509,0.008353334586898686,0.008353334586898686,0.04988019499251734,0.48817929245531233,0.0431341777384362,0.03150274513714377,5.2,0.10692684669865737,none,,0,0,0,0,1,1,1,5.403999999997005,5.843999999996761,6.389999999996462,6.447499999996431,,,,sol_ref_T18_m66_phi0.250.pkl_B_wall2mm_weak_3_0.0,B_wall2mm,weak,sol_ref_T18_m66_phi0.250.pkl
sol_ref_T18_m66_phi0.250_B_wall2mm.pkl,18.0,66.0,0.25,impact,1.1552678365946025,0.002,0.0005,0.001,1,rest,,0.01,0.1,5,0.0,hit wall,4.6724999999974095,0,0.8187690005163325,0.8187690005163325,0.0,1.4291204232621213,,0,0,,,,,,0.0016660638843973563,0.0201987179013583,0.0,2.9,0.24180520224448804,hit wall,4.6724999999974095,0,0,0,0,0,0,0,,,,,,,,sol_ref_T18_m66_phi0.250.pkl_B_wall2mm_weak_5_0.0,B_wall2mm,weak,sol_ref_T18_m66_phi0.250.pkl
sol_ref_T18_m66_phi0.250_B_wall2mm.pkl,18.0,66.0,0.25,impact,1.1552678365946025,0.002,0.0005,0.001,1,rest,,0.03,0.2,4,0.0,hit wall,0.5119999999997162,0,0.6931690072086469,0.6931690072086469,0.0,0.137053561863703,,0,0,,,,,,0.0,0.020006103451755745,0.0,0.3,0.2366891235267755,hit wall,0.5119999999997162,0,0,0,0,0,0,0,,,,,,,,sol_ref_T18_m66_phi0.250.pkl_B_wall2mm_strong_4_0.0,B_wall2mm,strong,sol_ref_T18_m66_phi0.250.pkl
sol_ref_T18_m66_phi0.250_B_wall2mm.pkl,18.0,66.0,0.25,impact,1.1552678365946025,0.002,0.0005,0.001,1,rest,,0.01,0.1,8,0.0,hit wall,4.680499999997405,0,0.8110154842965231,0.8110154842965231,0.0,1.4139364112489796,,0,0,,,,,,0.0009452009761730384,0.02010299781438879,0.0,3.0,0.16464356158366655,hit wall,4.680499999997405,0,0,0,0,0,0,0,,,,,,,,sol_ref_T18_m66_phi0.250.pkl_B_wall2mm_weak_8_0.0,B_wall2mm,weak,sol_ref_T18_m66_phi0.250.pkl
sol_ref_T18_m66_phi0.250_B_wall2mm.pkl,18.0,66.0,0.25,impact,1.1552678365946025,0.002,0.0005,0.001,1,rest,,0.03,0.2,0,0.0,hit wall,4.641999999997427,0,0.8174543856583572,0.8174543856583572,0.0,1.4090070033064404,,0,0,,,,,,0.0009911091697142882,0.020041496246719304,0.0,3.0,0.16898663957669324,hit wall,4.641999999997427,0,0,0,0,0,0,0,,,,,,,,sol_ref_T18_m66_phi0.250.pkl_B_wall2mm_strong_0_0.0,B_wall2mm,strong,sol_ref_T18_m66_phi0.250.pkl
sol_ref_T18_m66_phi0.250_B_wall2mm.pkl,18.0,66.0,0.25,impact,1.1552678365946025,0.002,0.0005,0.001,1,rest,,0.03,0.2,2,0.0,hit wall,4.5819999999974605,0,0.8483932923542934,0.8483932923542934,0.0,1.4148153673865858,,0,0,,,,,,0.0017530968834521543,0.020277504434648097,0.0,2.9,0.2388908155249585,hit wall,4.5819999999974605,0,0,0,0,0,0,0,,,,,,,,sol_ref_T18_m66_phi0.250.pkl_B_wall2mm_strong_2_0.0,B_wall2mm,strong,sol_ref_T18_m66_phi0.250.pkl
sol_ref_T18_m66_phi0.250_B_wall2mm.pkl,18.0,66.0,0.25,impact,1.1552678365946025,0.002,0.0005,0.001,1,rest,,0.01,0.1,9,0.0,hit wall,4.685999999997403,0,0.8098474110940653,0.8098474110940653,0.0,1.4120540828491195,,0,0,,,,,,0.0008114229504730119,0.020036569627530088,0.0,3.6,0.14661466104300647,hit wall,4.685999999997403,0,0,0,0,0,0,0,,,,,,,,sol_ref_T18_m66_phi0.250.pkl_B_wall2mm_weak_9_0.0,B_wall2mm,weak,sol_ref_T18_m66_phi0.250.pkl
sol_ref_T18_m66_phi0.250_B_wall2mm.pkl,18.0,66.0,0.25,impact,1.1552678365946025,0.002,0.0005,0.001,1,rest,,0.01,0.1,7,0.0,hit B's face,6.367499999996475,0,1.1776785423054072,1.1776785423054072,0.0,2.1786263592331268,0.03625761201712795,1,0,5.844999999996762,,,,,0.002079705936111953,0.007911057726270713,0.0,4.4,0.05839908778774479,hit B's face,6.367499999996475,0,0,0,0,0,0,0,5.407999999997003,,,,,,,sol_ref_T18_m66_phi0.250.pkl_B_wall2mm_weak_7_0.0,B_wall2mm,weak,sol_ref_T18_m66_phi0.250.pkl
sol_ref_T18_m66_phi0.250_B_wall2mm.pkl,18.0,66.0,0.25,impact,1.1552678365946025,0.002,0.0005,0.001,1,rest,,0.01,0.1,6,0.0,held B,8.315999999995395,1,1.5069633045381943,1.2286042802942254,1.5069633045381943,3.7032373831475867,0.025594709242744183,1,1,5.844999999996762,6.315499999996504,-0.024306784985627772,-0.024306784985627772,0.008016816380775777,0.057013322528822546,0.0,0.0007656337208505962,5.2,0.031663692234503264,none,,0,0,0,1,1,1,1,5.395999999997009,6.354999999996483,6.376999999996471,,,,,sol_ref_T18_m66_phi0.250.pkl_B_wall2mm_weak_6_0.0,B_wall2mm,weak,sol_ref_T18_m66_phi0.250.pkl
sol_ref_T18_m66_phi0.250_B_wall2mm.pkl,18.0,66.0,0.25,impact,1.1552678365946025,0.002,0.0005,0.001,1,rest,,0.03,0.2,3,0.0,slipped off A,4.882499999997293,0,0.8047581035685987,0.8047581035685987,0.0,1.4827695080805852,,0,0,,,,,,0.002332029864346108,0.013007164121232411,0.0,3.2,0.21339003009987673,slipped off A,4.882499999997293,0,0,0,0,0,0,0,,,,,,,,sol_ref_T18_m66_phi0.250.pkl_B_wall2mm_strong_3_0.0,B_wall2mm,strong,sol_ref_T18_m66_phi0.250.pkl
sol_ref_T18_m66_phi0.250_B_wall2mm.pkl,18.0,66.0,0.25,impact,1.1552678365946025,0.002,0.0005,0.001,1,rest,,0.03,0.2,5,0.0,hit wall,4.694499999997397,0,0.8133279390809399,0.8133279390809399,0.0,1.4315120636480823,,0,0,,,,,,0.001670105270670852,0.02014119781073681,0.0,3.0,0.2328182476809511,hit wall,4.694499999997397,0,0,0,0,0,0,0,,,,,,,,sol_ref_T18_m66_phi0.250.pkl_B_wall2mm_strong_5_0.0,B_wall2mm,strong,sol_ref_T18_m66_phi0.250.pkl
sol_ref_T18_m66_phi0.250_B_wall2mm.pkl,18.0,66.0,0.25,impact,1.1552678365946025,0.002,0.0005,0.001,1,rest,,0.03,0.2,6,0.0,hit wall,4.673499999997411,0,0.8171841125725786,0.8171841125725786,0.0,1.4268665630137118,,0,0,,,,,,0.0015311289135244988,0.020184307688410008,0.0,3.0,0.2313500092671968,hit wall,4.673499999997411,0,0,0,0,0,0,0,,,,,,,,sol_ref_T18_m66_phi0.250.pkl_B_wall2mm_strong_6_0.0,B_wall2mm,strong,sol_ref_T18_m66_phi0.250.pkl
sol_ref_T18_m66_phi0.250_B_wall2mm.pkl,18.0,66.0,0.25,impact,1.1552678365946025,0.002,0.0005,0.001,1,rest,,0.03,0.2,1,0.0,lost hook,6.6104999999963425,0,2.084791945890724,1.1605738751489496,2.084791945890724,2.7737457307032827,0.025030932953556337,1,1,5.844999999996762,6.344999999996489,-0.024982637318242684,-0.024982637318242684,-0.0015541676713213917,0.05063472369565056,0.016224841554155968,0.005878192553137006,4.4,0.11270723374502481,grip capacity exceeded,6.405999999996457,0,0,0,0,0,0,0,5.795999999996788,6.344999999996489,6.384499999996468,6.392999999996466,6.405999999996457,,,sol_ref_T18_m66_phi0.250.pkl_B_wall2mm_strong_1_0.0,B_wall2mm,strong,sol_ref_T18_m66_phi0.250.pkl
sol_ref_T18_m66_phi0.250_B_wall2mm.pkl,18.0,66.0,0.25,impact,1.1552678365946025,0.002,0.0005,0.001,1,rest,,0.03,0.2,8,0.0,hit wall,4.677999999997407,0,0.8102287535211375,0.8102287535211375,0.0,1.4073607469429412,,0,0,,,,,,0.0007114111934667655,0.020120654644075198,0.0,3.0,0.12963635897489834,hit wall,4.677999999997407,0,0,0,0,0,0,0,,,,,,,,sol_ref_T18_m66_phi0.250.pkl_B_wall2mm_strong_8_0.0,B_wall2mm,strong,sol_ref_T18_m66_phi0.250.pkl
sol_ref_T18_m66_phi0.250_B_wall2mm.pkl,18.0,66.0,0.25,impact,1.1552678365946025,0.002,0.0005,0.001,1,rest,,0.03,0.2,7,0.0,hit wall,4.9354999999972655,0,0.8045808330319848,0.8045808330319848,0.0,1.5002803590992315,,0,0,,,,,,0.002374008342866274,0.02004848535356922,0.0,3.2,0.21053340103549134,hit wall,4.9354999999972655,0,0,0,0,0,0,0,,,,,,,,sol_ref_T18_m66_phi0.250.pkl_B_wall2mm_strong_7_0.0,B_wall2mm,strong,sol_ref_T18_m66_phi0.250.pkl
sol_ref_T18_m66_phi0.250_B_wall2mm.pkl,18.0,66.0,0.25,impact,1.1552678365946025,0.002,0.0005,0.001,1,rest,,0.03,0.2,9,0.0,slipped off A,4.8814999999972954,0,0.8048567072988844,0.8048567072988844,0.0,1.480291454277813,,0,0,,,,,,0.002330896940728522,0.010469986089912689,0.0,3.2,0.2014649843095482,slipped off A,4.8814999999972954,0,0,0,0,0,0,0,,,,,,,,sol_ref_T18_m66_phi0.250.pkl_B_wall2mm_strong_9_0.0,B_wall2mm,strong,sol_ref_T18_m66_phi0.250.pkl
sol_ref_T18_m66_phi0.250_B_wall5mm.pkl,18.0,66.0,0.25,impact,1.1846736129490956,0.002,0.0005,0.001,1,rest,,0.0,0.0,0,-0.001,grip capacity exceeded,6.264999999996533,0,2.503984326733962,1.2153337538093805,2.503984326733962,2.4079135064971933,0.02485782585025516,1,1,5.649999999996869,6.120999999996609,-0.024226596343662088,-0.024226596343662088,0.005566285619950923,0.07115793104446788,0.0,0.0,3.8,0.04500612349190682,grip capacity exceeded,6.245999999996542,0,0,0,0,0,0,0,5.19599999999712,6.217499999996559,6.225999999996553,6.236999999996549,6.245999999996542,6.254499999996536,6.264499999996531,sol_ref_T18_m66_phi0.250.pkl_B_wall5mm_none_0_-0.001,B_wall5mm,none,sol_ref_T18_m66_phi0.250.pkl
sol_ref_T18_m66_phi0.250_B_wall5mm.pkl,18.0,66.0,0.25,impact,1.1846736129490956,0.002,0.0005,0.001,1,rest,,0.0,0.0,0,-0.003,grip capacity exceeded,6.235999999996547,0,2.5027012170247236,1.200689880271203,2.5027012170247236,2.3049435458737695,0.025136545809221793,1,1,5.64799999999687,6.1189999999966105,-0.02480691175758354,-0.02480691175758354,0.004057470181106601,0.14482400091804246,0.0,0.0,4.2,0.04500612349190682,grip capacity exceeded,6.223999999996554,0,0,0,0,0,0,0,5.19599999999712,6.214499999996558,6.217499999996559,6.220499999996555,6.223999999996554,6.228999999996553,6.235499999996549,sol_ref_T18_m66_phi0.250.pkl_B_wall5mm_none_0_-0.003,B_wall5mm,none,sol_ref_T18_m66_phi0.250.pkl
sol_ref_T18_m66_phi0.250_B_wall5mm.pkl,18.0,66.0,0.25,impact,1.1846736129490956,0.002,0.0005,0.001,1,rest,,0.0,0.0,0,0.0,lost hook,7.001499999996124,0,2.40539869616791,1.2230253457745985,2.40539869616791,3.347991202540725,0.025133799138831268,1,1,5.65099999999687,6.122499999996609,-0.024280889860467614,-0.024280889860467614,0.00649201407384152,0.24137816100171255,0.022038910041846993,0.7523260464596065,4.9,0.04500612349190682,grip capacity exceeded,6.2569999999965376,0,0,0,0,0,0,0,5.19599999999712,6.216499999996557,6.23349999999655,6.245499999996543,6.2569999999965376,6.270499999996527,,sol_ref_T18_m66_phi0.250.pkl_B_wall5mm_none_0_0.0,B_wall5mm,none,sol_ref_T18_m66_phi0.250.pkl
sol_ref_T18_m66_phi0.250_B_wall5mm.pkl,18.0,66.0,0.25,impact,1.1846736129490956,0.002,0.0005,0.001,1,rest,,0.01,0.1,1,0.0,hit B's face,6.160999999996591,0,1.1922012449399655,1.1922012449399655,0.0,2.138831444006099,0.024270676502110722,1,0,5.65099999999687,,,,,0.0008883881656185921,0.0035253112574304187,0.0,4.2,0.04948086355741334,hit B's face,6.160999999996591,0,0,0,0,0,0,0,5.203999999997116,,,,,,,sol_ref_T18_m66_phi0.250.pkl_B_wall5mm_weak_1_0.0,B_wall5mm,weak,sol_ref_T18_m66_phi0.250.pkl
sol_ref_T18_m66_phi0.250_B_wall5mm.pkl,18.0,66.0,0.25,impact,1.1846736129490956,0.002,0.0005,0.001,1,rest,,0.01,0.1,2,0.0,slipped off A,4.724999999997383,0,0.8330751761886065,0.8330751761886065,0.0,1.4062298216107814,,0,0,,,,,,0.0007402617487597268,3.6279185079025195e-06,0.0,2.9,0.06145895450156995,slipped off A,4.724999999997383,0,0,0,0,0,0,0,,,,,,,,sol_ref_T18_m66_phi0.250.pkl_B_wall5mm_weak_2_0.0,B_wall5mm,weak,sol_ref_T18_m66_phi0.250.pkl
sol_ref_T18_m66_phi0.250_B_wall5mm.pkl,18.0,66.0,0.25,impact,1.1846736129490956,0.002,0.0005,0.001,1,rest,,0.01,0.1,0,0.0,lost hook,7.001499999996124,0,2.40539869616791,1.2230253457745985,2.40539869616791,3.347991202540725,0.025133799138831268,1,1,5.65099999999687,6.122499999996609,-0.024280889860467614,-0.024280889860467614,0.00649201407384152,0.24137816100171255,0.022038910041846993,0.7523260464596065,4.7,0.04500612349190682,grip capacity exceeded,6.2569999999965376,0,0,0,0,0,0,0,5.19599999999712,6.216499999996557,6.23349999999655,6.245499999996543,6.2569999999965376,6.270499999996527,,sol_ref_T18_m66_phi0.250.pkl_B_wall5mm_weak_0_0.0,B_wall5mm,weak,sol_ref_T18_m66_phi0.250.pkl
sol_ref_T18_m66_phi0.250_B_wall5mm.pkl,18.0,66.0,0.25,impact,1.1846736129490956,0.002,0.0005,0.001,1,rest,,0.01,0.1,3,0.0,slipped off A,4.713999999997387,0,0.8337095748466417,0.8337095748466417,0.0,1.4069600621512033,,0,0,,,,,,0.0010126172802478184,0.003198736252644701,0.0,3.2,0.08146431830376091,slipped off A,4.713999999997387,0,0,0,0,0,0,0,,,,,,,,sol_ref_T18_m66_phi0.250.pkl_B_wall5mm_weak_3_0.0,B_wall5mm,weak,sol_ref_T18_m66_phi0.250.pkl
sol_ref_T18_m66_phi0.250_B_wall5mm.pkl,18.0,66.0,0.25,impact,1.1846736129490956,0.002,0.0005,0.001,1,rest,,0.0,0.0,0,0.001,held B,8.123499999995502,1,2.0886632795160507,1.2304461411339789,2.0886632795160507,4.033646674759382,0.02585155298018225,1,1,5.6519999999968675,6.122999999996608,-0.024744309952414945,-0.024744309952414945,0.007484778985780982,0.4482384609324689,0.029886671062341108,0.26947038981965726,5.4,0.04500612349190682,grip capacity exceeded,6.270499999996527,0,0,0,0,0,1,1,5.19599999999712,6.212999999996562,6.236499999996546,6.252499999996537,6.270499999996527,,,sol_ref_T18_m66_phi0.250.pkl_B_wall5mm_none_0_0.001,B_wall5mm,none,sol_ref_T18_m66_phi0.250.pkl
sol_ref_T18_m66_phi0.250_B_wall5mm.pkl,18.0,66.0,0.25,impact,1.1846736129490956,0.002,0.0005,0.001,1,rest,,0.0,0.0,0,0.003,held B,8.126499999995495,1,1.7477180861756716,1.2521687353558084,1.7477180861756716,3.7303265720566277,0.025321450656861123,1,1,5.653999999996866,6.125999999996605,-0.02424020606916466,-0.02424020606916466,0.007320401156513577,0.0456303696959216,0.0,0.0015977187983567467,5.2,0.04500612349190682,none,,0,0,0,1,1,1,1,5.19599999999712,5.653499999996868,6.339499999996487,,,,,sol_ref_T18_m66_phi0.250.pkl_B_wall5mm_none_0_0.003,B_wall5mm,none,sol_ref_T18_m66_phi0.250.pkl
sol_ref_T18_m66_phi0.250_B_wall5mm.pkl,18.0,66.0,0.25,impact,1.1846736129490956,0.002,0.0005,0.001,1,rest,,0.01,0.1,4,0.0,hit wall,4.596499999997452,0,0.8378534380243786,0.8378534380243786,0.0,1.3907135581588854,,0,0,,,,,,0.0016144332289378394,0.020072309171904446,0.0,2.9,0.2107159130940156,hit wall,4.596499999997452,0,0,0,0,0,0,0,,,,,,,,sol_ref_T18_m66_phi0.250.pkl_B_wall5mm_weak_4_0.0,B_wall5mm,weak,sol_ref_T18_m66_phi0.250.pkl
sol_ref_T18_m66_phi0.250_B_wall5mm.pkl,18.0,66.0,0.25,impact,1.1846736129490956,0.002,0.0005,0.001,1,rest,,0.03,0.2,4,0.0,hit wall,0.30499999999983274,0,0.6788837826242848,0.6788837826242848,0.0,0.08972628072499375,,0,0,,,,,,0.0,0.02001141209674179,0.0,0.2,0.18011653253755022,hit wall,0.30499999999983274,0,0,0,0,0,0,0,,,,,,,,sol_ref_T18_m66_phi0.250.pkl_B_wall5mm_strong_4_0.0,B_wall5mm,strong,sol_ref_T18_m66_phi0.250.pkl
sol_ref_T18_m66_phi0.250_B_wall5mm.pkl,18.0,66.0,0.25,impact,1.1846736129490956,0.002,0.0005,0.001,1,rest,,0.01,0.1,5,0.0,slipped off A,4.668499999997412,0,0.8391615262556915,0.8391615262556915,0.0,1.4220833434378775,,0,0,,,,,,0.0019683358983637045,0.014079726951732284,0.0,2.7,0.23405927821015426,slipped off A,4.668499999997412,0,0,0,0,0,0,0,,,,,,,,sol_ref_T18_m66_phi0.250.pkl_B_wall5mm_weak_5_0.0,B_wall5mm,weak,sol_ref_T18_m66_phi0.250.pkl
sol_ref_T18_m66_phi0.250_B_wall5mm.pkl,18.0,66.0,0.25,impact,1.1846736129490956,0.002,0.0005,0.001,1,rest,,0.01,0.1,8,0.0,slipped off A,4.674499999997408,0,0.8358930054951873,0.8358930054951873,0.0,1.4065912978645125,,0,0,,,,,,0.0013597667049034812,0.0060473230789443305,0.0,3.0,0.15736162959894318,slipped off A,4.674499999997408,0,0,0,0,0,0,0,,,,,,,,sol_ref_T18_m66_phi0.250.pkl_B_wall5mm_weak_8_0.0,B_wall5mm,weak,sol_ref_T18_m66_phi0.250.pkl
sol_ref_T18_m66_phi0.250_B_wall5mm.pkl,18.0,66.0,0.25,impact,1.1846736129490956,0.002,0.0005,0.001,1,rest,,0.01,0.1,9,0.0,slipped off A,4.674999999997411,0,0.8352763764050385,0.8352763764050385,0.0,1.4033520671090038,,0,0,,,,,,0.0012128326842906212,0.004788691710433873,0.0,3.2,0.14059666160480908,slipped off A,4.674999999997411,0,0,0,0,0,0,0,,,,,,,,sol_ref_T18_m66_phi0.250.pkl_B_wall5mm_weak_9_0.0,B_wall5mm,weak,sol_ref_T18_m66_phi0.250.pkl
sol_ref_T18_m66_phi0.250_B_wall5mm.pkl,18.0,66.0,0.25,impact,1.1846736129490956,0.002,0.0005,0.001,1,rest,,0.03,0.2,0,0.0,hit wall,4.587999999997457,0,0.836797971173141,0.836797971173141,0.0,1.383003856508036,,0,0,,,,,,0.0014324600624557038,0.02004422263992056,0.0,2.9,0.18437252464131262,hit wall,4.587999999997457,0,0,0,0,0,0,0,,,,,,,,sol_ref_T18_m66_phi0.250.pkl_B_wall5mm_strong_0_0.0,B_wall5mm,strong,sol_ref_T18_m66_phi0.250.pkl
sol_ref_T18_m66_phi0.250_B_wall5mm.pkl,18.0,66.0,0.25,impact,1.1846736129490956,0.002,0.0005,0.001,1,rest,,0.03,0.2,2,0.0,hit wall,4.477999999997518,0,0.8435733598704096,0.8435733598704096,0.0,1.379935096614541,,0,0,,,,,,0.0023997516054313217,0.02017583500125325,0.0,2.9,0.26865230040705257,hit wall,4.477999999997518,0,0,0,0,0,0,0,,,,,,,,sol_ref_T18_m66_phi0.250.pkl_B_wall5mm_strong_2_0.0,B_wall5mm,strong,sol_ref_T18_m66_phi0.250.pkl
sol_ref_T18_m66_phi0.250_B_wall5mm.pkl,18.0,66.0,0.25,impact,1.1846736129490956,0.002,0.0005,0.001,1,rest,,0.01,0.1,6,0.0,lost hook,7.001499999996124,0,2.40539869616791,1.2230253457745985,2.40539869616791,3.347991202540725,0.025133799138831268,1,1,5.65099999999687,6.122499999996609,-0.024280889860467614,-0.024280889860467614,0.00649201407384152,0.24137816100171255,0.022038910041846993,0.7523260464596065,4.7,0.04500612349190682,grip capacity exceeded,6.2569999999965376,0,0,0,0,0,0,0,5.19599999999712,6.216499999996557,6.23349999999655,6.245499999996543,6.2569999999965376,6.270499999996527,,sol_ref_T18_m66_phi0.250.pkl_B_wall5mm_weak_6_0.0,B_wall5mm,weak,sol_ref_T18_m66_phi0.250.pkl
sol_ref_T18_m66_phi0.250_B_wall5mm.pkl,18.0,66.0,0.25,impact,1.1846736129490956,0.002,0.0005,0.001,1,rest,,0.03,0.2,3,0.0,slipped off A,4.710999999997391,0,0.8352400534715677,0.8352400534715677,0.0,1.420102927120932,,0,0,,,,,,0.0018452112274914279,0.01109172687910909,0.0,3.0,0.1506541475113001,slipped off A,4.710999999997391,0,0,0,0,0,0,0,,,,,,,,sol_ref_T18_m66_phi0.250.pkl_B_wall5mm_strong_3_0.0,B_wall5mm,strong,sol_ref_T18_m66_phi0.250.pkl
sol_ref_T18_m66_phi0.250_B_wall5mm.pkl,18.0,66.0,0.25,impact,1.1846736129490956,0.002,0.0005,0.001,1,rest,,0.03,0.2,5,0.0,slipped off A,4.673499999997411,0,0.838419697603017,0.838419697603017,0.0,1.4187390288854296,,0,0,,,,,,0.0020386056734642555,0.013415507317388352,0.0,3.0,0.2112625925226828,slipped off A,4.673499999997411,0,0,0,0,0,0,0,,,,,,,,sol_ref_T18_m66_phi0.250.pkl_B_wall5mm_strong_5_0.0,B_wall5mm,strong,sol_ref_T18_m66_phi0.250.pkl
sol_ref_T18_m66_phi0.250_B_wall5mm.pkl,18.0,66.0,0.25,impact,1.1846736129490956,0.002,0.0005,0.001,1,rest,,0.01,0.1,7,0.0,hit B's face,6.169499999996585,0,1.1781794691278398,1.1781794691278398,0.0,2.1293110983748034,0.04386498764749081,1,0,5.65099999999687,,,,,0.0014158078161692345,0.003976373842225888,0.0,4.4,0.059393438352344674,hit B's face,6.169499999996585,0,0,0,0,0,0,0,5.201999999997117,,,,,,,sol_ref_T18_m66_phi0.250.pkl_B_wall5mm_weak_7_0.0,B_wall5mm,weak,sol_ref_T18_m66_phi0.250.pkl
sol_ref_T18_m66_phi0.250_B_wall5mm.pkl,18.0,66.0,0.25,impact,1.1846736129490956,0.002,0.0005,0.001,1,rest,,0.03,0.2,6,0.0,slipped off A,4.668999999997414,0,0.8386658709957892,0.8386658709957892,0.0,1.4195137104693887,,0,0,,,,,,0.0019395627742556654,0.013046306358859668,0.0,2.7,0.2223634238142908,slipped off A,4.668999999997414,0,0,0,0,0,0,0,,,,,,,,sol_ref_T18_m66_phi0.250.pkl_B_wall5mm_strong_6_0.0,B_wall5mm,strong,sol_ref_T18_m66_phi0.250.pkl
sol_ref_T18_m66_phi0.250_B_wall5mm.pkl,18.0,66.0,0.25,impact,1.1846736129490956,0.002,0.0005,0.001,1,rest,,0.03,0.2,1,0.0,hit B's face,6.205499999996565,0,1.128873875252353,1.128873875252353,0.0,2.138514998453537,0.06279290000500909,1,0,5.65099999999687,,,,,0.0013504529659625897,0.016089493698594276,0.0,4.2,0.12863734335953508,hit B's face,6.205499999996565,0,0,0,0,0,0,0,5.225999999997104,,,,,,,sol_ref_T18_m66_phi0.250.pkl_B_wall5mm_strong_1_0.0,B_wall5mm,strong,sol_ref_T18_m66_phi0.250.pkl
sol_ref_T18_m66_phi0.250_B_wall5mm.pkl,18.0,66.0,0.25,impact,1.1846736129490956,0.002,0.0005,0.001,1,rest,,0.03,0.2,7,0.0,hit wall,4.769999999997356,0,0.8359694635033993,0.8359694635033993,0.0,1.4378904461531261,,0,0,,,,,,0.001960872770073341,0.020002901777197695,0.0,3.0,0.1661626177565832,hit wall,4.769999999997356,0,0,0,0,0,0,0,,,,,,,,sol_ref_T18_m66_phi0.250.pkl_B_wall5mm_strong_7_0.0,B_wall5mm,strong,sol_ref_T18_m66_phi0.250.pkl
sol_ref_T18_m66_phi0.250_B_wall5mm.pkl,18.0,66.0,0.25,impact,1.1846736129490956,0.002,0.0005,0.001,1,rest,,0.03,0.2,9,0.0,slipped off A,4.705999999997392,0,0.8358239203293332,0.8358239203293332,0.0,1.416934719257994,,0,0,,,,,,0.0017173924028595633,0.009363990746658172,0.0,2.9,0.14597916701464314,slipped off A,4.705999999997392,0,0,0,0,0,0,0,,,,,,,,sol_ref_T18_m66_phi0.250.pkl_B_wall5mm_strong_9_0.0,B_wall5mm,strong,sol_ref_T18_m66_phi0.250.pkl
sol_ref_T18_m66_phi0.250_B_wall5mm.pkl,18.0,66.0,0.25,impact,1.1846736129490956,0.002,0.0005,0.001,1,rest,,0.03,0.2,8,0.0,hit wall,4.611999999997444,0,0.8347226734199519,0.8347226734199519,0.0,1.3792809089213451,,0,0,,,,,,0.0011561216734471413,0.020061302596930786,0.0,3.1,0.12614193706674082,hit wall,4.611999999997444,0,0,0,0,0,0,0,,,,,,,,sol_ref_T18_m66_phi0.250.pkl_B_wall5mm_strong_8_0.0,B_wall5mm,strong,sol_ref_T18_m66_phi0.250.pkl
sol_ref_T18_m66_phi0.250_B_cone5.pkl,18.0,66.0,0.25,impact,1.1433508224700744,0.002,0.0005,0.001,1,rest,,0.0,0.0,0,-0.001,held B,8.146999999995487,1,1.5129268364641735,1.2142108129685394,1.5129268364641735,3.625831813635692,0.025779218834294997,1,1,5.678499999996852,6.146499999996593,-0.024065166859172038,-0.024065166859172038,0.00924315247881791,0.05482812094836481,0.0018293108497021565,0.0,5.1,0.04043318158345818,none,,0,0,0,1,1,1,1,5.233999999997099,6.185999999996572,6.203499999996563,,,,,sol_ref_T18_m66_phi0.250.pkl_B_cone5_none_0_-0.001,B_cone5,none,sol_ref_T18_m66_phi0.250.pkl
sol_ref_T18_m66_phi0.250_B_cone5.pkl,18.0,66.0,0.25,impact,1.1433508224700744,0.002,0.0005,0.001,1,rest,,0.0,0.0,0,-0.003,held B,8.143499999995491,1,1.520672559311982,1.1885067039555504,1.520672559311982,3.616212333417615,0.025620385849750384,1,1,5.676499999996853,6.142999999996597,-0.024501293705026406,-0.024501293705026406,0.007489377669080603,0.04510273955452987,0.0018293108497021565,0.0,5.2,0.04043318158345818,none,,0,0,0,1,1,1,1,5.233999999997099,6.1814999999965785,6.19749999999657,,,,,sol_ref_T18_m66_phi0.250.pkl_B_cone5_none_0_-0.003,B_cone5,none,sol_ref_T18_m66_phi0.250.pkl
sol_ref_T18_m66_phi0.250_B_cone5.pkl,18.0,66.0,0.25,impact,1.1433508224700744,0.002,0.0005,0.001,1,rest,,0.0,0.0,0,0.0,held B,8.147999999995484,1,1.5143273792377248,1.2232304124398015,1.5143273792377248,3.628161461591585,0.0272911058811865,1,1,5.679499999996853,6.147499999996594,-0.024880655216198644,-0.024880655216198644,0.011214163197973335,0.05566324942593262,0.0018293108497021565,0.002570789936788307,5.2,0.04043318158345818,none,,0,0,0,1,1,1,1,5.233999999997099,6.147499999996594,6.205499999996562,,,,,sol_ref_T18_m66_phi0.250.pkl_B_cone5_none_0_0.0,B_cone5,none,sol_ref_T18_m66_phi0.250.pkl
sol_ref_T18_m66_phi0.250_B_cone5.pkl,18.0,66.0,0.25,impact,1.1433508224700744,0.002,0.0005,0.001,1,rest,,0.01,0.1,0,0.0,held B,8.147999999995484,1,1.5143273792377248,1.2232304124398015,1.5143273792377248,3.628161461591585,0.0272911058811865,1,1,5.679499999996853,6.147499999996594,-0.024880655216198644,-0.024880655216198644,0.011214163197973335,0.05566324942593262,0.0018293108497021565,0.002570789936788307,4.8,0.04043318158345818,none,,0,0,0,1,1,1,1,5.233999999997099,6.147499999996594,6.205499999996562,,,,,sol_ref_T18_m66_phi0.250.pkl_B_cone5_weak_0_0.0,B_cone5,weak,sol_ref_T18_m66_phi0.250.pkl
sol_ref_T18_m66_phi0.250_B_cone5.pkl,18.0,66.0,0.25,impact,1.1433508224700744,0.002,0.0005,0.001,1,rest,,0.0,0.0,0,0.001,held B,8.150499999995482,1,1.5291362521856555,1.2523227174693032,1.5291362521856555,3.6671491604578086,0.027437573572974227,1,1,5.680499999996851,6.1499999999965915,-0.024778513817132808,-0.024778513817132808,0.011783280383090788,0.04619851499848869,0.0018293108497021565,0.003228788662376733,5.1,0.04043318158345818,none,,0,0,0,1,1,1,1,5.233999999997099,5.679999999996852,6.2059999999965605,,,,,sol_ref_T18_m66_phi0.250.pkl_B_cone5_none_0_0.001,B_cone5,none,sol_ref_T18_m66_phi0.250.pkl
sol_ref_T18_m66_phi0.250_B_cone5.pkl,18.0,66.0,0.25,impact,1.1433508224700744,0.002,0.0005,0.001,1,rest,,0.0,0.0,0,0.003,lost hook,7.943999999995597,0,1.6175264512252068,1.2894690091715315,1.6175264512252068,3.645535083817742,0.02819379268128887,1,1,5.68249999999685,6.154499999996588,-0.024787664600922188,-0.024787664600922188,0.01343360076032063,0.04722767798969252,0.0018293108497021565,0.010867213260518718,5.2,0.04043318158345818,lost hook,7.943999999995597,0,0,0,0,0,0,0,5.233999999997099,5.679999999996852,6.206999999996562,,,,,sol_ref_T18_m66_phi0.250.pkl_B_cone5_none_0_0.003,B_cone5,none,sol_ref_T18_m66_phi0.250.pkl
sol_ref_T18_m66_phi0.250_B_cone5.pkl,18.0,66.0,0.25,impact,1.1433508224700744,0.002,0.0005,0.001,1,rest,,0.01,0.1,4,0.0,hit wall,4.500999999997507,0,0.8305098758280796,0.8305098758280796,0.0,1.359161782452425,,0,0,,,,,,0.0020253303234044062,0.02006433115448425,0.0,3.0,0.1442251185165183,hit wall,4.500999999997507,0,0,0,0,0,0,0,,,,,,,,sol_ref_T18_m66_phi0.250.pkl_B_cone5_weak_4_0.0,B_cone5,weak,sol_ref_T18_m66_phi0.250.pkl
sol_ref_T18_m66_phi0.250_B_cone5.pkl,18.0,66.0,0.25,impact,1.1433508224700744,0.002,0.0005,0.001,1,rest,,0.01,0.1,1,0.0,held B,8.162999999995478,1,1.7909689300645653,1.187332410548686,1.7909689300645653,3.6723866607278937,0.023988709117844887,1,1,5.679499999996853,6.162499999996584,-0.02392940612912975,-0.02392940612912975,0.0016857305382954849,0.07202021576141057,0.008129294785303252,0.0,5.1,0.04718102387920234,none,,0,0,0,0,1,1,1,5.251999999997089,6.198499999996564,6.2059999999965605,6.219499999996554,,,,sol_ref_T18_m66_phi0.250.pkl_B_cone5_weak_1_0.0,B_cone5,weak,sol_ref_T18_m66_phi0.250.pkl
sol_ref_T18_m66_phi0.250_B_cone5.pkl,18.0,66.0,0.25,impact,1.1433508224700744,0.002,0.0005,0.001,1,rest,,0.01,0.1,2,0.0,held B,8.143499999995491,1,1.5316526310840204,1.2244352590471892,1.5316526310840204,3.7025312419851626,0.053236157605816105,1,1,5.679499999996853,6.142999999996597,-0.02457313011661988,-0.02457313011661988,0.04722552014433468,0.07945019801264586,0.00975280265022371,0.03967072047173207,5.2,0.061947603471658085,none,,0,0,0,1,1,1,1,5.24999999999709,6.217999999996557,6.237999999996546,,,,,sol_ref_T18_m66_phi0.250.pkl_B_cone5_weak_2_0.0,B_cone5,weak,sol_ref_T18_m66_phi0.250.pkl
sol_ref_T18_m66_phi0.250_B_cone5.pkl,18.0,66.0,0.25,impact,1.1433508224700744,0.002,0.0005,0.001,1,rest,,0.03,0.2,2,0.0,hit wall,2.364999999998691,0,0.6641948580204771,0.6641948580204771,0.0,0.6108621249073629,,0,0,,,,,,0.002135834669502734,0.020012873060231508,0.0,1.5,0.19670636518492746,hit wall,2.364999999998691,0,0,0,0,0,0,0,,,,,,,,sol_ref_T18_m66_phi0.250.pkl_B_cone5_strong_2_0.0,B_cone5,strong,sol_ref_T18_m66_phi0.250.pkl
sol_ref_T18_m66_phi0.250_B_cone5.pkl,18.0,66.0,0.25,impact,1.1433508224700744,0.002,0.0005,0.001,1,rest,,0.01,0.1,3,0.0,lost hook,7.780999999995689,0,1.8135024166272675,1.209921972361566,1.8135024166272675,3.677900212696435,0.05233158046712504,1,1,5.679499999996853,6.154499999996588,-0.01704986847828982,-0.01704986847828982,0.0494762195308029,0.09135904826916058,0.04765580381812917,0.10204986847828981,5.1,0.09092465060709368,lost hook,7.780999999995689,0,0,0,0,0,0,0,5.257999999997086,6.217999999996554,6.238499999996542,7.262499999995974,,,,sol_ref_T18_m66_phi0.250.pkl_B_cone5_weak_3_0.0,B_cone5,weak,sol_ref_T18_m66_phi0.250.pkl
sol_ref_T18_m66_phi0.250_B_cone5.pkl,18.0,66.0,0.25,impact,1.1433508224700744,0.002,0.0005,0.001,1,rest,,0.03,0.2,4,0.0,hit wall,0.30949999999982936,0,0.6735957824189515,0.6735957824189515,0.0,0.08868672593927458,,0,0,,,,,,0.0,0.020019434916912392,0.0,0.2,0.1787846600077027,hit wall,0.30949999999982936,0,0,0,0,0,0,0,,,,,,,,sol_ref_T18_m66_phi0.250.pkl_B_cone5_strong_4_0.0,B_cone5,strong,sol_ref_T18_m66_phi0.250.pkl
sol_ref_T18_m66_phi0.250_B_cone5.pkl,18.0,66.0,0.25,impact,1.1433508224700744,0.002,0.0005,0.001,1,rest,,0.01,0.1,8,0.0,slipped off A,4.7349999999973775,0,0.8284028394934025,0.8284028394934025,0.0,1.4068512917961564,,0,0,,,,,,0.002254472886996428,0.010223489792607524,0.0,2.7,0.16135439017488667,slipped off A,4.7349999999973775,0,0,0,0,0,0,0,,,,,,,,sol_ref_T18_m66_phi0.250.pkl_B_cone5_weak_8_0.0,B_cone5,weak,sol_ref_T18_m66_phi0.250.pkl
sol_ref_T18_m66_phi0.250_B_cone5.pkl,18.0,66.0,0.25,impact,1.1433508224700744,0.002,0.0005,0.001,1,rest,,0.01,0.1,5,0.0,slipped off A,4.725999999997381,0,0.8319958765838594,0.8319958765838594,0.0,1.4239014026613879,,0,0,,,,,,0.002250790964615723,0.018141548115283544,0.0,3.0,0.24655516139560252,slipped off A,4.725999999997381,0,0,0,0,0,0,0,,,,,,,,sol_ref_T18_m66_phi0.250.pkl_B_cone5_weak_5_0.0,B_cone5,weak,sol_ref_T18_m66_phi0.250.pkl
sol_ref_T18_m66_phi0.250_B_cone5.pkl,18.0,66.0,0.25,impact,1.1433508224700744,0.002,0.0005,0.001,1,rest,,0.03,0.2,0,0.0,hit wall,4.4899999999975115,0,0.8292454790069355,0.8292454790069355,0.0,1.3529504890850883,,0,0,,,,,,0.0017346131350325367,0.02011351716594406,0.0,2.9,0.11841814072360668,hit wall,4.4899999999975115,0,0,0,0,0,0,0,,,,,,,,sol_ref_T18_m66_phi0.250.pkl_B_cone5_strong_0_0.0,B_cone5,strong,sol_ref_T18_m66_phi0.250.pkl
sol_ref_T18_m66_phi0.250_B_cone5.pkl,18.0,66.0,0.25,impact,1.1433508224700744,0.002,0.0005,0.001,1,rest,,0.01,0.1,9,0.0,slipped off A,4.737499999997375,0,0.8276974114181233,0.8276974114181233,0.0,1.403996452831318,,0,0,,,,,,0.0023325862693837074,0.008957196073979955,0.0,3.0,0.14332557423946055,slipped off A,4.737499999997375,0,0,0,0,0,0,0,,,,,,,,sol_ref_T18_m66_phi0.250.pkl_B_cone5_weak_9_0.0,B_cone5,weak,sol_ref_T18_m66_phi0.250.pkl
sol_ref_T18_m66_phi0.250_B_cone5.pkl,18.0,66.0,0.25,impact,1.1433508224700744,0.002,0.0005,0.001,1,rest,,0.03,0.2,1,0.0,hit wall,5.009999999997223,0,0.825138722748939,0.825138722748939,0.0,1.4963341335223614,,0,0,,,,,,0.0025859022100950535,0.020001394443459962,0.0,3.3,0.12259421571396727,hit wall,5.009999999997223,0,0,0,0,0,0,0,,,,,,,,sol_ref_T18_m66_phi0.250.pkl_B_cone5_strong_1_0.0,B_cone5,strong,sol_ref_T18_m66_phi0.250.pkl
sol_ref_T18_m66_phi0.250_B_cone5.pkl,18.0,66.0,0.25,impact,1.1433508224700744,0.002,0.0005,0.001,1,rest,,0.01,0.1,7,0.0,hit B's face,6.201499999996564,0,1.1608186455524736,1.1608186455524736,0.0,2.1057400534116786,0.04148123849167183,1,0,5.679499999996853,,,,,0.0034637714953725807,0.010026800007690441,0.0,4.2,0.059074431504624214,hit B's face,6.201499999996564,0,0,0,0,0,0,0,5.257999999997086,,,,,,,sol_ref_T18_m66_phi0.250.pkl_B_cone5_weak_7_0.0,B_cone5,weak,sol_ref_T18_m66_phi0.250.pkl
sol_ref_T18_m66_phi0.250_B_cone5.pkl,18.0,66.0,0.25,impact,1.1433508224700744,0.002,0.0005,0.001,1,rest,,0.03,0.2,3,0.0,slipped off A,4.7729999999973565,0,0.8285335789134164,0.8285335789134164,0.0,1.4228426583453353,,0,0,,,,,,0.00241756071117738,0.015285583010342229,0.0,3.0,0.16579645001687487,slipped off A,4.7729999999973565,0,0,0,0,0,0,0,,,,,,,,sol_ref_T18_m66_phi0.250.pkl_B_cone5_strong_3_0.0,B_cone5,strong,sol_ref_T18_m66_phi0.250.pkl
sol_ref_T18_m66_phi0.250_B_cone5.pkl,18.0,66.0,0.25,impact,1.1433508224700744,0.002,0.0005,0.001,1,rest,,0.01,0.1,6,0.0,held B,8.147999999995484,1,1.5143273792377248,1.2232304124398015,1.5143273792377248,3.628161461591585,0.0272911058811865,1,1,5.679499999996853,6.147499999996594,-0.024880655216198644,-0.024880655216198644,0.011214163197973335,0.05566324942593262,0.0018293108497021565,0.002570789936788307,5.4,0.04043318158345818,none,,0,0,0,1,1,1,1,5.233999999997099,6.147499999996594,6.205499999996562,,,,,sol_ref_T18_m66_phi0.250.pkl_B_cone5_weak_6_0.0,B_cone5,weak,sol_ref_T18_m66_phi0.250.pkl
sol_ref_T18_m66_phi0.250_B_cone5.pkl,18.0,66.0,0.25,impact,1.1433508224700744,0.002,0.0005,0.001,1,rest,,0.03,0.2,7,0.0,hit wall,4.809999999997334,0,0.827532367520587,0.827532367520587,0.0,1.4327750330309048,,0,0,,,,,,0.0024452871877576055,0.020028773980438574,0.0,2.7,0.16591576406543043,hit wall,4.809999999997334,0,0,0,0,0,0,0,,,,,,,,sol_ref_T18_m66_phi0.250.pkl_B_cone5_strong_7_0.0,B_cone5,strong,sol_ref_T18_m66_phi0.250.pkl
sol_ref_T18_m66_phi0.250_B_cone5.pkl,18.0,66.0,0.25,impact,1.1433508224700744,0.002,0.0005,0.001,1,rest,,0.03,0.2,5,0.0,slipped off A,4.7299999999973785,0,0.8311221407672597,0.8311221407672597,0.0,1.4200620639052728,,0,0,,,,,,0.002010903306693179,0.017511416555034003,0.0,3.2,0.22411084295782205,slipped off A,4.7299999999973785,0,0,0,0,0,0,0,,,,,,,,sol_ref_T18_m66_phi0.250.pkl_B_cone5_strong_5_0.0,B_cone5,strong,sol_ref_T18_m66_phi0.250.pkl
sol_ref_T18_m66_phi0.250_B_cone5.pkl,18.0,66.0,0.25,impact,1.1433508224700744,0.002,0.0005,0.001,1,rest,,0.03,0.2,6,0.0,slipped off A,4.72799999999738,0,0.8314383269110271,0.8314383269110271,0.0,1.4214544254976547,,0,0,,,,,,0.002131982737220539,0.017145290530767705,0.0,3.0,0.23370433140954827,slipped off A,4.72799999999738,0,0,0,0,0,0,0,,,,,,,,sol_ref_T18_m66_phi0.250.pkl_B_cone5_strong_6_0.0,B_cone5,strong,sol_ref_T18_m66_phi0.250.pkl
sol_ref_T18_m66_phi0.250_B_cone5.pkl,18.0,66.0,0.25,impact,1.1433508224700744,0.002,0.0005,0.001,1,rest,,0.03,0.2,8,0.0,slipped off A,4.735499999997376,0,0.8268949418507547,0.8268949418507547,0.0,1.3990036333387335,,0,0,,,,,,0.002210616193270898,0.01836500221057563,0.0,2.9,0.1278452208243676,slipped off A,4.735499999997376,0,0,0,0,0,0,0,,,,,,,,sol_ref_T18_m66_phi0.250.pkl_B_cone5_strong_8_0.0,B_cone5,strong,sol_ref_T18_m66_phi0.250.pkl
sol_ref_T18_m66_phi0.250_B_cone5.pkl,18.0,66.0,0.25,impact,1.1433508224700744,0.002,0.0005,0.001,1,rest,,0.03,0.2,9,0.0,slipped off A,4.766499999997357,0,0.8284046973694654,0.8284046973694654,0.0,1.4187280151805164,,0,0,,,,,,0.0024086178668001335,0.013456850114935626,0.0,3.0,0.1582556868097705,slipped off A,4.766499999997357,0,0,0,0,0,0,0,,,,,,,,sol_ref_T18_m66_phi0.250.pkl_B_cone5_strong_9_0.0,B_cone5,strong,sol_ref_T18_m66_phi0.250.pkl
sol_ref_T18_m66_phi0.250_B_cone10.pkl,18.0,66.0,0.25,impact,1.1585689459839539,0.002,0.0005,0.001,1,rest,,0.0,0.0,0,-0.003,lost hook,6.472499999996419,0,1.8761523833057363,1.1866855289157947,1.8761523833057363,2.6837793880079563,0.02438059091082998,1,1,5.736999999996822,6.212999999996562,-0.024211921475276288,-0.024211921475276288,0.0028628782084294813,0.0042878910863585196,0.0020482789188821827,0.01000779481466016,4.4,0.03821889441653343,lost hook,6.472499999996419,0,0,0,0,0,0,0,5.299999999997063,6.301999999996514,6.323499999996503,6.343999999996491,,,,sol_ref_T18_m66_phi0.250.pkl_B_cone10_none_0_-0.003,B_cone10,none,sol_ref_T18_m66_phi0.250.pkl
sol_ref_T18_m66_phi0.250_B_cone10.pkl,18.0,66.0,0.25,impact,1.1585689459839539,0.002,0.0005,0.001,1,rest,,0.0,0.0,0,0.0,held B,8.218499999995444,1,1.5429245516094474,1.2208419880267052,1.5429245516094474,3.718867835625261,0.025409651650578575,1,1,5.739999999996819,6.217999999996554,-0.024478056470937926,-0.024478056470937926,0.006817268397923361,0.06912077606538539,0.0020482789188821827,0.0,5.4,0.03821889441653343,none,,0,0,0,1,1,1,1,5.299999999997063,6.217999999996554,6.26499999999653,,,,,sol_ref_T18_m66_phi0.250.pkl_B_cone10_none_0_0.0,B_cone10,none,sol_ref_T18_m66_phi0.250.pkl
sol_ref_T18_m66_phi0.250_B_cone10.pkl,18.0,66.0,0.25,impact,1.1585689459839539,0.002,0.0005,0.001,1,rest,,0.01,0.1,4,0.0,hit wall,4.575499999997465,0,0.8434290629259045,0.8434290629259045,0.0,1.3882785575466017,,0,0,,,,,,0.001754669202625514,0.020125320493677823,0.0,2.8,0.1894400061067878,hit wall,4.575499999997465,0,0,0,0,0,0,0,,,,,,,,sol_ref_T18_m66_phi0.250.pkl_B_cone10_weak_4_0.0,B_cone10,weak,sol_ref_T18_m66_phi0.250.pkl
sol_ref_T18_m66_phi0.250_B_cone10.pkl,18.0,66.0,0.25,impact,1.1585689459839539,0.002,0.0005,0.001,1,rest,,0.0,0.0,0,-0.001,held B,8.216999999995451,1,1.524583231175898,1.2123763178383586,1.524583231175898,3.70243493901372,0.02462820143401615,1,1,5.738999999996821,6.216499999996557,-0.024075296387285228,-0.024075296387285228,0.00518925907416906,0.06298630741495057,0.0020482789188821827,0.0,5.3,0.03821889441653343,none,,0,0,0,1,1,1,1,5.299999999997063,6.249499999996541,6.267499999996531,,,,,sol_ref_T18_m66_phi0.250.pkl_B_cone10_none_0_-0.001,B_cone10,none,sol_ref_T18_m66_phi0.250.pkl
sol_ref_T18_m66_phi0.250_B_cone10.pkl,18.0,66.0,0.25,impact,1.1585689459839539,0.002,0.0005,0.001,1,rest,,0.01,0.1,2,0.0,grip capacity exceeded,6.668999999996309,0,2.5834945809009833,1.2322650070091605,2.5834945809009833,2.903640906392909,0.052758611924687976,1,1,5.739999999996819,6.208999999996561,-0.018275059980361164,-0.018275059980361164,0.049492356126315404,0.20272341650085543,0.07509889380224655,0.04827505998036117,4.3,0.06932750303766996,grip capacity exceeded,6.346499999996485,0,0,0,0,0,0,0,5.309999999997057,6.30549999999651,6.320999999996502,6.334499999996492,6.346499999996485,6.361999999996478,6.668499999996307,sol_ref_T18_m66_phi0.250.pkl_B_cone10_weak_2_0.0,B_cone10,weak,sol_ref_T18_m66_phi0.250.pkl
sol_ref_T18_m66_phi0.250_B_cone10.pkl,18.0,66.0,0.25,impact,1.1585689459839539,0.002,0.0005,0.001,1,rest,,0.01,0.1,3,0.0,lost hook,6.542999999996379,0,2.162608831752879,1.22283239794328,2.162608831752879,2.8466108128561323,0.04917756660408294,1,1,5.739999999996819,6.222999999996553,-0.0025301646202851025,-0.0025301646202851025,0.04911243553412182,0.018566027151002706,0.08056938040724448,0.049579111165380496,4.4,0.1006483575100016,grip capacity exceeded,6.34149999999649,0,0,0,0,0,0,0,5.313999999997055,6.222999999996553,6.313999999996504,6.326999999996499,6.34149999999649,,,sol_ref_T18_m66_phi0.250.pkl_B_cone10_weak_3_0.0,B_cone10,weak,sol_ref_T18_m66_phi0.250.pkl
sol_ref_T18_m66_phi0.250_B_cone10.pkl,18.0,66.0,0.25,impact,1.1585689459839539,0.002,0.0005,0.001,1,rest,,0.01,0.1,0,0.0,held B,8.218499999995444,1,1.5429245516094474,1.2208419880267052,1.5429245516094474,3.718867835625261,0.025409651650578575,1,1,5.739999999996819,6.217999999996554,-0.024478056470937926,-0.024478056470937926,0.006817268397923361,0.06912077606538539,0.0020482789188821827,0.0,4.7,0.03821889441653343,none,,0,0,0,1,1,1,1,5.299999999997063,6.217999999996554,6.26499999999653,,,,,sol_ref_T18_m66_phi0.250.pkl_B_cone10_weak_0_0.0,B_cone10,weak,sol_ref_T18_m66_phi0.250.pkl
sol_ref_T18_m66_phi0.250_B_cone10.pkl,18.0,66.0,0.25,impact,1.1585689459839539,0.002,0.0005,0.001,1,rest,,0.0,0.0,0,0.003,held B,8.22549999999545,1,1.6671655297113464,1.2799880682858076,1.6671655297113464,3.709957549158194,0.026207743579546028,1,1,5.742999999996819,6.224999999996555,-0.024449025925830092,-0.024449025925830092,0.00943880049631965,0.05516886413411631,0.0020482789188821827,0.0,5.3,0.03821889441653343,none,,0,0,0,1,1,1,1,5.299999999997063,5.74099999999682,6.224999999996555,,,,,sol_ref_T18_m66_phi0.250.pkl_B_cone10_none_0_0.003,B_cone10,none,sol_ref_T18_m66_phi0.250.pkl
sol_ref_T18_m66_phi0.250_B_cone10.pkl,18.0,66.0,0.25,impact,1.1585689459839539,0.002,0.0005,0.001,1,rest,,0.0,0.0,0,0.001,held B,8.220999999995449,1,1.593986851487346,1.2482117256250214,1.593986851487346,3.723686428913467,0.02528173295639774,1,1,5.74099999999682,6.220499999996555,-0.024194979181346277,-0.024194979181346277,0.007332735075865471,0.06910158596553362,0.0020482789188821827,0.0,5.4,0.03821889441653343,none,,0,0,0,1,1,1,1,5.299999999997063,6.220499999996555,6.263999999996532,,,,,sol_ref_T18_m66_phi0.250.pkl_B_cone10_none_0_0.001,B_cone10,none,sol_ref_T18_m66_phi0.250.pkl
sol_ref_T18_m66_phi0.250_B_cone10.pkl,18.0,66.0,0.25,impact,1.1585689459839539,0.002,0.0005,0.001,1,rest,,0.01,0.1,1,0.0,held B,8.23099999999544,1,1.8713008249320509,1.188244585907385,1.8713008249320509,3.72092856982264,0.02450475335975644,1,1,5.739999999996819,6.230499999996546,-0.02449518350394131,-0.02449518350394131,0.0006847790378919146,0.07760871066683048,0.00804690200186433,0.0,5.7,0.04680156462792376,none,,0,0,0,0,1,1,1,5.309999999997057,6.230999999996545,6.270499999996524,6.283499999996518,,,,sol_ref_T18_m66_phi0.250.pkl_B_cone10_weak_1_0.0,B_cone10,weak,sol_ref_T18_m66_phi0.250.pkl
sol_ref_T18_m66_phi0.250_B_cone10.pkl,18.0,66.0,0.25,impact,1.1585689459839539,0.002,0.0005,0.001,1,rest,,0.01,0.1,5,0.0,hit wall,4.649499999997424,0,0.8447958189817935,0.8447958189817935,0.0,1.40879845470671,,0,0,,,,,,0.0019666637378368546,0.02012311592119087,0.0,3.1,0.2614730584573964,hit wall,4.649499999997424,0,0,0,0,0,0,0,,,,,,,,sol_ref_T18_m66_phi0.250.pkl_B_cone10_weak_5_0.0,B_cone10,weak,sol_ref_T18_m66_phi0.250.pkl
sol_ref_T18_m66_phi0.250_B_cone10.pkl,18.0,66.0,0.25,impact,1.1585689459839539,0.002,0.0005,0.001,1,rest,,0.03,0.2,4,0.0,hit wall,0.3409999999998128,0,0.7133305109719327,0.7133305109719327,0.0,0.09430203416002389,,0,0,,,,,,0.0,0.020007424822497913,0.0,0.2,0.18901264071387922,hit wall,0.3409999999998128,0,0,0,0,0,0,0,,,,,,,,sol_ref_T18_m66_phi0.250.pkl_B_cone10_strong_4_0.0,B_cone10,strong,sol_ref_T18_m66_phi0.250.pkl
sol_ref_T18_m66_phi0.250_B_cone10.pkl,18.0,66.0,0.25,impact,1.1585689459839539,0.002,0.0005,0.001,1,rest,,0.03,0.2,2,0.0,hit wall,2.374499999998683,0,0.7046136191451399,0.7046136191451399,0.0,0.6161507262336873,,0,0,,,,,,0.0026881177441387405,0.020016852463021914,0.0,1.5,0.1959841888484417,hit wall,2.374499999998683,0,0,0,0,0,0,0,,,,,,,,sol_ref_T18_m66_phi0.250.pkl_B_cone10_strong_2_0.0,B_cone10,strong,sol_ref_T18_m66_phi0.250.pkl
sol_ref_T18_m66_phi0.250_B_cone10.pkl,18.0,66.0,0.25,impact,1.1585689459839539,0.002,0.0005,0.001,1,rest,,0.01,0.1,8,0.0,hit wall,4.631499999997434,0,0.8440961910357887,0.8440961910357887,0.0,1.3891180487050125,,0,0,,,,,,0.0014361413912952203,0.020124543905019776,0.0,3.0,0.17293547747261828,hit wall,4.631499999997434,0,0,0,0,0,0,0,,,,,,,,sol_ref_T18_m66_phi0.250.pkl_B_cone10_weak_8_0.0,B_cone10,weak,sol_ref_T18_m66_phi0.250.pkl
sol_ref_T18_m66_phi0.250_B_cone10.pkl,18.0,66.0,0.25,impact,1.1585689459839539,0.002,0.0005,0.001,1,rest,,0.01,0.1,9,0.0,hit wall,4.631999999997433,0,0.8441024979662851,0.8441024979662851,0.0,1.386556043056661,,0,0,,,,,,0.0013007035221471452,0.020028370189484557,0.0,3.0,0.15483638553694512,hit wall,4.631999999997433,0,0,0,0,0,0,0,,,,,,,,sol_ref_T18_m66_phi0.250.pkl_B_cone10_weak_9_0.0,B_cone10,weak,sol_ref_T18_m66_phi0.250.pkl
sol_ref_T18_m66_phi0.250_B_cone10.pkl,18.0,66.0,0.25,impact,1.1585689459839539,0.002,0.0005,0.001,1,rest,,0.03,0.2,0,0.0,hit wall,4.5804999999974605,0,0.8433874719641683,0.8433874719641683,0.0,1.3848033264887334,,0,0,,,,,,0.0015581461641522854,0.020276091449216105,0.0,2.8,0.1700174552763969,hit wall,4.5804999999974605,0,0,0,0,0,0,0,,,,,,,,sol_ref_T18_m66_phi0.250.pkl_B_cone10_strong_0_0.0,B_cone10,strong,sol_ref_T18_m66_phi0.250.pkl
sol_ref_T18_m66_phi0.250_B_cone10.pkl,18.0,66.0,0.25,impact,1.1585689459839539,0.002,0.0005,0.001,1,rest,,0.03,0.2,1,0.0,hit wall,5.078999999997187,0,0.850460149487386,0.850460149487386,0.0,1.5299582380298782,,0,0,,,,,,0.0010548186144241634,0.020003886290591754,0.0,2.9,0.12295046732462764,hit wall,5.078999999997187,0,0,0,0,0,0,0,,,,,,,,sol_ref_T18_m66_phi0.250.pkl_B_cone10_strong_1_0.0,B_cone10,strong,sol_ref_T18_m66_phi0.250.pkl
sol_ref_T18_m66_phi0.250_B_cone10.pkl,18.0,66.0,0.25,impact,1.1585689459839539,0.002,0.0005,0.001,1,rest,,0.01,0.1,7,0.0,hit B's face,6.271499999996525,0,1.1603692592237804,1.1603692592237804,0.0,2.140997557983578,0.0466130158857427,1,0,5.739999999996819,,,,,0.0009662423189954472,0.009895545468299408,0.0,4.2,0.058264879603218384,hit B's face,6.271499999996525,0,0,0,0,0,0,0,5.311999999997056,,,,,,,sol_ref_T18_m66_phi0.250.pkl_B_cone10_weak_7_0.0,B_cone10,weak,sol_ref_T18_m66_phi0.250.pkl
sol_ref_T18_m66_phi0.250_B_cone10.pkl,18.0,66.0,0.25,impact,1.1585689459839539,0.002,0.0005,0.001,1,rest,,0.01,0.1,6,0.0,held B,8.218499999995444,1,1.5429245516094474,1.2208419880267052,1.5429245516094474,3.718867835625261,0.025409651650578575,1,1,5.739999999996819,6.217999999996554,-0.024478056470937926,-0.024478056470937926,0.006817268397923361,0.06912077606538539,0.0020482789188821827,0.0,5.2,0.03821889441653343,none,,0,0,0,1,1,1,1,5.299999999997063,6.217999999996554,6.26499999999653,,,,,sol_ref_T18_m66_phi0.250.pkl_B_cone10_weak_6_0.0,B_cone10,weak,sol_ref_T18_m66_phi0.250.pkl
sol_ref_T18_m66_phi0.250_B_cone10.pkl,18.0,66.0,0.25,impact,1.1585689459839539,0.002,0.0005,0.001,1,rest,,0.03,0.2,3,0.0,slipped off A,4.797999999997341,0,0.8472021289963373,0.8472021289963373,0.0,1.4413031354307844,,0,0,,,,,,0.0018786587581476333,0.015330314898661851,0.0,3.3,0.19104310587797613,slipped off A,4.797999999997341,0,0,0,0,0,0,0,,,,,,,,sol_ref_T18_m66_phi0.250.pkl_B_cone10_strong_3_0.0,B_cone10,strong,sol_ref_T18_m66_phi0.250.pkl
sol_ref_T18_m66_phi0.250_B_cone10.pkl,18.0,66.0,0.25,impact,1.1585689459839539,0.002,0.0005,0.001,1,rest,,0.03,0.2,5,0.0,hit wall,4.6949999999974,0,0.8451685991348186,0.8451685991348186,0.0,1.4178981536125348,,0,0,,,,,,0.002011729892006653,0.020001711069346118,0.0,3.0,0.2526116212175402,hit wall,4.6949999999974,0,0,0,0,0,0,0,,,,,,,,sol_ref_T18_m66_phi0.250.pkl_B_cone10_strong_5_0.0,B_cone10,strong,sol_ref_T18_m66_phi0.250.pkl
sol_ref_T18_m66_phi0.250_B_cone10.pkl,18.0,66.0,0.25,impact,1.1585689459839539,0.002,0.0005,0.001,1,rest,,0.03,0.2,6,0.0,hit wall,4.647499999997425,0,0.8446573138889385,0.8446573138889385,0.0,1.4057712560609206,,0,0,,,,,,0.001954862982835287,0.02023903402805416,0.0,3.2,0.247303367119366,hit wall,4.647499999997425,0,0,0,0,0,0,0,,,,,,,,sol_ref_T18_m66_phi0.250.pkl_B_cone10_strong_6_0.0,B_cone10,strong,sol_ref_T18_m66_phi0.250.pkl
sol_ref_T18_m66_phi0.250_B_cone10.pkl,18.0,66.0,0.25,impact,1.1585689459839539,0.002,0.0005,0.001,1,rest,,0.03,0.2,7,0.0,hit wall,4.847499999997314,0,0.8493394256349662,0.8493394256349662,0.0,1.4561240504127888,,0,0,,,,,,0.0020081766960050595,0.020052156957532753,0.0,3.1,0.18793137434362991,hit wall,4.847499999997314,0,0,0,0,0,0,0,,,,,,,,sol_ref_T18_m66_phi0.250.pkl_B_cone10_strong_7_0.0,B_cone10,strong,sol_ref_T18_m66_phi0.250.pkl
sol_ref_T18_m66_phi0.250_B_cone10.pkl,18.0,66.0,0.25,impact,1.1585689459839539,0.002,0.0005,0.001,1,rest,,0.03,0.2,8,0.0,hit wall,4.610999999997446,0,0.8439122568415248,0.8439122568415248,0.0,1.3808215100403438,,0,0,,,,,,0.0012927371139872523,0.020177926710671812,0.0,2.9,0.12533255419620382,hit wall,4.610999999997446,0,0,0,0,0,0,0,,,,,,,,sol_ref_T18_m66_phi0.250.pkl_B_cone10_strong_8_0.0,B_cone10,strong,sol_ref_T18_m66_phi0.250.pkl
sol_ref_T18_m66_phi0.250_B_cone10.pkl,18.0,66.0,0.25,impact,1.1585689459839539,0.002,0.0005,0.001,1,rest,,0.03,0.2,9,0.0,slipped off A,4.796499999997341,0,0.8467558107151443,0.8467558107151443,0.0,1.4388798001245549,,0,0,,,,,,0.0017707283398014084,0.013523019502682497,0.0,3.0,0.1828698084827931,slipped off A,4.796499999997341,0,0,0,0,0,0,0,,,,,,,,sol_ref_T18_m66_phi0.250.pkl_B_cone10_strong_9_0.0,B_cone10,strong,sol_ref_T18_m66_phi0.250.pkl
sol_ref_T18_m75_phi0.250_A_base.pkl,18.0,75.0,0.25,impact,1.358475219543182,0.002,0.0005,0.001,1,rest,,0.0,0.0,0,-0.003,lost hook,6.82299999999622,0,2.2041659543053753,1.3330580321602519,2.2041659543053753,4.021584209889399,0.026721978653841374,1,1,5.6124999999968885,6.0974999999966215,-0.02462972107187511,-0.02462972107187511,0.010365374238202172,0.39110469016305693,0.08068935374965003,0.3187942806144935,4.6,0.05285577817501305,grip capacity exceeded,6.227999999996548,0,0,0,0,0,0,0,5.120999999997164,5.183999999997127,6.0974999999966215,6.0974999999966215,6.227999999996548,,,sol_ref_T18_m75_phi0.250.pkl_A_base_none_0_-0.003,A_base,none,sol_ref_T18_m75_phi0.250.pkl
sol_ref_T18_m75_phi0.250_A_base.pkl,18.0,75.0,0.25,impact,1.358475219543182,0.002,0.0005,0.001,1,rest,,0.0,0.0,0,0.0,held B,8.09849999999551,1,1.9978110044686277,1.3522221368830298,1.9978110044686277,4.714656942244395,0.028867862075370253,1,1,5.615499999996889,6.09799999999662,-0.02496423228443767,-0.02496423228443767,0.014496225965789854,0.06708733978121528,0.05828080839863148,0.05496423228443767,5.0,0.05285577817501305,none,,0,0,0,0,1,1,1,5.120999999997164,5.183999999997127,6.09799999999662,6.159999999996586,,,,sol_ref_T18_m75_phi0.250.pkl_A_base_none_0_0.0,A_base,none,sol_ref_T18_m75_phi0.250.pkl
sol_ref_T18_m75_phi0.250_A_base.pkl,18.0,75.0,0.25,impact,1.358475219543182,0.002,0.0005,0.001,1,rest,,0.0,0.0,0,-0.001,held B,8.098999999995513,1,1.9722254447263814,1.3446091820485158,1.9722254447263814,4.703405180019256,0.027606887039561954,1,1,5.614499999996887,6.098499999996619,-0.024449660504814563,-0.024449660504814563,0.012820074618130919,0.0637487611687475,0.0020578049410180464,0.3665120377752037,5.3,0.05285577817501305,none,,0,0,0,0,1,1,1,5.120999999997164,5.183999999997127,6.098499999996619,6.098499999996619,,,,sol_ref_T18_m75_phi0.250.pkl_A_base_none_0_-0.001,A_base,none,sol_ref_T18_m75_phi0.250.pkl
sol_ref_T18_m75_phi0.250_A_base.pkl,18.0,75.0,0.25,impact,1.358475219543182,0.002,0.0005,0.001,1,rest,,0.0,0.0,0,0.001,lost hook,7.5519999999958145,0,1.980744050860245,1.357806263844076,1.980744050860245,4.410107075800959,0.02877704752698235,1,1,5.616499999996886,6.099999999996619,-0.024830875843899314,-0.024830875843899314,0.01454462337755978,0.06680470355054113,0.08026627817596754,0.05483087584389931,4.8,0.05285577817501305,lost hook,7.5519999999958145,0,0,0,0,0,0,0,5.120999999997164,5.183999999997127,6.099999999996619,6.099999999996619,,,,sol_ref_T18_m75_phi0.250.pkl_A_base_none_0_0.001,A_base,none,sol_ref_T18_m75_phi0.250.pkl
sol_ref_T18_m75_phi0.250_A_base.pkl,18.0,75.0,0.25,impact,1.358475219543182,0.002,0.0005,0.001,1,rest,,0.01,0.1,4,0.0,slipped off A,4.599499999997452,0,0.9108508278952269,0.9108508278952269,0.0,1.8294656754909344,,0,0,,,,,,0.0022830530878786143,0.01515041558245243,0.0,2.8,0.17204435003922208,slipped off A,4.599499999997452,0,0,0,0,0,0,0,,,,,,,,sol_ref_T18_m75_phi0.250.pkl_A_base_weak_4_0.0,A_base,weak,sol_ref_T18_m75_phi0.250.pkl
sol_ref_T18_m75_phi0.250_A_base.pkl,18.0,75.0,0.25,impact,1.358475219543182,0.002,0.0005,0.001,1,rest,,0.01,0.1,1,0.0,hit B's face,6.143499999996596,0,1.3093020806218565,1.3093020806218565,0.0,2.734539632506962,0.034419653818236126,1,0,5.615499999996889,,,,,0.0015963430234623432,0.009708470802935177,0.0,4.1,0.06073778479155578,hit B's face,6.143499999996596,0,0,0,0,0,0,0,5.125999999997159,5.602499999996894,,,,,,sol_ref_T18_m75_phi0.250.pkl_A_base_weak_1_0.0,A_base,weak,sol_ref_T18_m75_phi0.250.pkl
sol_ref_T18_m75_phi0.250_A_base.pkl,18.0,75.0,0.25,impact,1.358475219543182,0.002,0.0005,0.001,1,rest,,0.0,0.0,0,0.003,held B,8.102999999995511,1,1.8571701174019248,1.3771849981838085,1.8571701174019248,4.705190002189701,0.02780656616812975,1,1,5.618499999996885,6.102499999996617,-0.02408006680274921,-0.02408006680274921,0.013905233001921022,0.04716977394011099,0.06667871290778127,0.05408006680274921,5.4,0.05285577817501305,none,,0,0,0,0,1,1,1,5.120999999997164,5.183999999997127,6.102499999996617,6.102499999996617,,,,sol_ref_T18_m75_phi0.250.pkl_A_base_none_0_0.003,A_base,none,sol_ref_T18_m75_phi0.250.pkl
sol_ref_T18_m75_phi0.250_A_base.pkl,18.0,75.0,0.25,impact,1.358475219543182,0.002,0.0005,0.001,1,rest,,0.01,0.1,0,0.0,held B,8.09849999999551,1,1.9978110044686277,1.3522221368830298,1.9978110044686277,4.714656942244395,0.028867862075370253,1,1,5.615499999996889,6.09799999999662,-0.02496423228443767,-0.02496423228443767,0.014496225965789854,0.06708733978121528,0.05828080839863148,0.05496423228443767,5.1,0.05285577817501305,none,,0,0,0,0,1,1,1,5.120999999997164,5.183999999997127,6.09799999999662,6.159999999996586,,,,sol_ref_T18_m75_phi0.250.pkl_A_base_weak_0_0.0,A_base,weak,sol_ref_T18_m75_phi0.250.pkl
sol_ref_T18_m75_phi0.250_A_base.pkl,18.0,75.0,0.25,impact,1.358475219543182,0.002,0.0005,0.001,1,rest,,0.01,0.1,3,0.0,grip capacity exceeded,6.233999999996545,0,2.5006884913641168,1.30033757743222,2.5006884913641168,3.112488769771545,0.027184018653790703,1,1,5.615499999996889,6.121999999996607,-0.024994619221612613,-0.024994619221612613,0.010688305765472568,0.03559128151292512,0.0183834355147738,0.0056745478224346155,4.2,0.11252994889819266,grip capacity exceeded,6.183499999996574,0,0,0,0,0,0,0,5.133999999997155,5.604999999996895,6.121999999996607,6.121999999996607,6.183499999996574,6.193499999996568,6.233499999996546,sol_ref_T18_m75_phi0.250.pkl_A_base_weak_3_0.0,A_base,weak,sol_ref_T18_m75_phi0.250.pkl
sol_ref_T18_m75_phi0.250_A_base.pkl,18.0,75.0,0.25,impact,1.358475219543182,0.002,0.0005,0.001,1,rest,,0.01,0.1,2,0.0,lost hook,7.057999999996088,0,2.114049092188847,1.3252718884693944,2.114049092188847,4.202214613423912,0.04140430287238747,1,1,5.615499999996889,6.105999999996616,-0.024915648465520857,-0.024915648465520857,0.033068516112625644,0.23745376411459157,0.04045432633316404,0.1381648176639055,4.8,0.07231434083024077,grip capacity exceeded,6.202999999996564,0,0,0,0,0,0,0,5.129999999997157,5.201999999997117,6.105999999996616,6.105999999996616,6.202999999996564,,,sol_ref_T18_m75_phi0.250.pkl_A_base_weak_2_0.0,A_base,weak,sol_ref_T18_m75_phi0.250.pkl
sol_ref_T18_m75_phi0.250_A_base.pkl,18.0,75.0,0.25,impact,1.358475219543182,0.002,0.0005,0.001,1,rest,,0.03,0.2,4,0.0,hit wall,0.29899999999983606,0,0.7575439061499998,0.7575439061499998,0.0,0.11831381118310848,,0,0,,,,,,0.0,0.02003403843569205,0.0,0.2,0.18284204425650596,hit wall,0.29899999999983606,0,0,0,0,0,0,0,,,,,,,,sol_ref_T18_m75_phi0.250.pkl_A_base_strong_4_0.0,A_base,strong,sol_ref_T18_m75_phi0.250.pkl
sol_ref_T18_m75_phi0.250_A_base.pkl,18.0,75.0,0.25,impact,1.358475219543182,0.002,0.0005,0.001,1,rest,,0.01,0.1,5,0.0,slipped off A,4.618499999997439,0,0.909107780853075,0.909107780853075,0.0,1.839461715267693,,0,0,,,,,,0.0021119901349938575,0.019480279304351502,0.0,2.9,0.1775454180757911,slipped off A,4.618499999997439,0,0,0,0,0,0,0,,,,,,,,sol_ref_T18_m75_phi0.250.pkl_A_base_weak_5_0.0,A_base,weak,sol_ref_T18_m75_phi0.250.pkl
sol_ref_T18_m75_phi0.250_A_base.pkl,18.0,75.0,0.25,impact,1.358475219543182,0.002,0.0005,0.001,1,rest,,0.01,0.1,8,0.0,slipped off A,4.614999999997444,0,0.9064440005839499,0.9064440005839499,0.0,1.8212182998519002,,0,0,,,,,,0.001638867906108149,0.011292390829484258,0.0,3.0,0.12359775290205782,slipped off A,4.614999999997444,0,0,0,0,0,0,0,,,,,,,,sol_ref_T18_m75_phi0.250.pkl_A_base_weak_8_0.0,A_base,weak,sol_ref_T18_m75_phi0.250.pkl
sol_ref_T18_m75_phi0.250_A_base.pkl,18.0,75.0,0.25,impact,1.358475219543182,0.002,0.0005,0.001,1,rest,,0.01,0.1,9,0.0,slipped off A,4.616999999997443,0,0.9057825341088628,0.9057825341088628,0.0,1.8189988637704722,,0,0,,,,,,0.0015710173330360788,0.01012905472624414,0.0,2.9,0.11232884135535279,slipped off A,4.616999999997443,0,0,0,0,0,0,0,,,,,,,,sol_ref_T18_m75_phi0.250.pkl_A_base_weak_9_0.0,A_base,weak,sol_ref_T18_m75_phi0.250.pkl
sol_ref_T18_m75_phi0.250_A_base.pkl,18.0,75.0,0.25,impact,1.358475219543182,0.002,0.0005,0.001,1,rest,,0.03,0.2,2,0.0,hit wall,4.465499999997526,0,0.9223268343337155,0.9223268343337155,0.0,1.8084548499889264,,0,0,,,,,,0.0037924686464063107,0.02017718109312211,0.0,2.8,0.21515921502689564,hit wall,4.465499999997526,0,0,0,0,0,0,0,,,,,,,,sol_ref_T18_m75_phi0.250.pkl_A_base_strong_2_0.0,A_base,strong,sol_ref_T18_m75_phi0.250.pkl
sol_ref_T18_m75_phi0.250_A_base.pkl,18.0,75.0,0.25,impact,1.358475219543182,0.002,0.0005,0.001,1,rest,,0.03,0.2,0,0.0,slipped off A,4.602999999997451,0,0.9092718890914645,0.9092718890914645,0.0,1.824716091021046,,0,0,,,,,,0.002119492895599581,0.012209952211224288,0.0,3.3,0.15176102999775554,slipped off A,4.602999999997451,0,0,0,0,0,0,0,,,,,,,,sol_ref_T18_m75_phi0.250.pkl_A_base_strong_0_0.0,A_base,strong,sol_ref_T18_m75_phi0.250.pkl
sol_ref_T18_m75_phi0.250_A_base.pkl,18.0,75.0,0.25,impact,1.358475219543182,0.002,0.0005,0.001,1,rest,,0.03,0.2,1,0.0,hit wall,4.898499999997284,0,0.8960559111103671,0.8960559111103671,0.0,1.9101776654004363,,0,0,,,,,,0.003519607175766548,0.020033787530985992,0.0,3.3,0.12337340030402774,hit wall,4.898499999997284,0,0,0,0,0,0,0,,,,,,,,sol_ref_T18_m75_phi0.250.pkl_A_base_strong_1_0.0,A_base,strong,sol_ref_T18_m75_phi0.250.pkl
sol_ref_T18_m75_phi0.250_A_base.pkl,18.0,75.0,0.25,impact,1.358475219543182,0.002,0.0005,0.001,1,rest,,0.03,0.2,3,0.0,hit wall,4.717999999997385,0,0.9009207593268354,0.9009207593268354,0.0,1.85628568046693,,0,0,,,,,,0.0020246703994808157,0.02005739426947599,0.0,3.0,0.15243981983502808,hit wall,4.717999999997385,0,0,0,0,0,0,0,,,,,,,,sol_ref_T18_m75_phi0.250.pkl_A_base_strong_3_0.0,A_base,strong,sol_ref_T18_m75_phi0.250.pkl
sol_ref_T18_m75_phi0.250_A_base.pkl,18.0,75.0,0.25,impact,1.358475219543182,0.002,0.0005,0.001,1,rest,,0.01,0.1,7,0.0,hit B's face,6.142499999996595,0,1.2996287457736777,1.2996287457736777,0.0,2.720263431810054,0.04727246021673133,1,0,5.615499999996889,,,,,0.0019056196810423032,0.00944594715102793,0.0,4.1,0.06833112090851712,hit B's face,6.142499999996595,0,0,0,0,0,0,0,5.120499999997161,5.604499999996893,,,,,,sol_ref_T18_m75_phi0.250.pkl_A_base_weak_7_0.0,A_base,weak,sol_ref_T18_m75_phi0.250.pkl
sol_ref_T18_m75_phi0.250_A_base.pkl,18.0,75.0,0.25,impact,1.358475219543182,0.002,0.0005,0.001,1,rest,,0.01,0.1,6,0.0,held B,8.09849999999551,1,1.9978110044686277,1.3522221368830298,1.9978110044686277,4.714656942244395,0.028867862075370253,1,1,5.615499999996889,6.09799999999662,-0.02496423228443767,-0.02496423228443767,0.014496225965789854,0.06708733978121528,0.05828080839863148,0.05496423228443767,4.6,0.05285577817501305,none,,0,0,0,0,1,1,1,5.120999999997164,5.183999999997127,6.09799999999662,6.159999999996586,,,,sol_ref_T18_m75_phi0.250.pkl_A_base_weak_6_0.0,A_base,weak,sol_ref_T18_m75_phi0.250.pkl
sol_ref_T18_m75_phi0.250_A_base.pkl,18.0,75.0,0.25,impact,1.358475219543182,0.002,0.0005,0.001,1,rest,,0.03,0.2,5,0.0,hit wall,4.67399999999741,0,0.9071924426578996,0.9071924426578996,0.0,1.8549939622814855,,0,0,,,,,,0.0021395813860182744,0.020001422223515728,0.0,2.9,0.18367337129085887,hit wall,4.67399999999741,0,0,0,0,0,0,0,,,,,,,,sol_ref_T18_m75_phi0.250.pkl_A_base_strong_5_0.0,A_base,strong,sol_ref_T18_m75_phi0.250.pkl
sol_ref_T18_m75_phi0.250_A_base.pkl,18.0,75.0,0.25,impact,1.358475219543182,0.002,0.0005,0.001,1,rest,,0.03,0.2,6,0.0,slipped off A,4.616999999997443,0,0.9087021905041437,0.9087021905041437,0.0,1.8359668226083496,,0,0,,,,,,0.0020427253622011254,0.01829133373198847,0.0,3.0,0.1685578452216465,slipped off A,4.616999999997443,0,0,0,0,0,0,0,,,,,,,,sol_ref_T18_m75_phi0.250.pkl_A_base_strong_6_0.0,A_base,strong,sol_ref_T18_m75_phi0.250.pkl
sol_ref_T18_m75_phi0.250_A_base.pkl,18.0,75.0,0.25,impact,1.358475219543182,0.002,0.0005,0.001,1,rest,,0.03,0.2,7,0.0,hit wall,4.73099999999738,0,0.8976948127587115,0.8976948127587115,0.0,1.855022092954628,,0,0,,,,,,0.002401128909156086,0.020053703107721713,0.0,2.9,0.1735957139193638,hit wall,4.73099999999738,0,0,0,0,0,0,0,,,,,,,,sol_ref_T18_m75_phi0.250.pkl_A_base_strong_7_0.0,A_base,strong,sol_ref_T18_m75_phi0.250.pkl
sol_ref_T18_m75_phi0.250_A_base.pkl,18.0,75.0,0.25,impact,1.358475219543182,0.002,0.0005,0.001,1,rest,,0.03,0.2,8,0.0,slipped off A,4.614999999997444,0,0.9057119382204741,0.9057119382204741,0.0,1.8159260917259556,,0,0,,,,,,0.0016590450852052713,0.007539822168620789,0.0,2.9,0.10533506830202444,slipped off A,4.614999999997444,0,0,0,0,0,0,0,,,,,,,,sol_ref_T18_m75_phi0.250.pkl_A_base_strong_8_0.0,A_base,strong,sol_ref_T18_m75_phi0.250.pkl
sol_ref_T18_m75_phi0.250_A_base.pkl,18.0,75.0,0.25,impact,1.358475219543182,0.002,0.0005,0.001,1,rest,,0.03,0.2,9,0.0,hit wall,4.721999999997383,0,0.9015188023629875,0.9015188023629875,0.0,1.8572484294229763,,0,0,,,,,,0.0017861561031569384,0.020005881413861386,0.0,2.9,0.14308601896611295,hit wall,4.721999999997383,0,0,0,0,0,0,0,,,,,,,,sol_ref_T18_m75_phi0.250.pkl_A_base_strong_9_0.0,A_base,strong,sol_ref_T18_m75_phi0.250.pkl
sol_comp_T18_m60_phi0.250_B_all_large.pkl,18.0,60.0,0.25,compliant,1.0896681537344033,0.002,0.0005,0.001,1,rest,,0.0,0.0,0,0.003,hit B's face,7.835499999996307,0,1.3216752011116297,1.3216752011116297,0.0,2.1627025690863197,0.0462613247441153,1,0,7.231499999996641,,,,,0.01057650281539374,0.0007018168426937699,0.0,4.9,0.030863449720999542,hit B's face,7.835499999996307,0,0,0,0,0,0,0,7.1269999999967,7.221999999996646,,,,,,sol_comp_T18_m60_phi0.250.pkl_B_all_large_none_0_0.003,B_all_large,none,sol_comp_T18_m60_phi0.250.pkl
sol_comp_T18_m60_phi0.250_B_all_large.pkl,18.0,60.0,0.25,compliant,1.0896681537344033,0.002,0.0005,0.001,1,rest,,0.0,0.0,0,0.0,hit B's face,7.796999999996329,0,1.3216752011116297,1.3216752011116297,0.0,2.1579289740128305,0.025533703397201565,1,0,7.228499999996641,,,,,0.008956498342389548,0.000603162976273719,0.0,5.2,0.030863449720999542,hit B's face,7.796999999996329,0,0,0,0,0,0,0,7.1269999999967,7.221999999996646,,,,,,sol_comp_T18_m60_phi0.250.pkl_B_all_large_none_0_0.0,B_all_large,none,sol_comp_T18_m60_phi0.250.pkl
sol_comp_T18_m60_phi0.250_B_all_large.pkl,18.0,60.0,0.25,compliant,1.0896681537344033,0.002,0.0005,0.001,1,rest,,0.0,0.0,0,0.001,hit B's face,7.808999999996322,0,1.3216752011116297,1.3216752011116297,0.0,2.159527749178094,0.031507942436900305,1,0,7.2294999999966425,,,,,0.009598839848666926,0.0006490546943571651,0.0,5.5,0.030863449720999542,hit B's face,7.808999999996322,0,0,0,0,0,0,0,7.1269999999967,7.221999999996646,,,,,,sol_comp_T18_m60_phi0.250.pkl_B_all_large_none_0_0.001,B_all_large,none,sol_comp_T18_m60_phi0.250.pkl
sol_comp_T18_m60_phi0.250_B_all_large.pkl,18.0,60.0,0.25,compliant,1.0896681537344033,0.002,0.0005,0.001,1,rest,,0.01,0.1,0,0.0,hit B's face,7.796999999996329,0,1.3216752011116297,1.3216752011116297,0.0,2.1579289740128305,0.025533703397201565,1,0,7.228499999996641,,,,,0.008956498342389548,0.000603162976273719,0.0,5.1,0.030863449720999542,hit B's face,7.796999999996329,0,0,0,0,0,0,0,7.1269999999967,7.221999999996646,,,,,,sol_comp_T18_m60_phi0.250.pkl_B_all_large_weak_0_0.0,B_all_large,weak,sol_comp_T18_m60_phi0.250.pkl
sol_comp_T18_m60_phi0.250_B_all_large.pkl,18.0,60.0,0.25,compliant,1.0896681537344033,0.002,0.0005,0.001,1,rest,,0.0,0.0,0,-0.003,held B,9.71149999999527,1,1.3675954173804863,1.3216752011116297,1.3675954173804863,3.430871091973947,0.02722399807693104,1,1,7.225499999996645,7.7109999999963765,-0.02485386305191506,-0.02485386305191506,0.011109975818578382,0.05277608951568105,0.0,0.014578328422654312,6.2,0.030863449720999542,none,,0,0,1,1,1,1,1,7.1269999999967,7.221999999996646,,,,,,sol_comp_T18_m60_phi0.250.pkl_B_all_large_none_0_-0.003,B_all_large,none,sol_comp_T18_m60_phi0.250.pkl
sol_comp_T18_m60_phi0.250_B_all_large.pkl,18.0,60.0,0.25,compliant,1.0896681537344033,0.002,0.0005,0.001,1,rest,,0.01,0.1,1,0.0,hit B's face,7.819999999996314,0,1.279788367031744,1.279788367031744,0.0,2.147996216511638,0.045779962872695965,1,0,7.228499999996641,,,,,0.009846692777858247,0.0006140034835890873,0.0,5.3,0.03973895478931572,hit B's face,7.819999999996314,0,0,0,0,0,0,0,7.1254999999967,7.220999999996648,,,,,,sol_comp_T18_m60_phi0.250.pkl_B_all_large_weak_1_0.0,B_all_large,weak,sol_comp_T18_m60_phi0.250.pkl
sol_comp_T18_m60_phi0.250_B_all_large.pkl,18.0,60.0,0.25,compliant,1.0896681537344033,0.002,0.0005,0.001,1,rest,,0.0,0.0,0,-0.001,lost hook,9.539999999995361,0,1.5298705322206616,1.3216752011116297,1.5298705322206616,3.427628233078501,0.024727028456036342,1,1,7.227499999996644,7.742499999996356,-0.024682783120135277,-0.024682783120135277,0.001478564746636426,0.050485118945824276,0.0,0.00031721687986472485,6.5,0.030863449720999542,lost hook,9.539999999995361,0,0,0,0,0,0,0,7.1269999999967,7.221999999996646,7.7799999999963365,,,,,sol_comp_T18_m60_phi0.250.pkl_B_all_large_none_0_-0.001,B_all_large,none,sol_comp_T18_m60_phi0.250.pkl
sol_comp_T18_m60_phi0.250_B_all_large.pkl,18.0,60.0,0.25,compliant,1.0896681537344033,0.002,0.0005,0.001,1,rest,,0.01,0.1,4,0.0,hit wall,6.632999999996974,0,0.6746153767149694,0.6746153767149694,0.0,1.6085585369534656,,0,0,,,,,,0.001990470679910844,0.020014068661298203,0.0,4.4,0.18846860302610358,hit wall,6.632999999996974,0,0,0,0,0,0,0,,,,,,,,sol_comp_T18_m60_phi0.250.pkl_B_all_large_weak_4_0.0,B_all_large,weak,sol_comp_T18_m60_phi0.250.pkl
sol_comp_T18_m60_phi0.250_B_all_large.pkl,18.0,60.0,0.25,compliant,1.0896681537344033,0.002,0.0005,0.001,1,rest,,0.01,0.1,2,0.0,missed B,8.017999999996205,0,1.232762795640584,1.232762795640584,0.0,2.13875904977636,0.07979831931741276,1,0,7.228499999996641,,,,,0.010165098427200044,0.004350568588362238,0.0,5.5,0.07268769762043087,missed B,8.017999999996205,0,0,0,0,0,0,0,7.134499999996693,,,,,,,sol_comp_T18_m60_phi0.250.pkl_B_all_large_weak_2_0.0,B_all_large,weak,sol_comp_T18_m60_phi0.250.pkl
sol_comp_T18_m60_phi0.250_B_all_large.pkl,18.0,60.0,0.25,compliant,1.0896681537344033,0.002,0.0005,0.001,1,rest,,0.01,0.1,3,0.0,missed B,8.014999999996208,0,1.1798946168031672,1.1798946168031672,0.0,2.128988272541968,0.1124057972303134,1,0,7.228499999996641,,,,,0.010854591536594016,0.008062485832945804,0.0,5.5,0.1065480035720156,missed B,8.014999999996208,0,0,0,0,0,0,0,7.034999999996751,,,,,,,sol_comp_T18_m60_phi0.250.pkl_B_all_large_weak_3_0.0,B_all_large,weak,sol_comp_T18_m60_phi0.250.pkl
sol_comp_T18_m60_phi0.250_B_all_large.pkl,18.0,60.0,0.25,compliant,1.0896681537344033,0.002,0.0005,0.001,1,rest,,0.03,0.2,4,0.0,hit wall,0.3065000000001028,0,0.6274523044780619,0.6274523044780619,0.0,0.06691890841927445,,0,0,,,,,,0.0,0.020014147441378118,0.0,0.2,0.17488145890206713,hit wall,0.3065000000001028,0,0,0,0,0,0,0,,,,,,,,sol_comp_T18_m60_phi0.250.pkl_B_all_large_strong_4_0.0,B_all_large,strong,sol_comp_T18_m60_phi0.250.pkl
sol_comp_T18_m60_phi0.250_B_all_large.pkl,18.0,60.0,0.25,compliant,1.0896681537344033,0.002,0.0005,0.001,1,rest,,0.01,0.1,5,0.0,hit wall,6.593999999996994,0,0.6709948913650061,0.6709948913650061,0.0,1.5821187526569638,,0,0,,,,,,0.0026077609439002503,0.020034070921869592,0.0,4.2,0.25927628839222155,hit wall,6.593999999996994,0,0,0,0,0,0,0,,,,,,,,sol_comp_T18_m60_phi0.250.pkl_B_all_large_weak_5_0.0,B_all_large,weak,sol_comp_T18_m60_phi0.250.pkl
sol_comp_T18_m60_phi0.250_B_all_large.pkl,18.0,60.0,0.25,compliant,1.0896681537344033,0.002,0.0005,0.001,1,rest,,0.01,0.1,6,0.0,hit B's face,7.796999999996329,0,1.3216752011116297,1.3216752011116297,0.0,2.1579289740128305,0.025533703397201565,1,0,7.228499999996641,,,,,0.008956498342389548,0.000603162976273719,0.0,5.1,0.030863449720999542,hit B's face,7.796999999996329,0,0,0,0,0,0,0,7.1269999999967,7.221999999996646,,,,,,sol_comp_T18_m60_phi0.250.pkl_B_all_large_weak_6_0.0,B_all_large,weak,sol_comp_T18_m60_phi0.250.pkl
sol_comp_T18_m60_phi0.250_B_all_large.pkl,18.0,60.0,0.25,compliant,1.0896681537344033,0.002,0.0005,0.001,1,rest,,0.01,0.1,7,0.0,hit B's face,7.793999999996329,0,1.33332711312614,1.33332711312614,0.0,2.1570205730473875,0.025626648705954776,1,0,7.228499999996641,,,,,0.009268560823628286,0.003987739715113792,0.0,5.4,0.03981017920136521,hit B's face,7.793999999996329,0,0,0,0,0,0,0,7.10599999999671,7.221499999996647,,,,,,sol_comp_T18_m60_phi0.250.pkl_B_all_large_weak_7_0.0,B_all_large,weak,sol_comp_T18_m60_phi0.250.pkl
sol_comp_T18_m60_phi0.250_B_all_large.pkl,18.0,60.0,0.25,compliant,1.0896681537344033,0.002,0.0005,0.001,1,rest,,0.01,0.1,9,0.0,missed B,8.010499999996208,0,1.1488095136824894,1.1488095136824894,0.0,2.125363006600912,0.13866360940737543,1,0,7.228499999996641,,,,,0.010688431615458245,0.013087306076102815,0.0,5.3,0.1323155487715182,missed B,8.010499999996208,0,0,0,0,0,0,0,7.029999999996752,,,,,,,sol_comp_T18_m60_phi0.250.pkl_B_all_large_weak_9_0.0,B_all_large,weak,sol_comp_T18_m60_phi0.250.pkl
sol_comp_T18_m60_phi0.250_B_all_large.pkl,18.0,60.0,0.25,compliant,1.0896681537344033,0.002,0.0005,0.001,1,rest,,0.03,0.2,2,0.0,hit wall,6.484499999997054,0,0.673456722665735,0.673456722665735,0.0,1.5653275092352865,,0,0,,,,,,0.0028204928141025154,0.020034054023231967,0.0,4.4,0.2462487089062122,hit wall,6.484499999997054,0,0,0,0,0,0,0,,,,,,,,sol_comp_T18_m60_phi0.250.pkl_B_all_large_strong_2_0.0,B_all_large,strong,sol_comp_T18_m60_phi0.250.pkl
sol_comp_T18_m60_phi0.250_B_all_large.pkl,18.0,60.0,0.25,compliant,1.0896681537344033,0.002,0.0005,0.001,1,rest,,0.01,0.1,8,0.0,missed B,8.006999999996212,0,1.117198525067225,1.117198525067225,0.0,2.1204479201249753,0.16135187838932177,1,0,7.228499999996641,,,,,0.010558897731189426,0.015528411414666692,0.0,5.7,0.1507723153524383,missed B,8.006999999996212,0,0,0,0,0,0,0,7.0274999999967545,,,,,,,sol_comp_T18_m60_phi0.250.pkl_B_all_large_weak_8_0.0,B_all_large,weak,sol_comp_T18_m60_phi0.250.pkl
sol_comp_T18_m60_phi0.250_B_all_large.pkl,18.0,60.0,0.25,compliant,1.0896681537344033,0.002,0.0005,0.001,1,rest,,0.03,0.2,3,0.0,hit wall,6.698999999996937,0,0.7332572487276888,0.7332572487276888,0.0,1.6299507980450558,,0,0,,,,,,0.0019973310009017142,0.020000312917586815,0.0,4.2,0.22837566893157246,hit wall,6.698999999996937,0,0,0,0,0,0,0,,,,,,,,sol_comp_T18_m60_phi0.250.pkl_B_all_large_strong_3_0.0,B_all_large,strong,sol_comp_T18_m60_phi0.250.pkl
sol_comp_T18_m60_phi0.250_B_all_large.pkl,18.0,60.0,0.25,compliant,1.0896681537344033,0.002,0.0005,0.001,1,rest,,0.03,0.2,0,0.0,missed B,8.005999999996211,0,1.1226861148966174,1.1226861148966174,0.0,2.1241083674420342,0.15803431069729534,1,0,7.228499999996641,,,,,0.010410827411387151,0.01715791421729579,0.0,5.5,0.16090958150969525,missed B,8.005999999996211,0,0,0,0,0,0,0,7.024999999996757,,,,,,,sol_comp_T18_m60_phi0.250.pkl_B_all_large_strong_0_0.0,B_all_large,strong,sol_comp_T18_m60_phi0.250.pkl
sol_comp_T18_m60_phi0.250_B_all_large.pkl,18.0,60.0,0.25,compliant,1.0896681537344033,0.002,0.0005,0.001,1,rest,,0.03,0.2,5,0.0,hit wall,6.612999999996985,0,0.6711126363490458,0.6711126363490458,0.0,1.5869610592978993,,0,0,,,,,,0.00246733217124942,0.020002684887181016,0.0,4.1,0.25167829063252306,hit wall,6.612999999996985,0,0,0,0,0,0,0,,,,,,,,sol_comp_T18_m60_phi0.250.pkl_B_all_large_strong_5_0.0,B_all_large,strong,sol_comp_T18_m60_phi0.250.pkl
sol_comp_T18_m60_phi0.250_B_all_large.pkl,18.0,60.0,0.25,compliant,1.0896681537344033,0.002,0.0005,0.001,1,rest,,0.03,0.2,1,0.0,missed B,8.016999999996207,0,1.21994228243315,1.21994228243315,0.0,2.1360557130073197,0.08195742606786781,1,0,7.228499999996641,,,,,0.010734580891550355,0.00506812911128688,0.0,5.6,0.10046536791362068,missed B,8.016999999996207,0,0,0,0,0,0,0,7.106999999996711,,,,,,,sol_comp_T18_m60_phi0.250.pkl_B_all_large_strong_1_0.0,B_all_large,strong,sol_comp_T18_m60_phi0.250.pkl
sol_comp_T18_m60_phi0.250_B_all_large.pkl,18.0,60.0,0.25,compliant,1.0896681537344033,0.002,0.0005,0.001,1,rest,,0.03,0.2,6,0.0,hit wall,6.604499999996987,0,0.6715320052803352,0.6715320052803352,0.0,1.586353197233136,,0,0,,,,,,0.0024612298387321208,0.02005197740004289,0.0,4.2,0.24370407581342374,hit wall,6.604499999996987,0,0,0,0,0,0,0,,,,,,,,sol_comp_T18_m60_phi0.250.pkl_B_all_large_strong_6_0.0,B_all_large,strong,sol_comp_T18_m60_phi0.250.pkl
sol_comp_T18_m60_phi0.250_B_all_large.pkl,18.0,60.0,0.25,compliant,1.0896681537344033,0.002,0.0005,0.001,1,rest,,0.03,0.2,7,0.0,missed B,7.996499999996216,0,1.2057759725242747,1.2057759725242747,0.0,2.0956969406632373,0.21628602260838078,1,0,7.228499999996641,,,,,0.01219414327386159,0.01989217155237975,0.0,5.4,0.24355274866658516,missed B,7.996499999996216,0,0,0,0,0,0,0,7.028499999996752,,,,,,,sol_comp_T18_m60_phi0.250.pkl_B_all_large_strong_7_0.0,B_all_large,strong,sol_comp_T18_m60_phi0.250.pkl
sol_comp_T18_m60_phi0.250_B_all_large.pkl,18.0,60.0,0.25,compliant,1.0896681537344033,0.002,0.0005,0.001,1,rest,,0.03,0.2,8,0.0,missed B,8.014499999996206,0,1.1843183087408633,1.1843183087408633,0.0,2.1339354025608794,0.10576683150003827,1,0,7.228499999996641,,,,,0.009673539856567735,0.010090511512498675,0.0,5.7,0.10862582625117945,missed B,8.014499999996206,0,0,0,0,0,0,0,7.034499999996749,,,,,,,sol_comp_T18_m60_phi0.250.pkl_B_all_large_strong_8_0.0,B_all_large,strong,sol_comp_T18_m60_phi0.250.pkl
sol_comp_T18_m60_phi0.250_B_all_large.pkl,18.0,60.0,0.25,compliant,1.0896681537344033,0.002,0.0005,0.001,1,rest,,0.03,0.2,9,0.0,missed B,7.999499999996216,0,1.1804162643308227,1.1804162643308227,0.0,2.1034762638735223,0.2012859284815645,1,0,7.228499999996641,,,,,0.010970083178115195,0.018805246489047647,0.0,5.4,0.21109556179871736,missed B,7.999499999996216,0,0,0,0,0,0,0,7.026999999996756,,,,,,,sol_comp_T18_m60_phi0.250.pkl_B_all_large_strong_9_0.0,B_all_large,strong,sol_comp_T18_m60_phi0.250.pkl
sol_comp_T18_m60_phi0.250_B_all_small.pkl,18.0,60.0,0.25,compliant,1.0357923375884164,0.002,0.0005,0.001,1,rest,,0.0,0.0,0,0.003,hit B's face,8.494999999996544,0,1.4217741619216098,1.4217741619216098,0.0,2.2438481549600344,0.04323471634422748,1,0,7.912499999996864,,,,,0.016393847384247554,0.0002779678386315432,0.0,5.7,0.03567715013937911,hit B's face,8.494999999996544,0,0,0,0,0,0,0,7.806499999996923,7.902999999996872,,,,,,sol_comp_T18_m60_phi0.250.pkl_B_all_small_none_0_0.003,B_all_small,none,sol_comp_T18_m60_phi0.250.pkl
sol_comp_T18_m60_phi0.250_B_all_small.pkl,18.0,60.0,0.25,compliant,1.0357923375884164,0.002,0.0005,0.001,1,rest,,0.0,0.0,0,0.001,hit B's face,8.474499999996553,0,1.4217741619216098,1.4217741619216098,0.0,2.2409311049779688,0.0315639105750812,1,0,7.9104999999968655,,,,,0.01521482966300676,7.992685234725627e-05,0.0,5.8,0.03431964095188596,hit B's face,8.474499999996553,0,0,0,0,0,0,0,7.806499999996923,7.902999999996872,,,,,,sol_comp_T18_m60_phi0.250.pkl_B_all_small_none_0_0.001,B_all_small,none,sol_comp_T18_m60_phi0.250.pkl
sol_comp_T18_m60_phi0.250_B_all_small.pkl,18.0,60.0,0.25,compliant,1.0357923375884164,0.002,0.0005,0.001,1,rest,,0.0,0.0,0,0.0,hit B's face,8.465999999996559,0,1.4217741619216098,1.4217741619216098,0.0,2.2394250521702364,0.026994235762680348,1,0,7.909499999996868,,,,,0.014345056761668154,4.866756282950746e-05,0.0,6.3,0.03431964095188596,hit B's face,8.465999999996559,0,0,0,0,0,0,0,7.806499999996923,7.902999999996872,,,,,,sol_comp_T18_m60_phi0.250.pkl_B_all_small_none_0_0.0,B_all_small,none,sol_comp_T18_m60_phi0.250.pkl
sol_comp_T18_m60_phi0.250_B_all_small.pkl,18.0,60.0,0.25,compliant,1.0357923375884164,0.002,0.0005,0.001,1,rest,,0.01,0.1,0,0.0,hit B's face,8.465999999996559,0,1.4217741619216098,1.4217741619216098,0.0,2.2394250521702364,0.026994235762680348,1,0,7.909499999996868,,,,,0.014345056761668154,4.866756282950746e-05,0.0,5.8,0.03431964095188596,hit B's face,8.465999999996559,0,0,0,0,0,0,0,7.806499999996923,7.902999999996872,,,,,,sol_comp_T18_m60_phi0.250.pkl_B_all_small_weak_0_0.0,B_all_small,weak,sol_comp_T18_m60_phi0.250.pkl
sol_comp_T18_m60_phi0.250_B_all_small.pkl,18.0,60.0,0.25,compliant,1.0357923375884164,0.002,0.0005,0.001,1,rest,,0.0,0.0,0,-0.003,held B,10.395999999995489,1,1.4217741619216098,1.4217741619216098,1.1527168661866123,3.4395328183537424,0.02718438529762199,1,1,7.906499999996868,8.395499999996598,-0.024877008459675665,-0.024877008459675665,0.010960166700684443,0.05166533215605856,0.0,0.007506130784970529,6.8,0.03431964095188596,none,,0,0,1,1,1,1,1,7.806499999996923,7.902999999996872,,,,,,sol_comp_T18_m60_phi0.250.pkl_B_all_small_none_0_-0.003,B_all_small,none,sol_comp_T18_m60_phi0.250.pkl
sol_comp_T18_m60_phi0.250_B_all_small.pkl,18.0,60.0,0.25,compliant,1.0357923375884164,0.002,0.0005,0.001,1,rest,,0.0,0.0,0,-0.001,lost hook,9.900499999995766,0,1.5012723133751185,1.4217741619216098,1.5012723133751185,3.285397812163541,0.024787277484580626,1,1,7.908499999996867,8.418999999996586,-0.024737601668968434,-0.024737601668968434,-0.0015684988890808293,0.07610884898123516,0.0,0.002706215553315884,6.7,0.03431964095188596,lost hook,9.900499999995766,0,0,0,0,0,0,0,7.806499999996923,7.902999999996872,8.461499999996565,,,,,sol_comp_T18_m60_phi0.250.pkl_B_all_small_none_0_-0.001,B_all_small,none,sol_comp_T18_m60_phi0.250.pkl
sol_comp_T18_m60_phi0.250_B_all_small.pkl,18.0,60.0,0.25,compliant,1.0357923375884164,0.002,0.0005,0.001,1,rest,,0.01,0.1,1,0.0,hit B's face,8.470999999996558,0,1.4060999924961899,1.4060999924961899,0.0,2.235841114650513,0.03190084848279456,1,0,7.909499999996868,,,,,0.014090776803436234,0.002463235252020095,0.0,5.9,0.03547091522013553,hit B's face,8.470999999996558,0,0,0,0,0,0,0,7.810499999996921,7.902999999996872,,,,,,sol_comp_T18_m60_phi0.250.pkl_B_all_small_weak_1_0.0,B_all_small,weak,sol_comp_T18_m60_phi0.250.pkl
sol_comp_T18_m60_phi0.250_B_all_small.pkl,18.0,60.0,0.25,compliant,1.0357923375884164,0.002,0.0005,0.001,1,rest,,0.01,0.1,4,0.0,hit wall,6.774499999997495,0,0.7363161817165256,0.7363161817165256,0.0,1.6260006196810888,,0,0,,,,,,0.002155051025678978,0.020149426711906282,0.0,4.3,0.13259872941066053,hit wall,6.774499999997495,0,0,0,0,0,0,0,,,,,,,,sol_comp_T18_m60_phi0.250.pkl_B_all_small_weak_4_0.0,B_all_small,weak,sol_comp_T18_m60_phi0.250.pkl
sol_comp_T18_m60_phi0.250_B_all_small.pkl,18.0,60.0,0.25,compliant,1.0357923375884164,0.002,0.0005,0.001,1,rest,,0.01,0.1,5,0.0,slipped off A,6.979999999997382,0,0.7357156416171617,0.7357156416171617,0.0,1.6698448453143289,,0,0,,,,,,0.0026035143133811833,0.013925608196778395,0.0,4.5,0.21114163033515215,slipped off A,6.979999999997382,0,0,0,0,0,0,0,,,,,,,,sol_comp_T18_m60_phi0.250.pkl_B_all_small_weak_5_0.0,B_all_small,weak,sol_comp_T18_m60_phi0.250.pkl
sol_comp_T18_m60_phi0.250_B_all_small.pkl,18.0,60.0,0.25,compliant,1.0357923375884164,0.002,0.0005,0.001,1,rest,,0.01,0.1,8,0.0,slipped off A,7.023999999997358,0,0.728036857982592,0.728036857982592,0.0,1.6581028832384757,,0,0,,,,,,0.0016903122744191257,0.01935970822324723,0.0,4.6,0.13903112933189715,slipped off A,7.023999999997358,0,0,0,0,0,0,0,,,,,,,,sol_comp_T18_m60_phi0.250.pkl_B_all_small_weak_8_0.0,B_all_small,weak,sol_comp_T18_m60_phi0.250.pkl
sol_comp_T18_m60_phi0.250_B_all_small.pkl,18.0,60.0,0.25,compliant,1.0357923375884164,0.002,0.0005,0.001,1,rest,,0.01,0.1,2,0.0,held B,10.410999999995482,1,1.452460693616234,1.452460693616234,1.164663215888443,3.4870065406308184,0.04103775693672724,1,1,7.909499999996868,8.410499999996588,-0.0246011230742047,-0.0246011230742047,0.032846342838826634,0.05063238728873354,0.005680406841857822,0.03077693590355226,7.0,0.05389530499187041,none,,0,0,1,1,1,1,1,7.807499999996924,7.903499999996871,,,,,,sol_comp_T18_m60_phi0.250.pkl_B_all_small_weak_2_0.0,B_all_small,weak,sol_comp_T18_m60_phi0.250.pkl
sol_comp_T18_m60_phi0.250_B_all_small.pkl,18.0,60.0,0.25,compliant,1.0357923375884164,0.002,0.0005,0.001,1,rest,,0.03,0.2,4,0.0,hit wall,0.3035000000001009,0,0.5750723163945768,0.5750723163945768,0.0,0.06683953776830182,,0,0,,,,,,0.0,0.020021662208778535,0.0,0.2,0.17424351544318883,hit wall,0.3035000000001009,0,0,0,0,0,0,0,,,,,,,,sol_comp_T18_m60_phi0.250.pkl_B_all_small_strong_4_0.0,B_all_small,strong,sol_comp_T18_m60_phi0.250.pkl
sol_comp_T18_m60_phi0.250_B_all_small.pkl,18.0,60.0,0.25,compliant,1.0357923375884164,0.002,0.0005,0.001,1,rest,,0.03,0.2,0,0.0,hit wall,6.7699999999974985,0,0.732858054960887,0.732858054960887,0.0,1.6194899761395296,,0,0,,,,,,0.0018535141598356453,0.02010398979387762,0.0,4.4,0.11543443817819732,hit wall,6.7699999999974985,0,0,0,0,0,0,0,,,,,,,,sol_comp_T18_m60_phi0.250.pkl_B_all_small_strong_0_0.0,B_all_small,strong,sol_comp_T18_m60_phi0.250.pkl
sol_comp_T18_m60_phi0.250_B_all_small.pkl,18.0,60.0,0.25,compliant,1.0357923375884164,0.002,0.0005,0.001,1,rest,,0.01,0.1,9,0.0,hit wall,6.933999999997408,0,0.7263510311347647,0.7263510311347647,0.0,1.639439525292007,,0,0,,,,,,0.0014947681661019452,0.020050452786301354,0.0,4.5,0.12011677119802702,hit wall,6.933999999997408,0,0,0,0,0,0,0,,,,,,,,sol_comp_T18_m60_phi0.250.pkl_B_all_small_weak_9_0.0,B_all_small,weak,sol_comp_T18_m60_phi0.250.pkl
sol_comp_T18_m60_phi0.250_B_all_small.pkl,18.0,60.0,0.25,compliant,1.0357923375884164,0.002,0.0005,0.001,1,rest,,0.01,0.1,7,0.0,hit B's face,8.486999999996549,0,1.3690917251927903,1.3690917251927903,0.0,2.225920150307651,0.05104366194287205,1,0,7.909499999996868,,,,,0.014087663174319448,0.003334653760318638,0.0,5.7,0.05399753483083147,hit B's face,8.486999999996549,0,0,0,0,0,0,0,7.811999999996921,7.90249999999687,,,,,,sol_comp_T18_m60_phi0.250.pkl_B_all_small_weak_7_0.0,B_all_small,weak,sol_comp_T18_m60_phi0.250.pkl
sol_comp_T18_m60_phi0.250_B_all_small.pkl,18.0,60.0,0.25,compliant,1.0357923375884164,0.002,0.0005,0.001,1,rest,,0.01,0.1,3,0.0,held B,10.405999999995483,1,1.469478383513178,1.469478383513178,1.2566380146615823,3.544316564615298,0.04953789995641343,1,1,7.909499999996868,8.405499999996593,-0.02477628506097096,-0.02477628506097096,0.042896844064209814,0.05181717432708666,0.009208186465504902,0.040615823653299125,6.9,0.07572997656083047,none,,0,0,1,1,1,1,1,7.808999999996924,7.90399999999687,,,,,,sol_comp_T18_m60_phi0.250.pkl_B_all_small_weak_3_0.0,B_all_small,weak,sol_comp_T18_m60_phi0.250.pkl
sol_comp_T18_m60_phi0.250_B_all_small.pkl,18.0,60.0,0.25,compliant,1.0357923375884164,0.002,0.0005,0.001,1,rest,,0.01,0.1,6,0.0,hit B's face,8.465999999996559,0,1.4217741619216098,1.4217741619216098,0.0,2.2394250521702364,0.026994235762680348,1,0,7.909499999996868,,,,,0.014345056761668154,4.866756282950746e-05,0.0,5.8,0.03431964095188596,hit B's face,8.465999999996559,0,0,0,0,0,0,0,7.806499999996923,7.902999999996872,,,,,,sol_comp_T18_m60_phi0.250.pkl_B_all_small_weak_6_0.0,B_all_small,weak,sol_comp_T18_m60_phi0.250.pkl
sol_comp_T18_m60_phi0.250_B_all_small.pkl,18.0,60.0,0.25,compliant,1.0357923375884164,0.002,0.0005,0.001,1,rest,,0.03,0.2,1,0.0,hit B's face,8.48199999999655,0,1.375597034258505,1.375597034258505,0.0,2.227408151554596,0.04751207052906167,1,0,7.909499999996868,,,,,0.013892318974425416,0.008883167375547521,0.0,5.9,0.1001024364333095,hit B's face,8.48199999999655,0,0,0,0,0,0,0,7.8184999999969165,7.902999999996872,,,,,,sol_comp_T18_m60_phi0.250.pkl_B_all_small_strong_1_0.0,B_all_small,strong,sol_comp_T18_m60_phi0.250.pkl
sol_comp_T18_m60_phi0.250_B_all_small.pkl,18.0,60.0,0.25,compliant,1.0357923375884164,0.002,0.0005,0.001,1,rest,,0.03,0.2,2,0.0,hit wall,6.722499999997524,0,0.7564937325621144,0.7564937325621144,0.0,1.6414500125851488,,0,0,,,,,,0.003117700396231049,0.020499524223162924,0.0,4.5,0.2182713468935653,hit wall,6.722499999997524,0,0,0,0,0,0,0,,,,,,,,sol_comp_T18_m60_phi0.250.pkl_B_all_small_strong_2_0.0,B_all_small,strong,sol_comp_T18_m60_phi0.250.pkl
sol_comp_T18_m60_phi0.250_B_all_small.pkl,18.0,60.0,0.25,compliant,1.0357923375884164,0.002,0.0005,0.001,1,rest,,0.03,0.2,3,0.0,hit wall,7.092499999997319,0,0.7213530287267182,0.7213530287267182,0.0,1.6708929504333243,,0,0,,,,,,0.0019353865181439,0.020027450991595853,0.0,4.5,0.149241387906858,hit wall,7.092499999997319,0,0,0,0,0,0,0,,,,,,,,sol_comp_T18_m60_phi0.250.pkl_B_all_small_strong_3_0.0,B_all_small,strong,sol_comp_T18_m60_phi0.250.pkl
sol_comp_T18_m60_phi0.250_B_all_small.pkl,18.0,60.0,0.25,compliant,1.0357923375884164,0.002,0.0005,0.001,1,rest,,0.03,0.2,5,0.0,slipped off A,7.017999999997361,0,0.7322058898844657,0.7322058898844657,0.0,1.6717334657849074,,0,0,,,,,,0.002441501326602147,0.017969743510097985,0.0,4.4,0.19661781264742903,slipped off A,7.017999999997361,0,0,0,0,0,0,0,,,,,,,,sol_comp_T18_m60_phi0.250.pkl_B_all_small_strong_5_0.0,B_all_small,strong,sol_comp_T18_m60_phi0.250.pkl
sol_comp_T18_m60_phi0.250_B_all_small.pkl,18.0,60.0,0.25,compliant,1.0357923375884164,0.002,0.0005,0.001,1,rest,,0.03,0.2,6,0.0,slipped off A,6.981499999997382,0,0.734525777794065,0.734525777794065,0.0,1.6669758889195547,,0,0,,,,,,0.0024755103133015655,0.012976774642506666,0.0,4.5,0.20071044281058353,slipped off A,6.981499999997382,0,0,0,0,0,0,0,,,,,,,,sol_comp_T18_m60_phi0.250.pkl_B_all_small_strong_6_0.0,B_all_small,strong,sol_comp_T18_m60_phi0.250.pkl
sol_comp_T18_m60_phi0.250_B_all_small.pkl,18.0,60.0,0.25,compliant,1.0357923375884164,0.002,0.0005,0.001,1,rest,,0.03,0.2,8,0.0,hit wall,6.791499999997487,0,0.7254715047350069,0.7254715047350069,0.0,1.6137630226061028,,0,0,,,,,,0.0012493698725351,0.020051508803225926,0.0,4.4,0.08071762014677664,hit wall,6.791499999997487,0,0,0,0,0,0,0,,,,,,,,sol_comp_T18_m60_phi0.250.pkl_B_all_small_strong_8_0.0,B_all_small,strong,sol_comp_T18_m60_phi0.250.pkl
sol_comp_T18_m60_phi0.250_B_all_small.pkl,18.0,60.0,0.25,compliant,1.0357923375884164,0.002,0.0005,0.001,1,rest,,0.03,0.2,7,0.0,hit wall,7.100999999997317,0,0.7168691706428002,0.7168691706428002,0.0,1.6685945981600783,,0,0,,,,,,0.0018408546193750541,0.02003739883638805,0.0,4.8,0.15984707957126099,hit wall,7.100999999997317,0,0,0,0,0,0,0,,,,,,,,sol_comp_T18_m60_phi0.250.pkl_B_all_small_strong_7_0.0,B_all_small,strong,sol_comp_T18_m60_phi0.250.pkl
sol_comp_T18_m66_phi0.250_B_all_small.pkl,18.0,66.0,0.25,compliant,1.0977840692237713,0.002,0.0005,0.001,1,rest,,0.0,0.0,0,0.0,lost hook,7.509999999995841,0,1.5808968416302756,1.5808968416302756,1.416145085913686,3.3755201276863227,0.040395846027702645,1,1,5.388999999997015,5.855999999996758,-0.024990821426397414,-0.024990821426397414,0.03173772551283056,0.12804268139503078,0.006252020168208805,0.12312369281374733,4.8,0.04825375454557326,lost hook,7.509999999995841,0,0,0,0,0,0,0,4.955999999997253,5.386999999997016,5.386999999997016,,,,,sol_comp_T18_m66_phi0.250.pkl_B_all_small_none_0_0.0,B_all_small,none,sol_comp_T18_m66_phi0.250.pkl
sol_comp_T18_m66_phi0.250_B_all_small.pkl,18.0,66.0,0.25,compliant,1.0977840692237713,0.002,0.0005,0.001,1,rest,,0.0,0.0,0,-0.003,lost hook,7.439999999995877,0,1.6858610836150756,1.1589625992670345,1.6858610836150756,3.341755178263541,0.007722711286494234,1,1,5.385999999997015,5.843999999996761,-0.004475997181554003,-0.004475997181554003,0.006293307464701374,0.08507446077230468,0.03618668289046223,0.089475997181554,4.8,0.04825375454557326,lost hook,7.439999999995877,0,0,0,0,0,0,0,4.955999999997253,6.010499999996668,6.02449999999666,,,,,sol_comp_T18_m66_phi0.250.pkl_B_all_small_none_0_-0.003,B_all_small,none,sol_comp_T18_m66_phi0.250.pkl
sol_comp_T18_m66_phi0.250_B_all_small.pkl,18.0,66.0,0.25,compliant,1.0977840692237713,0.002,0.0005,0.001,1,rest,,0.0,0.0,0,-0.001,lost hook,7.4469999999958745,0,1.6700368834715227,1.5808968416302756,1.6700368834715227,3.3575109713871365,0.028315473788680396,1,1,5.387999999997014,5.846499999996759,-0.01930716821276901,-0.01930716821276901,0.02071229855620299,0.05004932363547315,0.0,0.06473802653794189,4.9,0.04825375454557326,lost hook,7.4469999999958745,0,0,0,0,0,0,0,4.955999999997253,5.386999999997016,5.386999999997016,,,,,sol_comp_T18_m66_phi0.250.pkl_B_all_small_none_0_-0.001,B_all_small,none,sol_comp_T18_m66_phi0.250.pkl
sol_comp_T18_m60_phi0.250_B_all_small.pkl,18.0,60.0,0.25,compliant,1.0357923375884164,0.002,0.0005,0.001,1,rest,,0.03,0.2,9,0.0,held B,10.39699999999549,1,1.5171848518299562,1.5171848518299562,1.4606562604815145,3.5511185796630045,0.05129062767217911,1,1,7.909499999996868,8.396499999996596,-0.012027007043275972,-0.012027007043275972,0.04986060156663872,0.04915964705645459,0.019678067977270966,0.042027007043275985,6.9,0.14079244967775367,none,,0,0,0,1,1,1,1,7.814999999996921,7.904499999996869,7.904499999996869,,,,,sol_comp_T18_m60_phi0.250.pkl_B_all_small_strong_9_0.0,B_all_small,strong,sol_comp_T18_m60_phi0.250.pkl
sol_comp_T18_m66_phi0.250_B_all_small.pkl,18.0,66.0,0.25,compliant,1.0977840692237713,0.002,0.0005,0.001,1,rest,,0.0,0.0,0,0.001,held B,7.869999999995638,1,1.5808968416302756,1.5808968416302756,1.4575999102547865,3.6313847580388545,0.03798102640235191,1,1,5.389999999997013,5.869499999996748,-0.024805700360811755,-0.024805700360811755,0.028761703638445626,0.20506051816503246,0.038170477919957424,0.10726297636160238,4.9,0.04825375454557326,none,,0,0,0,1,1,1,1,4.955999999997253,5.386999999997016,5.386999999997016,,,,,sol_comp_T18_m66_phi0.250.pkl_B_all_small_none_0_0.001,B_all_small,none,sol_comp_T18_m66_phi0.250.pkl
sol_comp_T18_m66_phi0.250_B_all_small.pkl,18.0,66.0,0.25,compliant,1.0977840692237713,0.002,0.0005,0.001,1,rest,,0.01,0.1,3,0.0,hit wall,4.748499999997367,0,0.7837398006443231,0.7837398006443231,0.0,1.447363770251883,,0,0,,,,,,0.0010207960282320183,0.02000294459026531,0.0,3.2,0.13472526846989755,hit wall,4.748499999997367,0,0,0,0,0,0,0,,,,,,,,sol_comp_T18_m66_phi0.250.pkl_B_all_small_weak_3_0.0,B_all_small,weak,sol_comp_T18_m66_phi0.250.pkl
sol_comp_T18_m66_phi0.250_B_all_small.pkl,18.0,66.0,0.25,compliant,1.0977840692237713,0.002,0.0005,0.001,1,rest,,0.01,0.1,4,0.0,hit wall,4.543999999997482,0,0.7850367234772413,0.7850367234772413,0.0,1.374241341076885,,0,0,,,,,,0.0015131842215594382,0.020019538835158543,0.0,2.8,0.1561049192345579,hit wall,4.543999999997482,0,0,0,0,0,0,0,,,,,,,,sol_comp_T18_m66_phi0.250.pkl_B_all_small_weak_4_0.0,B_all_small,weak,sol_comp_T18_m66_phi0.250.pkl
sol_comp_T18_m66_phi0.250_B_all_small.pkl,18.0,66.0,0.25,compliant,1.0977840692237713,0.002,0.0005,0.001,1,rest,,0.01,0.1,1,0.0,hit B's face,5.9249999999967216,0,1.4771833656344449,1.4771833656344449,0.0,2.061343591513765,0.03045734502677304,1,0,5.388999999997015,,,,,0.010470185590329473,0.007554806687550066,0.0,4.0,0.056028862559974156,hit B's face,5.9249999999967216,0,0,0,0,0,0,0,5.26799999999708,5.386499999997014,,,,,,sol_comp_T18_m66_phi0.250.pkl_B_all_small_weak_1_0.0,B_all_small,weak,sol_comp_T18_m66_phi0.250.pkl
sol_comp_T18_m66_phi0.250_B_all_small.pkl,18.0,66.0,0.25,compliant,1.0977840692237713,0.002,0.0005,0.001,1,rest,,0.01,0.1,2,0.0,hit B's face,5.933999999996715,0,1.4500798949476896,1.4500798949476896,0.0,2.0643573997167777,0.031247448703891793,1,0,5.388999999997015,,,,,0.009986699947666988,0.012828537001421149,0.0,3.9,0.08925697008395186,hit B's face,5.933999999996715,0,0,0,0,0,0,0,5.26799999999708,5.386499999997014,,,,,,sol_comp_T18_m66_phi0.250.pkl_B_all_small_weak_2_0.0,B_all_small,weak,sol_comp_T18_m66_phi0.250.pkl
sol_comp_T18_m66_phi0.250_B_all_small.pkl,18.0,66.0,0.25,compliant,1.0977840692237713,0.002,0.0005,0.001,1,rest,,0.01,0.1,5,0.0,hit wall,4.536499999997485,0,0.7841531435960287,0.7841531435960287,0.0,1.3714977818111447,,0,0,,,,,,0.0023716007727594135,0.020094198351193866,0.0,3.0,0.19446774198299566,hit wall,4.536499999997485,0,0,0,0,0,0,0,,,,,,,,sol_comp_T18_m66_phi0.250.pkl_B_all_small_weak_5_0.0,B_all_small,weak,sol_comp_T18_m66_phi0.250.pkl
sol_comp_T18_m66_phi0.250_B_all_small.pkl,18.0,66.0,0.25,compliant,1.0977840692237713,0.002,0.0005,0.001,1,rest,,0.0,0.0,0,0.003,held B,7.896499999995623,1,1.9748192512500582,1.5808968416302756,1.9748192512500582,3.625245689622937,0.025971192815835174,1,1,5.391999999997012,5.895999999996732,-0.024449460817231206,-0.024449460817231206,0.008759379088951712,0.07207076257333184,0.05508337631350946,0.0544494608172312,5.0,0.04825375454557326,none,,0,0,0,0,1,1,1,4.955999999997253,5.386999999997016,5.386999999997016,5.929499999996715,,,,sol_comp_T18_m66_phi0.250.pkl_B_all_small_none_0_0.003,B_all_small,none,sol_comp_T18_m66_phi0.250.pkl
sol_comp_T18_m66_phi0.250_B_all_small.pkl,18.0,66.0,0.25,compliant,1.0977840692237713,0.002,0.0005,0.001,1,rest,,0.01,0.1,0,0.0,lost hook,7.509999999995841,0,1.5808968416302756,1.5808968416302756,1.416145085913686,3.3755201276863227,0.040395846027702645,1,1,5.388999999997015,5.855999999996758,-0.024990821426397414,-0.024990821426397414,0.03173772551283056,0.12804268139503078,0.006252020168208805,0.12312369281374733,4.8,0.04825375454557326,lost hook,7.509999999995841,0,0,0,0,0,0,0,4.955999999997253,5.386999999997016,5.386999999997016,,,,,sol_comp_T18_m66_phi0.250.pkl_B_all_small_weak_0_0.0,B_all_small,weak,sol_comp_T18_m66_phi0.250.pkl
sol_comp_T18_m66_phi0.250_B_all_small.pkl,18.0,66.0,0.25,compliant,1.0977840692237713,0.002,0.0005,0.001,1,rest,,0.03,0.2,4,0.0,hit wall,0.29599999999983595,0,0.6195181100931249,0.6195181100931249,0.0,0.09349394505008114,,0,0,,,,,,0.0,0.02002738059810348,0.0,0.2,0.1838515002927763,hit wall,0.29599999999983595,0,0,0,0,0,0,0,,,,,,,,sol_comp_T18_m66_phi0.250.pkl_B_all_small_strong_4_0.0,B_all_small,strong,sol_comp_T18_m66_phi0.250.pkl
sol_comp_T18_m66_phi0.250_B_all_small.pkl,18.0,66.0,0.25,compliant,1.0977840692237713,0.002,0.0005,0.001,1,rest,,0.01,0.1,8,0.0,hit wall,4.595499999997454,0,0.7843571304783616,0.7843571304783616,0.0,1.38445781691542,,0,0,,,,,,0.0012581569748165156,0.02002920740195625,0.0,2.8,0.13668656594411907,hit wall,4.595499999997454,0,0,0,0,0,0,0,,,,,,,,sol_comp_T18_m66_phi0.250.pkl_B_all_small_weak_8_0.0,B_all_small,weak,sol_comp_T18_m66_phi0.250.pkl
sol_comp_T18_m66_phi0.250_B_all_small.pkl,18.0,66.0,0.25,compliant,1.0977840692237713,0.002,0.0005,0.001,1,rest,,0.01,0.1,9,0.0,hit wall,4.6379999999974295,0,0.7844860212107433,0.7844860212107433,0.0,1.400167193199554,,0,0,,,,,,0.0010761987207671408,0.020013898401904907,0.0,3.1,0.13479496651606718,hit wall,4.6379999999974295,0,0,0,0,0,0,0,,,,,,,,sol_comp_T18_m66_phi0.250.pkl_B_all_small_weak_9_0.0,B_all_small,weak,sol_comp_T18_m66_phi0.250.pkl
sol_comp_T18_m66_phi0.250_B_all_small.pkl,18.0,66.0,0.25,compliant,1.0977840692237713,0.002,0.0005,0.001,1,rest,,0.03,0.2,0,0.0,hit wall,4.566999999997471,0,0.7850810149158135,0.7850810149158135,0.0,1.3792331171699623,,0,0,,,,,,0.001366797911999007,0.02002966536769588,0.0,2.8,0.14396697991678897,hit wall,4.566999999997471,0,0,0,0,0,0,0,,,,,,,,sol_comp_T18_m66_phi0.250.pkl_B_all_small_strong_0_0.0,B_all_small,strong,sol_comp_T18_m66_phi0.250.pkl
sol_comp_T18_m66_phi0.250_B_all_small.pkl,18.0,66.0,0.25,compliant,1.0977840692237713,0.002,0.0005,0.001,1,rest,,0.03,0.2,2,0.0,slipped off A,4.471499999997523,0,0.7871442690686574,0.7871442690686574,0.0,1.3670653953950227,,0,0,,,,,,0.0024069253406671653,0.017455973191971938,0.0,2.9,0.2158167403401013,slipped off A,4.471499999997523,0,0,0,0,0,0,0,,,,,,,,sol_comp_T18_m66_phi0.250.pkl_B_all_small_strong_2_0.0,B_all_small,strong,sol_comp_T18_m66_phi0.250.pkl
sol_comp_T18_m66_phi0.250_B_all_small.pkl,18.0,66.0,0.25,compliant,1.0977840692237713,0.002,0.0005,0.001,1,rest,,0.03,0.2,1,0.0,hit wall,4.777499999997353,0,0.7831445860761019,0.7831445860761019,0.0,1.4550334305573165,,0,0,,,,,,0.0015694232851619916,0.020015101623288588,0.0,3.0,0.1348026226523556,hit wall,4.777499999997353,0,0,0,0,0,0,0,,,,,,,,sol_comp_T18_m66_phi0.250.pkl_B_all_small_strong_1_0.0,B_all_small,strong,sol_comp_T18_m66_phi0.250.pkl
sol_comp_T18_m66_phi0.250_B_all_small.pkl,18.0,66.0,0.25,compliant,1.0977840692237713,0.002,0.0005,0.001,1,rest,,0.03,0.2,3,0.0,hit wall,4.587499999997458,0,0.7838225715543653,0.7838225715543653,0.0,1.3758086018785403,,0,0,,,,,,0.0024263987029319867,0.020014999022162444,0.0,2.9,0.16690979910851755,hit wall,4.587499999997458,0,0,0,0,0,0,0,,,,,,,,sol_comp_T18_m66_phi0.250.pkl_B_all_small_strong_3_0.0,B_all_small,strong,sol_comp_T18_m66_phi0.250.pkl
sol_comp_T18_m66_phi0.250_B_all_small.pkl,18.0,66.0,0.25,compliant,1.0977840692237713,0.002,0.0005,0.001,1,rest,,0.01,0.1,7,0.0,hit B's face,5.917499999996725,0,1.4989310652739436,1.4989310652739436,0.0,2.0594989779741986,0.02891958297658826,1,0,5.388999999997015,,,,,0.010506513438549137,0.00489614043642287,0.0,4.3,0.04677936878960631,hit B's face,5.917499999996725,0,0,0,0,0,0,0,4.959999999997251,5.386499999997014,,,,,,sol_comp_T18_m66_phi0.250.pkl_B_all_small_weak_7_0.0,B_all_small,weak,sol_comp_T18_m66_phi0.250.pkl
sol_comp_T18_m66_phi0.250_B_all_small.pkl,18.0,66.0,0.25,compliant,1.0977840692237713,0.002,0.0005,0.001,1,rest,,0.03,0.2,6,0.0,hit wall,4.541499999997484,0,0.7841152343270568,0.7841152343270568,0.0,1.3716561715863087,,0,0,,,,,,0.0021979587986499793,0.02013185153694707,0.0,2.9,0.18340185630710248,hit wall,4.541499999997484,0,0,0,0,0,0,0,,,,,,,,sol_comp_T18_m66_phi0.250.pkl_B_all_small_strong_6_0.0,B_all_small,strong,sol_comp_T18_m66_phi0.250.pkl
sol_comp_T18_m66_phi0.250_B_all_small.pkl,18.0,66.0,0.25,compliant,1.0977840692237713,0.002,0.0005,0.001,1,rest,,0.03,0.2,5,0.0,hit wall,4.546999999997482,0,0.7839749750999042,0.7839749750999042,0.0,1.3708393561330767,,0,0,,,,,,0.0023506066409134385,0.020114648907383414,0.0,3.3,0.1901047501716242,hit wall,4.546999999997482,0,0,0,0,0,0,0,,,,,,,,sol_comp_T18_m66_phi0.250.pkl_B_all_small_strong_5_0.0,B_all_small,strong,sol_comp_T18_m66_phi0.250.pkl
sol_comp_T18_m66_phi0.250_B_all_small.pkl,18.0,66.0,0.25,compliant,1.0977840692237713,0.002,0.0005,0.001,1,rest,,0.01,0.1,6,0.0,lost hook,7.509999999995841,0,1.5808968416302756,1.5808968416302756,1.416145085913686,3.3755201276863227,0.040395846027702645,1,1,5.388999999997015,5.855999999996758,-0.024990821426397414,-0.024990821426397414,0.03173772551283056,0.12804268139503078,0.006252020168208805,0.12312369281374733,5.0,0.04825375454557326,lost hook,7.509999999995841,0,0,0,0,0,0,0,4.955999999997253,5.386999999997016,5.386999999997016,,,,,sol_comp_T18_m66_phi0.250.pkl_B_all_small_weak_6_0.0,B_all_small,weak,sol_comp_T18_m66_phi0.250.pkl
sol_comp_T18_m66_phi0.250_B_all_small.pkl,18.0,66.0,0.25,compliant,1.0977840692237713,0.002,0.0005,0.001,1,rest,,0.03,0.2,7,0.0,hit wall,4.600499999997449,0,0.7841171288910549,0.7841171288910549,0.0,1.3757835995436993,,0,0,,,,,,0.002828097500778698,0.020113195456534293,0.0,2.9,0.1932438605541823,hit wall,4.600499999997449,0,0,0,0,0,0,0,,,,,,,,sol_comp_T18_m66_phi0.250.pkl_B_all_small_strong_7_0.0,B_all_small,strong,sol_comp_T18_m66_phi0.250.pkl
sol_comp_T18_m66_phi0.250_B_all_small.pkl,18.0,66.0,0.25,compliant,1.0977840692237713,0.002,0.0005,0.001,1,rest,,0.03,0.2,9,0.0,hit wall,4.591499999997456,0,0.7836189586101344,0.7836189586101344,0.0,1.3769289103392113,,0,0,,,,,,0.0021701159653898516,0.02008068612259577,0.0,2.8,0.15599949854104933,hit wall,4.591499999997456,0,0,0,0,0,0,0,,,,,,,,sol_comp_T18_m66_phi0.250.pkl_B_all_small_strong_9_0.0,B_all_small,strong,sol_comp_T18_m66_phi0.250.pkl
sol_comp_T18_m66_phi0.250_B_all_small.pkl,18.0,66.0,0.25,compliant,1.0977840692237713,0.002,0.0005,0.001,1,rest,,0.03,0.2,8,0.0,lost hook,6.666499999996308,0,2.2383579585864095,1.5035743094795442,2.2383579585864095,3.020912629107051,0.0421093734832853,1,1,5.388999999997015,5.893999999996737,-0.024789690802961672,-0.024789690802961672,0.03403925035967109,0.15902373877496837,0.016476996432269343,0.10978969080296164,4.3,0.11249167161063214,grip capacity exceeded,6.196999999996571,0,0,0,0,0,0,0,5.268499999997079,5.386999999997016,5.386999999997016,5.938499999996711,6.196999999996571,,,sol_comp_T18_m66_phi0.250.pkl_B_all_small_strong_8_0.0,B_all_small,strong,sol_comp_T18_m66_phi0.250.pkl
sol_comp_T18_m66_phi0.250_B_joint5deg.pkl,18.0,66.0,0.25,compliant,1.0922451953244083,0.002,0.0005,0.001,1,rest,,0.0,0.0,0,-0.003,lost hook,6.955999999996148,0,1.928142582801849,1.112855558801209,1.928142582801849,3.335638666924366,0.01837850735878292,1,1,4.8829999999972955,5.341499999997044,-0.008446246963329518,-0.008446246963329518,0.027148585689733527,0.12667676365933317,0.0012798713647823399,0.16745267521496057,4.5,0.03530694123237625,lost hook,6.955999999996148,0,0,0,0,0,0,0,4.770999999997358,5.505999999996952,5.521999999996943,6.565499999996366,,,,sol_comp_T18_m66_phi0.250.pkl_B_joint5deg_none_0_-0.003,B_joint5deg,none,sol_comp_T18_m66_phi0.250.pkl
sol_comp_T18_m66_phi0.250_B_joint5deg.pkl,18.0,66.0,0.25,compliant,1.0922451953244083,0.002,0.0005,0.001,1,rest,,0.0,0.0,0,-0.001,lost hook,6.9719999999961395,0,1.8186206165281416,1.112855558801209,1.8186206165281416,3.3900619407498107,0.030541976742838314,1,1,4.884999999997294,5.343499999997043,-0.018959374783088734,-0.018959374783088734,0.03540064639472579,0.14569840330512418,0.018518649550747668,0.13684579843752107,4.5,0.03530694123237625,lost hook,6.9719999999961395,0,0,0,0,0,0,0,4.770999999997358,5.50849999999695,5.52649999999694,6.57249999999636,,,,sol_comp_T18_m66_phi0.250.pkl_B_joint5deg_none_0_-0.001,B_joint5deg,none,sol_comp_T18_m66_phi0.250.pkl
sol_comp_T18_m66_phi0.250_B_joint5deg.pkl,18.0,66.0,0.25,compliant,1.0922451953244083,0.002,0.0005,0.001,1,rest,,0.0,0.0,0,0.0,lost hook,7.031999999996103,0,1.599182332130024,1.120377321076127,1.599182332130024,3.3217018005745707,0.03951634144480788,1,1,4.885999999997292,5.349499999997036,-0.024992795080739594,-0.024992795080739594,0.04529685687256199,0.14778289832581823,0.02552979651414633,0.12254714863109556,4.9,0.03530694123237625,lost hook,7.031999999996103,0,0,0,0,0,0,0,4.770999999997358,5.511999999996945,5.618499999996885,,,,,sol_comp_T18_m66_phi0.250.pkl_B_joint5deg_none_0_0.0,B_joint5deg,none,sol_comp_T18_m66_phi0.250.pkl
sol_comp_T18_m66_phi0.250_B_joint5deg.pkl,18.0,66.0,0.25,compliant,1.0922451953244083,0.002,0.0005,0.001,1,rest,,0.0,0.0,0,0.001,held B,7.3649999999959235,1,1.657328381332684,1.657328381332684,1.3656551771389884,3.498741804261836,0.04852283991774742,1,1,4.886999999997293,5.3644999999970295,-0.02425612627986551,-0.02425612627986551,0.042025067894990484,0.12109938824694749,0.06667968165452365,0.05425612627986551,4.6,0.03530694123237625,none,,0,0,0,1,1,1,1,4.770999999997358,4.885999999997292,4.885999999997292,,,,,sol_comp_T18_m66_phi0.250.pkl_B_joint5deg_none_0_0.001,B_joint5deg,none,sol_comp_T18_m66_phi0.250.pkl
sol_comp_T18_m66_phi0.250_B_joint5deg.pkl,18.0,66.0,0.25,compliant,1.0922451953244083,0.002,0.0005,0.001,1,rest,,0.0,0.0,0,0.003,lost hook,6.801999999996234,0,2.0726178375831465,1.660315204905659,2.0726178375831465,3.274128684578752,0.030818159941717303,1,1,4.888999999997292,5.38549999999702,-0.02478068278215506,-0.02478068278215506,0.018321483101634343,0.16579670666545365,0.07971682504731792,0.05478068278215506,4.4,0.03530694123237625,grip capacity exceeded,5.38549999999702,0,0,0,0,0,0,0,4.770999999997358,4.885999999997292,4.885999999997292,5.38549999999702,5.38549999999702,,,sol_comp_T18_m66_phi0.250.pkl_B_joint5deg_none_0_0.003,B_joint5deg,none,sol_comp_T18_m66_phi0.250.pkl
sol_comp_T18_m66_phi0.250_B_joint5deg.pkl,18.0,66.0,0.25,compliant,1.0922451953244083,0.002,0.0005,0.001,1,rest,,0.01,0.1,2,0.0,hit B's face,5.406999999997005,0,1.514144193880237,1.514144193880237,0.0,1.9363799129309853,0.0384334974112399,1,0,4.885999999997292,,,,,0.004934419936556411,0.012958922418286965,0.0,3.6,0.0775674098948701,hit B's face,5.406999999997005,0,0,0,0,0,0,0,4.768499999997356,4.885499999997293,4.885499999997293,,,,,sol_comp_T18_m66_phi0.250.pkl_B_joint5deg_weak_2_0.0,B_joint5deg,weak,sol_comp_T18_m66_phi0.250.pkl
sol_comp_T18_m66_phi0.250_B_joint5deg.pkl,18.0,66.0,0.25,compliant,1.0922451953244083,0.002,0.0005,0.001,1,rest,,0.01,0.1,1,0.0,held B,7.363999999995919,1,1.613435100204731,1.613435100204731,1.4254293049157247,3.4462701895317327,0.0371345597436812,1,1,4.885999999997292,5.363499999997028,-0.024807254554682245,-0.024807254554682245,0.027632872612456078,0.12370614920456252,0.06620637161437726,0.05480725455468225,4.8,0.0338331509531834,none,,0,0,0,1,1,1,1,4.7694999999973575,4.885499999997293,4.885499999997293,,,,,sol_comp_T18_m66_phi0.250.pkl_B_joint5deg_weak_1_0.0,B_joint5deg,weak,sol_comp_T18_m66_phi0.250.pkl
sol_comp_T18_m66_phi0.250_B_joint5deg.pkl,18.0,66.0,0.25,compliant,1.0922451953244083,0.002,0.0005,0.001,1,rest,,0.01,0.1,0,0.0,lost hook,7.031999999996103,0,1.599182332130024,1.120377321076127,1.599182332130024,3.3217018005745707,0.03951634144480788,1,1,4.885999999997292,5.349499999997036,-0.024992795080739594,-0.024992795080739594,0.04529685687256199,0.14778289832581823,0.02552979651414633,0.12254714863109556,5.1,0.03530694123237625,lost hook,7.031999999996103,0,0,0,0,0,0,0,4.770999999997358,5.511999999996945,5.618499999996885,,,,,sol_comp_T18_m66_phi0.250.pkl_B_joint5deg_weak_0_0.0,B_joint5deg,weak,sol_comp_T18_m66_phi0.250.pkl
sol_comp_T18_m66_phi0.250_B_joint5deg.pkl,18.0,66.0,0.25,compliant,1.0922451953244083,0.002,0.0005,0.001,1,rest,,0.01,0.1,3,0.0,hit B's face,5.432499999996988,0,1.4737944280989086,1.4737944280989086,0.0,1.9318109145724818,0.07529322537486799,1,0,4.885999999997292,,,,,0.0051880295538506704,0.016841237552891256,0.0,3.5,0.10313014135694121,hit B's face,5.432499999996988,0,0,0,0,0,0,0,4.768499999997356,4.885499999997293,,,,,,sol_comp_T18_m66_phi0.250.pkl_B_joint5deg_weak_3_0.0,B_joint5deg,weak,sol_comp_T18_m66_phi0.250.pkl
sol_comp_T18_m66_phi0.250_B_joint5deg.pkl,18.0,66.0,0.25,compliant,1.0922451953244083,0.002,0.0005,0.001,1,rest,,0.01,0.1,4,0.0,hit wall,4.154499999997697,0,0.7540537782589218,0.7540537782589218,0.0,1.281087398463855,,0,0,,,,,,0.003157499522254803,0.02007288793891497,0.0,2.6,0.2186191579630576,hit wall,4.154499999997697,0,0,0,0,0,0,0,,,,,,,,sol_comp_T18_m66_phi0.250.pkl_B_joint5deg_weak_4_0.0,B_joint5deg,weak,sol_comp_T18_m66_phi0.250.pkl
sol_comp_T18_m66_phi0.250_B_joint5deg.pkl,18.0,66.0,0.25,compliant,1.0922451953244083,0.002,0.0005,0.001,1,rest,,0.03,0.2,4,0.0,hit wall,0.25249999999985917,0,0.6372682703696209,0.6372682703696209,0.0,0.06862800270676028,,0,0,,,,,,0.0,0.020053982473787417,0.0,0.2,0.16620324622577864,hit wall,0.25249999999985917,0,0,0,0,0,0,0,,,,,,,,sol_comp_T18_m66_phi0.250.pkl_B_joint5deg_strong_4_0.0,B_joint5deg,strong,sol_comp_T18_m66_phi0.250.pkl
sol_comp_T18_m66_phi0.250_B_joint5deg.pkl,18.0,66.0,0.25,compliant,1.0922451953244083,0.002,0.0005,0.001,1,rest,,0.01,0.1,5,0.0,hit wall,4.170499999997688,0,0.7554812303682088,0.7554812303682088,0.0,1.2808016713336294,,0,0,,,,,,0.003815871559380901,0.020053940324234024,0.0,2.6,0.2884982336597161,hit wall,4.170499999997688,0,0,0,0,0,0,0,,,,,,,,sol_comp_T18_m66_phi0.250.pkl_B_joint5deg_weak_5_0.0,B_joint5deg,weak,sol_comp_T18_m66_phi0.250.pkl
sol_comp_T18_m66_phi0.250_B_joint5deg.pkl,18.0,66.0,0.25,compliant,1.0922451953244083,0.002,0.0005,0.001,1,rest,,0.01,0.1,7,0.0,hit wall,3.8154999999978862,0,0.7634922184040346,0.7634922184040346,0.0,1.1766161553657082,,0,0,,,,,,0.0007491219187673384,0.02007608304745173,0.0,2.4,0.03393400427873461,hit wall,3.8154999999978862,0,0,0,0,0,0,0,,,,,,,,sol_comp_T18_m66_phi0.250.pkl_B_joint5deg_weak_7_0.0,B_joint5deg,weak,sol_comp_T18_m66_phi0.250.pkl
sol_comp_T18_m66_phi0.250_B_joint5deg.pkl,18.0,66.0,0.25,compliant,1.0922451953244083,0.002,0.0005,0.001,1,rest,,0.03,0.2,2,0.0,hit wall,2.320499999998713,0,0.6681844665735678,0.6681844665735678,0.0,0.6860320748343032,,0,0,,,,,,0.001937291950578901,0.020005072829304294,0.0,1.4,0.2635227986135671,hit wall,2.320499999998713,0,0,0,0,0,0,0,,,,,,,,sol_comp_T18_m66_phi0.250.pkl_B_joint5deg_strong_2_0.0,B_joint5deg,strong,sol_comp_T18_m66_phi0.250.pkl
sol_comp_T18_m66_phi0.250_B_joint5deg.pkl,18.0,66.0,0.25,compliant,1.0922451953244083,0.002,0.0005,0.001,1,rest,,0.01,0.1,8,0.0,hit wall,4.196999999997676,0,0.7534662706514946,0.7534662706514946,0.0,1.2979776413533508,,0,0,,,,,,0.002458889437886136,0.020010675889477924,0.0,2.6,0.17079617320620993,hit wall,4.196999999997676,0,0,0,0,0,0,0,,,,,,,,sol_comp_T18_m66_phi0.250.pkl_B_joint5deg_weak_8_0.0,B_joint5deg,weak,sol_comp_T18_m66_phi0.250.pkl
sol_comp_T18_m66_phi0.250_B_joint5deg.pkl,18.0,66.0,0.25,compliant,1.0922451953244083,0.002,0.0005,0.001,1,rest,,0.01,0.1,9,0.0,hit wall,4.208999999997669,0,0.7533980726275421,0.7533980726275421,0.0,1.305585064775039,,0,0,,,,,,0.0021737575205454107,0.02002554783586757,0.0,3.0,0.14772295040383981,hit wall,4.208999999997669,0,0,0,0,0,0,0,,,,,,,,sol_comp_T18_m66_phi0.250.pkl_B_joint5deg_weak_9_0.0,B_joint5deg,weak,sol_comp_T18_m66_phi0.250.pkl
sol_comp_T18_m66_phi0.250_B_joint5deg.pkl,18.0,66.0,0.25,compliant,1.0922451953244083,0.002,0.0005,0.001,1,rest,,0.03,0.2,0,0.0,hit wall,4.165499999997692,0,0.7535391739645946,0.7535391739645946,0.0,1.2865331323367581,,0,0,,,,,,0.002719541703805173,0.020064001395176605,0.0,2.9,0.18489442507411014,hit wall,4.165499999997692,0,0,0,0,0,0,0,,,,,,,,sol_comp_T18_m66_phi0.250.pkl_B_joint5deg_strong_0_0.0,B_joint5deg,strong,sol_comp_T18_m66_phi0.250.pkl
sol_comp_T18_m66_phi0.250_B_joint5deg.pkl,18.0,66.0,0.25,compliant,1.0922451953244083,0.002,0.0005,0.001,1,rest,,0.03,0.2,3,0.0,hit wall,4.255499999997642,0,0.7585369680866189,0.7585369680866189,0.0,1.3183081217140507,,0,0,,,,,,0.002641751475422227,0.020058133872211854,0.0,2.6,0.21839524175393898,hit wall,4.255499999997642,0,0,0,0,0,0,0,,,,,,,,sol_comp_T18_m66_phi0.250.pkl_B_joint5deg_strong_3_0.0,B_joint5deg,strong,sol_comp_T18_m66_phi0.250.pkl
sol_comp_T18_m66_phi0.250_B_joint5deg.pkl,18.0,66.0,0.25,compliant,1.0922451953244083,0.002,0.0005,0.001,1,rest,,0.01,0.1,6,0.0,lost hook,7.031999999996103,0,1.599182332130024,1.120377321076127,1.599182332130024,3.3217018005745707,0.03951634144480788,1,1,4.885999999997292,5.349499999997036,-0.024992795080739594,-0.024992795080739594,0.04529685687256199,0.14778289832581823,0.02552979651414633,0.12254714863109556,4.6,0.03530694123237625,lost hook,7.031999999996103,0,0,0,0,0,0,0,4.770999999997358,5.511999999996945,5.618499999996885,,,,,sol_comp_T18_m66_phi0.250.pkl_B_joint5deg_weak_6_0.0,B_joint5deg,weak,sol_comp_T18_m66_phi0.250.pkl
sol_comp_T18_m66_phi0.250_B_joint5deg.pkl,18.0,66.0,0.25,compliant,1.0922451953244083,0.002,0.0005,0.001,1,rest,,0.03,0.2,5,0.0,hit wall,4.183499999997682,0,0.7550498609558032,0.7550498609558032,0.0,1.2842581269001845,,0,0,,,,,,0.0035811015712035876,0.020074177675550708,0.0,2.6,0.2734989017766342,hit wall,4.183499999997682,0,0,0,0,0,0,0,,,,,,,,sol_comp_T18_m66_phi0.250.pkl_B_joint5deg_strong_5_0.0,B_joint5deg,strong,sol_comp_T18_m66_phi0.250.pkl
sol_comp_T18_m66_phi0.250_B_joint5deg.pkl,18.0,66.0,0.25,compliant,1.0922451953244083,0.002,0.0005,0.001,1,rest,,0.03,0.2,6,0.0,hit wall,4.172999999997689,0,0.7550732410574428,0.7550732410574428,0.0,1.2822053240206148,,0,0,,,,,,0.0036305738769810414,0.020074406402967114,0.0,2.6,0.2713292809645465,hit wall,4.172999999997689,0,0,0,0,0,0,0,,,,,,,,sol_comp_T18_m66_phi0.250.pkl_B_joint5deg_strong_6_0.0,B_joint5deg,strong,sol_comp_T18_m66_phi0.250.pkl
sol_comp_T18_m66_phi0.250_B_joint5deg.pkl,18.0,66.0,0.25,compliant,1.0922451953244083,0.002,0.0005,0.001,1,rest,,0.03,0.2,7,0.0,hit wall,4.303499999997616,0,0.7692575198198998,0.7692575198198998,0.0,1.3443002814449496,,0,0,,,,,,0.003191601256045312,0.02000151632858501,0.0,2.7,0.21971785961650905,hit wall,4.303499999997616,0,0,0,0,0,0,0,,,,,,,,sol_comp_T18_m66_phi0.250.pkl_B_joint5deg_strong_7_0.0,B_joint5deg,strong,sol_comp_T18_m66_phi0.250.pkl
sol_comp_T18_m66_phi0.250_B_joint5deg.pkl,18.0,66.0,0.25,compliant,1.0922451953244083,0.002,0.0005,0.001,1,rest,,0.03,0.2,8,0.0,hit wall,4.212999999997667,0,0.7535186269950616,0.7535186269950616,0.0,1.3109482622605524,,0,0,,,,,,0.0018301511602135945,0.020043463187320074,0.0,2.6,0.12247196076292363,hit wall,4.212999999997667,0,0,0,0,0,0,0,,,,,,,,sol_comp_T18_m66_phi0.250.pkl_B_joint5deg_strong_8_0.0,B_joint5deg,strong,sol_comp_T18_m66_phi0.250.pkl
sol_comp_T18_m66_phi0.250_B_joint5deg.pkl,18.0,66.0,0.25,compliant,1.0922451953244083,0.002,0.0005,0.001,1,rest,,0.03,0.2,1,0.0,lost hook,6.806999999996229,0,1.9552605052373733,1.5708666940095501,1.9552605052373733,3.233663777132868,0.024248332103346378,1,1,4.885999999997292,5.375499999997022,-0.024031161864222383,-0.024031161864222383,-0.003238034782043329,0.06739266955624523,0.08012096568632776,0.05403116186422238,4.4,0.10055200521658157,lost hook,6.806999999996229,0,0,0,0,0,0,0,4.430999999997546,4.884999999997294,4.884999999997294,5.375499999997022,,,,sol_comp_T18_m66_phi0.250.pkl_B_joint5deg_strong_1_0.0,B_joint5deg,strong,sol_comp_T18_m66_phi0.250.pkl
sol_comp_T18_m66_phi0.250_B_joint5deg.pkl,18.0,66.0,0.25,compliant,1.0922451953244083,0.002,0.0005,0.001,1,rest,,0.03,0.2,9,0.0,hit wall,4.251999999997643,0,0.7583248106063423,0.7583248106063423,0.0,1.3173899596823169,,0,0,,,,,,0.0025631027733186984,0.02006442020243486,0.0,2.8,0.2060442414262783,hit wall,4.251999999997643,0,0,0,0,0,0,0,,,,,,,,sol_comp_T18_m66_phi0.250.pkl_B_joint5deg_strong_9_0.0,B_joint5deg,strong,sol_comp_T18_m66_phi0.250.pkl
sol_comp_T18_m66_phi0.250_B_joint2deg.pkl,18.0,66.0,0.25,compliant,1.0647114188451419,0.002,0.0005,0.001,1,rest,,0.01,0.1,3,0.0,hit wall,1.0744999999994036,0,0.6306217126604073,0.6306217126604073,0.0,0.2940116647655078,,0,0,,,,,,0.00043498267822750236,0.020038601346503704,0.0,0.7,0.05580695476585884,hit wall,1.0744999999994036,0,0,0,0,0,0,0,,,,,,,,sol_comp_T18_m66_phi0.250.pkl_B_joint2deg_weak_3_0.0,B_joint2deg,weak,sol_comp_T18_m66_phi0.250.pkl
sol_comp_T18_m66_phi0.250_B_joint2deg.pkl,18.0,66.0,0.25,compliant,1.0647114188451419,0.002,0.0005,0.001,1,rest,,0.01,0.1,5,0.0,hit wall,1.015499999999438,0,0.6307742470429935,0.6307742470429935,0.0,0.28531357949714053,,0,0,,,,,,0.0013368604150789665,0.020224116569766748,0.0,0.6,0.16015884128066293,hit wall,1.015499999999438,0,0,0,0,0,0,0,,,,,,,,sol_comp_T18_m66_phi0.250.pkl_B_joint2deg_weak_5_0.0,B_joint2deg,weak,sol_comp_T18_m66_phi0.250.pkl
sol_comp_T18_m66_phi0.250_B_joint2deg.pkl,18.0,66.0,0.25,compliant,1.0647114188451419,0.002,0.0005,0.001,1,rest,,0.0,0.0,0,-0.001,lost hook,5.998499999996678,0,1.4001661028969972,1.1052967843573063,1.4001661028969972,2.7247232137797766,0.03818811668733859,1,1,4.696999999997399,5.153499999997148,-0.024904308654627894,-0.024904308654627894,0.04490159294521721,0.25177586873558105,0.025416761130802712,0.10990430865462791,3.8,0.022184975920270605,lost hook,5.998499999996678,0,0,0,0,0,0,0,4.572999999997467,5.321999999997054,,,,,,sol_comp_T18_m66_phi0.250.pkl_B_joint2deg_none_0_-0.001,B_joint2deg,none,sol_comp_T18_m66_phi0.250.pkl
sol_comp_T18_m66_phi0.250_B_joint2deg.pkl,18.0,66.0,0.25,compliant,1.0647114188451419,0.002,0.0005,0.001,1,rest,,0.0,0.0,0,0.0,lost hook,6.589999999996348,0,1.6342954505673721,1.6342954505673721,1.4223357400339296,3.1368733593384928,0.04512475573124097,1,1,4.697999999997396,5.160499999997139,-0.024612336761799636,-0.024612336761799636,0.04172213261347864,0.14450295912066993,0.07994135008042891,0.05461233676179962,4.7,0.022184975920270605,lost hook,6.589999999996348,0,0,0,0,0,0,0,4.572999999997467,4.697499999997397,4.697499999997397,,,,,sol_comp_T18_m66_phi0.250.pkl_B_joint2deg_none_0_0.0,B_joint2deg,none,sol_comp_T18_m66_phi0.250.pkl
sol_comp_T18_m66_phi0.250_B_joint2deg.pkl,18.0,66.0,0.25,compliant,1.0647114188451419,0.002,0.0005,0.001,1,rest,,0.01,0.1,4,0.0,hit wall,4.059499999997751,0,0.7761459876384913,0.7761459876384913,0.0,1.2590674931430441,,0,0,,,,,,0.00244888376015559,0.020020796111690668,0.0,2.6,0.21353914628713438,hit wall,4.059499999997751,0,0,0,0,0,0,0,,,,,,,,sol_comp_T18_m66_phi0.250.pkl_B_joint2deg_weak_4_0.0,B_joint2deg,weak,sol_comp_T18_m66_phi0.250.pkl
sol_comp_T18_m66_phi0.250_B_joint2deg.pkl,18.0,66.0,0.25,compliant,1.0647114188451419,0.002,0.0005,0.001,1,rest,,0.0,0.0,0,0.003,grip capacity exceeded,5.210999999997114,0,2.7679186544724317,1.6526755630442898,2.7679186544724317,1.9086193237080966,0.024124995698324575,1,1,4.700999999997396,5.210499999997115,-0.023896062172399368,-0.023896062172399368,-0.0033156643522834466,0.014297932883103742,0.0008530489420530887,0.0,3.7,0.025201923668704884,grip capacity exceeded,5.210499999997115,0,0,0,0,0,0,0,4.572999999997467,4.697499999997397,4.697499999997397,5.210499999997115,5.210499999997115,5.210499999997115,5.210499999997115,sol_comp_T18_m66_phi0.250.pkl_B_joint2deg_none_0_0.003,B_joint2deg,none,sol_comp_T18_m66_phi0.250.pkl
sol_comp_T18_m66_phi0.250_B_joint2deg.pkl,18.0,66.0,0.25,compliant,1.0647114188451419,0.002,0.0005,0.001,1,rest,,0.0,0.0,0,-0.003,lost hook,6.811999999996228,0,1.5965690798982712,1.1052967843573063,1.5965690798982712,3.2023203924476737,0.02606808624272558,1,1,4.6949999999974,5.1459999999971515,-0.016609340823323215,-0.016609340823323215,0.03548990922203748,0.11921452217060305,0.0008530489420530887,0.09894998170108968,4.7,0.022184975920270605,lost hook,6.811999999996228,0,0,0,0,0,0,0,4.572999999997467,5.307499999997063,5.327999999997051,,,,,sol_comp_T18_m66_phi0.250.pkl_B_joint2deg_none_0_-0.003,B_joint2deg,none,sol_comp_T18_m66_phi0.250.pkl
sol_comp_T18_m66_phi0.250_B_joint2deg.pkl,18.0,66.0,0.25,compliant,1.0647114188451419,0.002,0.0005,0.001,1,rest,,0.0,0.0,0,0.001,lost hook,6.626499999996334,0,1.883218527352421,1.6493925763446597,1.883218527352421,3.277114607825532,0.04242065237212425,1,1,4.6989999999973975,5.172999999997138,-0.024194558317874204,-0.024194558317874204,0.03484444138567291,0.1561416200211897,0.07994789999036955,0.05451654209312981,4.3,0.022184975920270605,lost hook,6.626499999996334,0,0,0,0,0,0,0,4.572999999997467,4.697499999997397,4.697499999997397,6.344999999996492,,,,sol_comp_T18_m66_phi0.250.pkl_B_joint2deg_none_0_0.001,B_joint2deg,none,sol_comp_T18_m66_phi0.250.pkl
sol_comp_T18_m66_phi0.250_B_joint2deg.pkl,18.0,66.0,0.25,compliant,1.0647114188451419,0.002,0.0005,0.001,1,rest,,0.01,0.1,2,0.0,hit B's face,5.203999999997116,0,1.5518636160459194,1.5518636160459194,0.0,1.8762256907179389,0.028324250517347306,1,0,4.697999999997396,,,,,0.004016792107397027,0.010099456561011966,0.0,3.5,0.06108899006787653,hit B's face,5.203999999997116,0,0,0,0,0,0,0,4.569499999997468,4.697499999997397,4.697499999997397,,,,,sol_comp_T18_m66_phi0.250.pkl_B_joint2deg_weak_2_0.0,B_joint2deg,weak,sol_comp_T18_m66_phi0.250.pkl
sol_comp_T18_m66_phi0.250_B_joint2deg.pkl,18.0,66.0,0.25,compliant,1.0647114188451419,0.002,0.0005,0.001,1,rest,,0.03,0.2,2,0.0,hit wall,0.2774999999998471,0,0.5715615791060891,0.5715615791060891,0.0,0.06526142872413203,,0,0,,,,,,0.0,0.020018104032559474,0.0,0.2,0.1339166150087177,hit wall,0.2774999999998471,0,0,0,0,0,0,0,,,,,,,,sol_comp_T18_m66_phi0.250.pkl_B_joint2deg_strong_2_0.0,B_joint2deg,strong,sol_comp_T18_m66_phi0.250.pkl
sol_comp_T18_m66_phi0.250_B_joint2deg.pkl,18.0,66.0,0.25,compliant,1.0647114188451419,0.002,0.0005,0.001,1,rest,,0.03,0.2,4,0.0,hit wall,0.2379999999998681,0,0.5962093895953299,0.5962093895953299,0.0,0.05878088649113969,,0,0,,,,,,0.0,0.02001433148321331,0.0,0.2,0.15730935905266935,hit wall,0.2379999999998681,0,0,0,0,0,0,0,,,,,,,,sol_comp_T18_m66_phi0.250.pkl_B_joint2deg_strong_4_0.0,B_joint2deg,strong,sol_comp_T18_m66_phi0.250.pkl
sol_comp_T18_m66_phi0.250_B_joint2deg.pkl,18.0,66.0,0.25,compliant,1.0647114188451419,0.002,0.0005,0.001,1,rest,,0.03,0.2,1,0.0,hit wall,1.020999999999436,0,0.6226318377762409,0.6226318377762409,0.0,0.285728003741155,,0,0,,,,,,0.002832532953667165,0.02010625810307176,0.0,0.8,0.10071828732257883,hit wall,1.020999999999436,0,0,0,0,0,0,0,,,,,,,,sol_comp_T18_m66_phi0.250.pkl_B_joint2deg_strong_1_0.0,B_joint2deg,strong,sol_comp_T18_m66_phi0.250.pkl
sol_comp_T18_m66_phi0.250_B_joint2deg.pkl,18.0,66.0,0.25,compliant,1.0647114188451419,0.002,0.0005,0.001,1,rest,,0.01,0.1,0,0.0,lost hook,6.589999999996348,0,1.6342954505673721,1.6342954505673721,1.4223357400339296,3.1368733593384928,0.04512475573124097,1,1,4.697999999997396,5.160499999997139,-0.024612336761799636,-0.024612336761799636,0.04172213261347864,0.14450295912066993,0.07994135008042891,0.05461233676179962,4.3,0.022184975920270605,lost hook,6.589999999996348,0,0,0,0,0,0,0,4.572999999997467,4.697499999997397,4.697499999997397,,,,,sol_comp_T18_m66_phi0.250.pkl_B_joint2deg_weak_0_0.0,B_joint2deg,weak,sol_comp_T18_m66_phi0.250.pkl
sol_comp_T18_m66_phi0.250_B_joint2deg.pkl,18.0,66.0,0.25,compliant,1.0647114188451419,0.002,0.0005,0.001,1,rest,,0.01,0.1,1,0.0,lost hook,6.604999999996341,0,1.8209662825031896,1.650834267864343,1.8209662825031896,3.2643995240685872,0.044941123652947446,1,1,4.697999999997396,5.162499999997138,-0.02460333285482008,-0.02460333285482008,0.04145363625958249,0.21020115144551177,0.08044987144269644,0.05460333285482007,4.2,0.03280044772449594,lost hook,6.604999999996341,0,0,0,0,0,0,0,4.571499999997467,4.697499999997397,4.697499999997397,5.702499999996839,,,,sol_comp_T18_m66_phi0.250.pkl_B_joint2deg_weak_1_0.0,B_joint2deg,weak,sol_comp_T18_m66_phi0.250.pkl
sol_comp_T18_m66_phi0.250_B_joint2deg.pkl,18.0,66.0,0.25,compliant,1.0647114188451419,0.002,0.0005,0.001,1,rest,,0.03,0.2,3,0.0,hit wall,0.997499999999448,0,0.6303683385359428,0.6303683385359428,0.0,0.2827305442108432,,0,0,,,,,,0.0007488729461058163,0.020124317671942227,0.0,0.6,0.1321947016860845,hit wall,0.997499999999448,0,0,0,0,0,0,0,,,,,,,,sol_comp_T18_m66_phi0.250.pkl_B_joint2deg_strong_3_0.0,B_joint2deg,strong,sol_comp_T18_m66_phi0.250.pkl
sol_comp_T18_m66_phi0.250_B_joint2deg.pkl,18.0,66.0,0.25,compliant,1.0647114188451419,0.002,0.0005,0.001,1,rest,,0.01,0.1,7,0.0,hit wall,3.4594999999980836,0,0.7653572019044341,0.7653572019044341,0.0,1.0857174909054874,,0,0,,,,,,0.0008213204451697688,0.02009219679175589,0.0,1.9,0.03845938796758519,hit wall,3.4594999999980836,0,0,0,0,0,0,0,,,,,,,,sol_comp_T18_m66_phi0.250.pkl_B_joint2deg_weak_7_0.0,B_joint2deg,weak,sol_comp_T18_m66_phi0.250.pkl
sol_comp_T18_m66_phi0.250_B_joint2deg.pkl,18.0,66.0,0.25,compliant,1.0647114188451419,0.002,0.0005,0.001,1,rest,,0.03,0.2,5,0.0,hit wall,1.020999999999436,0,0.6382901843842873,0.6382901843842873,0.0,0.28467297716993023,,0,0,,,,,,0.0015069904473239415,0.02017953294648067,0.0,0.7,0.1635818921781509,hit wall,1.020999999999436,0,0,0,0,0,0,0,,,,,,,,sol_comp_T18_m66_phi0.250.pkl_B_joint2deg_strong_5_0.0,B_joint2deg,strong,sol_comp_T18_m66_phi0.250.pkl
sol_comp_T18_m66_phi0.250_B_joint2deg.pkl,18.0,66.0,0.25,compliant,1.0647114188451419,0.002,0.0005,0.001,1,rest,,0.03,0.2,6,0.0,hit wall,1.0289999999994315,0,0.6334221512717577,0.6334221512717577,0.0,0.28697255073866956,,0,0,,,,,,0.001233200611762797,0.02011217546826316,0.0,0.6,0.15112129281211306,hit wall,1.0289999999994315,0,0,0,0,0,0,0,,,,,,,,sol_comp_T18_m66_phi0.250.pkl_B_joint2deg_strong_6_0.0,B_joint2deg,strong,sol_comp_T18_m66_phi0.250.pkl
sol_comp_T18_m66_phi0.250_B_joint2deg.pkl,18.0,66.0,0.25,compliant,1.0647114188451419,0.002,0.0005,0.001,1,rest,,0.03,0.2,7,0.0,hit wall,0.977999999999458,0,0.6294996543904533,0.6294996543904533,0.0,0.2786784542733173,,0,0,,,,,,0.0030677237702405186,0.020360553933344794,0.0,0.6,0.16736246526156284,hit wall,0.977999999999458,0,0,0,0,0,0,0,,,,,,,,sol_comp_T18_m66_phi0.250.pkl_B_joint2deg_strong_7_0.0,B_joint2deg,strong,sol_comp_T18_m66_phi0.250.pkl
sol_comp_T18_m66_phi0.250_B_joint2deg.pkl,18.0,66.0,0.25,compliant,1.0647114188451419,0.002,0.0005,0.001,1,rest,,0.03,0.2,9,0.0,hit wall,1.002999999999446,0,0.6319986419072081,0.6319986419072081,0.0,0.28234367421293066,,0,0,,,,,,0.002605812913309774,0.020092332404676227,0.0,0.6,0.14381931722989094,hit wall,1.002999999999446,0,0,0,0,0,0,0,,,,,,,,sol_comp_T18_m66_phi0.250.pkl_B_joint2deg_strong_9_0.0,B_joint2deg,strong,sol_comp_T18_m66_phi0.250.pkl
sol_comp_T18_m66_phi0.250_B_joint2deg.pkl,18.0,66.0,0.25,compliant,1.0647114188451419,0.002,0.0005,0.001,1,rest,,0.01,0.1,8,0.0,hit wall,4.132499999997709,0,0.7774364681649584,0.7774364681649584,0.0,1.307247190106246,,0,0,,,,,,0.0017453451980691537,0.02000585546364037,0.0,2.9,0.15721196779498123,hit wall,4.132499999997709,0,0,0,0,0,0,0,,,,,,,,sol_comp_T18_m66_phi0.250.pkl_B_joint2deg_weak_8_0.0,B_joint2deg,weak,sol_comp_T18_m66_phi0.250.pkl
sol_comp_T18_m66_phi0.250_B_joint2deg.pkl,18.0,66.0,0.25,compliant,1.0647114188451419,0.002,0.0005,0.001,1,rest,,0.03,0.2,0,0.0,hit wall,4.077499999997741,0,0.772885631376913,0.772885631376913,0.0,1.2716646606682724,,0,0,,,,,,0.0021201028921986886,0.020029191359688846,0.0,2.7,0.18230712281255917,hit wall,4.077499999997741,0,0,0,0,0,0,0,,,,,,,,sol_comp_T18_m66_phi0.250.pkl_B_joint2deg_strong_0_0.0,B_joint2deg,strong,sol_comp_T18_m66_phi0.250.pkl
sol_comp_T18_m66_phi0.250_B_joint2deg.pkl,18.0,66.0,0.25,compliant,1.0647114188451419,0.002,0.0005,0.001,1,rest,,0.01,0.1,6,0.0,lost hook,6.589999999996348,0,1.6342954505673721,1.6342954505673721,1.4223357400339296,3.1368733593384928,0.04512475573124097,1,1,4.697999999997396,5.160499999997139,-0.024612336761799636,-0.024612336761799636,0.04172213261347864,0.14450295912066993,0.07994135008042891,0.05461233676179962,4.3,0.022184975920270605,lost hook,6.589999999996348,0,0,0,0,0,0,0,4.572999999997467,4.697499999997397,4.697499999997397,,,,,sol_comp_T18_m66_phi0.250.pkl_B_joint2deg_weak_6_0.0,B_joint2deg,weak,sol_comp_T18_m66_phi0.250.pkl
sol_comp_T18_m66_phi0.250_B_joint2deg.pkl,18.0,66.0,0.25,compliant,1.0647114188451419,0.002,0.0005,0.001,1,rest,,0.01,0.1,9,0.0,missed B,5.345999999997037,0,1.4349885271019542,1.4349885271019542,0.0,1.869351031787584,0.12550464877936301,1,0,4.697999999997396,,,,,0.004912271254926881,0.01937126463570607,0.0,3.8,0.13803264862338407,missed B,5.345999999997037,0,0,0,0,0,0,0,4.5689999999974695,4.696999999997399,,,,,,sol_comp_T18_m66_phi0.250.pkl_B_joint2deg_weak_9_0.0,B_joint2deg,weak,sol_comp_T18_m66_phi0.250.pkl
sol_comp_T18_m66_phi0.250_B_joint2deg.pkl,18.0,66.0,0.25,compliant,1.0647114188451419,0.002,0.0005,0.001,1,rest,,0.03,0.2,8,0.0,missed B,5.340499999997039,0,1.457152783937177,1.457152783937177,0.0,1.8701007169556698,0.08713617765431597,1,0,4.697999999997396,,,,,0.0051029727283953275,0.018148198824964042,0.0,3.6,0.12207950130109073,missed B,5.340499999997039,0,0,0,0,0,0,0,4.569499999997468,4.697499999997397,,,,,,sol_comp_T18_m66_phi0.250.pkl_B_joint2deg_strong_8_0.0,B_joint2deg,strong,sol_comp_T18_m66_phi0.250.pkl
sol_comp_T18_m66_phi0.250_B_all_large.pkl,18.0,66.0,0.25,compliant,1.1106363158587964,0.002,0.0005,0.001,1,rest,,0.0,0.0,0,0.0,lost hook,7.18199999999602,0,1.657552820542398,1.657552820542398,1.5235795332190418,3.353440718459442,0.04761115058250993,1,1,5.277999999997075,5.749499999996814,-0.02422606847417086,-0.02422606847417086,0.04098681819896758,0.1724591591538467,0.0800215708762555,0.05422606847417086,4.9,0.05704000561739046,lost hook,7.18199999999602,0,0,0,0,0,0,0,4.847999999997313,5.276499999997075,5.276499999997075,,,,,sol_comp_T18_m66_phi0.250.pkl_B_all_large_none_0_0.0,B_all_large,none,sol_comp_T18_m66_phi0.250.pkl
sol_comp_T18_m66_phi0.250_B_all_large.pkl,18.0,66.0,0.25,compliant,1.1106363158587964,0.002,0.0005,0.001,1,rest,,0.0,0.0,0,-0.001,lost hook,7.369999999995919,0,1.657552820542398,1.657552820542398,1.6340160327142568,3.4431867376853673,0.03953849923563522,1,1,5.276999999997077,5.738499999996822,-0.024985716763459287,-0.024985716763459287,0.046077919224352934,0.1370449068892023,0.021929298790301033,0.1438207070612733,4.7,0.05704000561739046,lost hook,7.369999999995919,0,0,0,0,0,0,0,4.847999999997313,5.276499999997075,5.276499999997075,,,,,sol_comp_T18_m66_phi0.250.pkl_B_all_large_none_0_-0.001,B_all_large,none,sol_comp_T18_m66_phi0.250.pkl
sol_comp_T18_m66_phi0.250_B_all_large.pkl,18.0,66.0,0.25,compliant,1.1106363158587964,0.002,0.0005,0.001,1,rest,,0.0,0.0,0,0.001,lost hook,7.212499999996005,0,1.7830742461833684,1.657552820542398,1.7830742461833684,3.3549757167444625,0.03922597898795593,1,1,5.278999999997076,5.76049999999681,-0.024311574200702957,-0.024311574200702957,0.030783514865058443,0.050266087622152816,0.08014052241445668,0.054311574200702956,4.7,0.05704000561739046,lost hook,7.212499999996005,0,0,0,0,0,0,0,4.847999999997313,5.276499999997075,5.276499999997075,5.76049999999681,,,,sol_comp_T18_m66_phi0.250.pkl_B_all_large_none_0_0.001,B_all_large,none,sol_comp_T18_m66_phi0.250.pkl
sol_comp_T18_m66_phi0.250_B_all_large.pkl,18.0,66.0,0.25,compliant,1.1106363158587964,0.002,0.0005,0.001,1,rest,,0.0,0.0,0,-0.003,lost hook,7.319999999995947,0,2.19603708063583,1.167792523180477,2.19603708063583,3.435769322962929,0.024787533782695676,1,1,5.274999999997078,5.726499999996829,-0.017259256694473812,-0.017259256694473812,0.03448917670525356,0.07923877453515918,0.0,0.0628823654606828,4.8,0.05704000561739046,grip capacity exceeded,6.929499999996164,0,0,0,0,0,0,0,4.847999999997313,5.889999999996739,5.903499999996733,6.925999999996165,6.929499999996164,,,sol_comp_T18_m66_phi0.250.pkl_B_all_large_none_0_-0.003,B_all_large,none,sol_comp_T18_m66_phi0.250.pkl
sol_comp_T18_m66_phi0.250_B_all_large.pkl,18.0,66.0,0.25,compliant,1.1106363158587964,0.002,0.0005,0.001,1,rest,,0.0,0.0,0,0.003,lost hook,7.222999999996002,0,2.0002487693827886,1.657552820542398,2.0002487693827886,3.419129074132621,0.026186625453870634,1,1,5.280999999997075,5.7784999999968,-0.024761354399441604,-0.024761354399441604,0.008521424820214006,0.04718132805167749,0.08041340666476993,0.0547613543994416,4.7,0.05704000561739046,grip capacity exceeded,5.825499999996776,0,0,0,0,0,0,0,4.847999999997313,5.276499999997075,5.276499999997075,5.7784999999968,5.825499999996776,,,sol_comp_T18_m66_phi0.250.pkl_B_all_large_none_0_0.003,B_all_large,none,sol_comp_T18_m66_phi0.250.pkl
sol_comp_T18_m66_phi0.250_B_all_large.pkl,18.0,66.0,0.25,compliant,1.1106363158587964,0.002,0.0005,0.001,1,rest,,0.01,0.1,1,0.0,hit B's face,5.795999999996788,0,1.5171349034722865,1.5171349034722865,0.0,2.0817261562906393,0.032110358119288064,1,0,5.277999999997075,,,,,0.008954674125784379,0.0036979071502700415,0.0,3.9,0.05056264018090673,hit B's face,5.795999999996788,0,0,0,0,0,0,0,4.855999999997309,5.275999999997076,5.275999999997076,,,,,sol_comp_T18_m66_phi0.250.pkl_B_all_large_weak_1_0.0,B_all_large,weak,sol_comp_T18_m66_phi0.250.pkl
sol_comp_T18_m66_phi0.250_B_all_large.pkl,18.0,66.0,0.25,compliant,1.1106363158587964,0.002,0.0005,0.001,1,rest,,0.01,0.1,2,0.0,hit B's face,5.800999999996787,0,1.4276204264996544,1.4276204264996544,0.0,2.0749631016065466,0.042125333202119725,1,0,5.277999999997075,,,,,0.009316374177922193,0.0121085630381663,0.0,4.0,0.10346813680777593,hit B's face,5.800999999996787,0,0,0,0,0,0,0,5.176999999997133,5.275499999997077,,,,,,sol_comp_T18_m66_phi0.250.pkl_B_all_large_weak_2_0.0,B_all_large,weak,sol_comp_T18_m66_phi0.250.pkl
sol_comp_T18_m66_phi0.250_B_all_large.pkl,18.0,66.0,0.25,compliant,1.1106363158587964,0.002,0.0005,0.001,1,rest,,0.01,0.1,0,0.0,lost hook,7.18199999999602,0,1.657552820542398,1.657552820542398,1.5235795332190418,3.353440718459442,0.04761115058250993,1,1,5.277999999997075,5.749499999996814,-0.02422606847417086,-0.02422606847417086,0.04098681819896758,0.1724591591538467,0.0800215708762555,0.05422606847417086,4.5,0.05704000561739046,lost hook,7.18199999999602,0,0,0,0,0,0,0,4.847999999997313,5.276499999997075,5.276499999997075,,,,,sol_comp_T18_m66_phi0.250.pkl_B_all_large_weak_0_0.0,B_all_large,weak,sol_comp_T18_m66_phi0.250.pkl
sol_comp_T18_m66_phi0.250_B_all_large.pkl,18.0,66.0,0.25,compliant,1.1106363158587964,0.002,0.0005,0.001,1,rest,,0.01,0.1,3,0.0,hit B's face,5.819499999996776,0,1.3320300092278654,1.3320300092278654,0.0,2.066263547437547,0.07446603491240958,1,0,5.277999999997075,,,,,0.009954753393098481,0.019392916767953874,0.0,3.9,0.14960073396808748,hit B's face,5.819499999996776,0,0,0,0,0,0,0,5.17949999999713,5.275499999997077,,,,,,sol_comp_T18_m66_phi0.250.pkl_B_all_large_weak_3_0.0,B_all_large,weak,sol_comp_T18_m66_phi0.250.pkl
sol_comp_T18_m66_phi0.250_B_all_large.pkl,18.0,66.0,0.25,compliant,1.1106363158587964,0.002,0.0005,0.001,1,rest,,0.01,0.1,4,0.0,hit wall,4.45449999999753,0,0.7856753539959784,0.7856753539959784,0.0,1.3748892031032673,,0,0,,,,,,0.0018900457504715806,0.020013230690810218,0.0,2.9,0.1572375228800971,hit wall,4.45449999999753,0,0,0,0,0,0,0,,,,,,,,sol_comp_T18_m66_phi0.250.pkl_B_all_large_weak_4_0.0,B_all_large,weak,sol_comp_T18_m66_phi0.250.pkl
sol_comp_T18_m66_phi0.250_B_all_large.pkl,18.0,66.0,0.25,compliant,1.1106363158587964,0.002,0.0005,0.001,1,rest,,0.03,0.2,4,0.0,hit wall,0.29399999999983706,0,0.6284201199145646,0.6284201199145646,0.0,0.09235949262422193,,0,0,,,,,,0.0,0.02004242011882169,0.0,0.2,0.1888989014993676,hit wall,0.29399999999983706,0,0,0,0,0,0,0,,,,,,,,sol_comp_T18_m66_phi0.250.pkl_B_all_large_strong_4_0.0,B_all_large,strong,sol_comp_T18_m66_phi0.250.pkl
sol_comp_T18_m66_phi0.250_B_all_large.pkl,18.0,66.0,0.25,compliant,1.1106363158587964,0.002,0.0005,0.001,1,rest,,0.01,0.1,8,0.0,hit wall,4.509499999997502,0,0.7852094161424173,0.7852094161424173,0.0,1.3896360705482862,,0,0,,,,,,0.0016040428690043962,0.02001534582291359,0.0,2.9,0.1535601089992583,hit wall,4.509499999997502,0,0,0,0,0,0,0,,,,,,,,sol_comp_T18_m66_phi0.250.pkl_B_all_large_weak_8_0.0,B_all_large,weak,sol_comp_T18_m66_phi0.250.pkl
sol_comp_T18_m66_phi0.250_B_all_large.pkl,18.0,66.0,0.25,compliant,1.1106363158587964,0.002,0.0005,0.001,1,rest,,0.01,0.1,5,0.0,hit wall,4.4554999999975315,0,0.787783407859359,0.787783407859359,0.0,1.3735674942617344,,0,0,,,,,,0.0029962720928619346,0.020008742341623323,0.0,3.2,0.20911877160085957,hit wall,4.4554999999975315,0,0,0,0,0,0,0,,,,,,,,sol_comp_T18_m66_phi0.250.pkl_B_all_large_weak_5_0.0,B_all_large,weak,sol_comp_T18_m66_phi0.250.pkl
sol_comp_T18_m66_phi0.250_B_all_large.pkl,18.0,66.0,0.25,compliant,1.1106363158587964,0.002,0.0005,0.001,1,rest,,0.01,0.1,9,0.0,hit wall,4.536499999997485,0,0.7849306744175812,0.7849306744175812,0.0,1.400847516473641,,0,0,,,,,,0.0013566953245671143,0.02003014360045522,0.0,3.0,0.15385759618666464,hit wall,4.536499999997485,0,0,0,0,0,0,0,,,,,,,,sol_comp_T18_m66_phi0.250.pkl_B_all_large_weak_9_0.0,B_all_large,weak,sol_comp_T18_m66_phi0.250.pkl
sol_comp_T18_m66_phi0.250_B_all_large.pkl,18.0,66.0,0.25,compliant,1.1106363158587964,0.002,0.0005,0.001,1,rest,,0.03,0.2,0,0.0,hit wall,4.476499999997518,0,0.7852399475864278,0.7852399475864278,0.0,1.3811375351626163,,0,0,,,,,,0.0015578783814858,0.020032584214273882,0.0,3.0,0.15461646755058728,hit wall,4.476499999997518,0,0,0,0,0,0,0,,,,,,,,sol_comp_T18_m66_phi0.250.pkl_B_all_large_strong_0_0.0,B_all_large,strong,sol_comp_T18_m66_phi0.250.pkl
sol_comp_T18_m66_phi0.250_B_all_large.pkl,18.0,66.0,0.25,compliant,1.1106363158587964,0.002,0.0005,0.001,1,rest,,0.03,0.2,2,0.0,hit wall,4.392499999997565,0,0.7864741115573033,0.7864741115573033,0.0,1.3660361925627025,,0,0,,,,,,0.0023540523252830736,0.02010911668111387,0.0,2.8,0.2152415381247883,hit wall,4.392499999997565,0,0,0,0,0,0,0,,,,,,,,sol_comp_T18_m66_phi0.250.pkl_B_all_large_strong_2_0.0,B_all_large,strong,sol_comp_T18_m66_phi0.250.pkl
sol_comp_T18_m66_phi0.250_B_all_large.pkl,18.0,66.0,0.25,compliant,1.1106363158587964,0.002,0.0005,0.001,1,rest,,0.01,0.1,7,0.0,hit B's face,5.790999999996792,0,1.5970657404609527,1.5970657404609527,0.0,2.0857406239809557,0.02687344134121089,1,0,5.277999999997075,,,,,0.008404946428302362,0.0013898548867463667,0.0,3.9,0.045279929003815514,hit B's face,5.790999999996792,0,0,0,0,0,0,0,4.840999999997319,5.275999999997076,5.275999999997076,,,,,sol_comp_T18_m66_phi0.250.pkl_B_all_large_weak_7_0.0,B_all_large,weak,sol_comp_T18_m66_phi0.250.pkl
sol_comp_T18_m66_phi0.250_B_all_large.pkl,18.0,66.0,0.25,compliant,1.1106363158587964,0.002,0.0005,0.001,1,rest,,0.03,0.2,3,0.0,hit wall,4.519499999997496,0,0.787633851944585,0.787633851944585,0.0,1.387556925112018,,0,0,,,,,,0.003026252615218411,0.020048304615634994,0.0,2.8,0.20629343063029815,hit wall,4.519499999997496,0,0,0,0,0,0,0,,,,,,,,sol_comp_T18_m66_phi0.250.pkl_B_all_large_strong_3_0.0,B_all_large,strong,sol_comp_T18_m66_phi0.250.pkl
sol_comp_T18_m66_phi0.250_B_all_large.pkl,18.0,66.0,0.25,compliant,1.1106363158587964,0.002,0.0005,0.001,1,rest,,0.03,0.2,5,0.0,hit wall,4.468499999997523,0,0.7876035559534331,0.7876035559534331,0.0,1.374578680898489,,0,0,,,,,,0.002913346138868955,0.020040527245708217,0.0,2.9,0.20290536528903202,hit wall,4.468499999997523,0,0,0,0,0,0,0,,,,,,,,sol_comp_T18_m66_phi0.250.pkl_B_all_large_strong_5_0.0,B_all_large,strong,sol_comp_T18_m66_phi0.250.pkl
sol_comp_T18_m66_phi0.250_B_all_large.pkl,18.0,66.0,0.25,compliant,1.1106363158587964,0.002,0.0005,0.001,1,rest,,0.03,0.2,1,0.0,missed B,5.949999999996702,0,1.3215754723685607,1.3215754723685607,0.0,2.063635525224252,0.10100678374172233,1,0,5.277999999997075,,,,,0.01138080134546432,0.013924729652989808,0.0,4.0,0.12397817145897405,missed B,5.949999999996702,0,0,0,0,0,0,0,5.1754999999971325,5.274999999997078,,,,,,sol_comp_T18_m66_phi0.250.pkl_B_all_large_strong_1_0.0,B_all_large,strong,sol_comp_T18_m66_phi0.250.pkl
sol_comp_T18_m66_phi0.250_B_all_large.pkl,18.0,66.0,0.25,compliant,1.1106363158587964,0.002,0.0005,0.001,1,rest,,0.01,0.1,6,0.0,lost hook,7.18199999999602,0,1.657552820542398,1.657552820542398,1.5235795332190418,3.353440718459442,0.04761115058250993,1,1,5.277999999997075,5.749499999996814,-0.02422606847417086,-0.02422606847417086,0.04098681819896758,0.1724591591538467,0.0800215708762555,0.05422606847417086,4.7,0.05704000561739046,lost hook,7.18199999999602,0,0,0,0,0,0,0,4.847999999997313,5.276499999997075,5.276499999997075,,,,,sol_comp_T18_m66_phi0.250.pkl_B_all_large_weak_6_0.0,B_all_large,weak,sol_comp_T18_m66_phi0.250.pkl
sol_comp_T18_m66_phi0.250_B_all_large.pkl,18.0,66.0,0.25,compliant,1.1106363158587964,0.002,0.0005,0.001,1,rest,,0.03,0.2,6,0.0,hit wall,4.460499999997527,0,0.7872649468047593,0.7872649468047593,0.0,1.3742838082511568,,0,0,,,,,,0.0027877730849721893,0.020099803049647782,0.0,2.7,0.19728419056964452,hit wall,4.460499999997527,0,0,0,0,0,0,0,,,,,,,,sol_comp_T18_m66_phi0.250.pkl_B_all_large_strong_6_0.0,B_all_large,strong,sol_comp_T18_m66_phi0.250.pkl
sol_comp_T18_m66_phi0.250_B_all_large.pkl,18.0,66.0,0.25,compliant,1.1106363158587964,0.002,0.0005,0.001,1,rest,,0.03,0.2,7,0.0,hit wall,4.537499999997486,0,0.7885940926680426,0.7885940926680426,0.0,1.3908708405056094,,0,0,,,,,,0.0034002877036240498,0.020010928502604358,0.0,2.6,0.24275779436452294,hit wall,4.537499999997486,0,0,0,0,0,0,0,,,,,,,,sol_comp_T18_m66_phi0.250.pkl_B_all_large_strong_7_0.0,B_all_large,strong,sol_comp_T18_m66_phi0.250.pkl
sol_comp_T18_m66_phi0.250_B_all_large.pkl,18.0,66.0,0.25,compliant,1.1106363158587964,0.002,0.0005,0.001,1,rest,,0.03,0.2,9,0.0,hit wall,4.521499999997495,0,0.7869388163301871,0.7869388163301871,0.0,1.3881793556687025,,0,0,,,,,,0.0027089185330457233,0.020080975082553396,0.0,3.0,0.18464716633955647,hit wall,4.521499999997495,0,0,0,0,0,0,0,,,,,,,,sol_comp_T18_m66_phi0.250.pkl_B_all_large_strong_9_0.0,B_all_large,strong,sol_comp_T18_m66_phi0.250.pkl
sol_comp_T18_m66_phi0.250_B_all_large.pkl,18.0,66.0,0.25,compliant,1.1106363158587964,0.002,0.0005,0.001,1,rest,,0.03,0.2,8,0.0,hit wall,4.609499999997446,0,0.7846274813199677,0.7846274813199677,0.0,1.4384401001016243,,0,0,,,,,,0.0009673623041420165,0.020010912759915372,0.0,3.4,0.15353190670697403,hit wall,4.609499999997446,0,0,0,0,0,0,0,,,,,,,,sol_comp_T18_m66_phi0.250.pkl_B_all_large_strong_8_0.0,B_all_large,strong,sol_comp_T18_m66_phi0.250.pkl
sol_comp_T18_m60_phi0.250_B_joint5deg.pkl,18.0,60.0,0.25,compliant,0.9925000621394724,0.002,0.0005,0.001,1,rest,,0.0,0.0,0,0.0,lost hook,7.557499999995812,0,2.176089376295176,1.0750281999071822,2.176089376295176,2.871171267877756,0.036542232049144176,1,1,5.5419999999969285,5.996499999996676,-0.024775832106012974,-0.024775832106012974,0.02983165904237842,0.20187636637676767,0.00430665994451207,0.10977583210601297,4.9,0.024268012809267547,grip capacity exceeded,7.206499999996005,0,0,0,0,0,0,0,5.477499999996965,6.159999999996586,6.175499999996578,7.202499999996007,7.206499999996005,,,sol_comp_T18_m60_phi0.250.pkl_B_joint5deg_none_0_0.0,B_joint5deg,none,sol_comp_T18_m60_phi0.250.pkl
sol_comp_T18_m60_phi0.250_B_joint5deg.pkl,18.0,60.0,0.25,compliant,0.9925000621394724,0.002,0.0005,0.001,1,rest,,0.0,0.0,0,-0.003,lost hook,7.578999999995805,0,1.6874628246866925,1.0750281999071822,1.6874628246866925,2.8252308668450703,0.008811262553207678,1,1,5.538999999996932,5.991999999996683,-0.005259505622719374,-0.005259505622719374,0.007069366901366994,0.04763172126187881,0.0009578967441666933,0.0819685690348479,4.9,0.024268012809267547,lost hook,7.578999999995805,0,0,0,0,0,0,0,5.477499999996965,6.154499999996592,6.166999999996587,,,,,sol_comp_T18_m60_phi0.250.pkl_B_joint5deg_none_0_-0.003,B_joint5deg,none,sol_comp_T18_m60_phi0.250.pkl
sol_comp_T18_m60_phi0.250_B_joint5deg.pkl,18.0,60.0,0.25,compliant,0.9925000621394724,0.002,0.0005,0.001,1,rest,,0.0,0.0,0,-0.001,lost hook,7.581499999995803,0,1.7445306194131431,1.0750281999071822,1.7445306194131431,2.850692515765505,0.02333385063319636,1,1,5.540999999996931,5.9939999999966815,-0.0165341831278214,-0.0165341831278214,0.016464791941229757,0.4201018165601117,0.012066741652992263,0.15761209675572438,4.8,0.024268012809267547,lost hook,7.581499999995803,0,0,0,0,0,0,0,5.477499999996965,6.156499999996591,6.169499999996585,,,,,sol_comp_T18_m60_phi0.250.pkl_B_joint5deg_none_0_-0.001,B_joint5deg,none,sol_comp_T18_m60_phi0.250.pkl
sol_comp_T18_m60_phi0.250_B_joint5deg.pkl,18.0,60.0,0.25,compliant,0.9925000621394724,0.002,0.0005,0.001,1,rest,,0.0,0.0,0,0.003,lost hook,7.484999999995857,0,1.8157066943491618,1.6152419928625068,1.8157066943491618,2.8983973778759964,0.02416532474661455,1,1,5.544999999996929,6.051999999996649,-0.02404658110830793,-0.02404658110830793,-0.0023926673631973583,0.06687287472589282,0.08037977312040256,0.054046581108307935,4.8,0.027736624179539926,lost hook,7.484999999995857,0,0,0,0,0,0,0,5.477499999996965,5.5419999999969285,5.5419999999969285,6.073499999996638,,,,sol_comp_T18_m60_phi0.250.pkl_B_joint5deg_none_0_0.003,B_joint5deg,none,sol_comp_T18_m60_phi0.250.pkl
sol_comp_T18_m60_phi0.250_B_joint5deg.pkl,18.0,60.0,0.25,compliant,0.9925000621394724,0.002,0.0005,0.001,1,rest,,0.0,0.0,0,0.001,lost hook,7.571999999995807,0,2.1388534414529565,1.6152419928625068,2.1388534414529565,2.857267643932188,0.04017893624613108,1,1,5.54299999999693,6.015999999996669,-0.02434310140681495,-0.02434310140681495,0.031964986027968004,0.10188996855253529,0.0009578967441666933,0.02170896079554483,4.9,0.024268012809267547,grip capacity exceeded,7.220999999996003,0,0,0,0,0,0,0,5.477499999996965,5.5419999999969285,5.5419999999969285,7.217999999996003,7.220999999996003,,,sol_comp_T18_m60_phi0.250.pkl_B_joint5deg_none_0_0.001,B_joint5deg,none,sol_comp_T18_m60_phi0.250.pkl
sol_comp_T18_m60_phi0.250_B_joint5deg.pkl,18.0,60.0,0.25,compliant,0.9925000621394724,0.002,0.0005,0.001,1,rest,,0.01,0.1,0,0.0,lost hook,7.557499999995812,0,2.176089376295176,1.0750281999071822,2.176089376295176,2.871171267877756,0.036542232049144176,1,1,5.5419999999969285,5.996499999996676,-0.024775832106012974,-0.024775832106012974,0.02983165904237842,0.20187636637676767,0.00430665994451207,0.10977583210601297,4.8,0.024268012809267547,grip capacity exceeded,7.206499999996005,0,0,0,0,0,0,0,5.477499999996965,6.159999999996586,6.175499999996578,7.202499999996007,7.206499999996005,,,sol_comp_T18_m60_phi0.250.pkl_B_joint5deg_weak_0_0.0,B_joint5deg,weak,sol_comp_T18_m60_phi0.250.pkl
sol_comp_T18_m60_phi0.250_B_joint5deg.pkl,18.0,60.0,0.25,compliant,0.9925000621394724,0.002,0.0005,0.001,1,rest,,0.01,0.1,2,0.0,lost hook,7.5864999999957945,0,1.6293636697140335,1.0777682365645314,1.6293636697140335,2.8873624778697433,0.026204841907042718,1,1,5.5419999999969285,5.995499999996678,-0.014504387676975039,-0.014504387676975039,0.02512532384969464,0.22517031032337226,0.008012223771701975,0.07637744474849242,4.2,0.05006720013793586,lost hook,7.5864999999957945,0,0,0,0,0,0,0,5.50549999999695,6.157499999996588,6.171999999996579,,,,,sol_comp_T18_m60_phi0.250.pkl_B_joint5deg_weak_2_0.0,B_joint5deg,weak,sol_comp_T18_m60_phi0.250.pkl
sol_comp_T18_m60_phi0.250_B_joint5deg.pkl,18.0,60.0,0.25,compliant,0.9925000621394724,0.002,0.0005,0.001,1,rest,,0.01,0.1,4,0.0,slipped off A,4.654999999997422,0,0.6834832397051608,0.6834832397051608,0.0,1.146898441400778,,0,0,,,,,,0.0020662956512912944,0.014642873520118081,0.0,3.2,0.16371392066978385,slipped off A,4.654999999997422,0,0,0,0,0,0,0,,,,,,,,sol_comp_T18_m60_phi0.250.pkl_B_joint5deg_weak_4_0.0,B_joint5deg,weak,sol_comp_T18_m60_phi0.250.pkl
sol_comp_T18_m60_phi0.250_B_joint5deg.pkl,18.0,60.0,0.25,compliant,0.9925000621394724,0.002,0.0005,0.001,1,rest,,0.01,0.1,1,0.0,lost hook,7.617499999995783,0,1.626934855889567,1.048231913182551,1.626934855889567,2.8451923486736197,0.029942332543397045,1,1,5.5419999999969285,6.002999999996675,-0.024769105026877014,-0.024769105026877014,0.01682363558529813,0.11306674018627055,0.004867800639217096,0.03930533919644709,4.7,0.03852889629820311,lost hook,7.617499999995783,0,0,0,0,0,0,0,5.50699999999695,6.254999999996539,7.241499999995991,,,,,sol_comp_T18_m60_phi0.250.pkl_B_joint5deg_weak_1_0.0,B_joint5deg,weak,sol_comp_T18_m60_phi0.250.pkl
sol_comp_T18_m60_phi0.250_B_joint5deg.pkl,18.0,60.0,0.25,compliant,0.9925000621394724,0.002,0.0005,0.001,1,rest,,0.01,0.1,3,0.0,lost hook,7.573999999995802,0,1.7848993658018386,1.0723568226919546,1.7848993658018386,2.870594373416898,0.023238171039664218,1,1,5.5419999999969285,5.995499999996678,-0.013162001250103472,-0.013162001250103472,0.02069190141786765,0.38212279348960054,0.011687139155579916,0.07663822284293306,4.8,0.07120575885297961,lost hook,7.573999999995802,0,0,0,0,0,0,0,5.50699999999695,6.155999999996588,6.1714999999965805,7.20149999999601,,,,sol_comp_T18_m60_phi0.250.pkl_B_joint5deg_weak_3_0.0,B_joint5deg,weak,sol_comp_T18_m60_phi0.250.pkl
sol_comp_T18_m60_phi0.250_B_joint5deg.pkl,18.0,60.0,0.25,compliant,0.9925000621394724,0.002,0.0005,0.001,1,rest,,0.03,0.2,4,0.0,hit wall,0.3329999999998172,0,0.532721631482381,0.532721631482381,0.0,0.08228864521187212,,0,0,,,,,,0.0,0.02002712956737165,0.0,0.2,0.1869456698462511,hit wall,0.3329999999998172,0,0,0,0,0,0,0,,,,,,,,sol_comp_T18_m60_phi0.250.pkl_B_joint5deg_strong_4_0.0,B_joint5deg,strong,sol_comp_T18_m60_phi0.250.pkl
sol_comp_T18_m60_phi0.250_B_joint5deg.pkl,18.0,60.0,0.25,compliant,0.9925000621394724,0.002,0.0005,0.001,1,rest,,0.01,0.1,5,0.0,slipped off A,4.682999999997406,0,0.6805421387676001,0.6805421387676001,0.0,1.1645840562906935,,0,0,,,,,,0.0020790151137630164,0.01949404152595358,0.0,3.1,0.18650899064713788,slipped off A,4.682999999997406,0,0,0,0,0,0,0,,,,,,,,sol_comp_T18_m60_phi0.250.pkl_B_joint5deg_weak_5_0.0,B_joint5deg,weak,sol_comp_T18_m60_phi0.250.pkl
sol_comp_T18_m60_phi0.250_B_joint5deg.pkl,18.0,60.0,0.25,compliant,0.9925000621394724,0.002,0.0005,0.001,1,rest,,0.01,0.1,8,0.0,slipped off A,4.687999999997402,0,0.6809437113793895,0.6809437113793895,0.0,1.1480687182082876,,0,0,,,,,,0.0015591709254539898,0.010987859553912373,0.0,3.1,0.1206317811712558,slipped off A,4.687999999997402,0,0,0,0,0,0,0,,,,,,,,sol_comp_T18_m60_phi0.250.pkl_B_joint5deg_weak_8_0.0,B_joint5deg,weak,sol_comp_T18_m60_phi0.250.pkl
sol_comp_T18_m60_phi0.250_B_joint5deg.pkl,18.0,60.0,0.25,compliant,0.9925000621394724,0.002,0.0005,0.001,1,rest,,0.03,0.2,0,0.0,slipped off A,4.6559999999974195,0,0.6829735725387565,0.6829735725387565,0.0,1.1417192388838198,,0,0,,,,,,0.0018479873510177103,0.011606894438811667,0.0,2.9,0.14303611794571114,slipped off A,4.6559999999974195,0,0,0,0,0,0,0,,,,,,,,sol_comp_T18_m60_phi0.250.pkl_B_joint5deg_strong_0_0.0,B_joint5deg,strong,sol_comp_T18_m60_phi0.250.pkl
sol_comp_T18_m60_phi0.250_B_joint5deg.pkl,18.0,60.0,0.25,compliant,0.9925000621394724,0.002,0.0005,0.001,1,rest,,0.03,0.2,2,0.0,hit wall,4.541999999997483,0,0.6905279445218546,0.6905279445218546,0.0,1.1358160388252858,,0,0,,,,,,0.0030918278436825597,0.020015645724894005,0.0,2.8,0.24955763325353175,hit wall,4.541999999997483,0,0,0,0,0,0,0,,,,,,,,sol_comp_T18_m60_phi0.250.pkl_B_joint5deg_strong_2_0.0,B_joint5deg,strong,sol_comp_T18_m60_phi0.250.pkl
sol_comp_T18_m60_phi0.250_B_joint5deg.pkl,18.0,60.0,0.25,compliant,0.9925000621394724,0.002,0.0005,0.001,1,rest,,0.03,0.2,3,0.0,hit wall,4.728999999997381,0,0.6757531043060166,0.6757531043060166,0.0,1.1661035544776368,,0,0,,,,,,0.0015450783224165987,0.020019764604690213,0.0,2.9,0.14413631687495854,hit wall,4.728999999997381,0,0,0,0,0,0,0,,,,,,,,sol_comp_T18_m60_phi0.250.pkl_B_joint5deg_strong_3_0.0,B_joint5deg,strong,sol_comp_T18_m60_phi0.250.pkl
sol_comp_T18_m60_phi0.250_B_joint5deg.pkl,18.0,60.0,0.25,compliant,0.9925000621394724,0.002,0.0005,0.001,1,rest,,0.03,0.2,1,0.0,hit B's face,6.04549999999665,0,0.9873156109943187,0.9873156109943187,0.0,1.7090094022009816,0.035977190151476074,1,0,5.5419999999969285,,,,,0.004441227766041944,0.013670132825956867,0.0,3.7,0.10104941323368442,hit B's face,6.04549999999665,0,0,0,0,0,0,0,,,,,,,,sol_comp_T18_m60_phi0.250.pkl_B_joint5deg_strong_1_0.0,B_joint5deg,strong,sol_comp_T18_m60_phi0.250.pkl
sol_comp_T18_m60_phi0.250_B_joint5deg.pkl,18.0,60.0,0.25,compliant,0.9925000621394724,0.002,0.0005,0.001,1,rest,,0.01,0.1,6,0.0,lost hook,7.557499999995812,0,2.176089376295176,1.0750281999071822,2.176089376295176,2.871171267877756,0.036542232049144176,1,1,5.5419999999969285,5.996499999996676,-0.024775832106012974,-0.024775832106012974,0.02983165904237842,0.20187636637676767,0.00430665994451207,0.10977583210601297,4.9,0.024268012809267547,grip capacity exceeded,7.206499999996005,0,0,0,0,0,0,0,5.477499999996965,6.159999999996586,6.175499999996578,7.202499999996007,7.206499999996005,,,sol_comp_T18_m60_phi0.250.pkl_B_joint5deg_weak_6_0.0,B_joint5deg,weak,sol_comp_T18_m60_phi0.250.pkl
sol_comp_T18_m60_phi0.250_B_joint5deg.pkl,18.0,60.0,0.25,compliant,0.9925000621394724,0.002,0.0005,0.001,1,rest,,0.01,0.1,9,0.0,lost hook,6.73299999999627,0,2.4274702115330977,1.1241514152883518,2.4274702115330977,2.5732332774182933,0.01092136419203273,1,1,5.5419999999969285,5.996499999996676,0.009143137030493076,0.009143137030493076,0.03613901631891727,0.10178294668433618,0.08018103761604811,0.03696987546107848,4.6,0.10715306967459375,grip capacity exceeded,6.172499999996578,0,0,0,0,0,0,0,5.481499999996963,6.156999999996589,6.161999999996585,6.167499999996583,6.172499999996578,6.178999999996577,,sol_comp_T18_m60_phi0.250.pkl_B_joint5deg_weak_9_0.0,B_joint5deg,weak,sol_comp_T18_m60_phi0.250.pkl
sol_comp_T18_m60_phi0.250_B_joint5deg.pkl,18.0,60.0,0.25,compliant,0.9925000621394724,0.002,0.0005,0.001,1,rest,,0.01,0.1,7,0.0,lost hook,7.676999999995747,0,1.3084463055711986,1.0368879623834677,1.3084463055711986,2.884924984090815,0.02468955889806953,1,1,5.5419999999969285,6.015499999996667,-0.024658816623151836,-0.024658816623151836,-0.0012316985536302968,0.24068535239106406,0.039864983165829315,0.10965881662315183,5.1,0.045212260040051744,lost hook,7.676999999995747,0,0,0,0,0,0,0,5.482999999996963,6.052499999996645,,,,,,sol_comp_T18_m60_phi0.250.pkl_B_joint5deg_weak_7_0.0,B_joint5deg,weak,sol_comp_T18_m60_phi0.250.pkl
sol_comp_T18_m60_phi0.250_B_joint5deg.pkl,18.0,60.0,0.25,compliant,0.9925000621394724,0.002,0.0005,0.001,1,rest,,0.03,0.2,5,0.0,slipped off A,4.689499999997402,0,0.6793374970830116,0.6793374970830116,0.0,1.162355266793774,,0,0,,,,,,0.0018675971962200388,0.01873820400709453,0.0,3.0,0.17346888310969752,slipped off A,4.689499999997402,0,0,0,0,0,0,0,,,,,,,,sol_comp_T18_m60_phi0.250.pkl_B_joint5deg_strong_5_0.0,B_joint5deg,strong,sol_comp_T18_m60_phi0.250.pkl
sol_comp_T18_m60_phi0.250_B_joint5deg.pkl,18.0,60.0,0.25,compliant,0.9925000621394724,0.002,0.0005,0.001,1,rest,,0.03,0.2,6,0.0,slipped off A,4.683999999997404,0,0.6805856200767503,0.6805856200767503,0.0,1.1621327490999787,,0,0,,,,,,0.0020049549258653876,0.01814764608113816,0.0,3.1,0.17668699388244732,slipped off A,4.683999999997404,0,0,0,0,0,0,0,,,,,,,,sol_comp_T18_m60_phi0.250.pkl_B_joint5deg_strong_6_0.0,B_joint5deg,strong,sol_comp_T18_m60_phi0.250.pkl
sol_comp_T18_m60_phi0.250_B_joint5deg.pkl,18.0,60.0,0.25,compliant,0.9925000621394724,0.002,0.0005,0.001,1,rest,,0.03,0.2,8,0.0,slipped off A,4.683999999997404,0,0.6813684789322494,0.6813684789322494,0.0,1.1393503152243136,,0,0,,,,,,0.0013353541501011645,0.007552584043456399,0.0,2.7,0.0960813404481364,slipped off A,4.683999999997404,0,0,0,0,0,0,0,,,,,,,,sol_comp_T18_m60_phi0.250.pkl_B_joint5deg_strong_8_0.0,B_joint5deg,strong,sol_comp_T18_m60_phi0.250.pkl
sol_comp_T18_m60_phi0.250_B_joint5deg.pkl,18.0,60.0,0.25,compliant,0.9925000621394724,0.002,0.0005,0.001,1,rest,,0.03,0.2,7,0.0,hit wall,4.733999999997376,0,0.6738996287256158,0.6738996287256158,0.0,1.1646746656467275,,0,0,,,,,,0.0018489275445989217,0.020009401328739525,0.0,3.0,0.16290359614297856,hit wall,4.733999999997376,0,0,0,0,0,0,0,,,,,,,,sol_comp_T18_m60_phi0.250.pkl_B_joint5deg_strong_7_0.0,B_joint5deg,strong,sol_comp_T18_m60_phi0.250.pkl
sol_comp_T18_m60_phi0.250_B_joint5deg.pkl,18.0,60.0,0.25,compliant,0.9925000621394724,0.002,0.0005,0.001,1,rest,,0.03,0.2,9,0.0,hit wall,4.737499999997375,0,0.676457880161188,0.676457880161188,0.0,1.1678195769562945,,0,0,,,,,,0.0013854856662254,0.02003663697102047,0.0,3.0,0.13579821517268137,hit wall,4.737499999997375,0,0,0,0,0,0,0,,,,,,,,sol_comp_T18_m60_phi0.250.pkl_B_joint5deg_strong_9_0.0,B_joint5deg,strong,sol_comp_T18_m60_phi0.250.pkl
sol_comp_T18_m75_phi0.250_B_all_small.pkl,18.0,75.0,0.25,compliant,1.2640395146792163,0.002,0.0005,0.001,1,rest,,0.0,0.0,0,0.003,hit B's face,7.658999999996308,0,1.8960971647616942,1.8960971647616942,0.0,3.238281207674002,0.02487066934089968,1,0,7.1234999999966035,,,,,0.019219177136362498,0.0011207982975403041,0.0,5.0,0.03285339999299485,hit B's face,7.658999999996308,0,0,0,0,0,0,0,6.67799999999685,7.00049999999667,7.1184999999966045,7.1184999999966045,,,,sol_comp_T18_m75_phi0.250.pkl_B_all_small_none_0_0.003,B_all_small,none,sol_comp_T18_m75_phi0.250.pkl
sol_comp_T18_m75_phi0.250_B_all_small.pkl,18.0,75.0,0.25,compliant,1.2640395146792163,0.002,0.0005,0.001,1,rest,,0.0,0.0,0,-0.003,held B,9.583499999995244,1,1.9656014098249759,1.3181469277577347,1.9656014098249759,5.049086462603835,0.03801744475046026,1,1,7.117499999996607,7.58299999999635,-0.0246777647604719,-0.0246777647604719,0.0289194403780763,0.07229994663005104,0.0011654812807986303,0.06965340999691248,5.6,0.03285339999299485,none,,0,0,0,0,1,1,1,6.67799999999685,7.00049999999667,7.759499999996255,7.772499999996246,,,,sol_comp_T18_m75_phi0.250.pkl_B_all_small_none_0_-0.003,B_all_small,none,sol_comp_T18_m75_phi0.250.pkl
sol_comp_T18_m75_phi0.250_B_all_small.pkl,18.0,75.0,0.25,compliant,1.2640395146792163,0.002,0.0005,0.001,1,rest,,0.0,0.0,0,-0.001,lost hook,9.076999999995522,0,1.8960971647616942,1.8960971647616942,1.7211524445284865,4.850207486750778,0.039222757880626506,1,1,7.119499999996606,7.6019999999963375,-0.024801715205233332,-0.024801715205233332,0.030385846353865913,0.23365937500151424,0.08002870721004651,0.06406138639322233,5.8,0.03285339999299485,lost hook,9.076999999995522,0,0,0,0,0,0,0,6.67799999999685,7.00049999999667,7.1184999999966045,7.1184999999966045,,,,sol_comp_T18_m75_phi0.250.pkl_B_all_small_none_0_-0.001,B_all_small,none,sol_comp_T18_m75_phi0.250.pkl
sol_comp_T18_m75_phi0.250_B_all_small.pkl,18.0,75.0,0.25,compliant,1.2640395146792163,0.002,0.0005,0.001,1,rest,,0.0,0.0,0,0.0,held B,9.611999999995223,1,1.8960971647616942,1.8960971647616942,1.8826044946511333,5.1280546448761575,0.03615557786540598,1,1,7.120499999996603,7.611499999996333,-0.02478002384962119,-0.02478002384962119,0.026328240138559195,0.1706891969115551,0.07475729187197988,0.05931766577280312,6.1,0.03285339999299485,none,,0,0,0,0,1,1,1,6.67799999999685,7.00049999999667,7.1184999999966045,7.1184999999966045,,,,sol_comp_T18_m75_phi0.250.pkl_B_all_small_none_0_0.0,B_all_small,none,sol_comp_T18_m75_phi0.250.pkl
sol_comp_T18_m75_phi0.250_B_all_small.pkl,18.0,75.0,0.25,compliant,1.2640395146792163,0.002,0.0005,0.001,1,rest,,0.01,0.1,4,0.0,hit wall,6.442499999996979,0,0.8497139297973367,0.8497139297973367,0.0,2.3420637906091994,,0,0,,,,,,0.00416474565730246,0.020054862987282568,0.0,4.1,0.19845035746742354,hit wall,6.442499999996979,0,0,0,0,0,0,0,,,,,,,,sol_comp_T18_m75_phi0.250.pkl_B_all_small_weak_4_0.0,B_all_small,weak,sol_comp_T18_m75_phi0.250.pkl
sol_comp_T18_m75_phi0.250_B_all_small.pkl,18.0,75.0,0.25,compliant,1.2640395146792163,0.002,0.0005,0.001,1,rest,,0.01,0.1,2,0.0,hit B's face,7.6699999999963,0,1.7414918564297195,1.7414918564297195,0.0,3.193319513621403,0.06209860955699734,1,0,7.120499999996603,,,,,0.013376251455330737,0.009079818277497015,0.0,4.7,0.07832565251138346,hit B's face,7.6699999999963,0,0,0,0,0,0,0,6.6799999999968485,6.996499999996672,7.117499999996607,,,,,sol_comp_T18_m75_phi0.250.pkl_B_all_small_weak_2_0.0,B_all_small,weak,sol_comp_T18_m75_phi0.250.pkl
sol_comp_T18_m75_phi0.250_B_all_small.pkl,18.0,75.0,0.25,compliant,1.2640395146792163,0.002,0.0005,0.001,1,rest,,0.0,0.0,0,0.001,held B,9.619999999995219,1,2.311385851729696,1.8960971647616942,2.311385851729696,5.10947286015532,0.030884547415571863,1,1,7.121499999996605,7.619499999996329,-0.024763955711133434,-0.024763955711133434,0.018455399388843594,0.15165015076612665,0.042985688528501154,0.05712689260523232,6.2,0.03285339999299485,grip capacity exceeded,7.619499999996329,0,0,0,0,0,0,1,6.67799999999685,7.00049999999667,7.1184999999966045,7.1184999999966045,7.619499999996329,7.619499999996329,,sol_comp_T18_m75_phi0.250.pkl_B_all_small_none_0_0.001,B_all_small,none,sol_comp_T18_m75_phi0.250.pkl
sol_comp_T18_m75_phi0.250_B_all_small.pkl,18.0,75.0,0.25,compliant,1.2640395146792163,0.002,0.0005,0.001,1,rest,,0.01,0.1,0,0.0,held B,9.611999999995223,1,1.8960971647616942,1.8960971647616942,1.8826044946511333,5.1280546448761575,0.03615557786540598,1,1,7.120499999996603,7.611499999996333,-0.02478002384962119,-0.02478002384962119,0.026328240138559195,0.1706891969115551,0.07475729187197988,0.05931766577280312,5.9,0.03285339999299485,none,,0,0,0,0,1,1,1,6.67799999999685,7.00049999999667,7.1184999999966045,7.1184999999966045,,,,sol_comp_T18_m75_phi0.250.pkl_B_all_small_weak_0_0.0,B_all_small,weak,sol_comp_T18_m75_phi0.250.pkl
sol_comp_T18_m75_phi0.250_B_all_small.pkl,18.0,75.0,0.25,compliant,1.2640395146792163,0.002,0.0005,0.001,1,rest,,0.01,0.1,1,0.0,lost hook,9.1149999999955,0,1.9096611057220774,1.8537224188953023,1.9096611057220774,4.811028923983993,0.024612037566130104,1,1,7.120499999996603,7.621999999996326,-0.024545644935415556,-0.024545644935415556,-0.0018065735138953244,0.056945748982004885,0.08010243005810658,0.054545644935415555,5.8,0.03652591621024985,lost hook,9.1149999999955,0,0,0,0,0,0,0,6.669999999996854,6.999499999996672,7.117999999996606,7.117999999996606,,,,sol_comp_T18_m75_phi0.250.pkl_B_all_small_weak_1_0.0,B_all_small,weak,sol_comp_T18_m75_phi0.250.pkl
sol_comp_T18_m75_phi0.250_B_all_small.pkl,18.0,75.0,0.25,compliant,1.2640395146792163,0.002,0.0005,0.001,1,rest,,0.01,0.1,3,0.0,missed B,7.808499999996222,0,1.674445477150751,1.674445477150751,0.0,3.181180340441579,0.09217598513260822,1,0,7.120499999996603,,,,,0.014609514207217608,0.013005495986755412,0.0,5.4,0.10461992249152408,missed B,7.808499999996222,0,0,0,0,0,0,0,6.683999999996846,6.9954999999966745,7.116999999996608,,,,,sol_comp_T18_m75_phi0.250.pkl_B_all_small_weak_3_0.0,B_all_small,weak,sol_comp_T18_m75_phi0.250.pkl
sol_comp_T18_m75_phi0.250_B_all_small.pkl,18.0,75.0,0.25,compliant,1.2640395146792163,0.002,0.0005,0.001,1,rest,,0.03,0.2,4,0.0,hit wall,0.27200000000009084,0,0.7172916106005899,0.7172916106005899,0.0,0.09529407108353252,,0,0,,,,,,0.0,0.020028088692864265,0.0,0.2,0.16663576632098565,hit wall,0.27200000000009084,0,0,0,0,0,0,0,,,,,,,,sol_comp_T18_m75_phi0.250.pkl_B_all_small_strong_4_0.0,B_all_small,strong,sol_comp_T18_m75_phi0.250.pkl
sol_comp_T18_m75_phi0.250_B_all_small.pkl,18.0,75.0,0.25,compliant,1.2640395146792163,0.002,0.0005,0.001,1,rest,,0.01,0.1,5,0.0,hit wall,6.447499999996978,0,0.8463495365109259,0.8463495365109259,0.0,2.3311692072504036,,0,0,,,,,,0.004739127620881467,0.020147503165374094,0.0,4.1,0.2648336810739162,hit wall,6.447499999996978,0,0,0,0,0,0,0,,,,,,,,sol_comp_T18_m75_phi0.250.pkl_B_all_small_weak_5_0.0,B_all_small,weak,sol_comp_T18_m75_phi0.250.pkl
sol_comp_T18_m75_phi0.250_B_all_small.pkl,18.0,75.0,0.25,compliant,1.2640395146792163,0.002,0.0005,0.001,1,rest,,0.03,0.2,0,0.0,hit wall,6.460999999996972,0,0.8519834361185725,0.8519834361185725,0.0,2.3564786322542735,,0,0,,,,,,0.003702096134979349,0.020045307483837246,0.0,3.7,0.16725806748861563,hit wall,6.460999999996972,0,0,0,0,0,0,0,,,,,,,,sol_comp_T18_m75_phi0.250.pkl_B_all_small_strong_0_0.0,B_all_small,strong,sol_comp_T18_m75_phi0.250.pkl
sol_comp_T18_m75_phi0.250_B_all_small.pkl,18.0,75.0,0.25,compliant,1.2640395146792163,0.002,0.0005,0.001,1,rest,,0.01,0.1,8,0.0,hit wall,6.492999999996954,0,0.8516623194652216,0.8516623194652216,0.0,2.37397429494589,,0,0,,,,,,0.003381293276168429,0.020018890196511045,0.0,4.0,0.15744670477888809,hit wall,6.492999999996954,0,0,0,0,0,0,0,,,,,,,,sol_comp_T18_m75_phi0.250.pkl_B_all_small_weak_8_0.0,B_all_small,weak,sol_comp_T18_m75_phi0.250.pkl
sol_comp_T18_m75_phi0.250_B_all_small.pkl,18.0,75.0,0.25,compliant,1.2640395146792163,0.002,0.0005,0.001,1,rest,,0.01,0.1,9,0.0,hit wall,6.512999999996943,0,0.853506298350658,0.853506298350658,0.0,2.3923549907567803,,0,0,,,,,,0.003070512161226724,0.02002151800564987,0.0,4.2,0.1364718752640518,hit wall,6.512999999996943,0,0,0,0,0,0,0,,,,,,,,sol_comp_T18_m75_phi0.250.pkl_B_all_small_weak_9_0.0,B_all_small,weak,sol_comp_T18_m75_phi0.250.pkl
sol_comp_T18_m75_phi0.250_B_all_small.pkl,18.0,75.0,0.25,compliant,1.2640395146792163,0.002,0.0005,0.001,1,rest,,0.03,0.2,2,0.0,hit wall,6.376999999997018,0,0.8494978272667684,0.8494978272667684,0.0,2.316407103529179,,0,0,,,,,,0.0055515513820445506,0.020036266788471317,0.0,3.9,0.2747492337423365,hit wall,6.376999999997018,0,0,0,0,0,0,0,,,,,,,,sol_comp_T18_m75_phi0.250.pkl_B_all_small_strong_2_0.0,B_all_small,strong,sol_comp_T18_m75_phi0.250.pkl
sol_comp_T18_m75_phi0.250_B_all_small.pkl,18.0,75.0,0.25,compliant,1.2640395146792163,0.002,0.0005,0.001,1,rest,,0.03,0.2,3,0.0,hit wall,6.528999999996934,0,0.8479906964486662,0.8479906964486662,0.0,2.3860682520222225,,0,0,,,,,,0.0034468777933495537,0.020030919845163402,0.0,4.1,0.20731971386248635,hit wall,6.528999999996934,0,0,0,0,0,0,0,,,,,,,,sol_comp_T18_m75_phi0.250.pkl_B_all_small_strong_3_0.0,B_all_small,strong,sol_comp_T18_m75_phi0.250.pkl
sol_comp_T18_m75_phi0.250_B_all_small.pkl,18.0,75.0,0.25,compliant,1.2640395146792163,0.002,0.0005,0.001,1,rest,,0.01,0.1,6,0.0,held B,9.611999999995223,1,1.8960971647616942,1.8960971647616942,1.8826044946511333,5.1280546448761575,0.03615557786540598,1,1,7.120499999996603,7.611499999996333,-0.02478002384962119,-0.02478002384962119,0.026328240138559195,0.1706891969115551,0.07475729187197988,0.05931766577280312,5.6,0.03285339999299485,none,,0,0,0,0,1,1,1,6.67799999999685,7.00049999999667,7.1184999999966045,7.1184999999966045,,,,sol_comp_T18_m75_phi0.250.pkl_B_all_small_weak_6_0.0,B_all_small,weak,sol_comp_T18_m75_phi0.250.pkl
sol_comp_T18_m75_phi0.250_B_all_small.pkl,18.0,75.0,0.25,compliant,1.2640395146792163,0.002,0.0005,0.001,1,rest,,0.03,0.2,1,0.0,hit B's face,7.65349999999631,0,1.8333180594108147,1.8333180594108147,0.0,3.207652363544034,0.040944117670689395,1,0,7.120499999996603,,,,,0.013104446044269313,0.005300789468693116,0.0,5.1,0.09993200082223842,hit B's face,7.65349999999631,0,0,0,0,0,0,0,6.657999999996861,6.997999999996672,7.117499999996607,7.117499999996607,,,,sol_comp_T18_m75_phi0.250.pkl_B_all_small_strong_1_0.0,B_all_small,strong,sol_comp_T18_m75_phi0.250.pkl
sol_comp_T18_m75_phi0.250_B_all_small.pkl,18.0,75.0,0.25,compliant,1.2640395146792163,0.002,0.0005,0.001,1,rest,,0.01,0.1,7,0.0,lost hook,9.064999999995528,0,1.9432916887449518,1.9432916887449518,1.6318211012849297,4.753505392281493,0.043884570926220424,1,1,7.120499999996603,7.600499999996337,-0.024757705853903467,-0.024757705853903467,0.036234121573871014,0.16799615102679497,0.08013239786062654,0.05475770585390347,5.9,0.04271867814575536,lost hook,9.064999999995528,0,0,0,0,0,0,0,6.671999999996853,7.00049999999667,7.1184999999966045,7.1184999999966045,,,,sol_comp_T18_m75_phi0.250.pkl_B_all_small_weak_7_0.0,B_all_small,weak,sol_comp_T18_m75_phi0.250.pkl
sol_comp_T18_m75_phi0.250_B_all_small.pkl,18.0,75.0,0.25,compliant,1.2640395146792163,0.002,0.0005,0.001,1,rest,,0.03,0.2,5,0.0,hit wall,6.462499999996968,0,0.8462525635769269,0.8462525635769269,0.0,2.3382027298315613,,0,0,,,,,,0.0044598576978348015,0.020110272045737784,0.0,4.2,0.25210614760147,hit wall,6.462499999996968,0,0,0,0,0,0,0,,,,,,,,sol_comp_T18_m75_phi0.250.pkl_B_all_small_strong_5_0.0,B_all_small,strong,sol_comp_T18_m75_phi0.250.pkl
sol_comp_T18_m75_phi0.250_B_all_small.pkl,18.0,75.0,0.25,compliant,1.2640395146792163,0.002,0.0005,0.001,1,rest,,0.03,0.2,6,0.0,hit wall,6.451999999996975,0,0.846718499398676,0.846718499398676,0.0,2.334999669952688,,0,0,,,,,,0.0045546267467933554,0.020059438383761587,0.0,4.3,0.24938954136803793,hit wall,6.451999999996975,0,0,0,0,0,0,0,,,,,,,,sol_comp_T18_m75_phi0.250.pkl_B_all_small_strong_6_0.0,B_all_small,strong,sol_comp_T18_m75_phi0.250.pkl
sol_comp_T18_m75_phi0.250_B_all_small.pkl,18.0,75.0,0.25,compliant,1.2640395146792163,0.002,0.0005,0.001,1,rest,,0.03,0.2,7,0.0,hit wall,6.579499999996905,0,0.8746876773599398,0.8746876773599398,0.0,2.425517925154163,,0,0,,,,,,0.003047542613519777,0.02002830122830991,0.0,4.1,0.20855685224821596,hit wall,6.579499999996905,0,0,0,0,0,0,0,,,,,,,,sol_comp_T18_m75_phi0.250.pkl_B_all_small_strong_7_0.0,B_all_small,strong,sol_comp_T18_m75_phi0.250.pkl
sol_comp_T18_m75_phi0.250_B_all_small.pkl,18.0,75.0,0.25,compliant,1.2640395146792163,0.002,0.0005,0.001,1,rest,,0.03,0.2,9,0.0,hit wall,6.5319999999969305,0,0.8474752585324924,0.8474752585324924,0.0,2.3913328506048717,,0,0,,,,,,0.0033472703002096482,0.020034305888605605,0.0,4.1,0.19369985789428293,hit wall,6.5319999999969305,0,0,0,0,0,0,0,,,,,,,,sol_comp_T18_m75_phi0.250.pkl_B_all_small_strong_9_0.0,B_all_small,strong,sol_comp_T18_m75_phi0.250.pkl
sol_comp_T18_m75_phi0.250_B_all_small.pkl,18.0,75.0,0.25,compliant,1.2640395146792163,0.002,0.0005,0.001,1,rest,,0.03,0.2,8,0.0,missed B,7.822499999996214,0,1.6039986163076627,1.6039986163076627,0.0,3.1717435694936262,0.11176179226891002,1,0,7.120499999996603,,,,,0.013961360516251582,0.01965722523777746,0.0,5.2,0.13252606731263433,missed B,7.822499999996214,0,0,0,0,0,0,0,6.699999999996837,6.995999999996673,7.116999999996608,,,,,sol_comp_T18_m75_phi0.250.pkl_B_all_small_strong_8_0.0,B_all_small,strong,sol_comp_T18_m75_phi0.250.pkl
sol_comp_T18_m75_phi0.250_B_all_large.pkl,18.0,75.0,0.25,compliant,1.2906725953999778,0.002,0.0005,0.001,1,rest,,0.0,0.0,0,-0.001,lost hook,8.242999999995437,0,1.838086321152623,1.3594734269178383,1.838086321152623,4.6527948961038375,0.051504025660476065,1,1,6.314999999996502,6.8044999999962315,-0.01606006497624879,-0.01606006497624879,0.04893607025695508,0.05497040512641005,0.08063977214449469,0.04606006497624879,4.8,0.030664289659272537,lost hook,8.242999999995437,0,0,0,0,0,0,0,5.8739999999967445,5.951999999996701,6.852999999996207,6.8584999999962015,,,,sol_comp_T18_m75_phi0.250.pkl_B_all_large_none_0_-0.001,B_all_large,none,sol_comp_T18_m75_phi0.250.pkl
sol_comp_T18_m75_phi0.250_B_all_large.pkl,18.0,75.0,0.25,compliant,1.2906725953999778,0.002,0.0005,0.001,1,rest,,0.0,0.0,0,-0.003,lost hook,8.184499999995467,0,1.747014279525048,1.3503279246891757,1.747014279525048,4.584110255810783,0.025790464481199173,1,1,6.312999999996503,6.780499999996245,-0.010476748598021501,-0.010476748598021501,0.049971633795232125,0.10238848697522089,0.08018468566172121,0.0404767485980215,5.3,0.030664289659272537,lost hook,8.184499999995467,0,0,0,0,0,0,0,5.8739999999967445,5.951999999996701,6.971499999996141,,,,,sol_comp_T18_m75_phi0.250.pkl_B_all_large_none_0_-0.003,B_all_large,none,sol_comp_T18_m75_phi0.250.pkl
sol_comp_T18_m75_phi0.250_B_all_large.pkl,18.0,75.0,0.25,compliant,1.2906725953999778,0.002,0.0005,0.001,1,rest,,0.0,0.0,0,0.003,grip capacity exceeded,6.8799999999961905,0,2.538512004126213,1.3622522195159277,2.538512004126213,3.165167203312182,0.02383200769868636,1,1,6.3189999999965,6.852499999996205,-0.02377392935397804,-0.02377392935397804,0.0016627910338666064,0.016480661875648672,0.0,0.0,4.6,0.04129272515517765,grip capacity exceeded,6.875499999996194,0,0,0,0,0,0,0,5.8739999999967445,5.951999999996701,6.852999999996204,6.852999999996204,6.875499999996194,6.877499999996193,6.879499999996192,sol_comp_T18_m75_phi0.250.pkl_B_all_large_none_0_0.003,B_all_large,none,sol_comp_T18_m75_phi0.250.pkl
sol_comp_T18_m75_phi0.250_B_all_large.pkl,18.0,75.0,0.25,compliant,1.2906725953999778,0.002,0.0005,0.001,1,rest,,0.0,0.0,0,0.001,lost hook,7.597999999995793,0,2.1397824320407732,1.3622522195159277,2.1397824320407732,4.187763426843548,0.04095488660073103,1,1,6.316999999996501,6.823499999996223,-0.024297914286996125,-0.024297914286996125,0.032968380272323475,0.0726514106977536,0.0,0.03511658584953393,5.0,0.030664289659272537,grip capacity exceeded,6.868999999996198,0,0,0,0,0,0,0,5.8739999999967445,5.951999999996701,6.823499999996223,6.823499999996223,6.868999999996198,,,sol_comp_T18_m75_phi0.250.pkl_B_all_large_none_0_0.001,B_all_large,none,sol_comp_T18_m75_phi0.250.pkl
sol_comp_T18_m75_phi0.250_B_all_large.pkl,18.0,75.0,0.25,compliant,1.2906725953999778,0.002,0.0005,0.001,1,rest,,0.0,0.0,0,0.0,lost hook,8.243999999995431,0,1.9884749065019678,1.3622522195159277,1.9884749065019678,4.67220435953528,0.05459969331927529,1,1,6.3159999999964995,6.811999999996225,-0.02331636481946653,-0.02331636481946653,0.04937077720843028,0.054881743462916355,0.08029504926682618,0.05331636481946653,6.0,0.030664289659272537,lost hook,8.243999999995431,0,0,0,0,0,0,0,5.8739999999967445,5.951999999996701,6.811999999996225,6.861499999996198,,,,sol_comp_T18_m75_phi0.250.pkl_B_all_large_none_0_0.0,B_all_large,none,sol_comp_T18_m75_phi0.250.pkl
sol_comp_T18_m75_phi0.250_B_all_large.pkl,18.0,75.0,0.25,compliant,1.2906725953999778,0.002,0.0005,0.001,1,rest,,0.01,0.1,0,0.0,lost hook,8.243999999995431,0,1.9884749065019678,1.3622522195159277,1.9884749065019678,4.67220435953528,0.05459969331927529,1,1,6.3159999999964995,6.811999999996225,-0.02331636481946653,-0.02331636481946653,0.04937077720843028,0.054881743462916355,0.08029504926682618,0.05331636481946653,5.5,0.030664289659272537,lost hook,8.243999999995431,0,0,0,0,0,0,0,5.8739999999967445,5.951999999996701,6.811999999996225,6.861499999996198,,,,sol_comp_T18_m75_phi0.250.pkl_B_all_large_weak_0_0.0,B_all_large,weak,sol_comp_T18_m75_phi0.250.pkl
sol_comp_T18_m75_phi0.250_B_all_large.pkl,18.0,75.0,0.25,compliant,1.2906725953999778,0.002,0.0005,0.001,1,rest,,0.01,0.1,2,0.0,hit wall,5.169999999997135,0,0.9307291172173233,0.9307291172173233,0.0,2.021939182153676,,0,0,,,,,,0.002942041525103028,0.020121097995819903,0.0,3.4,0.061351972214045425,hit wall,5.169999999997135,0,0,0,0,0,0,0,,,,,,,,sol_comp_T18_m75_phi0.250.pkl_B_all_large_weak_2_0.0,B_all_large,weak,sol_comp_T18_m75_phi0.250.pkl
sol_comp_T18_m75_phi0.250_B_all_large.pkl,18.0,75.0,0.25,compliant,1.2906725953999778,0.002,0.0005,0.001,1,rest,,0.01,0.1,5,0.0,hit wall,2.9039999999983905,0,0.7603853766524448,0.7603853766524448,0.0,0.9791143445255622,,0,0,,,,,,0.0020577781855065647,0.020000443981164493,0.0,1.6,0.20032649054541807,hit wall,2.9039999999983905,0,0,0,0,0,0,0,,,,,,,,sol_comp_T18_m75_phi0.250.pkl_B_all_large_weak_5_0.0,B_all_large,weak,sol_comp_T18_m75_phi0.250.pkl
sol_comp_T18_m75_phi0.250_B_all_large.pkl,18.0,75.0,0.25,compliant,1.2906725953999778,0.002,0.0005,0.001,1,rest,,0.01,0.1,3,0.0,hit wall,5.147999999997147,0,0.9313392202316771,0.9313392202316771,0.0,2.0218388656781014,,0,0,,,,,,0.0010005459671079964,0.020225740539348336,0.0,3.3,0.08423258571869296,hit wall,5.147999999997147,0,0,0,0,0,0,0,,,,,,,,sol_comp_T18_m75_phi0.250.pkl_B_all_large_weak_3_0.0,B_all_large,weak,sol_comp_T18_m75_phi0.250.pkl
sol_comp_T18_m75_phi0.250_B_all_large.pkl,18.0,75.0,0.25,compliant,1.2906725953999778,0.002,0.0005,0.001,1,rest,,0.01,0.1,4,0.0,hit wall,5.116999999997166,0,0.932314525428098,0.932314525428098,0.0,2.021214847288084,,0,0,,,,,,0.0018045378384652366,0.020111800742675767,0.0,3.3,0.16887609835846362,hit wall,5.116999999997166,0,0,0,0,0,0,0,,,,,,,,sol_comp_T18_m75_phi0.250.pkl_B_all_large_weak_4_0.0,B_all_large,weak,sol_comp_T18_m75_phi0.250.pkl
sol_comp_T18_m75_phi0.250_B_all_large.pkl,18.0,75.0,0.25,compliant,1.2906725953999778,0.002,0.0005,0.001,1,rest,,0.01,0.1,1,0.0,lost hook,8.342999999995381,0,2.188677043875049,1.4381784882993152,2.188677043875049,4.6769939064830295,0.011498675303444644,1,1,6.3159999999964995,6.778999999996245,0.004498311767662688,0.004498311767662688,0.04836147035592112,0.1017969687145533,0.03469757532344531,0.08050168823233732,5.5,0.03918648293005467,grip capacity exceeded,6.9754999999961385,0,0,0,0,0,0,0,5.875999999996743,5.927999999996715,6.956499999996147,6.965499999996144,6.9754999999961385,,,sol_comp_T18_m75_phi0.250.pkl_B_all_large_weak_1_0.0,B_all_large,weak,sol_comp_T18_m75_phi0.250.pkl
sol_comp_T18_m75_phi0.250_B_all_large.pkl,18.0,75.0,0.25,compliant,1.2906725953999778,0.002,0.0005,0.001,1,rest,,0.01,0.1,8,0.0,hit wall,5.12699999999716,0,0.9318896598465851,0.9318896598465851,0.0,2.0222439910843977,,0,0,,,,,,0.002315929843142314,0.02059675408382461,0.0,3.3,0.1332140137545088,hit wall,5.12699999999716,0,0,0,0,0,0,0,,,,,,,,sol_comp_T18_m75_phi0.250.pkl_B_all_large_weak_8_0.0,B_all_large,weak,sol_comp_T18_m75_phi0.250.pkl
sol_comp_T18_m75_phi0.250_B_all_large.pkl,18.0,75.0,0.25,compliant,1.2906725953999778,0.002,0.0005,0.001,1,rest,,0.01,0.1,9,0.0,hit wall,5.133999999997155,0,0.9312989079822247,0.9312989079822247,0.0,2.019512000591549,,0,0,,,,,,0.001852809036318806,0.020612827148398738,0.0,3.4,0.11438552325454499,hit wall,5.133999999997155,0,0,0,0,0,0,0,,,,,,,,sol_comp_T18_m75_phi0.250.pkl_B_all_large_weak_9_0.0,B_all_large,weak,sol_comp_T18_m75_phi0.250.pkl
sol_comp_T18_m75_phi0.250_B_all_large.pkl,18.0,75.0,0.25,compliant,1.2906725953999778,0.002,0.0005,0.001,1,rest,,0.03,0.2,4,0.0,hit wall,2.8009999999984494,0,0.7788011084695352,0.7788011084695352,0.0,0.9554786981450164,,0,0,,,,,,0.002101147301592582,0.020016416464474406,0.0,1.7,0.2930465732266014,hit wall,2.8009999999984494,0,0,0,0,0,0,0,,,,,,,,sol_comp_T18_m75_phi0.250.pkl_B_all_large_strong_4_0.0,B_all_large,strong,sol_comp_T18_m75_phi0.250.pkl
sol_comp_T18_m75_phi0.250_B_all_large.pkl,18.0,75.0,0.25,compliant,1.2906725953999778,0.002,0.0005,0.001,1,rest,,0.03,0.2,2,0.0,hit wall,5.01599999999722,0,0.9327357591560544,0.9327357591560544,0.0,1.9667488589691537,,0,0,,,,,,0.0035216312054061893,0.02030918277707411,0.0,2.8,0.23448698851195227,hit wall,5.01599999999722,0,0,0,0,0,0,0,,,,,,,,sol_comp_T18_m75_phi0.250.pkl_B_all_large_strong_2_0.0,B_all_large,strong,sol_comp_T18_m75_phi0.250.pkl
sol_comp_T18_m75_phi0.250_B_all_large.pkl,18.0,75.0,0.25,compliant,1.2906725953999778,0.002,0.0005,0.001,1,rest,,0.03,0.2,0,0.0,hit wall,5.12549999999716,0,0.9314463650910938,0.9314463650910938,0.0,2.0193154717901525,,0,0,,,,,,0.0031176095859676914,0.02044196587242214,0.0,3.2,0.1400466794060169,hit wall,5.12549999999716,0,0,0,0,0,0,0,,,,,,,,sol_comp_T18_m75_phi0.250.pkl_B_all_large_strong_0_0.0,B_all_large,strong,sol_comp_T18_m75_phi0.250.pkl
sol_comp_T18_m75_phi0.250_B_all_large.pkl,18.0,75.0,0.25,compliant,1.2906725953999778,0.002,0.0005,0.001,1,rest,,0.03,0.2,3,0.0,hit wall,5.1144999999971645,0,0.9373321928711317,0.9373321928711317,0.0,2.0414777168933145,,0,0,,,,,,0.002066098869071359,0.02062697547865383,0.0,3.2,0.18198692845525846,hit wall,5.1144999999971645,0,0,0,0,0,0,0,,,,,,,,sol_comp_T18_m75_phi0.250.pkl_B_all_large_strong_3_0.0,B_all_large,strong,sol_comp_T18_m75_phi0.250.pkl
sol_comp_T18_m75_phi0.250_B_all_large.pkl,18.0,75.0,0.25,compliant,1.2906725953999778,0.002,0.0005,0.001,1,rest,,0.03,0.2,1,0.0,hit wall,5.1754999999971325,0,0.9319518770305091,0.9319518770305091,0.0,2.0326246939584967,,0,0,,,,,,0.0029661283775746713,0.020011178931991613,0.0,3.5,0.10085671417683477,hit wall,5.1754999999971325,0,0,0,0,0,0,0,,,,,,,,sol_comp_T18_m75_phi0.250.pkl_B_all_large_strong_1_0.0,B_all_large,strong,sol_comp_T18_m75_phi0.250.pkl
sol_comp_T18_m75_phi0.250_B_all_large.pkl,18.0,75.0,0.25,compliant,1.2906725953999778,0.002,0.0005,0.001,1,rest,,0.01,0.1,6,0.0,lost hook,8.243999999995431,0,1.9884749065019678,1.3622522195159277,1.9884749065019678,4.67220435953528,0.05459969331927529,1,1,6.3159999999964995,6.811999999996225,-0.02331636481946653,-0.02331636481946653,0.04937077720843028,0.054881743462916355,0.08029504926682618,0.05331636481946653,5.3,0.030664289659272537,lost hook,8.243999999995431,0,0,0,0,0,0,0,5.8739999999967445,5.951999999996701,6.811999999996225,6.861499999996198,,,,sol_comp_T18_m75_phi0.250.pkl_B_all_large_weak_6_0.0,B_all_large,weak,sol_comp_T18_m75_phi0.250.pkl
sol_comp_T18_m75_phi0.250_B_all_large.pkl,18.0,75.0,0.25,compliant,1.2906725953999778,0.002,0.0005,0.001,1,rest,,0.01,0.1,7,0.0,lost hook,8.243499999995432,0,1.8384043534629588,1.351019990851631,1.8384043534629588,4.7480808663877365,0.05048692336092579,1,1,6.3159999999964995,6.814499999996222,-0.0077074086111719176,-0.0077074086111719176,0.0498951428793668,0.061752291697047934,0.08060796282186011,0.037707408611171916,5.4,0.04226940331445341,lost hook,8.243499999995432,0,0,0,0,0,0,0,5.877999999996742,5.955999999996699,6.814499999996222,6.814499999996222,,,,sol_comp_T18_m75_phi0.250.pkl_B_all_large_weak_7_0.0,B_all_large,weak,sol_comp_T18_m75_phi0.250.pkl
sol_comp_T18_m75_phi0.250_B_all_large.pkl,18.0,75.0,0.25,compliant,1.2906725953999778,0.002,0.0005,0.001,1,rest,,0.03,0.2,5,0.0,hit wall,5.037499999997209,0,0.9378515059865941,0.9378515059865941,0.0,1.9988053669912957,,0,0,,,,,,0.00421864210457993,0.020023466122303935,0.0,3.3,0.21844846755029956,hit wall,5.037499999997209,0,0,0,0,0,0,0,,,,,,,,sol_comp_T18_m75_phi0.250.pkl_B_all_large_strong_5_0.0,B_all_large,strong,sol_comp_T18_m75_phi0.250.pkl
sol_comp_T18_m75_phi0.250_B_all_large.pkl,18.0,75.0,0.25,compliant,1.2906725953999778,0.002,0.0005,0.001,1,rest,,0.03,0.2,6,0.0,hit wall,5.034999999997211,0,0.9368008744660642,0.9368008744660642,0.0,1.9920198377725993,,0,0,,,,,,0.002237033720629132,0.020017249813127302,0.0,3.2,0.21706724966212576,hit wall,5.034999999997211,0,0,0,0,0,0,0,,,,,,,,sol_comp_T18_m75_phi0.250.pkl_B_all_large_strong_6_0.0,B_all_large,strong,sol_comp_T18_m75_phi0.250.pkl
sol_comp_T18_m75_phi0.250_B_all_large.pkl,18.0,75.0,0.25,compliant,1.2906725953999778,0.002,0.0005,0.001,1,rest,,0.03,0.2,7,0.0,hit wall,5.116499999997163,0,0.9389419020942167,0.9389419020942167,0.0,2.0499972792579872,,0,0,,,,,,0.0031420667610049663,0.020533381183678368,0.0,3.2,0.19429121797954224,hit wall,5.116499999997163,0,0,0,0,0,0,0,,,,,,,,sol_comp_T18_m75_phi0.250.pkl_B_all_large_strong_7_0.0,B_all_large,strong,sol_comp_T18_m75_phi0.250.pkl
sol_comp_T18_m75_phi0.250_B_all_large.pkl,18.0,75.0,0.25,compliant,1.2906725953999778,0.002,0.0005,0.001,1,rest,,0.03,0.2,9,0.0,hit wall,5.117499999997165,0,0.9359148560815582,0.9359148560815582,0.0,2.039526573929161,,0,0,,,,,,0.0036384258374259877,0.020726350346057854,0.0,2.8,0.1685832401641558,hit wall,5.117499999997165,0,0,0,0,0,0,0,,,,,,,,sol_comp_T18_m75_phi0.250.pkl_B_all_large_strong_9_0.0,B_all_large,strong,sol_comp_T18_m75_phi0.250.pkl
sol_comp_T18_m75_phi0.250_B_all_large.pkl,18.0,75.0,0.25,compliant,1.2906725953999778,0.002,0.0005,0.001,1,rest,,0.03,0.2,8,0.0,hit wall,5.146499999997147,0,0.9306889313439028,0.9306889313439028,0.0,2.0163156806265987,,0,0,,,,,,0.0033883915486989796,0.020308814059541824,0.0,3.3,0.09555789505064416,hit wall,5.146499999997147,0,0,0,0,0,0,0,,,,,,,,sol_comp_T18_m75_phi0.250.pkl_B_all_large_strong_8_0.0,B_all_large,strong,sol_comp_T18_m75_phi0.250.pkl
sol_comp_T18_m75_phi0.250_B_joint5deg.pkl,18.0,75.0,0.25,compliant,1.2582230370624214,0.002,0.0005,0.001,1,rest,,0.0,0.0,0,0.0,lost hook,7.47149999999586,0,1.8773318766360083,1.8773318766360083,1.6231018828158563,4.359829555075063,0.0468523502796458,1,1,5.545999999996926,6.032499999996656,-0.024655152800779234,-0.024655152800779234,0.03984050912195844,0.18048139798159574,0.08018548193744124,0.05465515280077923,5.3,0.025576290300763166,lost hook,7.47149999999586,0,0,0,0,0,0,0,5.095999999997176,5.439499999996986,5.544499999996926,5.544499999996926,,,,sol_comp_T18_m75_phi0.250.pkl_B_joint5deg_none_0_0.0,B_joint5deg,none,sol_comp_T18_m75_phi0.250.pkl
sol_comp_T18_m75_phi0.250_B_joint5deg.pkl,18.0,75.0,0.25,compliant,1.2582230370624214,0.002,0.0005,0.001,1,rest,,0.0,0.0,0,-0.003,lost hook,7.593999999995795,0,1.936136433376845,1.3131531750424075,1.936136433376845,4.265529084888939,0.021977743879461678,1,1,5.54299999999693,6.007499999996675,-0.012108283949282317,-0.012108283949282317,0.0313504710490321,0.12032886462528417,0.04453941310012999,0.20461714984682394,4.9,0.025576290300763166,lost hook,7.593999999995795,0,0,0,0,0,0,0,5.095999999997176,5.439499999996986,6.185999999996575,6.1979999999965685,,,,sol_comp_T18_m75_phi0.250.pkl_B_joint5deg_none_0_-0.003,B_joint5deg,none,sol_comp_T18_m75_phi0.250.pkl
sol_comp_T18_m75_phi0.250_B_joint5deg.pkl,18.0,75.0,0.25,compliant,1.2582230370624214,0.002,0.0005,0.001,1,rest,,0.0,0.0,0,0.003,hit B's face,6.136499999996602,0,1.8773318766360083,1.8773318766360083,0.0,2.7773761068858946,0.09746374174137215,1,0,5.548999999996926,,,,,0.017994899906691716,0.0013632613078304566,0.0,4.2,0.02850587339644972,hit B's face,6.136499999996602,0,0,0,0,0,0,0,5.095999999997176,5.439499999996986,5.544499999996926,5.544499999996926,,,,sol_comp_T18_m75_phi0.250.pkl_B_joint5deg_none_0_0.003,B_joint5deg,none,sol_comp_T18_m75_phi0.250.pkl
sol_comp_T18_m75_phi0.250_B_joint5deg.pkl,18.0,75.0,0.25,compliant,1.2582230370624214,0.002,0.0005,0.001,1,rest,,0.0,0.0,0,-0.001,lost hook,7.439999999995884,0,1.8694957626255861,1.8694957626255861,1.5690293366859978,4.255012984712166,0.04083306249994334,1,1,5.544999999996929,6.016999999996671,-0.024879690212652683,-0.024879690212652683,0.046245780897117846,0.11104211719927341,0.07987614793820574,0.05487969021265268,5.0,0.025576290300763166,lost hook,7.439999999995884,0,0,0,0,0,0,0,5.095999999997176,5.439499999996986,5.544499999996926,5.544499999996926,,,,sol_comp_T18_m75_phi0.250.pkl_B_joint5deg_none_0_-0.001,B_joint5deg,none,sol_comp_T18_m75_phi0.250.pkl
sol_comp_T18_m75_phi0.250_B_joint5deg.pkl,18.0,75.0,0.25,compliant,1.2582230370624214,0.002,0.0005,0.001,1,rest,,0.0,0.0,0,0.001,lost hook,7.51499999999584,0,2.0286581513475297,1.8773318766360083,2.0286581513475297,4.42057751310834,0.03123754433147025,1,1,5.5469999999969275,6.049499999996652,-0.024564152477575707,-0.024564152477575707,0.019297320770484704,0.06181001997181618,0.07998808820295045,0.24185876186560204,4.9,0.025576290300763166,grip capacity exceeded,6.098499999996623,0,0,0,0,0,0,0,5.095999999997176,5.439499999996986,5.544499999996926,5.544499999996926,6.098499999996623,,,sol_comp_T18_m75_phi0.250.pkl_B_joint5deg_none_0_0.001,B_joint5deg,none,sol_comp_T18_m75_phi0.250.pkl
sol_comp_T18_m75_phi0.250_B_joint5deg.pkl,18.0,75.0,0.25,compliant,1.2582230370624214,0.002,0.0005,0.001,1,rest,,0.01,0.1,4,0.0,slipped off A,4.656499999997418,0,0.8540587484674522,0.8540587484674522,0.0,1.8512481348035281,,0,0,,,,,,0.002781297272512369,0.016222076364924135,0.0,3.0,0.14799785555367562,slipped off A,4.656499999997418,0,0,0,0,0,0,0,,,,,,,,sol_comp_T18_m75_phi0.250.pkl_B_joint5deg_weak_4_0.0,B_joint5deg,weak,sol_comp_T18_m75_phi0.250.pkl
sol_comp_T18_m75_phi0.250_B_joint5deg.pkl,18.0,75.0,0.25,compliant,1.2582230370624214,0.002,0.0005,0.001,1,rest,,0.01,0.1,3,0.0,grip capacity exceeded,6.050499999996646,0,2.678029174851703,1.781944257782398,2.678029174851703,2.748072509267967,0.03009018314257306,1,1,5.545999999996926,6.049999999996647,-0.024408218630719514,-0.024408218630719514,0.017597101603064776,0.003242128442606129,0.015074092273529207,0.0,3.7,0.09140661475714432,grip capacity exceeded,6.049999999996647,0,0,0,0,0,0,0,5.111999999997167,5.437499999996987,5.544999999996929,5.544999999996929,6.049999999996647,6.049999999996647,6.049999999996647,sol_comp_T18_m75_phi0.250.pkl_B_joint5deg_weak_3_0.0,B_joint5deg,weak,sol_comp_T18_m75_phi0.250.pkl
sol_comp_T18_m75_phi0.250_B_joint5deg.pkl,18.0,75.0,0.25,compliant,1.2582230370624214,0.002,0.0005,0.001,1,rest,,0.01,0.1,1,0.0,hit B's face,6.0759999999966325,0,1.7734520967758012,1.7734520967758012,0.0,2.738449600793064,0.02384737848160586,1,0,5.545999999996926,,,,,0.004054416273251177,0.008555441332574906,0.0,4.2,0.04981184171110012,hit B's face,6.0759999999966325,0,0,0,0,0,0,0,5.101999999997172,5.4334999999969895,5.544999999996929,5.544999999996929,,,,sol_comp_T18_m75_phi0.250.pkl_B_joint5deg_weak_1_0.0,B_joint5deg,weak,sol_comp_T18_m75_phi0.250.pkl
sol_comp_T18_m75_phi0.250_B_joint5deg.pkl,18.0,75.0,0.25,compliant,1.2582230370624214,0.002,0.0005,0.001,1,rest,,0.01,0.1,0,0.0,lost hook,7.47149999999586,0,1.8773318766360083,1.8773318766360083,1.6231018828158563,4.359829555075063,0.0468523502796458,1,1,5.545999999996926,6.032499999996656,-0.024655152800779234,-0.024655152800779234,0.03984050912195844,0.18048139798159574,0.08018548193744124,0.05465515280077923,4.8,0.025576290300763166,lost hook,7.47149999999586,0,0,0,0,0,0,0,5.095999999997176,5.439499999996986,5.544499999996926,5.544499999996926,,,,sol_comp_T18_m75_phi0.250.pkl_B_joint5deg_weak_0_0.0,B_joint5deg,weak,sol_comp_T18_m75_phi0.250.pkl
sol_comp_T18_m75_phi0.250_B_joint5deg.pkl,18.0,75.0,0.25,compliant,1.2582230370624214,0.002,0.0005,0.001,1,rest,,0.01,0.1,2,0.0,lost hook,7.5094999999958425,0,2.221613276755861,1.8368585080255946,2.221613276755861,4.467412450783486,0.04745165843956933,1,1,5.545999999996926,6.038999999996655,-0.024798312320096105,-0.024798312320096105,0.04045619352757401,0.14169606915221739,0.08073016853233161,0.06404559689089306,4.9,0.05648935769111553,grip capacity exceeded,6.348999999996487,0,0,0,0,0,0,0,5.10599999999717,5.438999999996987,5.544999999996929,5.544999999996929,6.348999999996487,,,sol_comp_T18_m75_phi0.250.pkl_B_joint5deg_weak_2_0.0,B_joint5deg,weak,sol_comp_T18_m75_phi0.250.pkl
sol_comp_T18_m75_phi0.250_B_joint5deg.pkl,18.0,75.0,0.25,compliant,1.2582230370624214,0.002,0.0005,0.001,1,rest,,0.03,0.2,4,0.0,hit wall,0.3254999999998205,0,0.6676840611874194,0.6676840611874194,0.0,0.12715268430677582,,0,0,,,,,,0.0,0.020005470887812446,0.0,0.2,0.18655189175199943,hit wall,0.3254999999998205,0,0,0,0,0,0,0,,,,,,,,sol_comp_T18_m75_phi0.250.pkl_B_joint5deg_strong_4_0.0,B_joint5deg,strong,sol_comp_T18_m75_phi0.250.pkl
sol_comp_T18_m75_phi0.250_B_joint5deg.pkl,18.0,75.0,0.25,compliant,1.2582230370624214,0.002,0.0005,0.001,1,rest,,0.01,0.1,5,0.0,slipped off A,4.664999999997416,0,0.8509184086121674,0.8509184086121674,0.0,1.8586270164350283,,0,0,,,,,,0.0028122399267597464,0.018928307172654087,0.0,3.2,0.17265927148885485,slipped off A,4.664999999997416,0,0,0,0,0,0,0,,,,,,,,sol_comp_T18_m75_phi0.250.pkl_B_joint5deg_weak_5_0.0,B_joint5deg,weak,sol_comp_T18_m75_phi0.250.pkl
sol_comp_T18_m75_phi0.250_B_joint5deg.pkl,18.0,75.0,0.25,compliant,1.2582230370624214,0.002,0.0005,0.001,1,rest,,0.01,0.1,8,0.0,slipped off A,4.667499999997414,0,0.852879736345701,0.852879736345701,0.0,1.840231358724213,,0,0,,,,,,0.0018512705303960209,0.010984749995281009,0.0,3.3,0.10710172384128154,slipped off A,4.667499999997414,0,0,0,0,0,0,0,,,,,,,,sol_comp_T18_m75_phi0.250.pkl_B_joint5deg_weak_8_0.0,B_joint5deg,weak,sol_comp_T18_m75_phi0.250.pkl
sol_comp_T18_m75_phi0.250_B_joint5deg.pkl,18.0,75.0,0.25,compliant,1.2582230370624214,0.002,0.0005,0.001,1,rest,,0.03,0.2,0,0.0,slipped off A,4.6594999999974185,0,0.8577440566594592,0.8577440566594592,0.0,1.845441612542264,,0,0,,,,,,0.0024718492028284952,0.013604047845781751,0.0,2.9,0.12930590431800354,slipped off A,4.6594999999974185,0,0,0,0,0,0,0,,,,,,,,sol_comp_T18_m75_phi0.250.pkl_B_joint5deg_strong_0_0.0,B_joint5deg,strong,sol_comp_T18_m75_phi0.250.pkl
sol_comp_T18_m75_phi0.250_B_joint5deg.pkl,18.0,75.0,0.25,compliant,1.2582230370624214,0.002,0.0005,0.001,1,rest,,0.01,0.1,9,0.0,slipped off A,4.670499999997411,0,0.8559516652661142,0.8559516652661142,0.0,1.8379294364296275,,0,0,,,,,,0.0017295526831760388,0.009641037888518403,0.0,3.0,0.09618294258550805,slipped off A,4.670499999997411,0,0,0,0,0,0,0,,,,,,,,sol_comp_T18_m75_phi0.250.pkl_B_joint5deg_weak_9_0.0,B_joint5deg,weak,sol_comp_T18_m75_phi0.250.pkl
sol_comp_T18_m75_phi0.250_B_joint5deg.pkl,18.0,75.0,0.25,compliant,1.2582230370624214,0.002,0.0005,0.001,1,rest,,0.03,0.2,1,0.0,hit wall,4.902499999997282,0,0.8458991979317904,0.8458991979317904,0.0,1.9150517300738774,,0,0,,,,,,0.0015334148280467252,0.020009159529424225,0.0,2.8,0.12279937654579393,hit wall,4.902499999997282,0,0,0,0,0,0,0,,,,,,,,sol_comp_T18_m75_phi0.250.pkl_B_joint5deg_strong_1_0.0,B_joint5deg,strong,sol_comp_T18_m75_phi0.250.pkl
sol_comp_T18_m75_phi0.250_B_joint5deg.pkl,18.0,75.0,0.25,compliant,1.2582230370624214,0.002,0.0005,0.001,1,rest,,0.01,0.1,7,0.0,hit B's face,6.105499999996617,0,1.763560920890022,1.763560920890022,0.0,2.735005018393463,0.06104633145430162,1,0,5.545999999996926,,,,,0.005667415598717043,0.008879903659486314,0.0,4.2,0.051854306249890944,hit B's face,6.105499999996617,0,0,0,0,0,0,0,5.097999999997175,5.430999999996992,5.544499999996926,5.544499999996926,,,,sol_comp_T18_m75_phi0.250.pkl_B_joint5deg_weak_7_0.0,B_joint5deg,weak,sol_comp_T18_m75_phi0.250.pkl
sol_comp_T18_m75_phi0.250_B_joint5deg.pkl,18.0,75.0,0.25,compliant,1.2582230370624214,0.002,0.0005,0.001,1,rest,,0.03,0.2,2,0.0,hit wall,4.394499999997564,0,0.8620710136015186,0.8620710136015186,0.0,1.7661892939455983,,0,0,,,,,,0.004896682161451137,0.020037467168879105,0.0,2.8,0.2037065210761857,hit wall,4.394499999997564,0,0,0,0,0,0,0,,,,,,,,sol_comp_T18_m75_phi0.250.pkl_B_joint5deg_strong_2_0.0,B_joint5deg,strong,sol_comp_T18_m75_phi0.250.pkl
sol_comp_T18_m75_phi0.250_B_joint5deg.pkl,18.0,75.0,0.25,compliant,1.2582230370624214,0.002,0.0005,0.001,1,rest,,0.03,0.2,3,0.0,hit wall,4.732999999997379,0,0.8447332638343633,0.8447332638343633,0.0,1.8627255467290396,,0,0,,,,,,0.0022084399545196642,0.020046251958059067,0.0,3.2,0.15462987078562307,hit wall,4.732999999997379,0,0,0,0,0,0,0,,,,,,,,sol_comp_T18_m75_phi0.250.pkl_B_joint5deg_strong_3_0.0,B_joint5deg,strong,sol_comp_T18_m75_phi0.250.pkl
sol_comp_T18_m75_phi0.250_B_joint5deg.pkl,18.0,75.0,0.25,compliant,1.2582230370624214,0.002,0.0005,0.001,1,rest,,0.01,0.1,6,0.0,lost hook,7.47149999999586,0,1.8773318766360083,1.8773318766360083,1.6231018828158563,4.359829555075063,0.0468523502796458,1,1,5.545999999996926,6.032499999996656,-0.024655152800779234,-0.024655152800779234,0.03984050912195844,0.18048139798159574,0.08018548193744124,0.05465515280077923,5.3,0.025576290300763166,lost hook,7.47149999999586,0,0,0,0,0,0,0,5.095999999997176,5.439499999996986,5.544499999996926,5.544499999996926,,,,sol_comp_T18_m75_phi0.250.pkl_B_joint5deg_weak_6_0.0,B_joint5deg,weak,sol_comp_T18_m75_phi0.250.pkl
sol_comp_T18_m75_phi0.250_B_joint5deg.pkl,18.0,75.0,0.25,compliant,1.2582230370624214,0.002,0.0005,0.001,1,rest,,0.03,0.2,5,0.0,hit wall,4.685999999997403,0,0.8493117112956777,0.8493117112956777,0.0,1.860052503956781,,0,0,,,,,,0.0025963692448091047,0.020024594059453855,0.0,2.9,0.17563046701809215,hit wall,4.685999999997403,0,0,0,0,0,0,0,,,,,,,,sol_comp_T18_m75_phi0.250.pkl_B_joint5deg_strong_5_0.0,B_joint5deg,strong,sol_comp_T18_m75_phi0.250.pkl
sol_comp_T18_m75_phi0.250_B_joint5deg.pkl,18.0,75.0,0.25,compliant,1.2582230370624214,0.002,0.0005,0.001,1,rest,,0.03,0.2,7,0.0,hit wall,4.741999999997372,0,0.8424362553888398,0.8424362553888398,0.0,1.8597095470146845,,0,0,,,,,,0.002669246969624478,0.02000643784506765,0.0,3.0,0.17652400365769294,hit wall,4.741999999997372,0,0,0,0,0,0,0,,,,,,,,sol_comp_T18_m75_phi0.250.pkl_B_joint5deg_strong_7_0.0,B_joint5deg,strong,sol_comp_T18_m75_phi0.250.pkl
sol_comp_T18_m75_phi0.250_B_joint5deg.pkl,18.0,75.0,0.25,compliant,1.2582230370624214,0.002,0.0005,0.001,1,rest,,0.03,0.2,6,0.0,slipped off A,4.664999999997416,0,0.8507111638695801,0.8507111638695801,0.0,1.855276176104369,,0,0,,,,,,0.0026422675351618907,0.01783867581271162,0.0,3.4,0.16326653885677622,slipped off A,4.664999999997416,0,0,0,0,0,0,0,,,,,,,,sol_comp_T18_m75_phi0.250.pkl_B_joint5deg_strong_6_0.0,B_joint5deg,strong,sol_comp_T18_m75_phi0.250.pkl
sol_comp_T18_m75_phi0.250_B_joint5deg.pkl,18.0,75.0,0.25,compliant,1.2582230370624214,0.002,0.0005,0.001,1,rest,,0.03,0.2,8,0.0,slipped off A,4.670499999997411,0,0.8623124535691884,0.8623124535691884,0.0,1.8348624995960974,,0,0,,,,,,0.0017209031519770934,0.009773182534498267,0.0,3.1,0.0876683223582817,slipped off A,4.670499999997411,0,0,0,0,0,0,0,,,,,,,,sol_comp_T18_m75_phi0.250.pkl_B_joint5deg_strong_8_0.0,B_joint5deg,strong,sol_comp_T18_m75_phi0.250.pkl
sol_comp_T18_m75_phi0.250_B_joint5deg.pkl,18.0,75.0,0.25,compliant,1.2582230370624214,0.002,0.0005,0.001,1,rest,,0.03,0.2,9,0.0,hit wall,4.740999999997374,0,0.8452092831362151,0.8452092831362151,0.0,1.8647689508170104,,0,0,,,,,,0.0019879967630671846,0.02006088397388703,0.0,3.0,0.14478953742132905,hit wall,4.740999999997374,0,0,0,0,0,0,0,,,,,,,,sol_comp_T18_m75_phi0.250.pkl_B_joint5deg_strong_9_0.0,B_joint5deg,strong,sol_comp_T18_m75_phi0.250.pkl
sol_comp_T18_m75_phi0.250_B_joint2deg.pkl,18.0,75.0,0.25,compliant,1.2334455982899017,0.002,0.0005,0.001,1,rest,,0.0,0.0,0,0.0,held B,7.876499999995634,1,1.8715042915190743,1.8715042915190743,1.5755285930720926,4.572546755487997,0.04842625646547166,1,1,5.3939999999970105,5.875999999996743,-0.024399443947604738,-0.024399443947604738,0.041830245640054886,0.18792931895652706,0.05442238329790161,0.054399443947604736,4.9,0.03813661070596648,none,,0,0,0,0,1,1,1,4.937499999997264,5.30399999999706,5.3924999999970105,5.3924999999970105,,,,sol_comp_T18_m75_phi0.250.pkl_B_joint2deg_none_0_0.0,B_joint2deg,none,sol_comp_T18_m75_phi0.250.pkl
sol_comp_T18_m75_phi0.250_B_joint2deg.pkl,18.0,75.0,0.25,compliant,1.2334455982899017,0.002,0.0005,0.001,1,rest,,0.0,0.0,0,-0.003,lost hook,7.280499999995968,0,1.7206029520783408,1.285416265032927,1.7206029520783408,4.121003940315111,0.021371053838510165,1,1,5.390999999997014,5.85199999999676,-0.011759167450928754,-0.011759167450928754,0.029119274160716885,0.11899227961163363,0.0801125540577714,0.04175916745092875,4.8,0.03813661070596648,lost hook,7.280499999995968,0,0,0,0,0,0,0,4.937499999997264,5.30399999999706,6.031499999996662,,,,,sol_comp_T18_m75_phi0.250.pkl_B_joint2deg_none_0_-0.003,B_joint2deg,none,sol_comp_T18_m75_phi0.250.pkl
sol_comp_T18_m75_phi0.250_B_joint2deg.pkl,18.0,75.0,0.25,compliant,1.2334455982899017,0.002,0.0005,0.001,1,rest,,0.0,0.0,0,-0.001,lost hook,7.291999999995962,0,1.8662231677271477,1.8662231677271477,1.6318649834507544,4.151671298996909,0.0392944239319026,1,1,5.392999999997013,5.855999999996758,-0.024916322676400426,-0.024916322676400426,0.04316895142580132,0.12762959425547,0.07989177826580818,0.054916322676400425,4.7,0.03813661070596648,lost hook,7.291999999995962,0,0,0,0,0,0,0,4.937499999997264,5.30399999999706,5.3924999999970105,5.3924999999970105,,,,sol_comp_T18_m75_phi0.250.pkl_B_joint2deg_none_0_-0.001,B_joint2deg,none,sol_comp_T18_m75_phi0.250.pkl
sol_comp_T18_m75_phi0.250_B_joint2deg.pkl,18.0,75.0,0.25,compliant,1.2334455982899017,0.002,0.0005,0.001,1,rest,,0.0,0.0,0,0.003,hit B's face,5.985999999996686,0,1.8715042915190743,1.8715042915190743,0.0,2.7047606906135506,0.10428733942667368,1,0,5.396999999997011,,,,,0.020336522616769298,0.002035348636342693,0.0,4.1,0.03813661070596648,hit B's face,5.985999999996686,0,0,0,0,0,0,0,4.937499999997264,5.30399999999706,5.3924999999970105,5.3924999999970105,,,,sol_comp_T18_m75_phi0.250.pkl_B_joint2deg_none_0_0.003,B_joint2deg,none,sol_comp_T18_m75_phi0.250.pkl
sol_comp_T18_m75_phi0.250_B_joint2deg.pkl,18.0,75.0,0.25,compliant,1.2334455982899017,0.002,0.0005,0.001,1,rest,,0.0,0.0,0,0.001,lost hook,7.347999999995935,0,1.911388177502963,1.8715042915190743,1.911388177502963,4.280268850214192,0.037050830538252776,1,1,5.394999999997012,5.8889999999967415,-0.024207501015685917,-0.024207501015685917,0.02804925913727294,0.08938019826420521,0.08036417507576443,0.054207501015685916,4.7,0.03813661070596648,lost hook,7.347999999995935,0,0,0,0,0,0,0,4.937499999997264,5.30399999999706,5.3924999999970105,5.3924999999970105,,,,sol_comp_T18_m75_phi0.250.pkl_B_joint2deg_none_0_0.001,B_joint2deg,none,sol_comp_T18_m75_phi0.250.pkl
sol_comp_T18_m75_phi0.250_B_joint2deg.pkl,18.0,75.0,0.25,compliant,1.2334455982899017,0.002,0.0005,0.001,1,rest,,0.01,0.1,4,0.0,hit wall,4.563499999997472,0,0.8637672675176736,0.8637672675176736,0.0,1.8003599011161715,,0,0,,,,,,0.0019232502277770624,0.020011014072405086,0.0,2.9,0.14097026383286249,hit wall,4.563499999997472,0,0,0,0,0,0,0,,,,,,,,sol_comp_T18_m75_phi0.250.pkl_B_joint2deg_weak_4_0.0,B_joint2deg,weak,sol_comp_T18_m75_phi0.250.pkl
sol_comp_T18_m75_phi0.250_B_joint2deg.pkl,18.0,75.0,0.25,compliant,1.2334455982899017,0.002,0.0005,0.001,1,rest,,0.01,0.1,3,0.0,hit wall,4.742499999997371,0,0.8593942068991464,0.8593942068991464,0.0,1.8589482186686743,,0,0,,,,,,0.001326686267799304,0.020000160094461983,0.0,3.4,0.12271046167389033,hit wall,4.742499999997371,0,0,0,0,0,0,0,,,,,,,,sol_comp_T18_m75_phi0.250.pkl_B_joint2deg_weak_3_0.0,B_joint2deg,weak,sol_comp_T18_m75_phi0.250.pkl
sol_comp_T18_m75_phi0.250_B_joint2deg.pkl,18.0,75.0,0.25,compliant,1.2334455982899017,0.002,0.0005,0.001,1,rest,,0.01,0.1,2,0.0,hit B's face,5.9299999999967135,0,1.7092395606860387,1.7092395606860387,0.0,2.6626510669034738,0.030543010304895226,1,0,5.3939999999970105,,,,,0.0047279284635207836,0.013812454325664535,0.0,3.9,0.08296197034911909,hit B's face,5.9299999999967135,0,0,0,0,0,0,0,4.949999999997257,5.288499999997068,5.392999999997013,,,,,sol_comp_T18_m75_phi0.250.pkl_B_joint2deg_weak_2_0.0,B_joint2deg,weak,sol_comp_T18_m75_phi0.250.pkl
sol_comp_T18_m75_phi0.250_B_joint2deg.pkl,18.0,75.0,0.25,compliant,1.2334455982899017,0.002,0.0005,0.001,1,rest,,0.01,0.1,1,0.0,hit B's face,5.958999999996699,0,1.7362095194383136,1.7362095194383136,0.0,2.667036542252255,0.06912601541428832,1,0,5.3939999999970105,,,,,0.005892913121231844,0.009571526581950675,0.0,4.3,0.05620691818401326,hit B's face,5.958999999996699,0,0,0,0,0,0,0,4.941999999997261,5.290999999997069,5.3924999999970105,,,,,sol_comp_T18_m75_phi0.250.pkl_B_joint2deg_weak_1_0.0,B_joint2deg,weak,sol_comp_T18_m75_phi0.250.pkl
sol_comp_T18_m75_phi0.250_B_joint2deg.pkl,18.0,75.0,0.25,compliant,1.2334455982899017,0.002,0.0005,0.001,1,rest,,0.01,0.1,0,0.0,held B,7.876499999995634,1,1.8715042915190743,1.8715042915190743,1.5755285930720926,4.572546755487997,0.04842625646547166,1,1,5.3939999999970105,5.875999999996743,-0.024399443947604738,-0.024399443947604738,0.041830245640054886,0.18792931895652706,0.05442238329790161,0.054399443947604736,5.4,0.03813661070596648,none,,0,0,0,0,1,1,1,4.937499999997264,5.30399999999706,5.3924999999970105,5.3924999999970105,,,,sol_comp_T18_m75_phi0.250.pkl_B_joint2deg_weak_0_0.0,B_joint2deg,weak,sol_comp_T18_m75_phi0.250.pkl
sol_comp_T18_m75_phi0.250_B_joint2deg.pkl,18.0,75.0,0.25,compliant,1.2334455982899017,0.002,0.0005,0.001,1,rest,,0.03,0.2,4,0.0,hit wall,0.30749999999983046,0,0.6753719914468879,0.6753719914468879,0.0,0.12596137933136634,,0,0,,,,,,0.0,0.020010526410362925,0.0,0.2,0.18720643819800364,hit wall,0.30749999999983046,0,0,0,0,0,0,0,,,,,,,,sol_comp_T18_m75_phi0.250.pkl_B_joint2deg_strong_4_0.0,B_joint2deg,strong,sol_comp_T18_m75_phi0.250.pkl
sol_comp_T18_m75_phi0.250_B_joint2deg.pkl,18.0,75.0,0.25,compliant,1.2334455982899017,0.002,0.0005,0.001,1,rest,,0.01,0.1,5,0.0,hit wall,4.556999999997476,0,0.8606208802439193,0.8606208802439193,0.0,1.7960620938552212,,0,0,,,,,,0.0030062660596975044,0.020027883616468213,0.0,2.6,0.20006393568864844,hit wall,4.556999999997476,0,0,0,0,0,0,0,,,,,,,,sol_comp_T18_m75_phi0.250.pkl_B_joint2deg_weak_5_0.0,B_joint2deg,weak,sol_comp_T18_m75_phi0.250.pkl
sol_comp_T18_m75_phi0.250_B_joint2deg.pkl,18.0,75.0,0.25,compliant,1.2334455982899017,0.002,0.0005,0.001,1,rest,,0.01,0.1,8,0.0,hit wall,4.623499999997438,0,0.8617138020385915,0.8617138020385915,0.0,1.813319507612881,,0,0,,,,,,0.0016283841875382454,0.020026435329783498,0.0,2.9,0.12237164194871417,hit wall,4.623499999997438,0,0,0,0,0,0,0,,,,,,,,sol_comp_T18_m75_phi0.250.pkl_B_joint2deg_weak_8_0.0,B_joint2deg,weak,sol_comp_T18_m75_phi0.250.pkl
sol_comp_T18_m75_phi0.250_B_joint2deg.pkl,18.0,75.0,0.25,compliant,1.2334455982899017,0.002,0.0005,0.001,1,rest,,0.03,0.2,0,0.0,hit wall,4.592499999997454,0,0.8638613794824039,0.8638613794824039,0.0,1.808226214975997,,0,0,,,,,,0.0016422580063105707,0.02002914677114808,0.0,3.0,0.12542427830829272,hit wall,4.592499999997454,0,0,0,0,0,0,0,,,,,,,,sol_comp_T18_m75_phi0.250.pkl_B_joint2deg_strong_0_0.0,B_joint2deg,strong,sol_comp_T18_m75_phi0.250.pkl
sol_comp_T18_m75_phi0.250_B_joint2deg.pkl,18.0,75.0,0.25,compliant,1.2334455982899017,0.002,0.0005,0.001,1,rest,,0.01,0.1,9,0.0,hit wall,4.671999999997411,0,0.8619893113943385,0.8619893113943385,0.0,1.8330075277197102,,0,0,,,,,,0.0013982325321516553,0.020019826794793697,0.0,3.3,0.12347243729540515,hit wall,4.671999999997411,0,0,0,0,0,0,0,,,,,,,,sol_comp_T18_m75_phi0.250.pkl_B_joint2deg_weak_9_0.0,B_joint2deg,weak,sol_comp_T18_m75_phi0.250.pkl
sol_comp_T18_m75_phi0.250_B_joint2deg.pkl,18.0,75.0,0.25,compliant,1.2334455982899017,0.002,0.0005,0.001,1,rest,,0.01,0.1,7,0.0,hit B's face,5.949999999996702,0,1.743929727469968,1.743929727469968,0.0,2.6645636082059636,0.05643592286193784,1,0,5.3939999999970105,,,,,0.006491588699048395,0.007218946204875495,0.0,4.0,0.04590164106913924,hit B's face,5.949999999996702,0,0,0,0,0,0,0,4.9339999999972655,5.293999999997066,5.3924999999970105,,,,,sol_comp_T18_m75_phi0.250.pkl_B_joint2deg_weak_7_0.0,B_joint2deg,weak,sol_comp_T18_m75_phi0.250.pkl
sol_comp_T18_m75_phi0.250_B_joint2deg.pkl,18.0,75.0,0.25,compliant,1.2334455982899017,0.002,0.0005,0.001,1,rest,,0.03,0.2,2,0.0,hit wall,4.475999999997519,0,0.868882055960625,0.868882055960625,0.0,1.789781717443026,,0,0,,,,,,0.00281797731300637,0.020040024668867812,0.0,2.8,0.20276180026135826,hit wall,4.475999999997519,0,0,0,0,0,0,0,,,,,,,,sol_comp_T18_m75_phi0.250.pkl_B_joint2deg_strong_2_0.0,B_joint2deg,strong,sol_comp_T18_m75_phi0.250.pkl
sol_comp_T18_m75_phi0.250_B_joint2deg.pkl,18.0,75.0,0.25,compliant,1.2334455982899017,0.002,0.0005,0.001,1,rest,,0.03,0.2,1,0.0,hit wall,4.755999999997364,0,0.856722168782217,0.856722168782217,0.0,1.853307831077858,,0,0,,,,,,0.001836146022705487,0.020029465515721653,0.0,3.4,0.12258147656993547,hit wall,4.755999999997364,0,0,0,0,0,0,0,,,,,,,,sol_comp_T18_m75_phi0.250.pkl_B_joint2deg_strong_1_0.0,B_joint2deg,strong,sol_comp_T18_m75_phi0.250.pkl
sol_comp_T18_m75_phi0.250_B_joint2deg.pkl,18.0,75.0,0.25,compliant,1.2334455982899017,0.002,0.0005,0.001,1,rest,,0.03,0.2,3,0.0,hit wall,4.607999999997446,0,0.8575215744300193,0.8575215744300193,0.0,1.7974532156777172,,0,0,,,,,,0.003147994866839171,0.02000696063315822,0.0,2.9,0.1737028931016571,hit wall,4.607999999997446,0,0,0,0,0,0,0,,,,,,,,sol_comp_T18_m75_phi0.250.pkl_B_joint2deg_strong_3_0.0,B_joint2deg,strong,sol_comp_T18_m75_phi0.250.pkl
sol_comp_T18_m75_phi0.250_B_joint2deg.pkl,18.0,75.0,0.25,compliant,1.2334455982899017,0.002,0.0005,0.001,1,rest,,0.03,0.2,6,0.0,hit wall,4.5624999999974705,0,0.8606211970694991,0.8606211970694991,0.0,1.796256022850691,,0,0,,,,,,0.0027888302318703206,0.020051147307465034,0.0,2.6,0.18881569864482728,hit wall,4.5624999999974705,0,0,0,0,0,0,0,,,,,,,,sol_comp_T18_m75_phi0.250.pkl_B_joint2deg_strong_6_0.0,B_joint2deg,strong,sol_comp_T18_m75_phi0.250.pkl
sol_comp_T18_m75_phi0.250_B_joint2deg.pkl,18.0,75.0,0.25,compliant,1.2334455982899017,0.002,0.0005,0.001,1,rest,,0.01,0.1,6,0.0,held B,7.876499999995634,1,1.8715042915190743,1.8715042915190743,1.5755285930720926,4.572546755487997,0.04842625646547166,1,1,5.3939999999970105,5.875999999996743,-0.024399443947604738,-0.024399443947604738,0.041830245640054886,0.18792931895652706,0.05442238329790161,0.054399443947604736,5.1,0.03813661070596648,none,,0,0,0,0,1,1,1,4.937499999997264,5.30399999999706,5.3924999999970105,5.3924999999970105,,,,sol_comp_T18_m75_phi0.250.pkl_B_joint2deg_weak_6_0.0,B_joint2deg,weak,sol_comp_T18_m75_phi0.250.pkl
sol_comp_T18_m75_phi0.250_B_joint2deg.pkl,18.0,75.0,0.25,compliant,1.2334455982899017,0.002,0.0005,0.001,1,rest,,0.03,0.2,7,0.0,hit wall,2.9024999999983905,0,0.8269944244750269,0.8269944244750269,0.0,1.0695640403035036,,0,0,,,,,,0.001316273808600943,0.020003563857462922,0.0,1.9,0.19458642471950194,hit wall,2.9024999999983905,0,0,0,0,0,0,0,,,,,,,,sol_comp_T18_m75_phi0.250.pkl_B_joint2deg_strong_7_0.0,B_joint2deg,strong,sol_comp_T18_m75_phi0.250.pkl
sol_comp_T18_m75_phi0.250_B_joint2deg.pkl,18.0,75.0,0.25,compliant,1.2334455982899017,0.002,0.0005,0.001,1,rest,,0.03,0.2,5,0.0,hit wall,4.5689999999974695,0,0.859730915071558,0.859730915071558,0.0,1.7949316139312907,,0,0,,,,,,0.0029953861169654816,0.02003303282064859,0.0,3.0,0.1962560580317385,hit wall,4.5689999999974695,0,0,0,0,0,0,0,,,,,,,,sol_comp_T18_m75_phi0.250.pkl_B_joint2deg_strong_5_0.0,B_joint2deg,strong,sol_comp_T18_m75_phi0.250.pkl
sol_comp_T18_m75_phi0.250_B_joint2deg.pkl,18.0,75.0,0.25,compliant,1.2334455982899017,0.002,0.0005,0.001,1,rest,,0.03,0.2,9,0.0,hit wall,4.612999999997445,0,0.8579439064215216,0.8579439064215216,0.0,1.7993611948859745,,0,0,,,,,,0.0028160126943294617,0.020088937514931692,0.0,3.1,0.16049355923516595,hit wall,4.612999999997445,0,0,0,0,0,0,0,,,,,,,,sol_comp_T18_m75_phi0.250.pkl_B_joint2deg_strong_9_0.0,B_joint2deg,strong,sol_comp_T18_m75_phi0.250.pkl
sol_comp_T18_m75_phi0.250_B_joint2deg.pkl,18.0,75.0,0.25,compliant,1.2334455982899017,0.002,0.0005,0.001,1,rest,,0.03,0.2,8,0.0,held B,7.892499999995625,1,2.355633606510675,1.7902292499846257,2.355633606510675,4.962859230828761,0.04402814068000456,1,1,5.3939999999970105,5.8919999999967345,-0.02390798223387991,-0.02390798223387991,0.03697141540761937,0.5457074493694104,0.044031151716701356,0.728697879067792,5.0,0.09782352745858516,grip capacity exceeded,5.8919999999967345,0,0,0,0,0,0,1,4.9519999999972555,5.290999999997069,5.392999999997013,5.392999999997013,5.8919999999967345,5.8919999999967345,,sol_comp_T18_m75_phi0.250.pkl_B_joint2deg_strong_8_0.0,B_joint2deg,strong,sol_comp_T18_m75_phi0.250.pkl
sol_comp_T18_m60_phi0.250_B_joint2deg.pkl,18.0,60.0,0.25,compliant,0.9678624043790405,0.002,0.0005,0.001,1,rest,,0.0,0.0,0,0.0,lost hook,7.693999999995736,0,1.924235801166864,1.052321946596529,1.924235801166864,2.841937709509617,0.029394321937330898,1,1,5.635999999996876,6.085999999996627,-0.01804949279253032,-0.01804949279253032,0.030233263557851435,0.04606738488741369,0.023177350787931594,0.10304949279253031,5.1,0.028987069898516182,lost hook,7.693999999995736,0,0,0,0,0,0,0,5.600999999996898,6.251499999996536,6.275999999996522,7.2954999999959576,,,,sol_comp_T18_m60_phi0.250.pkl_B_joint2deg_none_0_0.0,B_joint2deg,none,sol_comp_T18_m60_phi0.250.pkl
sol_comp_T18_m60_phi0.250_B_joint2deg.pkl,18.0,60.0,0.25,compliant,0.9678624043790405,0.002,0.0005,0.001,1,rest,,0.0,0.0,0,-0.001,lost hook,7.702999999995736,0,2.0901907566259452,1.0485113526898993,2.0901907566259452,2.872397571759673,0.019775866890603525,1,1,5.634999999996879,6.083999999996632,-0.010626919461820261,-0.010626919461820261,0.019580944314137157,0.050528068712419744,0.0007716220382813343,0.07693851639794241,4.9,0.028987069898516182,grip capacity exceeded,7.33199999999594,0,0,0,0,0,0,0,5.600999999996898,6.247499999996542,6.265999999996531,7.329499999995942,7.33199999999594,,,sol_comp_T18_m60_phi0.250.pkl_B_joint2deg_none_0_-0.001,B_joint2deg,none,sol_comp_T18_m60_phi0.250.pkl
sol_comp_T18_m60_phi0.250_B_joint2deg.pkl,18.0,60.0,0.25,compliant,0.9678624043790405,0.002,0.0005,0.001,1,rest,,0.0,0.0,0,-0.003,lost hook,7.701499999995736,0,2.194459505880032,1.0485113526898993,2.194459505880032,2.895599937017405,0.005189342444547932,1,1,5.63299999999688,6.081499999996634,0.0009321427488186984,0.0009321427488186984,0.00896969804844023,0.04539939572186258,0.0007716220382813343,0.08335159873543105,5.2,0.028987069898516182,grip capacity exceeded,7.294999999995962,0,0,0,0,0,0,0,5.600999999996898,6.245999999996542,6.263999999996532,7.2909999999959645,7.294999999995962,,,sol_comp_T18_m60_phi0.250.pkl_B_joint2deg_none_0_-0.003,B_joint2deg,none,sol_comp_T18_m60_phi0.250.pkl
sol_comp_T18_m60_phi0.250_B_joint2deg.pkl,18.0,60.0,0.25,compliant,0.9678624043790405,0.002,0.0005,0.001,1,rest,,0.0,0.0,0,0.001,lost hook,7.692999999995742,0,2.461464452264426,1.6224912879146054,2.461464452264426,2.910414102017549,0.04883176454317396,1,1,5.636999999996878,6.101999999996622,-0.024519487903053694,-0.024519487903053694,0.04280359145360173,0.2153012595372099,0.0007716220382813343,0.0516204239649631,5.0,0.028987069898516182,grip capacity exceeded,7.343999999995933,0,0,0,0,0,0,0,5.600999999996898,5.635999999996876,5.635999999996876,7.3419999999959344,7.343999999995933,7.346499999995931,,sol_comp_T18_m60_phi0.250.pkl_B_joint2deg_none_0_0.001,B_joint2deg,none,sol_comp_T18_m60_phi0.250.pkl
sol_comp_T18_m60_phi0.250_B_joint2deg.pkl,18.0,60.0,0.25,compliant,0.9678624043790405,0.002,0.0005,0.001,1,rest,,0.0,0.0,0,0.003,lost hook,7.575499999995806,0,1.8346123923082247,1.6224912879146054,1.8346123923082247,2.9196134738546227,0.028289567765566754,1,1,5.6389999999968765,6.132499999996604,-0.024828132909299416,-0.024828132909299416,0.013559626123192222,0.11658517165523197,0.08065468725854519,0.054828132909299415,4.8,0.028992126778177973,lost hook,7.575499999995806,0,0,0,0,0,0,0,5.600999999996898,5.635999999996876,5.635999999996876,6.165499999996587,,,,sol_comp_T18_m60_phi0.250.pkl_B_joint2deg_none_0_0.003,B_joint2deg,none,sol_comp_T18_m60_phi0.250.pkl
sol_comp_T18_m60_phi0.250_B_joint2deg.pkl,18.0,60.0,0.25,compliant,0.9678624043790405,0.002,0.0005,0.001,1,rest,,0.01,0.1,0,0.0,lost hook,7.693999999995736,0,1.924235801166864,1.052321946596529,1.924235801166864,2.841937709509617,0.029394321937330898,1,1,5.635999999996876,6.085999999996627,-0.01804949279253032,-0.01804949279253032,0.030233263557851435,0.04606738488741369,0.023177350787931594,0.10304949279253031,5.0,0.028987069898516182,lost hook,7.693999999995736,0,0,0,0,0,0,0,5.600999999996898,6.251499999996536,6.275999999996522,7.2954999999959576,,,,sol_comp_T18_m60_phi0.250.pkl_B_joint2deg_weak_0_0.0,B_joint2deg,weak,sol_comp_T18_m60_phi0.250.pkl
sol_comp_T18_m60_phi0.250_B_joint2deg.pkl,18.0,60.0,0.25,compliant,0.9678624043790405,0.002,0.0005,0.001,1,rest,,0.01,0.1,1,0.0,lost hook,7.681999999995746,0,2.2110438276939433,1.0351663811731107,2.2110438276939433,2.852920249858892,0.030711185836722457,1,1,5.635999999996876,6.084999999996629,-0.02150849460608617,-0.02150849460608617,0.024057406923131065,0.04636912234417423,0.004297682053339698,0.05695883882320283,5.1,0.03359422324413011,grip capacity exceeded,7.314999999995951,0,0,0,0,0,0,0,5.6029999999968965,6.24849999999654,7.3089999999959545,7.311499999995952,7.314999999995951,,,sol_comp_T18_m60_phi0.250.pkl_B_joint2deg_weak_1_0.0,B_joint2deg,weak,sol_comp_T18_m60_phi0.250.pkl
sol_comp_T18_m60_phi0.250_B_joint2deg.pkl,18.0,60.0,0.25,compliant,0.9678624043790405,0.002,0.0005,0.001,1,rest,,0.01,0.1,2,0.0,lost hook,7.820999999995667,0,1.6787458436029867,1.0796756023505265,1.6787458436029867,2.9190207446548113,0.018536597694738168,1,1,5.635999999996876,6.085499999996628,-0.002709148580033016,-0.002709148580033016,0.03374676107760326,0.1640650679129798,0.07999355080731219,0.11818168139683052,5.1,0.051760679413604294,lost hook,7.820999999995667,0,0,0,0,0,0,0,5.599999999996896,6.248999999996538,6.261499999996531,,,,,sol_comp_T18_m60_phi0.250.pkl_B_joint2deg_weak_2_0.0,B_joint2deg,weak,sol_comp_T18_m60_phi0.250.pkl
sol_comp_T18_m60_phi0.250_B_joint2deg.pkl,18.0,60.0,0.25,compliant,0.9678624043790405,0.002,0.0005,0.001,1,rest,,0.01,0.1,4,0.0,hit wall,4.523999999997493,0,0.6918096844762823,0.6918096844762823,0.0,1.1200102401778107,,0,0,,,,,,0.003355601643553103,0.020021297787847024,0.0,3.1,0.13186884213974615,hit wall,4.523999999997493,0,0,0,0,0,0,0,,,,,,,,sol_comp_T18_m60_phi0.250.pkl_B_joint2deg_weak_4_0.0,B_joint2deg,weak,sol_comp_T18_m60_phi0.250.pkl
sol_comp_T18_m60_phi0.250_B_joint2deg.pkl,18.0,60.0,0.25,compliant,0.9678624043790405,0.002,0.0005,0.001,1,rest,,0.01,0.1,3,0.0,lost hook,7.695999999995735,0,2.276948579221708,1.081670081111175,2.276948579221708,2.9352199855649097,0.015737276568032615,1,1,5.635999999996876,6.085499999996628,0.0006996587604204407,0.0006996587604204407,0.033882481199223,0.09519286570165689,0.009425632077117625,0.08430034123957955,4.9,0.0623684421676412,grip capacity exceeded,7.3119999999959475,0,0,0,0,0,0,0,5.600499999996895,6.247499999996538,6.257499999996533,6.269999999996525,7.3119999999959475,7.313999999995946,,sol_comp_T18_m60_phi0.250.pkl_B_joint2deg_weak_3_0.0,B_joint2deg,weak,sol_comp_T18_m60_phi0.250.pkl
sol_comp_T18_m60_phi0.250_B_joint2deg.pkl,18.0,60.0,0.25,compliant,0.9678624043790405,0.002,0.0005,0.001,1,rest,,0.03,0.2,2,0.0,hit wall,2.3334999999987076,0,0.6044895614589227,0.6044895614589227,0.0,0.509211421495894,,0,0,,,,,,0.0018459775753464913,0.02000839936947897,0.0,1.5,0.1977250068866172,hit wall,2.3334999999987076,0,0,0,0,0,0,0,,,,,,,,sol_comp_T18_m60_phi0.250.pkl_B_joint2deg_strong_2_0.0,B_joint2deg,strong,sol_comp_T18_m60_phi0.250.pkl
sol_comp_T18_m60_phi0.250_B_joint2deg.pkl,18.0,60.0,0.25,compliant,0.9678624043790405,0.002,0.0005,0.001,1,rest,,0.03,0.2,4,0.0,hit wall,0.371499999999795,0,0.5052867700335582,0.5052867700335582,0.0,0.08902117288663308,,0,0,,,,,,0.0,0.020026725589084513,0.0,0.3,0.19770459796088147,hit wall,0.371499999999795,0,0,0,0,0,0,0,,,,,,,,sol_comp_T18_m60_phi0.250.pkl_B_joint2deg_strong_4_0.0,B_joint2deg,strong,sol_comp_T18_m60_phi0.250.pkl
sol_comp_T18_m60_phi0.250_B_joint2deg.pkl,18.0,60.0,0.25,compliant,0.9678624043790405,0.002,0.0005,0.001,1,rest,,0.01,0.1,5,0.0,hit wall,4.5639999999974705,0,0.6839193376997948,0.6839193376997948,0.0,1.1327476597259976,,0,0,,,,,,0.0034683174503217368,0.02001715354303174,0.0,3.1,0.16009857595718202,hit wall,4.5639999999974705,0,0,0,0,0,0,0,,,,,,,,sol_comp_T18_m60_phi0.250.pkl_B_joint2deg_weak_5_0.0,B_joint2deg,weak,sol_comp_T18_m60_phi0.250.pkl
sol_comp_T18_m60_phi0.250_B_joint2deg.pkl,18.0,60.0,0.25,compliant,0.9678624043790405,0.002,0.0005,0.001,1,rest,,0.03,0.2,0,0.0,hit wall,4.519499999997496,0,0.6926682081941277,0.6926682081941277,0.0,1.1146777245262958,,0,0,,,,,,0.0028971097441872415,0.0200693952011316,0.0,2.9,0.1172026000603974,hit wall,4.519499999997496,0,0,0,0,0,0,0,,,,,,,,sol_comp_T18_m60_phi0.250.pkl_B_joint2deg_strong_0_0.0,B_joint2deg,strong,sol_comp_T18_m60_phi0.250.pkl
sol_comp_T18_m60_phi0.250_B_joint2deg.pkl,18.0,60.0,0.25,compliant,0.9678624043790405,0.002,0.0005,0.001,1,rest,,0.01,0.1,8,0.0,hit B's face,6.083499999996629,0,1.1655548592218368,1.1655548592218368,0.0,1.7619159326840312,0.0026866318708201713,1,0,5.635999999996876,,,,,0.004354141166769299,0.01576375756891821,0.0,4.1,0.11807043376959592,hit B's face,6.083499999996629,0,0,0,0,0,0,0,5.56099999999692,,,,,,,sol_comp_T18_m60_phi0.250.pkl_B_joint2deg_weak_8_0.0,B_joint2deg,weak,sol_comp_T18_m60_phi0.250.pkl
sol_comp_T18_m60_phi0.250_B_joint2deg.pkl,18.0,60.0,0.25,compliant,0.9678624043790405,0.002,0.0005,0.001,1,rest,,0.01,0.1,6,0.0,lost hook,7.693999999995736,0,1.924235801166864,1.052321946596529,1.924235801166864,2.841937709509617,0.029394321937330898,1,1,5.635999999996876,6.085999999996627,-0.01804949279253032,-0.01804949279253032,0.030233263557851435,0.04606738488741369,0.023177350787931594,0.10304949279253031,5.0,0.028987069898516182,lost hook,7.693999999995736,0,0,0,0,0,0,0,5.600999999996898,6.251499999996536,6.275999999996522,7.2954999999959576,,,,sol_comp_T18_m60_phi0.250.pkl_B_joint2deg_weak_6_0.0,B_joint2deg,weak,sol_comp_T18_m60_phi0.250.pkl
sol_comp_T18_m60_phi0.250_B_joint2deg.pkl,18.0,60.0,0.25,compliant,0.9678624043790405,0.002,0.0005,0.001,1,rest,,0.01,0.1,7,0.0,lost hook,7.733499999995715,0,1.6886814656694755,1.007266050415681,1.6886814656694755,2.9470497251944354,0.02629927887113945,1,1,5.635999999996876,6.099999999996619,-0.02451374967199227,-0.02451374967199227,0.009525132343482737,0.22599803326947934,0.016329959005435768,1.017064340550053,5.1,0.045479188749665944,lost hook,7.733499999995715,0,0,0,0,0,0,0,5.604999999996895,6.139999999996597,7.34549999999593,,,,,sol_comp_T18_m60_phi0.250.pkl_B_joint2deg_weak_7_0.0,B_joint2deg,weak,sol_comp_T18_m60_phi0.250.pkl
sol_comp_T18_m60_phi0.250_B_joint2deg.pkl,18.0,60.0,0.25,compliant,0.9678624043790405,0.002,0.0005,0.001,1,rest,,0.01,0.1,9,0.0,lost hook,7.686499999995739,0,2.0311947515577335,1.1565202723730492,2.0311947515577335,2.854642867760564,0.000731811039706106,1,1,5.635999999996876,6.086499999996626,0.02761106391338597,0.02761106391338597,0.04624679117879058,0.049495937788434474,0.015391086436859158,0.08505121835619056,4.9,0.10519897638074908,grip capacity exceeded,6.273999999996523,0,0,0,0,0,0,0,5.558999999996921,6.247499999996538,6.254999999996535,6.262499999996528,6.273999999996523,,,sol_comp_T18_m60_phi0.250.pkl_B_joint2deg_weak_9_0.0,B_joint2deg,weak,sol_comp_T18_m60_phi0.250.pkl
sol_comp_T18_m60_phi0.250_B_joint2deg.pkl,18.0,60.0,0.25,compliant,0.9678624043790405,0.002,0.0005,0.001,1,rest,,0.03,0.2,5,0.0,hit wall,4.759499999997363,0,0.6815794458129869,0.6815794458129869,0.0,1.1822305760733585,,0,0,,,,,,0.003010503941183393,0.020008479321698677,0.0,3.0,0.1673923425269117,hit wall,4.759499999997363,0,0,0,0,0,0,0,,,,,,,,sol_comp_T18_m60_phi0.250.pkl_B_joint2deg_strong_5_0.0,B_joint2deg,strong,sol_comp_T18_m60_phi0.250.pkl
sol_comp_T18_m60_phi0.250_B_joint2deg.pkl,18.0,60.0,0.25,compliant,0.9678624043790405,0.002,0.0005,0.001,1,rest,,0.03,0.2,1,0.0,lost hook,6.900499999996178,0,1.4056195250020171,0.9980699600867549,1.4056195250020171,2.4395616295414473,0.025027804303872414,1,1,5.635999999996876,6.092999999996625,-0.024984549794517363,-0.024984549794517363,0.001470802447039338,0.3116896571966539,0.01884575257319554,0.10998454979451738,4.6,0.10151155660850031,lost hook,6.900499999996178,0,0,0,0,0,0,0,6.129499999996607,6.345499999996488,,,,,,sol_comp_T18_m60_phi0.250.pkl_B_joint2deg_strong_1_0.0,B_joint2deg,strong,sol_comp_T18_m60_phi0.250.pkl
sol_comp_T18_m60_phi0.250_B_joint2deg.pkl,18.0,60.0,0.25,compliant,0.9678624043790405,0.002,0.0005,0.001,1,rest,,0.03,0.2,7,0.0,hit wall,4.855999999997309,0,0.6703419718368933,0.6703419718368933,0.0,1.2040035458000644,,0,0,,,,,,0.0016994716263362686,0.020019731366854098,0.0,3.0,0.15072959278644182,hit wall,4.855999999997309,0,0,0,0,0,0,0,,,,,,,,sol_comp_T18_m60_phi0.250.pkl_B_joint2deg_strong_7_0.0,B_joint2deg,strong,sol_comp_T18_m60_phi0.250.pkl
sol_comp_T18_m60_phi0.250_B_joint2deg.pkl,18.0,60.0,0.25,compliant,0.9678624043790405,0.002,0.0005,0.001,1,rest,,0.03,0.2,6,0.0,hit wall,4.586499999997457,0,0.6834792742788734,0.6834792742788734,0.0,1.1363430429828214,,0,0,,,,,,0.0032842173595752228,0.020001910362666225,0.0,3.0,0.1539429113699584,hit wall,4.586499999997457,0,0,0,0,0,0,0,,,,,,,,sol_comp_T18_m60_phi0.250.pkl_B_joint2deg_strong_6_0.0,B_joint2deg,strong,sol_comp_T18_m60_phi0.250.pkl
sol_comp_T18_m60_phi0.250_B_joint2deg.pkl,18.0,60.0,0.25,compliant,0.9678624043790405,0.002,0.0005,0.001,1,rest,,0.03,0.2,8,0.0,hit wall,4.541999999997483,0,0.692103931013467,0.692103931013467,0.0,1.110506801292283,,0,0,,,,,,0.0018909186012998347,0.020029692548917677,0.0,2.9,0.0844831038393492,hit wall,4.541999999997483,0,0,0,0,0,0,0,,,,,,,,sol_comp_T18_m60_phi0.250.pkl_B_joint2deg_strong_8_0.0,B_joint2deg,strong,sol_comp_T18_m60_phi0.250.pkl
sol_comp_T18_m60_phi0.250_B_joint2deg.pkl,18.0,60.0,0.25,compliant,0.9678624043790405,0.002,0.0005,0.001,1,rest,,0.03,0.2,3,0.0,lost hook,7.681499999995744,0,1.8273345103404919,1.0847464500892408,1.8273345103404919,2.835452899981912,0.0007669100344430826,1,1,5.635999999996876,6.084499999996627,0.012117187267502771,0.012117187267502771,0.02243346850493684,0.05023577425244802,0.01986326547036725,0.09941813872062669,5.2,0.13261068234582774,lost hook,7.681499999995744,0,0,0,0,0,0,0,5.603499999996895,6.244999999996541,6.254999999996535,6.2669999999965285,,,,sol_comp_T18_m60_phi0.250.pkl_B_joint2deg_strong_3_0.0,B_joint2deg,strong,sol_comp_T18_m60_phi0.250.pkl
sol_comp_T18_m60_phi0.250_B_joint2deg.pkl,18.0,60.0,0.25,compliant,0.9678624043790405,0.002,0.0005,0.001,1,rest,,0.03,0.2,9,0.0,lost hook,7.683999999995745,0,1.8921895878715616,1.0934790648993793,1.8921895878715616,2.8406042647786482,0.0021459198743575105,1,1,5.635999999996876,6.084999999996629,0.013448628034966603,0.013448628034966603,0.027863745248896055,0.049758880225737157,0.018436752967204623,0.08357963616246444,5.0,0.1327293473919391,lost hook,7.683999999995745,0,0,0,0,0,0,0,5.601999999996895,6.244999999996544,6.253499999996539,6.263499999996533,,,,sol_comp_T18_m60_phi0.250.pkl_B_joint2deg_strong_9_0.0,B_joint2deg,strong,sol_comp_T18_m60_phi0.250.pkl
sol_ref_T18_m60_phi0.250_B_joint2deg.pkl,18.0,60.0,0.25,impact,1.037939822664832,0.002,0.0005,0.001,1,rest,,0.0,0.0,0,0.0,lost hook,7.961999999995587,0,1.408951116019998,1.0814120620966214,1.408951116019998,3.0429058566866827,0.02543156093007113,1,1,5.738499999996819,6.215999999996555,-0.024071424022269916,-0.024071424022269916,0.008205536964757834,0.042680104510756545,0.0010029231199591218,0.0009285759777300853,5.3,0.02839294247366897,lost hook,7.961999999995587,0,0,0,0,0,0,0,5.694499999996843,6.252999999996536,,,,,,sol_ref_T18_m60_phi0.250.pkl_B_joint2deg_none_0_0.0,B_joint2deg,none,sol_ref_T18_m60_phi0.250.pkl
sol_ref_T18_m60_phi0.250_B_joint2deg.pkl,18.0,60.0,0.25,impact,1.037939822664832,0.002,0.0005,0.001,1,rest,,0.0,0.0,0,-0.003,held B,8.20649999999545,1,1.3413566784719446,1.0592150606032316,1.3413566784719446,3.0561949741412944,0.025658806091295276,1,1,5.735499999996822,6.2059999999965605,-0.024421858806774388,-0.024421858806774388,0.007870650700715147,0.056296206951858,0.0010029231199591218,0.0,5.3,0.02839294247366897,none,,0,0,1,1,1,1,1,5.694499999996843,6.249999999996536,,,,,,sol_ref_T18_m60_phi0.250.pkl_B_joint2deg_none_0_-0.003,B_joint2deg,none,sol_ref_T18_m60_phi0.250.pkl
sol_ref_T18_m60_phi0.250_B_joint2deg.pkl,18.0,60.0,0.25,impact,1.037939822664832,0.002,0.0005,0.001,1,rest,,0.0,0.0,0,-0.001,lost hook,7.962499999995586,0,1.3782532803392744,1.0693806843486082,1.3782532803392744,3.0341372968743974,0.025699560992936837,1,1,5.737499999996821,6.212499999996556,-0.024257225961738182,-0.024257225961738182,0.008488487725788129,0.04334362432100036,0.0010029231199591218,0.0007427740382618189,5.1,0.02839294247366897,lost hook,7.962499999995586,0,0,0,0,0,0,0,5.694499999996843,6.252499999996534,,,,,,sol_ref_T18_m60_phi0.250.pkl_B_joint2deg_none_0_-0.001,B_joint2deg,none,sol_ref_T18_m60_phi0.250.pkl
sol_ref_T18_m60_phi0.250_B_joint2deg.pkl,18.0,60.0,0.25,impact,1.037939822664832,0.002,0.0005,0.001,1,rest,,0.01,0.1,3,0.0,slipped off A,4.8384999999973175,0,0.7531942819566343,0.7531942819566343,0.0,1.1752349952819325,,0,0,,,,,,0.0009047755083163855,0.006916060942117247,0.0,3.0,0.09727404902048284,slipped off A,4.8384999999973175,0,0,0,0,0,0,0,,,,,,,,sol_ref_T18_m60_phi0.250.pkl_B_joint2deg_weak_3_0.0,B_joint2deg,weak,sol_ref_T18_m60_phi0.250.pkl
sol_ref_T18_m60_phi0.250_B_joint2deg.pkl,18.0,60.0,0.25,impact,1.037939822664832,0.002,0.0005,0.001,1,rest,,0.0,0.0,0,0.001,lost hook,7.971999999995585,0,1.4537500428338799,1.0877281965208876,1.4537500428338799,3.045051687900552,0.026033650024529304,1,1,5.73949999999682,6.218999999996555,-0.02455943322065446,-0.02455943322065446,0.008636270808623867,0.04287618557180778,0.0010029231199591218,0.00044056677934554284,5.1,0.02839294247366897,lost hook,7.971999999995585,0,0,0,0,0,0,0,5.694499999996843,6.218999999996555,,,,,,sol_ref_T18_m60_phi0.250.pkl_B_joint2deg_none_0_0.001,B_joint2deg,none,sol_ref_T18_m60_phi0.250.pkl
sol_ref_T18_m60_phi0.250_B_joint2deg.pkl,18.0,60.0,0.25,impact,1.037939822664832,0.002,0.0005,0.001,1,rest,,0.01,0.1,0,0.0,lost hook,7.961999999995587,0,1.408951116019998,1.0814120620966214,1.408951116019998,3.0429058566866827,0.02543156093007113,1,1,5.738499999996819,6.215999999996555,-0.024071424022269916,-0.024071424022269916,0.008205536964757834,0.042680104510756545,0.0010029231199591218,0.0009285759777300853,5.1,0.02839294247366897,lost hook,7.961999999995587,0,0,0,0,0,0,0,5.694499999996843,6.252999999996536,,,,,,sol_ref_T18_m60_phi0.250.pkl_B_joint2deg_weak_0_0.0,B_joint2deg,weak,sol_ref_T18_m60_phi0.250.pkl
sol_ref_T18_m60_phi0.250_B_joint2deg.pkl,18.0,60.0,0.25,impact,1.037939822664832,0.002,0.0005,0.001,1,rest,,0.01,0.1,1,0.0,held B,8.216499999995445,1,1.4309634251026508,1.0711283838603454,1.4309634251026508,3.0842330974396646,0.026054052017322492,1,1,5.738499999996819,6.215999999996555,-0.024473322466490366,-0.024473322466490366,0.008937008110801068,0.04184594859525159,0.00463381016390225,0.0,5.3,0.03513760366682184,none,,0,0,1,1,1,1,1,5.697999999996842,6.215999999996555,,,,,,sol_ref_T18_m60_phi0.250.pkl_B_joint2deg_weak_1_0.0,B_joint2deg,weak,sol_ref_T18_m60_phi0.250.pkl
sol_ref_T18_m60_phi0.250_B_joint2deg.pkl,18.0,60.0,0.25,impact,1.037939822664832,0.002,0.0005,0.001,1,rest,,0.0,0.0,0,0.003,lost hook,7.975499999995581,0,1.5295870071848015,1.127766586759985,1.5295870071848015,3.08247364073823,0.02450518189488859,1,1,5.741499999996819,6.226499999996548,-0.023828348210847228,-0.023828348210847228,0.00571959449997894,0.04079519838365736,0.0010029231199591218,0.0011716517891527736,5.7,0.02839294247366897,lost hook,7.975499999995581,0,0,0,0,0,0,0,5.694499999996843,6.259499999996532,6.271999999996524,,,,,sol_ref_T18_m60_phi0.250.pkl_B_joint2deg_none_0_0.003,B_joint2deg,none,sol_ref_T18_m60_phi0.250.pkl
sol_ref_T18_m60_phi0.250_B_joint2deg.pkl,18.0,60.0,0.25,impact,1.037939822664832,0.002,0.0005,0.001,1,rest,,0.01,0.1,2,0.0,held B,8.184499999995463,1,1.991774025739274,1.1081998003699336,1.991774025739274,3.188920819756253,0.03443042548679362,1,1,5.738499999996819,6.183999999996573,-0.016549877131663226,-0.016549877131663226,0.030191981818497745,0.3416202187841181,0.009004937828841712,0.042428299443928605,5.3,0.0672576993637991,none,,0,0,0,0,1,1,1,5.693499999996845,6.33699999999649,6.3589999999964775,6.403499999996452,,,,sol_ref_T18_m60_phi0.250.pkl_B_joint2deg_weak_2_0.0,B_joint2deg,weak,sol_ref_T18_m60_phi0.250.pkl
sol_ref_T18_m60_phi0.250_B_joint2deg.pkl,18.0,60.0,0.25,impact,1.037939822664832,0.002,0.0005,0.001,1,rest,,0.01,0.1,4,0.0,hit wall,4.535999999997486,0,0.7561330078046772,0.7561330078046772,0.0,1.1294339217331273,,0,0,,,,,,0.0015780726550606583,0.020061731707813724,0.0,2.9,0.15311700510477355,hit wall,4.535999999997486,0,0,0,0,0,0,0,,,,,,,,sol_ref_T18_m60_phi0.250.pkl_B_joint2deg_weak_4_0.0,B_joint2deg,weak,sol_ref_T18_m60_phi0.250.pkl
sol_ref_T18_m60_phi0.250_B_joint2deg.pkl,18.0,60.0,0.25,impact,1.037939822664832,0.002,0.0005,0.001,1,rest,,0.03,0.2,4,0.0,hit wall,0.35299999999980614,0,0.6400189026282299,0.6400189026282299,0.0,0.07920585421729762,,0,0,,,,,,0.0,0.020000533507248626,0.0,0.2,0.19200540446887826,hit wall,0.35299999999980614,0,0,0,0,0,0,0,,,,,,,,sol_ref_T18_m60_phi0.250.pkl_B_joint2deg_strong_4_0.0,B_joint2deg,strong,sol_ref_T18_m60_phi0.250.pkl
sol_ref_T18_m60_phi0.250_B_joint2deg.pkl,18.0,60.0,0.25,impact,1.037939822664832,0.002,0.0005,0.001,1,rest,,0.03,0.2,2,0.0,hit wall,2.4064999999986654,0,0.6309025723565844,0.6309025723565844,0.0,0.5105468143401367,,0,0,,,,,,0.0024017757675401374,0.020000765595801544,0.0,1.5,0.19354329189461494,hit wall,2.4064999999986654,0,0,0,0,0,0,0,,,,,,,,sol_ref_T18_m60_phi0.250.pkl_B_joint2deg_strong_2_0.0,B_joint2deg,strong,sol_ref_T18_m60_phi0.250.pkl
sol_ref_T18_m60_phi0.250_B_joint2deg.pkl,18.0,60.0,0.25,impact,1.037939822664832,0.002,0.0005,0.001,1,rest,,0.01,0.1,5,0.0,hit wall,4.645499999997426,0,0.7583802911503953,0.7583802911503953,0.0,1.1534371959303016,,0,0,,,,,,0.0017747649174426061,0.0201653427999422,0.0,3.3,0.2553366998306636,hit wall,4.645499999997426,0,0,0,0,0,0,0,,,,,,,,sol_ref_T18_m60_phi0.250.pkl_B_joint2deg_weak_5_0.0,B_joint2deg,weak,sol_ref_T18_m60_phi0.250.pkl
sol_ref_T18_m60_phi0.250_B_joint2deg.pkl,18.0,60.0,0.25,impact,1.037939822664832,0.002,0.0005,0.001,1,rest,,0.01,0.1,8,0.0,hit wall,4.607999999997446,0,0.7547582807668806,0.7547582807668806,0.0,1.1347727977955504,,0,0,,,,,,0.0012906012488530794,0.020093885825627433,0.0,3.1,0.14935975392672352,hit wall,4.607999999997446,0,0,0,0,0,0,0,,,,,,,,sol_ref_T18_m60_phi0.250.pkl_B_joint2deg_weak_8_0.0,B_joint2deg,weak,sol_ref_T18_m60_phi0.250.pkl
sol_ref_T18_m60_phi0.250_B_joint2deg.pkl,18.0,60.0,0.25,impact,1.037939822664832,0.002,0.0005,0.001,1,rest,,0.01,0.1,9,0.0,hit wall,4.605999999997447,0,0.7541066590274108,0.7541066590274108,0.0,1.1325713225708776,,0,0,,,,,,0.0011614743023199703,0.02007057808567808,0.0,3.0,0.13244956389734808,hit wall,4.605999999997447,0,0,0,0,0,0,0,,,,,,,,sol_ref_T18_m60_phi0.250.pkl_B_joint2deg_weak_9_0.0,B_joint2deg,weak,sol_ref_T18_m60_phi0.250.pkl
sol_ref_T18_m60_phi0.250_B_joint2deg.pkl,18.0,60.0,0.25,impact,1.037939822664832,0.002,0.0005,0.001,1,rest,,0.03,0.2,0,0.0,hit wall,4.538999999997486,0,0.7550530276656806,0.7550530276656806,0.0,1.127041137123013,,0,0,,,,,,0.0014160862747909786,0.020223203054242744,0.0,3.0,0.1368995620606952,hit wall,4.538999999997486,0,0,0,0,0,0,0,,,,,,,,sol_ref_T18_m60_phi0.250.pkl_B_joint2deg_strong_0_0.0,B_joint2deg,strong,sol_ref_T18_m60_phi0.250.pkl
sol_ref_T18_m60_phi0.250_B_joint2deg.pkl,18.0,60.0,0.25,impact,1.037939822664832,0.002,0.0005,0.001,1,rest,,0.03,0.2,3,0.0,slipped off A,4.813999999997332,0,0.7559824871370812,0.7559824871370812,0.0,1.187450030736873,,0,0,,,,,,0.001688231576453758,0.014818644763207593,0.0,3.1,0.18957735077861712,slipped off A,4.813999999997332,0,0,0,0,0,0,0,,,,,,,,sol_ref_T18_m60_phi0.250.pkl_B_joint2deg_strong_3_0.0,B_joint2deg,strong,sol_ref_T18_m60_phi0.250.pkl
sol_ref_T18_m60_phi0.250_B_joint2deg.pkl,18.0,60.0,0.25,impact,1.037939822664832,0.002,0.0005,0.001,1,rest,,0.01,0.1,7,0.0,hit B's face,6.251999999996535,0,1.0475191818003375,1.0475191818003375,0.0,1.7632195752312394,0.03650913159754033,1,0,5.738499999996819,,,,,0.0016086002772889713,0.004598559274155655,0.0,4.5,0.05179576640395189,hit B's face,6.251999999996535,0,0,0,0,0,0,0,5.700999999996842,,,,,,,sol_ref_T18_m60_phi0.250.pkl_B_joint2deg_weak_7_0.0,B_joint2deg,weak,sol_ref_T18_m60_phi0.250.pkl
sol_ref_T18_m60_phi0.250_B_joint2deg.pkl,18.0,60.0,0.25,impact,1.037939822664832,0.002,0.0005,0.001,1,rest,,0.03,0.2,1,0.0,hit B's face,6.2469999999965395,0,1.0357446844846834,1.0357446844846834,0.0,1.7750316320515187,0.025297486835834163,1,0,5.738499999996819,,,,,0.0016219995468541581,0.01237635569518732,0.0,4.3,0.09994772442766603,hit B's face,6.2469999999965395,0,0,0,0,0,0,0,5.732999999996824,,,,,,,sol_ref_T18_m60_phi0.250.pkl_B_joint2deg_strong_1_0.0,B_joint2deg,strong,sol_ref_T18_m60_phi0.250.pkl
sol_ref_T18_m60_phi0.250_B_joint2deg.pkl,18.0,60.0,0.25,impact,1.037939822664832,0.002,0.0005,0.001,1,rest,,0.01,0.1,6,0.0,lost hook,7.961999999995587,0,1.408951116019998,1.0814120620966214,1.408951116019998,3.0429058566866827,0.02543156093007113,1,1,5.738499999996819,6.215999999996555,-0.024071424022269916,-0.024071424022269916,0.008205536964757834,0.042680104510756545,0.0010029231199591218,0.0009285759777300853,5.1,0.02839294247366897,lost hook,7.961999999995587,0,0,0,0,0,0,0,5.694499999996843,6.252999999996536,,,,,,sol_ref_T18_m60_phi0.250.pkl_B_joint2deg_weak_6_0.0,B_joint2deg,weak,sol_ref_T18_m60_phi0.250.pkl
sol_ref_T18_m60_phi0.250_B_joint2deg.pkl,18.0,60.0,0.25,impact,1.037939822664832,0.002,0.0005,0.001,1,rest,,0.03,0.2,5,0.0,slipped off A,4.781499999997351,0,0.7577747077150159,0.7577747077150159,0.0,1.1873091454774656,,0,0,,,,,,0.0018247360189366513,0.017915832566151646,0.0,3.0,0.2542859349221503,slipped off A,4.781499999997351,0,0,0,0,0,0,0,,,,,,,,sol_ref_T18_m60_phi0.250.pkl_B_joint2deg_strong_5_0.0,B_joint2deg,strong,sol_ref_T18_m60_phi0.250.pkl
sol_ref_T18_m60_phi0.250_B_joint2deg.pkl,18.0,60.0,0.25,impact,1.037939822664832,0.002,0.0005,0.001,1,rest,,0.03,0.2,6,0.0,hit wall,4.64099999999743,0,0.7578237666784882,0.7578237666784882,0.0,1.1505299820869896,,0,0,,,,,,0.0017632230146965022,0.020108867562159016,0.0,2.9,0.24058568923100465,hit wall,4.64099999999743,0,0,0,0,0,0,0,,,,,,,,sol_ref_T18_m60_phi0.250.pkl_B_joint2deg_strong_6_0.0,B_joint2deg,strong,sol_ref_T18_m60_phi0.250.pkl
sol_ref_T18_m60_phi0.250_B_joint2deg.pkl,18.0,60.0,0.25,impact,1.037939822664832,0.002,0.0005,0.001,1,rest,,0.03,0.2,9,0.0,slipped off A,4.812499999997332,0,0.7556898679425564,0.7556898679425564,0.0,1.1845547038589999,,0,0,,,,,,0.0015728428895846192,0.013506502000784949,0.0,3.0,0.1811502748472251,slipped off A,4.812499999997332,0,0,0,0,0,0,0,,,,,,,,sol_ref_T18_m60_phi0.250.pkl_B_joint2deg_strong_9_0.0,B_joint2deg,strong,sol_ref_T18_m60_phi0.250.pkl
sol_ref_T18_m60_phi0.250_B_joint2deg.pkl,18.0,60.0,0.25,impact,1.037939822664832,0.002,0.0005,0.001,1,rest,,0.03,0.2,7,0.0,slipped off A,4.8269999999973265,0,0.7548105590622332,0.7548105590622332,0.0,1.1904263967058375,,0,0,,,,,,0.0018086800510737633,0.015559310026466239,0.0,3.3,0.17481913088698045,slipped off A,4.8269999999973265,0,0,0,0,0,0,0,,,,,,,,sol_ref_T18_m60_phi0.250.pkl_B_joint2deg_strong_7_0.0,B_joint2deg,strong,sol_ref_T18_m60_phi0.250.pkl
sol_ref_T18_m60_phi0.250_B_joint2deg.pkl,18.0,60.0,0.25,impact,1.037939822664832,0.002,0.0005,0.001,1,rest,,0.03,0.2,8,0.0,hit wall,4.5689999999974695,0,0.753214044549445,0.753214044549445,0.0,1.126057407370598,,0,0,,,,,,0.0011504627005660684,0.020109520457452346,0.0,3.6,0.10426550053703587,hit wall,4.5689999999974695,0,0,0,0,0,0,0,,,,,,,,sol_ref_T18_m60_phi0.250.pkl_B_joint2deg_strong_8_0.0,B_joint2deg,strong,sol_ref_T18_m60_phi0.250.pkl
sol_ref_T18_m60_phi0.250_B_joint5deg.pkl,18.0,60.0,0.25,impact,1.0623364680402887,0.002,0.0005,0.001,1,rest,,0.0,0.0,0,0.0,held B,8.290499999995404,1,1.4178510054299989,1.1146541935371623,1.4178510054299989,3.099534100726832,0.025604954377675106,1,1,5.80999999999678,6.289999999996514,-0.02464202747230626,-0.02464202747230626,0.006955873111042711,0.0461296852363387,0.0010116528216503329,0.0,5.4,0.02669525047166771,none,,0,0,1,1,1,1,1,5.75599999999681,6.327999999996493,,,,,,sol_ref_T18_m60_phi0.250.pkl_B_joint5deg_none_0_0.0,B_joint5deg,none,sol_ref_T18_m60_phi0.250.pkl
sol_ref_T18_m60_phi0.250_B_joint5deg.pkl,18.0,60.0,0.25,impact,1.0623364680402887,0.002,0.0005,0.001,1,rest,,0.01,0.1,2,0.0,slipped off A,4.896999999997288,0,0.7541387754650744,0.7541387754650744,0.0,1.2021529340758212,,0,0,,,,,,0.0012261822332590988,0.009210117172577026,0.0,3.0,0.07716501344837823,slipped off A,4.896999999997288,0,0,0,0,0,0,0,,,,,,,,sol_ref_T18_m60_phi0.250.pkl_B_joint5deg_weak_2_0.0,B_joint5deg,weak,sol_ref_T18_m60_phi0.250.pkl
sol_ref_T18_m60_phi0.250_B_joint5deg.pkl,18.0,60.0,0.25,impact,1.0623364680402887,0.002,0.0005,0.001,1,rest,,0.01,0.1,3,0.0,slipped off A,4.885999999997292,0,0.7540668843445055,0.7540668843445055,0.0,1.2046315734839221,,0,0,,,,,,0.0016187786591528308,0.011424260781420226,0.0,3.1,0.10847806549687344,slipped off A,4.885999999997292,0,0,0,0,0,0,0,,,,,,,,sol_ref_T18_m60_phi0.250.pkl_B_joint5deg_weak_3_0.0,B_joint5deg,weak,sol_ref_T18_m60_phi0.250.pkl
sol_ref_T18_m60_phi0.250_B_joint5deg.pkl,18.0,60.0,0.25,impact,1.0623364680402887,0.002,0.0005,0.001,1,rest,,0.01,0.1,4,0.0,hit wall,4.626999999997437,0,0.7640509066012615,0.7640509066012615,0.0,1.1620954064395435,,0,0,,,,,,0.001705549310872051,0.020313582164910082,0.0,2.9,0.2045598523704869,hit wall,4.626999999997437,0,0,0,0,0,0,0,,,,,,,,sol_ref_T18_m60_phi0.250.pkl_B_joint5deg_weak_4_0.0,B_joint5deg,weak,sol_ref_T18_m60_phi0.250.pkl
sol_ref_T18_m60_phi0.250_B_joint5deg.pkl,18.0,60.0,0.25,impact,1.0623364680402887,0.002,0.0005,0.001,1,rest,,0.0,0.0,0,-0.001,held B,8.287499999995415,1,1.4005817657840978,1.1097143205203608,1.4005817657840978,3.0964145333329456,0.0258271543706173,1,1,5.808999999996782,6.286999999996521,-0.024887159745938803,-0.024887159745938803,0.006904432102919069,0.047542547042142363,0.0010116528216503329,0.0,5.2,0.02669525047166771,none,,0,0,1,1,1,1,1,5.75599999999681,6.326999999996502,,,,,,sol_ref_T18_m60_phi0.250.pkl_B_joint5deg_none_0_-0.001,B_joint5deg,none,sol_ref_T18_m60_phi0.250.pkl
sol_ref_T18_m60_phi0.250_B_joint5deg.pkl,18.0,60.0,0.25,impact,1.0623364680402887,0.002,0.0005,0.001,1,rest,,0.0,0.0,0,-0.003,held B,8.281999999995413,1,1.6428279782421218,1.0922632455803392,1.6428279782421218,3.2864984623104005,0.024782098653575273,1,1,5.806999999996783,6.281499999996523,-0.024275356475546683,-0.024275356475546683,0.004985928364975872,0.1295276589010462,0.003981811495437526,0.05427535647554668,5.3,0.02669525047166771,none,,0,0,0,1,1,1,1,5.75599999999681,6.3784999999964676,6.408999999996453,,,,,sol_ref_T18_m60_phi0.250.pkl_B_joint5deg_none_0_-0.003,B_joint5deg,none,sol_ref_T18_m60_phi0.250.pkl
sol_ref_T18_m60_phi0.250_B_joint5deg.pkl,18.0,60.0,0.25,impact,1.0623364680402887,0.002,0.0005,0.001,1,rest,,0.0,0.0,0,0.001,held B,8.293999999995407,1,1.4526965099696643,1.1336438288695776,1.4526965099696643,3.1266598893718234,0.025852618236532385,1,1,5.810999999996781,6.293499999996516,-0.024880882477812172,-0.024880882477812172,0.007021364312524035,0.04340052643020187,0.0010116528216503329,0.0,5.4,0.02669525047166771,none,,0,0,1,1,1,1,1,5.75599999999681,6.293499999996516,,,,,,sol_ref_T18_m60_phi0.250.pkl_B_joint5deg_none_0_0.001,B_joint5deg,none,sol_ref_T18_m60_phi0.250.pkl
sol_ref_T18_m60_phi0.250_B_joint5deg.pkl,18.0,60.0,0.25,impact,1.0623364680402887,0.002,0.0005,0.001,1,rest,,0.01,0.1,0,0.0,held B,8.290499999995404,1,1.4178510054299989,1.1146541935371623,1.4178510054299989,3.099534100726832,0.025604954377675106,1,1,5.80999999999678,6.289999999996514,-0.02464202747230626,-0.02464202747230626,0.006955873111042711,0.0461296852363387,0.0010116528216503329,0.0,5.3,0.02669525047166771,none,,0,0,1,1,1,1,1,5.75599999999681,6.327999999996493,,,,,,sol_ref_T18_m60_phi0.250.pkl_B_joint5deg_weak_0_0.0,B_joint5deg,weak,sol_ref_T18_m60_phi0.250.pkl
sol_ref_T18_m60_phi0.250_B_joint5deg.pkl,18.0,60.0,0.25,impact,1.0623364680402887,0.002,0.0005,0.001,1,rest,,0.0,0.0,0,0.003,lost hook,8.065499999995538,0,1.519297296936127,1.16738300190365,1.519297296936127,3.138401647714072,0.02413318508328995,1,1,5.81299999999678,6.300999999996513,-0.023812003282410732,-0.023812003282410732,0.003924171497627124,0.04270322403876958,0.0010116528216503329,0.0011879967175892694,5.5,0.02669525047166771,lost hook,8.065499999995538,0,0,0,0,0,0,0,5.75599999999681,6.335499999996497,6.348499999996488,,,,,sol_ref_T18_m60_phi0.250.pkl_B_joint5deg_none_0_0.003,B_joint5deg,none,sol_ref_T18_m60_phi0.250.pkl
sol_ref_T18_m60_phi0.250_B_joint5deg.pkl,18.0,60.0,0.25,impact,1.0623364680402887,0.002,0.0005,0.001,1,rest,,0.01,0.1,1,0.0,held B,8.285999999995408,1,1.4135298488824004,1.11427690486385,1.4135298488824004,3.1342729578645945,0.02935793214449016,1,1,5.80999999999678,6.285499999996517,-0.024827830169648735,-0.024827830169648735,0.01566738742954832,0.06174645037042989,0.0046311179903989075,0.0037527159411519934,5.5,0.034702776758840016,none,,0,0,1,1,1,1,1,5.75899999999681,6.330999999996493,,,,,,sol_ref_T18_m60_phi0.250.pkl_B_joint5deg_weak_1_0.0,B_joint5deg,weak,sol_ref_T18_m60_phi0.250.pkl
sol_ref_T18_m60_phi0.250_B_joint5deg.pkl,18.0,60.0,0.25,impact,1.0623364680402887,0.002,0.0005,0.001,1,rest,,0.03,0.2,4,0.0,hit wall,0.440499999999755,0,0.6490003909930709,0.6490003909930709,0.0,0.09728718353846856,,0,0,,,,,,0.0,0.020004559704854194,0.0,0.3,0.2214804829886936,hit wall,0.440499999999755,0,0,0,0,0,0,0,,,,,,,,sol_ref_T18_m60_phi0.250.pkl_B_joint5deg_strong_4_0.0,B_joint5deg,strong,sol_ref_T18_m60_phi0.250.pkl
sol_ref_T18_m60_phi0.250_B_joint5deg.pkl,18.0,60.0,0.25,impact,1.0623364680402887,0.002,0.0005,0.001,1,rest,,0.03,0.2,2,0.0,hit wall,2.4644999999986332,0,0.6398463565893229,0.6398463565893229,0.0,0.5281833395897884,,0,0,,,,,,0.0026526053364678837,0.02003519402990194,0.0,1.6,0.19544148280368612,hit wall,2.4644999999986332,0,0,0,0,0,0,0,,,,,,,,sol_ref_T18_m60_phi0.250.pkl_B_joint5deg_strong_2_0.0,B_joint5deg,strong,sol_ref_T18_m60_phi0.250.pkl
sol_ref_T18_m60_phi0.250_B_joint5deg.pkl,18.0,60.0,0.25,impact,1.0623364680402887,0.002,0.0005,0.001,1,rest,,0.01,0.1,5,0.0,hit wall,4.663499999997416,0,0.7596402174551607,0.7596402174551607,0.0,1.1756001185620912,,0,0,,,,,,0.0021437594922528724,0.020212389750285997,0.0,3.1,0.26356491516746516,hit wall,4.663499999997416,0,0,0,0,0,0,0,,,,,,,,sol_ref_T18_m60_phi0.250.pkl_B_joint5deg_weak_5_0.0,B_joint5deg,weak,sol_ref_T18_m60_phi0.250.pkl
sol_ref_T18_m60_phi0.250_B_joint5deg.pkl,18.0,60.0,0.25,impact,1.0623364680402887,0.002,0.0005,0.001,1,rest,,0.01,0.1,9,0.0,hit wall,4.67549999999741,0,0.7556285182396161,0.7556285182396161,0.0,1.1618080520520222,,0,0,,,,,,0.0012312374534686754,0.020319273278298244,0.0,3.0,0.1590148173895879,hit wall,4.67549999999741,0,0,0,0,0,0,0,,,,,,,,sol_ref_T18_m60_phi0.250.pkl_B_joint5deg_weak_9_0.0,B_joint5deg,weak,sol_ref_T18_m60_phi0.250.pkl
sol_ref_T18_m60_phi0.250_B_joint5deg.pkl,18.0,60.0,0.25,impact,1.0623364680402887,0.002,0.0005,0.001,1,rest,,0.01,0.1,8,0.0,hit wall,4.670499999997411,0,0.7565162344595138,0.7565162344595138,0.0,1.163380717306023,,0,0,,,,,,0.0013734881368479557,0.020315612769154112,0.0,3.2,0.17563599825449394,hit wall,4.670499999997411,0,0,0,0,0,0,0,,,,,,,,sol_ref_T18_m60_phi0.250.pkl_B_joint5deg_weak_8_0.0,B_joint5deg,weak,sol_ref_T18_m60_phi0.250.pkl
sol_ref_T18_m60_phi0.250_B_joint5deg.pkl,18.0,60.0,0.25,impact,1.0623364680402887,0.002,0.0005,0.001,1,rest,,0.03,0.2,0,0.0,hit wall,4.634999999997433,0,0.7616861750217189,0.7616861750217189,0.0,1.160040224089456,,0,0,,,,,,0.0015526903009214776,0.02036442399368521,0.0,3.2,0.18355002083325056,hit wall,4.634999999997433,0,0,0,0,0,0,0,,,,,,,,sol_ref_T18_m60_phi0.250.pkl_B_joint5deg_strong_0_0.0,B_joint5deg,strong,sol_ref_T18_m60_phi0.250.pkl
sol_ref_T18_m60_phi0.250_B_joint5deg.pkl,18.0,60.0,0.25,impact,1.0623364680402887,0.002,0.0005,0.001,1,rest,,0.03,0.2,3,0.0,slipped off A,4.866999999997304,0,0.754786556598555,0.754786556598555,0.0,1.2209906199712528,,0,0,,,,,,0.00270548428502404,0.014525141860764958,0.0,3.1,0.21517459837768219,slipped off A,4.866999999997304,0,0,0,0,0,0,0,,,,,,,,sol_ref_T18_m60_phi0.250.pkl_B_joint5deg_strong_3_0.0,B_joint5deg,strong,sol_ref_T18_m60_phi0.250.pkl
sol_ref_T18_m60_phi0.250_B_joint5deg.pkl,18.0,60.0,0.25,impact,1.0623364680402887,0.002,0.0005,0.001,1,rest,,0.01,0.1,7,0.0,hit B's face,6.321999999996496,0,1.0868124897355849,1.0868124897355849,0.0,1.8047334018477175,0.03355268754777974,1,0,5.80999999999678,,,,,0.0008216997053792086,0.0044174734482926425,0.0,4.3,0.048205462598240656,hit B's face,6.321999999996496,0,0,0,0,0,0,0,5.762499999996805,,,,,,,sol_ref_T18_m60_phi0.250.pkl_B_joint5deg_weak_7_0.0,B_joint5deg,weak,sol_ref_T18_m60_phi0.250.pkl
sol_ref_T18_m60_phi0.250_B_joint5deg.pkl,18.0,60.0,0.25,impact,1.0623364680402887,0.002,0.0005,0.001,1,rest,,0.03,0.2,5,0.0,hit wall,4.685499999997404,0,0.7561142959226655,0.7561142959226655,0.0,1.1778778853003469,,0,0,,,,,,0.0020878181018677833,0.02035852737354371,0.0,2.9,0.2671297599564756,hit wall,4.685499999997404,0,0,0,0,0,0,0,,,,,,,,sol_ref_T18_m60_phi0.250.pkl_B_joint5deg_strong_5_0.0,B_joint5deg,strong,sol_ref_T18_m60_phi0.250.pkl
sol_ref_T18_m60_phi0.250_B_joint5deg.pkl,18.0,60.0,0.25,impact,1.0623364680402887,0.002,0.0005,0.001,1,rest,,0.01,0.1,6,0.0,held B,8.290499999995404,1,1.4178510054299989,1.1146541935371623,1.4178510054299989,3.099534100726832,0.025604954377675106,1,1,5.80999999999678,6.289999999996514,-0.02464202747230626,-0.02464202747230626,0.006955873111042711,0.0461296852363387,0.0010116528216503329,0.0,5.4,0.02669525047166771,none,,0,0,1,1,1,1,1,5.75599999999681,6.327999999996493,,,,,,sol_ref_T18_m60_phi0.250.pkl_B_joint5deg_weak_6_0.0,B_joint5deg,weak,sol_ref_T18_m60_phi0.250.pkl
sol_ref_T18_m60_phi0.250_B_joint5deg.pkl,18.0,60.0,0.25,impact,1.0623364680402887,0.002,0.0005,0.001,1,rest,,0.03,0.2,1,0.0,lost hook,6.983999999996129,0,1.9612834560286956,1.0989173780323453,1.9612834560286956,2.7065024339678305,0.029679023401772173,1,1,5.80999999999678,6.285999999996516,-0.024615454212063348,-0.024615454212063348,0.01658082760349293,0.37319805681590174,0.08044912183844177,0.2324228365283525,4.6,0.09981761426012709,lost hook,6.983999999996129,0,0,0,0,0,0,0,5.765999999996804,6.388999999996461,6.40599999999645,6.42249999999644,,,,sol_ref_T18_m60_phi0.250.pkl_B_joint5deg_strong_1_0.0,B_joint5deg,strong,sol_ref_T18_m60_phi0.250.pkl
sol_ref_T18_m60_phi0.250_B_joint5deg.pkl,18.0,60.0,0.25,impact,1.0623364680402887,0.002,0.0005,0.001,1,rest,,0.03,0.2,6,0.0,hit wall,4.664499999997414,0,0.7591341191651132,0.7591341191651132,0.0,1.1738387665345247,,0,0,,,,,,0.0020205873188829937,0.020290059335859145,0.0,3.0,0.2507754287702336,hit wall,4.664499999997414,0,0,0,0,0,0,0,,,,,,,,sol_ref_T18_m60_phi0.250.pkl_B_joint5deg_strong_6_0.0,B_joint5deg,strong,sol_ref_T18_m60_phi0.250.pkl
sol_ref_T18_m60_phi0.250_B_joint5deg.pkl,18.0,60.0,0.25,impact,1.0623364680402887,0.002,0.0005,0.001,1,rest,,0.03,0.2,7,0.0,slipped off A,4.875999999997298,0,0.7558675106653793,0.7558675106653793,0.0,1.2230083839961945,,0,0,,,,,,0.0026723447028416114,0.015513552064734093,0.0,3.1,0.1983023902641012,slipped off A,4.875999999997298,0,0,0,0,0,0,0,,,,,,,,sol_ref_T18_m60_phi0.250.pkl_B_joint5deg_strong_7_0.0,B_joint5deg,strong,sol_ref_T18_m60_phi0.250.pkl
sol_ref_T18_m60_phi0.250_B_joint5deg.pkl,18.0,60.0,0.25,impact,1.0623364680402887,0.002,0.0005,0.001,1,rest,,0.03,0.2,8,0.0,hit wall,4.667499999997414,0,0.7560641659101457,0.7560641659101457,0.0,1.158185069332594,,0,0,,,,,,0.0012276970643363139,0.02004372917573849,0.0,2.9,0.13441831988620467,hit wall,4.667499999997414,0,0,0,0,0,0,0,,,,,,,,sol_ref_T18_m60_phi0.250.pkl_B_joint5deg_strong_8_0.0,B_joint5deg,strong,sol_ref_T18_m60_phi0.250.pkl
sol_ref_T18_m60_phi0.250_B_joint5deg.pkl,18.0,60.0,0.25,impact,1.0623364680402887,0.002,0.0005,0.001,1,rest,,0.03,0.2,9,0.0,slipped off A,4.867499999997303,0,0.7544895869898698,0.7544895869898698,0.0,1.218940703090799,,0,0,,,,,,0.0026013906395301323,0.013389787358916355,0.0,3.1,0.20421730681676786,slipped off A,4.867499999997303,0,0,0,0,0,0,0,,,,,,,,sol_ref_T18_m60_phi0.250.pkl_B_joint5deg_strong_9_0.0,B_joint5deg,strong,sol_ref_T18_m60_phi0.250.pkl
sol_ref_T18_m60_phi0.250_B_all_small.pkl,18.0,60.0,0.25,impact,1.0464948393885682,0.002,0.0005,0.001,1,rest,,0.0,0.0,0,0.0,lost hook,7.566999999995808,0,1.6488516418187797,1.101060190692202,1.6488516418187797,2.8899920545893387,0.027433556911382356,1,1,5.575499999996911,6.04549999999665,-0.024174205069353416,-0.024174205069353416,0.01296949706329826,0.043343192123415364,0.0,0.0008257949306465853,5.1,0.03601866185870667,lost hook,7.566999999995808,0,0,0,0,0,0,0,5.534999999996934,6.084999999996629,7.203999999996007,,,,,sol_ref_T18_m60_phi0.250.pkl_B_all_small_none_0_0.0,B_all_small,none,sol_ref_T18_m60_phi0.250.pkl
sol_ref_T18_m60_phi0.250_B_all_small.pkl,18.0,60.0,0.25,impact,1.0464948393885682,0.002,0.0005,0.001,1,rest,,0.0,0.0,0,-0.003,held B,8.035999999995546,1,1.4674205846231285,1.074085606735168,1.4674205846231285,3.08445348646011,0.026190862866333507,1,1,5.572499999996911,6.035499999996656,-0.024350956245344335,-0.024350956245344335,0.009643247773463726,0.1418746228730012,0.0,0.00998595195018134,5.2,0.03601866185870667,none,,0,0,1,1,1,1,1,5.534999999996934,6.1369999999966005,,,,,,sol_ref_T18_m60_phi0.250.pkl_B_all_small_none_0_-0.003,B_all_small,none,sol_ref_T18_m60_phi0.250.pkl
sol_ref_T18_m60_phi0.250_B_all_small.pkl,18.0,60.0,0.25,impact,1.0464948393885682,0.002,0.0005,0.001,1,rest,,0.0,0.0,0,-0.001,lost hook,7.791999999995685,0,1.6002627342265094,1.0947356676512052,1.6002627342265094,3.0432444354709114,0.027950701282292836,1,1,5.57449999999691,6.040999999996654,-0.024862148469871226,-0.024862148469871226,0.012771659079150458,0.05191088768231045,0.0,0.0017688544596266773,5.1,0.03601866185870667,lost hook,7.791999999995685,0,0,0,0,0,0,0,5.534999999996934,6.083999999996632,7.2169999999960055,,,,,sol_ref_T18_m60_phi0.250.pkl_B_all_small_none_0_-0.001,B_all_small,none,sol_ref_T18_m60_phi0.250.pkl
sol_ref_T18_m60_phi0.250_B_all_small.pkl,18.0,60.0,0.25,impact,1.0464948393885682,0.002,0.0005,0.001,1,rest,,0.01,0.1,4,0.0,slipped off A,4.646999999997426,0,0.7331414709631119,0.7331414709631119,0.0,1.141551673386749,,0,0,,,,,,0.0017601568334286721,0.012823875605764482,0.0,2.9,0.19269501247823198,slipped off A,4.646999999997426,0,0,0,0,0,0,0,,,,,,,,sol_ref_T18_m60_phi0.250.pkl_B_all_small_weak_4_0.0,B_all_small,weak,sol_ref_T18_m60_phi0.250.pkl
sol_ref_T18_m60_phi0.250_B_all_small.pkl,18.0,60.0,0.25,impact,1.0464948393885682,0.002,0.0005,0.001,1,rest,,0.0,0.0,0,0.001,lost hook,7.5389999999958235,0,1.740729010624298,1.1297755496827495,1.740729010624298,2.8955599843788526,0.0284700755141557,1,1,5.5764999999969085,6.047999999996648,-0.02449718294948866,-0.02449718294948866,0.014506316807550088,0.04346150042733343,0.0,0.007382047784019338,5.5,0.03601866185870667,lost hook,7.5389999999958235,0,0,0,0,0,0,0,5.534999999996934,6.047999999996648,7.200999999996011,,,,,sol_ref_T18_m60_phi0.250.pkl_B_all_small_none_0_0.001,B_all_small,none,sol_ref_T18_m60_phi0.250.pkl
sol_ref_T18_m60_phi0.250_B_all_small.pkl,18.0,60.0,0.25,impact,1.0464948393885682,0.002,0.0005,0.001,1,rest,,0.0,0.0,0,0.003,lost hook,7.587499999995799,0,1.733028749491414,1.1612871992446885,1.733028749491414,2.9240360446128295,0.029661007493869483,1,1,5.578499999996907,6.054999999996646,-0.02485145257258914,-0.02485145257258914,0.016191994027411644,0.04286393173632186,0.0,0.020670725268271444,5.1,0.03601866185870667,lost hook,7.587499999995799,0,0,0,0,0,0,0,5.534999999996934,6.054999999996646,6.054999999996646,,,,,sol_ref_T18_m60_phi0.250.pkl_B_all_small_none_0_0.003,B_all_small,none,sol_ref_T18_m60_phi0.250.pkl
sol_ref_T18_m60_phi0.250_B_all_small.pkl,18.0,60.0,0.25,impact,1.0464948393885682,0.002,0.0005,0.001,1,rest,,0.01,0.1,0,0.0,lost hook,7.566999999995808,0,1.6488516418187797,1.101060190692202,1.6488516418187797,2.8899920545893387,0.027433556911382356,1,1,5.575499999996911,6.04549999999665,-0.024174205069353416,-0.024174205069353416,0.01296949706329826,0.043343192123415364,0.0,0.0008257949306465853,4.9,0.03601866185870667,lost hook,7.566999999995808,0,0,0,0,0,0,0,5.534999999996934,6.084999999996629,7.203999999996007,,,,,sol_ref_T18_m60_phi0.250.pkl_B_all_small_weak_0_0.0,B_all_small,weak,sol_ref_T18_m60_phi0.250.pkl
sol_ref_T18_m60_phi0.250_B_all_small.pkl,18.0,60.0,0.25,impact,1.0464948393885682,0.002,0.0005,0.001,1,rest,,0.01,0.1,1,0.0,lost hook,7.553999999995813,0,1.7140664764104054,1.0765728397656504,1.7140664764104054,2.93793923544585,0.02387316077882093,1,1,5.575499999996911,6.053999999996645,-0.023860118762641935,-0.023860118762641935,-0.000789010902368408,0.07085510205553346,0.0028690123633230893,0.014713466859536985,4.9,0.04341810735111973,lost hook,7.553999999995813,0,0,0,0,0,0,0,5.538999999996932,6.085499999996628,6.101499999996619,,,,,sol_ref_T18_m60_phi0.250.pkl_B_all_small_weak_1_0.0,B_all_small,weak,sol_ref_T18_m60_phi0.250.pkl
sol_ref_T18_m60_phi0.250_B_all_small.pkl,18.0,60.0,0.25,impact,1.0464948393885682,0.002,0.0005,0.001,1,rest,,0.01,0.1,2,0.0,lost hook,7.59749999999579,0,1.6475237820640374,1.097255530441728,1.6475237820640374,2.892939592694978,0.03971722255992122,1,1,5.575499999996911,6.033499999996657,-0.024678618245345785,-0.024678618245345785,0.031119504645395642,0.17656274287641993,0.007342879235536774,0.10670939697309414,5.2,0.05719723977070037,lost hook,7.59749999999579,0,0,0,0,0,0,0,5.537999999996931,6.147999999996593,6.188499999996569,,,,,sol_ref_T18_m60_phi0.250.pkl_B_all_small_weak_2_0.0,B_all_small,weak,sol_ref_T18_m60_phi0.250.pkl
sol_ref_T18_m60_phi0.250_B_all_small.pkl,18.0,60.0,0.25,impact,1.0464948393885682,0.002,0.0005,0.001,1,rest,,0.01,0.1,3,0.0,held B,8.036999999995547,1,2.1017094666715446,1.0841565913938043,2.1017094666715446,3.2356873734961127,0.04083050160936376,1,1,5.575499999996911,6.0364999999966535,-0.024921169847731406,-0.024921169847731406,0.03234293052728493,0.34528095165304007,0.01539148826514758,0.28069319948929505,5.3,0.08180097603441949,grip capacity exceeded,6.397999999996454,0,0,0,0,0,1,1,5.560499999996917,6.146499999996593,6.163999999996584,6.182499999996573,6.397999999996454,,,sol_ref_T18_m60_phi0.250.pkl_B_all_small_weak_3_0.0,B_all_small,weak,sol_ref_T18_m60_phi0.250.pkl
sol_ref_T18_m60_phi0.250_B_all_small.pkl,18.0,60.0,0.25,impact,1.0464948393885682,0.002,0.0005,0.001,1,rest,,0.01,0.1,5,0.0,slipped off A,4.661999999997416,0,0.7329552890981464,0.7329552890981464,0.0,1.154392601332054,,0,0,,,,,,0.0018893396713368649,0.017005464594384262,0.0,2.9,0.2157942653652138,slipped off A,4.661999999997416,0,0,0,0,0,0,0,,,,,,,,sol_ref_T18_m60_phi0.250.pkl_B_all_small_weak_5_0.0,B_all_small,weak,sol_ref_T18_m60_phi0.250.pkl
sol_ref_T18_m60_phi0.250_B_all_small.pkl,18.0,60.0,0.25,impact,1.0464948393885682,0.002,0.0005,0.001,1,rest,,0.03,0.2,4,0.0,hit wall,0.2949999999998383,0,0.6007677625645276,0.6007677625645276,0.0,0.07184205927974543,,0,0,,,,,,0.0,0.020034729122665466,0.0,0.2,0.1748510323470508,hit wall,0.2949999999998383,0,0,0,0,0,0,0,,,,,,,,sol_ref_T18_m60_phi0.250.pkl_B_all_small_strong_4_0.0,B_all_small,strong,sol_ref_T18_m60_phi0.250.pkl
sol_ref_T18_m60_phi0.250_B_all_small.pkl,18.0,60.0,0.25,impact,1.0464948393885682,0.002,0.0005,0.001,1,rest,,0.01,0.1,8,0.0,slipped off A,4.6774999999974085,0,0.7311962607223366,0.7311962607223366,0.0,1.141764761589818,,0,0,,,,,,0.0013600276274549628,0.009194840094375413,0.0,2.9,0.14322237250913417,slipped off A,4.6774999999974085,0,0,0,0,0,0,0,,,,,,,,sol_ref_T18_m60_phi0.250.pkl_B_all_small_weak_8_0.0,B_all_small,weak,sol_ref_T18_m60_phi0.250.pkl
sol_ref_T18_m60_phi0.250_B_all_small.pkl,18.0,60.0,0.25,impact,1.0464948393885682,0.002,0.0005,0.001,1,rest,,0.01,0.1,9,0.0,slipped off A,4.679999999997406,0,0.7307726040623344,0.7307726040623344,0.0,1.1392184065440383,,0,0,,,,,,0.0012386756785550124,0.007780085056665952,0.0,2.9,0.12724929852527805,slipped off A,4.679999999997406,0,0,0,0,0,0,0,,,,,,,,sol_ref_T18_m60_phi0.250.pkl_B_all_small_weak_9_0.0,B_all_small,weak,sol_ref_T18_m60_phi0.250.pkl
sol_ref_T18_m60_phi0.250_B_all_small.pkl,18.0,60.0,0.25,impact,1.0464948393885682,0.002,0.0005,0.001,1,rest,,0.03,0.2,0,0.0,slipped off A,4.648499999997423,0,0.7322818403401317,0.7322818403401317,0.0,1.1366864943242982,,0,0,,,,,,0.0015657525865147293,0.010248896679661688,0.0,2.9,0.16820268099837132,slipped off A,4.648499999997423,0,0,0,0,0,0,0,,,,,,,,sol_ref_T18_m60_phi0.250.pkl_B_all_small_strong_0_0.0,B_all_small,strong,sol_ref_T18_m60_phi0.250.pkl
sol_ref_T18_m60_phi0.250_B_all_small.pkl,18.0,60.0,0.25,impact,1.0464948393885682,0.002,0.0005,0.001,1,rest,,0.03,0.2,2,0.0,hit wall,4.4754999999975205,0,0.738231035447805,0.738231035447805,0.0,1.1174693305792835,,0,0,,,,,,0.0025784152691838425,0.02009537114056653,0.0,2.8,0.26476054522178866,hit wall,4.4754999999975205,0,0,0,0,0,0,0,,,,,,,,sol_ref_T18_m60_phi0.250.pkl_B_all_small_strong_2_0.0,B_all_small,strong,sol_ref_T18_m60_phi0.250.pkl
sol_ref_T18_m60_phi0.250_B_all_small.pkl,18.0,60.0,0.25,impact,1.0464948393885682,0.002,0.0005,0.001,1,rest,,0.03,0.2,3,0.0,slipped off A,4.719999999997384,0,0.729422944737837,0.729422944737837,0.0,1.1602390043810697,,0,0,,,,,,0.0014273913377088332,0.018907945178437385,0.0,3.0,0.15064580448641174,slipped off A,4.719999999997384,0,0,0,0,0,0,0,,,,,,,,sol_ref_T18_m60_phi0.250.pkl_B_all_small_strong_3_0.0,B_all_small,strong,sol_ref_T18_m60_phi0.250.pkl
sol_ref_T18_m60_phi0.250_B_all_small.pkl,18.0,60.0,0.25,impact,1.0464948393885682,0.002,0.0005,0.001,1,rest,,0.01,0.1,7,0.0,hit B's face,6.083999999996628,0,1.0645332941348506,1.0645332941348506,0.0,1.7261816942189754,0.03555857759903587,1,0,5.575499999996911,,,,,0.00046892922562974393,0.003495205282183781,0.0,4.5,0.05212248430041555,hit B's face,6.083999999996628,0,0,0,0,0,0,0,5.538999999996932,,,,,,,sol_ref_T18_m60_phi0.250.pkl_B_all_small_weak_7_0.0,B_all_small,weak,sol_ref_T18_m60_phi0.250.pkl
sol_ref_T18_m60_phi0.250_B_all_small.pkl,18.0,60.0,0.25,impact,1.0464948393885682,0.002,0.0005,0.001,1,rest,,0.03,0.2,1,0.0,hit B's face,6.105499999996617,0,1.018591635933625,1.018591635933625,0.0,1.7313923376207023,0.05616724395147939,1,0,5.575499999996911,,,,,0.000980634604289321,0.012499711600379843,0.0,4.1,0.10017997101376985,hit B's face,6.105499999996617,0,0,0,0,0,0,0,5.573999999996911,,,,,,,sol_ref_T18_m60_phi0.250.pkl_B_all_small_strong_1_0.0,B_all_small,strong,sol_ref_T18_m60_phi0.250.pkl
sol_ref_T18_m60_phi0.250_B_all_small.pkl,18.0,60.0,0.25,impact,1.0464948393885682,0.002,0.0005,0.001,1,rest,,0.03,0.2,5,0.0,slipped off A,4.674499999997408,0,0.732041141545835,0.732041141545835,0.0,1.1544722737683104,,0,0,,,,,,0.0019438704703482745,0.01716776675511238,0.0,2.9,0.19835982529334,slipped off A,4.674499999997408,0,0,0,0,0,0,0,,,,,,,,sol_ref_T18_m60_phi0.250.pkl_B_all_small_strong_5_0.0,B_all_small,strong,sol_ref_T18_m60_phi0.250.pkl
sol_ref_T18_m60_phi0.250_B_all_small.pkl,18.0,60.0,0.25,impact,1.0464948393885682,0.002,0.0005,0.001,1,rest,,0.01,0.1,6,0.0,lost hook,7.566999999995808,0,1.6488516418187797,1.101060190692202,1.6488516418187797,2.8899920545893387,0.027433556911382356,1,1,5.575499999996911,6.04549999999665,-0.024174205069353416,-0.024174205069353416,0.01296949706329826,0.043343192123415364,0.0,0.0008257949306465853,5.5,0.03601866185870667,lost hook,7.566999999995808,0,0,0,0,0,0,0,5.534999999996934,6.084999999996629,7.203999999996007,,,,,sol_ref_T18_m60_phi0.250.pkl_B_all_small_weak_6_0.0,B_all_small,weak,sol_ref_T18_m60_phi0.250.pkl
sol_ref_T18_m60_phi0.250_B_all_small.pkl,18.0,60.0,0.25,impact,1.0464948393885682,0.002,0.0005,0.001,1,rest,,0.03,0.2,6,0.0,slipped off A,4.664499999997414,0,0.7326833473102473,0.7326833473102473,0.0,1.1525230494530507,,0,0,,,,,,0.0018527335199811645,0.016023171139622653,0.0,3.1,0.20555637297111365,slipped off A,4.664499999997414,0,0,0,0,0,0,0,,,,,,,,sol_ref_T18_m60_phi0.250.pkl_B_all_small_strong_6_0.0,B_all_small,strong,sol_ref_T18_m60_phi0.250.pkl
sol_ref_T18_m60_phi0.250_B_all_small.pkl,18.0,60.0,0.25,impact,1.0464948393885682,0.002,0.0005,0.001,1,rest,,0.03,0.2,7,0.0,hit wall,4.739999999997373,0,0.7287268131483541,0.7287268131483541,0.0,1.1646211970483593,,0,0,,,,,,0.0016798080095761503,0.02008158426636354,0.0,3.0,0.16204954077629874,hit wall,4.739999999997373,0,0,0,0,0,0,0,,,,,,,,sol_ref_T18_m60_phi0.250.pkl_B_all_small_strong_7_0.0,B_all_small,strong,sol_ref_T18_m60_phi0.250.pkl
sol_ref_T18_m60_phi0.250_B_all_small.pkl,18.0,60.0,0.25,impact,1.0464948393885682,0.002,0.0005,0.001,1,rest,,0.03,0.2,8,0.0,slipped off A,4.677999999997407,0,0.7304169052166578,0.7304169052166578,0.0,1.134721792456483,,0,0,,,,,,0.0011294499575189298,0.005596421804504448,0.0,3.3,0.11294710045193092,slipped off A,4.677999999997407,0,0,0,0,0,0,0,,,,,,,,sol_ref_T18_m60_phi0.250.pkl_B_all_small_strong_8_0.0,B_all_small,strong,sol_ref_T18_m60_phi0.250.pkl
sol_ref_T18_m60_phi0.250_B_all_small.pkl,18.0,60.0,0.25,impact,1.0464948393885682,0.002,0.0005,0.001,1,rest,,0.03,0.2,9,0.0,slipped off A,4.715999999997386,0,0.7295588600728541,0.7295588600728541,0.0,1.1571973731877154,,0,0,,,,,,0.0013911450560704919,0.017269308423903677,0.0,2.9,0.1447439770684648,slipped off A,4.715999999997386,0,0,0,0,0,0,0,,,,,,,,sol_ref_T18_m60_phi0.250.pkl_B_all_small_strong_9_0.0,B_all_small,strong,sol_ref_T18_m60_phi0.250.pkl
sol_ref_T18_m60_phi0.250_B_all_large.pkl,18.0,60.0,0.25,impact,1.1105252943568904,0.002,0.0005,0.001,1,rest,,0.0,0.0,0,0.0,grip capacity exceeded,6.363499999996478,0,2.507836375532641,1.1690526805196153,2.507836375532641,2.0047194916195963,0.02815494230357175,1,1,5.770999999996803,6.2324999999965485,-0.024838717897078144,-0.024838717897078144,0.013256653776380524,0.051222361825322915,0.0,0.0,4.4,0.030403354944421486,grip capacity exceeded,6.3474999999964865,0,0,0,0,0,0,0,5.749999999996813,6.333499999996494,6.338999999996492,6.343999999996488,6.3474999999964865,6.352999999996484,6.362999999996479,sol_ref_T18_m60_phi0.250.pkl_B_all_large_none_0_0.0,B_all_large,none,sol_ref_T18_m60_phi0.250.pkl
sol_ref_T18_m60_phi0.250_B_all_large.pkl,18.0,60.0,0.25,impact,1.1105252943568904,0.002,0.0005,0.001,1,rest,,0.0,0.0,0,-0.003,grip capacity exceeded,6.330999999996493,0,2.5294493602269017,1.1242671274996607,2.5294493602269017,1.8997733984931064,0.025723936348329552,1,1,5.767999999996803,6.228499999996547,-0.0249336127422759,-0.0249336127422759,0.006327389419905105,0.06627102639827165,0.0,0.0,4.2,0.030403354944421486,grip capacity exceeded,6.326999999996495,0,0,0,0,0,0,0,5.749999999996813,6.3194999999964985,6.322499999996495,6.324999999996496,6.326999999996495,6.328999999996494,6.330499999996491,sol_ref_T18_m60_phi0.250.pkl_B_all_large_none_0_-0.003,B_all_large,none,sol_ref_T18_m60_phi0.250.pkl
sol_ref_T18_m60_phi0.250_B_all_large.pkl,18.0,60.0,0.25,impact,1.1105252943568904,0.002,0.0005,0.001,1,rest,,0.0,0.0,0,-0.001,grip capacity exceeded,6.3459999999964865,0,2.5201186491980376,1.1523675495270413,2.5201186491980376,1.9322805898411015,0.027164551382970685,1,1,5.769999999996802,6.230999999996548,-0.024833490132010638,-0.024833490132010638,0.011009569460309733,0.08059545511617655,0.0,0.0,4.7,0.030403354944421486,grip capacity exceeded,6.339499999996491,0,0,0,0,0,0,0,5.749999999996813,6.328999999996498,6.333499999996494,6.336499999996491,6.339499999996491,6.3424999999964875,6.345499999996488,sol_ref_T18_m60_phi0.250.pkl_B_all_large_none_0_-0.001,B_all_large,none,sol_ref_T18_m60_phi0.250.pkl
sol_ref_T18_m60_phi0.250_B_all_large.pkl,18.0,60.0,0.25,impact,1.1105252943568904,0.002,0.0005,0.001,1,rest,,0.0,0.0,0,0.001,grip capacity exceeded,6.3869999999964655,0,2.5028513778120955,1.1788139252324943,2.5028513778120955,2.0983863113684063,0.028310130686591887,1,1,5.771999999996801,6.234999999996546,-0.02429267621840392,-0.02429267621840392,0.01453717240868059,0.04171029036056573,0.0,0.0,4.2,0.030403354944421486,grip capacity exceeded,6.362999999996479,0,0,0,0,0,0,0,5.749999999996813,6.337999999996491,6.346999999996488,6.354999999996483,6.362999999996479,6.372499999996471,6.386499999996463,sol_ref_T18_m60_phi0.250.pkl_B_all_large_none_0_0.001,B_all_large,none,sol_ref_T18_m60_phi0.250.pkl
sol_ref_T18_m60_phi0.250_B_all_large.pkl,18.0,60.0,0.25,impact,1.1105252943568904,0.002,0.0005,0.001,1,rest,,0.01,0.1,1,0.0,grip capacity exceeded,6.3424999999964875,0,2.54612744757319,1.161546965831615,2.54612744757319,1.9209103743399014,0.031541813876782024,1,1,5.770999999996803,6.229999999996551,-0.024875404241642585,-0.024875404241642585,0.01939330519670201,0.09280500687714688,0.0,0.0036830662298691884,4.2,0.03288931043106991,grip capacity exceeded,6.336999999996493,0,0,0,0,0,0,0,5.752499999996811,6.327499999996498,6.331499999996495,6.334499999996492,6.336999999996493,6.339499999996491,6.341999999996489,sol_ref_T18_m60_phi0.250.pkl_B_all_large_weak_1_0.0,B_all_large,weak,sol_ref_T18_m60_phi0.250.pkl
sol_ref_T18_m60_phi0.250_B_all_large.pkl,18.0,60.0,0.25,impact,1.1105252943568904,0.002,0.0005,0.001,1,rest,,0.01,0.1,3,0.0,slipped off A,4.860999999997308,0,0.763616567114415,0.763616567114415,0.0,1.2087658158893784,,0,0,,,,,,0.002001491509905806,0.004610393851862096,0.0,3.0,0.10272036924332474,slipped off A,4.860999999997308,0,0,0,0,0,0,0,,,,,,,,sol_ref_T18_m60_phi0.250.pkl_B_all_large_weak_3_0.0,B_all_large,weak,sol_ref_T18_m60_phi0.250.pkl
sol_ref_T18_m60_phi0.250_B_all_large.pkl,18.0,60.0,0.25,impact,1.1105252943568904,0.002,0.0005,0.001,1,rest,,0.01,0.1,4,0.0,hit wall,4.617499999997442,0,0.7662605478978713,0.7662605478978713,0.0,1.1664474884010028,,0,0,,,,,,0.001638254556712987,0.020047044028869754,0.0,3.2,0.2233282589834894,hit wall,4.617499999997442,0,0,0,0,0,0,0,,,,,,,,sol_ref_T18_m60_phi0.250.pkl_B_all_large_weak_4_0.0,B_all_large,weak,sol_ref_T18_m60_phi0.250.pkl
sol_ref_T18_m60_phi0.250_B_all_large.pkl,18.0,60.0,0.25,impact,1.1105252943568904,0.002,0.0005,0.001,1,rest,,0.01,0.1,2,0.0,grip capacity exceeded,6.3244999999964975,0,2.5212386045267583,1.1981244785504588,2.5212386045267583,1.916033378747479,0.024805752480416308,1,1,5.770999999996803,6.204499999996564,-0.0021326586694914162,-0.0021326586694914162,0.024713905460673813,0.3257163677355528,0.005232173218834459,0.032132658669491415,4.1,0.07115315720099254,grip capacity exceeded,6.318499999996501,0,0,0,0,0,0,0,5.746499999996814,6.309499999996508,6.3129999999965065,6.315499999996504,6.318499999996501,6.321499999996501,6.323999999996499,sol_ref_T18_m60_phi0.250.pkl_B_all_large_weak_2_0.0,B_all_large,weak,sol_ref_T18_m60_phi0.250.pkl
sol_ref_T18_m60_phi0.250_B_all_large.pkl,18.0,60.0,0.25,impact,1.1105252943568904,0.002,0.0005,0.001,1,rest,,0.01,0.1,0,0.0,grip capacity exceeded,6.363499999996478,0,2.507836375532641,1.1690526805196153,2.507836375532641,2.0047194916195963,0.02815494230357175,1,1,5.770999999996803,6.2324999999965485,-0.024838717897078144,-0.024838717897078144,0.013256653776380524,0.051222361825322915,0.0,0.0,4.8,0.030403354944421486,grip capacity exceeded,6.3474999999964865,0,0,0,0,0,0,0,5.749999999996813,6.333499999996494,6.338999999996492,6.343999999996488,6.3474999999964865,6.352999999996484,6.362999999996479,sol_ref_T18_m60_phi0.250.pkl_B_all_large_weak_0_0.0,B_all_large,weak,sol_ref_T18_m60_phi0.250.pkl
sol_ref_T18_m60_phi0.250_B_all_large.pkl,18.0,60.0,0.25,impact,1.1105252943568904,0.002,0.0005,0.001,1,rest,,0.0,0.0,0,0.003,held B,8.239999999995433,1,1.4701326241387733,1.2197033736335445,1.4701326241387733,3.1723597016401657,0.030755370682138235,1,1,5.7739999999968,6.239499999996543,-0.02457994559707455,-0.02457994559707455,0.018485645789113877,0.07404735336850432,0.0,0.003098367978549243,5.2,0.030403354944421486,none,,0,0,1,1,1,1,1,5.749999999996813,6.283999999996517,,,,,,sol_ref_T18_m60_phi0.250.pkl_B_all_large_none_0_0.003,B_all_large,none,sol_ref_T18_m60_phi0.250.pkl
sol_ref_T18_m60_phi0.250_B_all_large.pkl,18.0,60.0,0.25,impact,1.1105252943568904,0.002,0.0005,0.001,1,rest,,0.03,0.2,4,0.0,hit wall,0.3329999999998172,0,0.6360983210104288,0.6360983210104288,0.0,0.07602383002886508,,0,0,,,,,,0.0,0.020013273713820154,0.0,0.2,0.18579268283139172,hit wall,0.3329999999998172,0,0,0,0,0,0,0,,,,,,,,sol_ref_T18_m60_phi0.250.pkl_B_all_large_strong_4_0.0,B_all_large,strong,sol_ref_T18_m60_phi0.250.pkl
sol_ref_T18_m60_phi0.250_B_all_large.pkl,18.0,60.0,0.25,impact,1.1105252943568904,0.002,0.0005,0.001,1,rest,,0.01,0.1,5,0.0,hit wall,4.667999999997413,0,0.7687438373606316,0.7687438373606316,0.0,1.1826502579474067,,0,0,,,,,,0.001814961285242972,0.020158011808469378,0.0,3.0,0.2755430580048662,hit wall,4.667999999997413,0,0,0,0,0,0,0,,,,,,,,sol_ref_T18_m60_phi0.250.pkl_B_all_large_weak_5_0.0,B_all_large,weak,sol_ref_T18_m60_phi0.250.pkl
sol_ref_T18_m60_phi0.250_B_all_large.pkl,18.0,60.0,0.25,impact,1.1105252943568904,0.002,0.0005,0.001,1,rest,,0.01,0.1,8,0.0,hit wall,4.6609999999974185,0,0.7649900059512998,0.7649900059512998,0.0,1.1666698517643042,,0,0,,,,,,0.00132900457418475,0.020007079910002834,0.0,3.0,0.18237643006703508,hit wall,4.6609999999974185,0,0,0,0,0,0,0,,,,,,,,sol_ref_T18_m60_phi0.250.pkl_B_all_large_weak_8_0.0,B_all_large,weak,sol_ref_T18_m60_phi0.250.pkl
sol_ref_T18_m60_phi0.250_B_all_large.pkl,18.0,60.0,0.25,impact,1.1105252943568904,0.002,0.0005,0.001,1,rest,,0.01,0.1,9,0.0,hit wall,4.664499999997414,0,0.7643310273558175,0.7643310273558175,0.0,1.164894797271442,,0,0,,,,,,0.001189964176790237,0.020095879279791562,0.0,3.0,0.16240616723693457,hit wall,4.664499999997414,0,0,0,0,0,0,0,,,,,,,,sol_ref_T18_m60_phi0.250.pkl_B_all_large_weak_9_0.0,B_all_large,weak,sol_ref_T18_m60_phi0.250.pkl
sol_ref_T18_m60_phi0.250_B_all_large.pkl,18.0,60.0,0.25,impact,1.1105252943568904,0.002,0.0005,0.001,1,rest,,0.01,0.1,6,0.0,grip capacity exceeded,6.363499999996478,0,2.507836375532641,1.1690526805196153,2.507836375532641,2.0047194916195963,0.02815494230357175,1,1,5.770999999996803,6.2324999999965485,-0.024838717897078144,-0.024838717897078144,0.013256653776380524,0.051222361825322915,0.0,0.0,4.2,0.030403354944421486,grip capacity exceeded,6.3474999999964865,0,0,0,0,0,0,0,5.749999999996813,6.333499999996494,6.338999999996492,6.343999999996488,6.3474999999964865,6.352999999996484,6.362999999996479,sol_ref_T18_m60_phi0.250.pkl_B_all_large_weak_6_0.0,B_all_large,weak,sol_ref_T18_m60_phi0.250.pkl
sol_ref_T18_m60_phi0.250_B_all_large.pkl,18.0,60.0,0.25,impact,1.1105252943568904,0.002,0.0005,0.001,1,rest,,0.03,0.2,0,0.0,hit wall,4.622499999997437,0,0.7651784474304715,0.7651784474304715,0.0,1.1632570206209298,,0,0,,,,,,0.001505344858518609,0.020046164179115367,0.0,3.1,0.1941645864744156,hit wall,4.622499999997437,0,0,0,0,0,0,0,,,,,,,,sol_ref_T18_m60_phi0.250.pkl_B_all_large_strong_0_0.0,B_all_large,strong,sol_ref_T18_m60_phi0.250.pkl
sol_ref_T18_m60_phi0.250_B_all_large.pkl,18.0,60.0,0.25,impact,1.1105252943568904,0.002,0.0005,0.001,1,rest,,0.03,0.2,2,0.0,hit wall,4.560499999997472,0,0.7698674983938854,0.7698674983938854,0.0,1.1722055564943907,,0,0,,,,,,0.0025193249383865524,0.020382067387390512,0.0,3.0,0.2690035716182787,hit wall,4.560499999997472,0,0,0,0,0,0,0,,,,,,,,sol_ref_T18_m60_phi0.250.pkl_B_all_large_strong_2_0.0,B_all_large,strong,sol_ref_T18_m60_phi0.250.pkl
sol_ref_T18_m60_phi0.250_B_all_large.pkl,18.0,60.0,0.25,impact,1.1105252943568904,0.002,0.0005,0.001,1,rest,,0.03,0.2,3,0.0,slipped off A,4.82099999999733,0,0.766667139807887,0.766667139807887,0.0,1.2173803190674657,,0,0,,,,,,0.002860113427982869,0.010324288678682556,0.0,3.2,0.19987299898298747,slipped off A,4.82099999999733,0,0,0,0,0,0,0,,,,,,,,sol_ref_T18_m60_phi0.250.pkl_B_all_large_strong_3_0.0,B_all_large,strong,sol_ref_T18_m60_phi0.250.pkl
sol_ref_T18_m60_phi0.250_B_all_large.pkl,18.0,60.0,0.25,impact,1.1105252943568904,0.002,0.0005,0.001,1,rest,,0.01,0.1,7,0.0,hit B's face,6.26799999999653,0,1.1380058889350289,1.1380058889350289,0.0,1.7952291666045035,0.02946531117975611,1,0,5.770999999996803,,,,,0.0031273986896839245,0.0005943755794355354,0.0,4.4,0.04915979390649672,hit B's face,6.26799999999653,0,0,0,0,0,0,0,5.755499999996811,,,,,,,sol_ref_T18_m60_phi0.250.pkl_B_all_large_weak_7_0.0,B_all_large,weak,sol_ref_T18_m60_phi0.250.pkl
sol_ref_T18_m60_phi0.250_B_all_large.pkl,18.0,60.0,0.25,impact,1.1105252943568904,0.002,0.0005,0.001,1,rest,,0.03,0.2,5,0.0,hit wall,4.713999999997387,0,0.7681934876253665,0.7681934876253665,0.0,1.192361987183604,,0,0,,,,,,0.0018369651292943212,0.02027757473849029,0.0,3.3,0.26303625166853006,hit wall,4.713999999997387,0,0,0,0,0,0,0,,,,,,,,sol_ref_T18_m60_phi0.250.pkl_B_all_large_strong_5_0.0,B_all_large,strong,sol_ref_T18_m60_phi0.250.pkl
sol_ref_T18_m60_phi0.250_B_all_large.pkl,18.0,60.0,0.25,impact,1.1105252943568904,0.002,0.0005,0.001,1,rest,,0.03,0.2,1,0.0,grip capacity exceeded,6.335999999996492,0,2.56321018573447,1.1347758606154004,2.56321018573447,1.9159507697217055,0.029681939949986347,1,1,5.770999999996803,6.234499999996547,-0.024983738505270026,-0.024983738505270026,0.016025928038490733,0.016690076033615386,0.00682728755646456,0.0,4.3,0.09994966479331573,grip capacity exceeded,6.331999999996494,0,0,0,0,0,0,0,5.75749999999681,6.323999999996499,6.327499999996498,6.329999999996495,6.331999999996494,6.333999999996493,6.335499999996493,sol_ref_T18_m60_phi0.250.pkl_B_all_large_strong_1_0.0,B_all_large,strong,sol_ref_T18_m60_phi0.250.pkl
sol_ref_T18_m60_phi0.250_B_all_large.pkl,18.0,60.0,0.25,impact,1.1105252943568904,0.002,0.0005,0.001,1,rest,,0.03,0.2,6,0.0,hit wall,4.667499999997414,0,0.7681422940393831,0.7681422940393831,0.0,1.1802284348859062,,0,0,,,,,,0.0017888539236251277,0.02015937125078804,0.0,3.0,0.2612754902290174,hit wall,4.667499999997414,0,0,0,0,0,0,0,,,,,,,,sol_ref_T18_m60_phi0.250.pkl_B_all_large_strong_6_0.0,B_all_large,strong,sol_ref_T18_m60_phi0.250.pkl
sol_ref_T18_m60_phi0.250_B_all_large.pkl,18.0,60.0,0.25,impact,1.1105252943568904,0.002,0.0005,0.001,1,rest,,0.03,0.2,7,0.0,slipped off A,4.840499999997316,0,0.7664486847507151,0.7664486847507151,0.0,1.2220941736218511,,0,0,,,,,,0.0028619270637852967,0.013371827637054363,0.0,2.8,0.18608105655466328,slipped off A,4.840499999997316,0,0,0,0,0,0,0,,,,,,,,sol_ref_T18_m60_phi0.250.pkl_B_all_large_strong_7_0.0,B_all_large,strong,sol_ref_T18_m60_phi0.250.pkl
sol_ref_T18_m60_phi0.250_B_all_large.pkl,18.0,60.0,0.25,impact,1.1105252943568904,0.002,0.0005,0.001,1,rest,,0.03,0.2,8,0.0,hit wall,4.648999999997425,0,0.7633920044424881,0.7633920044424881,0.0,1.159748132646543,,0,0,,,,,,0.0011747535024802247,0.020152713843203995,0.0,2.9,0.13701514407184667,hit wall,4.648999999997425,0,0,0,0,0,0,0,,,,,,,,sol_ref_T18_m60_phi0.250.pkl_B_all_large_strong_8_0.0,B_all_large,strong,sol_ref_T18_m60_phi0.250.pkl
sol_ref_T18_m60_phi0.250_B_all_large.pkl,18.0,60.0,0.25,impact,1.1105252943568904,0.002,0.0005,0.001,1,rest,,0.03,0.2,9,0.0,slipped off A,4.82099999999733,0,0.7663009867374472,0.7663009867374472,0.0,1.2148253445234116,,0,0,,,,,,0.0028342921036885738,0.00905913693667263,0.0,3.1,0.19064337115356905,slipped off A,4.82099999999733,0,0,0,0,0,0,0,,,,,,,,sol_ref_T18_m60_phi0.250.pkl_B_all_large_strong_9_0.0,B_all_large,strong,sol_ref_T18_m60_phi0.250.pkl
sol_ref_T18_m66_phi0.250_B_joint2deg.pkl,18.0,66.0,0.25,impact,1.1541734664245529,0.002,0.0005,0.001,1,rest,,0.01,0.1,2,0.0,slipped off A,4.815499999997332,0,0.8275198840704397,0.8275198840704397,0.0,1.4179081313361344,,0,0,,,,,,0.0013122072444109456,0.0037066974128471784,0.0,2.7,0.06476696877122728,slipped off A,4.815499999997332,0,0,0,0,0,0,0,,,,,,,,sol_ref_T18_m66_phi0.250.pkl_B_joint2deg_weak_2_0.0,B_joint2deg,weak,sol_ref_T18_m66_phi0.250.pkl
sol_ref_T18_m66_phi0.250_B_joint2deg.pkl,18.0,66.0,0.25,impact,1.1541734664245529,0.002,0.0005,0.001,1,rest,,0.0,0.0,0,-0.001,held B,8.190999999995462,1,1.482868666908042,1.2042413279267197,1.482868666908042,3.660329086247672,0.02548707275925847,1,1,5.717499999996832,6.190499999996568,-0.024132079777738014,-0.024132079777738014,0.008199609956371296,0.06420763510684174,0.0018255563394597232,0.0,5.2,0.03971488026432141,none,,0,0,1,1,1,1,1,5.275999999997076,6.229999999996547,,,,,,sol_ref_T18_m66_phi0.250.pkl_B_joint2deg_none_0_-0.001,B_joint2deg,none,sol_ref_T18_m66_phi0.250.pkl
sol_ref_T18_m66_phi0.250_B_joint2deg.pkl,18.0,66.0,0.25,impact,1.1541734664245529,0.002,0.0005,0.001,1,rest,,0.0,0.0,0,0.0,held B,8.193499999995463,1,1.496024417006981,1.2222331933549542,1.496024417006981,3.6603199942611653,0.025867173343879845,1,1,5.71849999999683,6.1929999999965695,-0.024352034643224663,-0.024352034643224663,0.008722904650259218,0.06066418988147629,0.0018255563394597232,0.0,5.7,0.03971488026432141,none,,0,0,1,1,1,1,1,5.275999999997076,6.23199999999655,,,,,,sol_ref_T18_m66_phi0.250.pkl_B_joint2deg_none_0_0.0,B_joint2deg,none,sol_ref_T18_m66_phi0.250.pkl
sol_ref_T18_m66_phi0.250_B_joint2deg.pkl,18.0,66.0,0.25,impact,1.1541734664245529,0.002,0.0005,0.001,1,rest,,0.01,0.1,3,0.0,slipped off A,4.804999999997339,0,0.8281136848117168,0.8281136848117168,0.0,1.4198384862597055,,0,0,,,,,,0.0014150894626547839,0.007236528331404254,0.0,3.0,0.0917671371892407,slipped off A,4.804999999997339,0,0,0,0,0,0,0,,,,,,,,sol_ref_T18_m66_phi0.250.pkl_B_joint2deg_weak_3_0.0,B_joint2deg,weak,sol_ref_T18_m66_phi0.250.pkl
sol_ref_T18_m66_phi0.250_B_joint2deg.pkl,18.0,66.0,0.25,impact,1.1541734664245529,0.002,0.0005,0.001,1,rest,,0.0,0.0,0,0.001,held B,8.195499999995462,1,1.5014891803442285,1.2299799618149048,1.5014891803442285,3.657953453867224,0.02607777662668111,1,1,5.719499999996831,6.194999999996568,-0.024453048877560946,-0.024453048877560946,0.009060840710590323,0.06020418747171108,0.0018255563394597232,0.0,5.2,0.03971488026432141,none,,0,0,0,1,1,1,1,5.275999999997076,6.194999999996568,6.257999999996535,,,,,sol_ref_T18_m66_phi0.250.pkl_B_joint2deg_none_0_0.001,B_joint2deg,none,sol_ref_T18_m66_phi0.250.pkl
sol_ref_T18_m66_phi0.250_B_joint2deg.pkl,18.0,66.0,0.25,impact,1.1541734664245529,0.002,0.0005,0.001,1,rest,,0.0,0.0,0,-0.003,held B,8.186499999995462,1,1.485158055773164,1.1809995029802591,1.485158055773164,3.6561093580882926,0.02618923298753275,1,1,5.715499999996833,6.185999999996572,-0.02493939701985992,-0.02493939701985992,0.007993897720203556,0.08540077901739937,0.0018255563394597232,0.0,5.7,0.03971488026432141,none,,0,0,1,1,1,1,1,5.275999999997076,6.230499999996546,,,,,,sol_ref_T18_m66_phi0.250.pkl_B_joint2deg_none_0_-0.003,B_joint2deg,none,sol_ref_T18_m66_phi0.250.pkl
sol_ref_T18_m66_phi0.250_B_joint2deg.pkl,18.0,66.0,0.25,impact,1.1541734664245529,0.002,0.0005,0.001,1,rest,,0.01,0.1,4,0.0,hit wall,4.500499999997505,0,0.8311612189738647,0.8311612189738647,0.0,1.365604628885216,,0,0,,,,,,0.0015092540645983699,0.020037725128515815,0.0,3.0,0.13446627781057507,hit wall,4.500499999997505,0,0,0,0,0,0,0,,,,,,,,sol_ref_T18_m66_phi0.250.pkl_B_joint2deg_weak_4_0.0,B_joint2deg,weak,sol_ref_T18_m66_phi0.250.pkl
sol_ref_T18_m66_phi0.250_B_joint2deg.pkl,18.0,66.0,0.25,impact,1.1541734664245529,0.002,0.0005,0.001,1,rest,,0.0,0.0,0,0.003,held B,8.200999999995457,1,1.5691792172380161,1.2637796038016542,1.5691792172380161,3.656911436890471,0.02636477464336739,1,1,5.72149999999683,6.200499999996563,-0.024674298340553236,-0.024674298340553236,0.00928872130042236,0.04952634698025096,0.0018255563394597232,0.0,5.3,0.03971488026432141,none,,0,0,0,1,1,1,1,5.275999999997076,5.71999999999683,6.249999999996536,,,,,sol_ref_T18_m66_phi0.250.pkl_B_joint2deg_none_0_0.003,B_joint2deg,none,sol_ref_T18_m66_phi0.250.pkl
sol_ref_T18_m66_phi0.250_B_joint2deg.pkl,18.0,66.0,0.25,impact,1.1541734664245529,0.002,0.0005,0.001,1,rest,,0.01,0.1,1,0.0,held B,8.20649999999545,1,1.801451847427537,1.1919436983715381,1.801451847427537,3.6861482544003867,0.02499247992077673,1,1,5.71849999999683,6.2059999999965605,-0.024787116720883073,-0.024787116720883073,0.0031973265794639867,0.06349685662263194,0.0076640984537436375,0.0,5.3,0.044364058145509366,none,,0,0,0,0,1,1,1,5.289999999997068,6.237999999996543,6.2454999999965395,6.257499999996533,,,,sol_ref_T18_m66_phi0.250.pkl_B_joint2deg_weak_1_0.0,B_joint2deg,weak,sol_ref_T18_m66_phi0.250.pkl
sol_ref_T18_m66_phi0.250_B_joint2deg.pkl,18.0,66.0,0.25,impact,1.1541734664245529,0.002,0.0005,0.001,1,rest,,0.01,0.1,0,0.0,held B,8.193499999995463,1,1.496024417006981,1.2222331933549542,1.496024417006981,3.6603199942611653,0.025867173343879845,1,1,5.71849999999683,6.1929999999965695,-0.024352034643224663,-0.024352034643224663,0.008722904650259218,0.06066418988147629,0.0018255563394597232,0.0,5.4,0.03971488026432141,none,,0,0,1,1,1,1,1,5.275999999997076,6.23199999999655,,,,,,sol_ref_T18_m66_phi0.250.pkl_B_joint2deg_weak_0_0.0,B_joint2deg,weak,sol_ref_T18_m66_phi0.250.pkl
sol_ref_T18_m66_phi0.250_B_joint2deg.pkl,18.0,66.0,0.25,impact,1.1541734664245529,0.002,0.0005,0.001,1,rest,,0.03,0.2,4,0.0,hit wall,0.31999999999982265,0,0.6798519234274265,0.6798519234274265,0.0,0.09089009881337282,,0,0,,,,,,0.0,0.020030323324741063,0.0,0.2,0.18235644482651525,hit wall,0.31999999999982265,0,0,0,0,0,0,0,,,,,,,,sol_ref_T18_m66_phi0.250.pkl_B_joint2deg_strong_4_0.0,B_joint2deg,strong,sol_ref_T18_m66_phi0.250.pkl
sol_ref_T18_m66_phi0.250_B_joint2deg.pkl,18.0,66.0,0.25,impact,1.1541734664245529,0.002,0.0005,0.001,1,rest,,0.01,0.1,5,0.0,slipped off A,4.748499999997367,0,0.8329551337211979,0.8329551337211979,0.0,1.4360502212095143,,0,0,,,,,,0.0017136334137418663,0.01793554401029083,0.0,2.7,0.261189469972026,slipped off A,4.748499999997367,0,0,0,0,0,0,0,,,,,,,,sol_ref_T18_m66_phi0.250.pkl_B_joint2deg_weak_5_0.0,B_joint2deg,weak,sol_ref_T18_m66_phi0.250.pkl
sol_ref_T18_m66_phi0.250_B_joint2deg.pkl,18.0,66.0,0.25,impact,1.1541734664245529,0.002,0.0005,0.001,1,rest,,0.03,0.2,2,0.0,hit wall,2.358499999998692,0,0.6697651117552975,0.6697651117552975,0.0,0.6115624548734239,,0,0,,,,,,0.0023422245847945777,0.02000183134001825,0.0,1.6,0.19677544270634018,hit wall,2.358499999998692,0,0,0,0,0,0,0,,,,,,,,sol_ref_T18_m66_phi0.250.pkl_B_joint2deg_strong_2_0.0,B_joint2deg,strong,sol_ref_T18_m66_phi0.250.pkl
sol_ref_T18_m66_phi0.250_B_joint2deg.pkl,18.0,66.0,0.25,impact,1.1541734664245529,0.002,0.0005,0.001,1,rest,,0.01,0.1,9,0.0,hit wall,4.597499999997453,0,0.8288810944533638,0.8288810944533638,0.0,1.3742088318270145,,0,0,,,,,,0.0011155320780113775,0.02005550852163096,0.0,2.9,0.12657209420420545,hit wall,4.597499999997453,0,0,0,0,0,0,0,,,,,,,,sol_ref_T18_m66_phi0.250.pkl_B_joint2deg_weak_9_0.0,B_joint2deg,weak,sol_ref_T18_m66_phi0.250.pkl
sol_ref_T18_m66_phi0.250_B_joint2deg.pkl,18.0,66.0,0.25,impact,1.1541734664245529,0.002,0.0005,0.001,1,rest,,0.03,0.2,0,0.0,hit wall,4.498999999997508,0,0.8300222473758259,0.8300222473758259,0.0,1.3612078969301995,,0,0,,,,,,0.0013417775431311396,0.020113696723966956,0.0,3.0,0.11952724753722188,hit wall,4.498999999997508,0,0,0,0,0,0,0,,,,,,,,sol_ref_T18_m66_phi0.250.pkl_B_joint2deg_strong_0_0.0,B_joint2deg,strong,sol_ref_T18_m66_phi0.250.pkl
sol_ref_T18_m66_phi0.250_B_joint2deg.pkl,18.0,66.0,0.25,impact,1.1541734664245529,0.002,0.0005,0.001,1,rest,,0.01,0.1,8,0.0,hit wall,4.611499999997445,0,0.829507202043574,0.829507202043574,0.0,1.3790923784368816,,0,0,,,,,,0.0012299849042399502,0.02001014577107757,0.0,3.1,0.1539799953589922,hit wall,4.611499999997445,0,0,0,0,0,0,0,,,,,,,,sol_ref_T18_m66_phi0.250.pkl_B_joint2deg_weak_8_0.0,B_joint2deg,weak,sol_ref_T18_m66_phi0.250.pkl
sol_ref_T18_m66_phi0.250_B_joint2deg.pkl,18.0,66.0,0.25,impact,1.1541734664245529,0.002,0.0005,0.001,1,rest,,0.03,0.2,3,0.0,slipped off A,4.777499999997353,0,0.8304452966220609,0.8304452966220609,0.0,1.4280954687457923,,0,0,,,,,,0.0016870406174578356,0.014882048117091779,0.0,3.0,0.17430583735788308,slipped off A,4.777499999997353,0,0,0,0,0,0,0,,,,,,,,sol_ref_T18_m66_phi0.250.pkl_B_joint2deg_strong_3_0.0,B_joint2deg,strong,sol_ref_T18_m66_phi0.250.pkl
sol_ref_T18_m66_phi0.250_B_joint2deg.pkl,18.0,66.0,0.25,impact,1.1541734664245529,0.002,0.0005,0.001,1,rest,,0.03,0.2,5,0.0,slipped off A,4.758999999997364,0,0.8322911544603281,0.8322911544603281,0.0,1.4345980294324487,,0,0,,,,,,0.0017435562978835306,0.01693497098928453,0.0,3.0,0.23892117994632436,slipped off A,4.758999999997364,0,0,0,0,0,0,0,,,,,,,,sol_ref_T18_m66_phi0.250.pkl_B_joint2deg_strong_5_0.0,B_joint2deg,strong,sol_ref_T18_m66_phi0.250.pkl
sol_ref_T18_m66_phi0.250_B_joint2deg.pkl,18.0,66.0,0.25,impact,1.1541734664245529,0.002,0.0005,0.001,1,rest,,0.01,0.1,7,0.0,hit B's face,6.247499999996538,0,1.1651096600626718,1.1651096600626718,0.0,2.121218893561145,0.04288980759434755,1,0,5.71849999999683,,,,,0.000896958072055587,0.009643287157747343,0.0,4.4,0.05665989975709301,hit B's face,6.247499999996538,0,0,0,0,0,0,0,5.293999999997066,,,,,,,sol_ref_T18_m66_phi0.250.pkl_B_joint2deg_weak_7_0.0,B_joint2deg,weak,sol_ref_T18_m66_phi0.250.pkl
sol_ref_T18_m66_phi0.250_B_joint2deg.pkl,18.0,66.0,0.25,impact,1.1541734664245529,0.002,0.0005,0.001,1,rest,,0.03,0.2,6,0.0,slipped off A,4.752499999997365,0,0.8324059675244602,0.8324059675244602,0.0,1.4340705467277317,,0,0,,,,,,0.001683226281337713,0.01688294088454282,0.0,2.7,0.2473216564564949,slipped off A,4.752499999997365,0,0,0,0,0,0,0,,,,,,,,sol_ref_T18_m66_phi0.250.pkl_B_joint2deg_strong_6_0.0,B_joint2deg,strong,sol_ref_T18_m66_phi0.250.pkl
sol_ref_T18_m66_phi0.250_B_joint2deg.pkl,18.0,66.0,0.25,impact,1.1541734664245529,0.002,0.0005,0.001,1,rest,,0.03,0.2,1,0.0,hit B's face,6.271499999996525,0,1.1279905929288647,1.1279905929288647,0.0,2.1332874221059313,0.050844923911510485,1,0,5.71849999999683,,,,,0.0012796476955210245,0.01997686210293649,0.0,4.4,0.122295950617743,hit B's face,6.271499999996525,0,0,0,0,0,0,0,5.66899999999686,,,,,,,sol_ref_T18_m66_phi0.250.pkl_B_joint2deg_strong_1_0.0,B_joint2deg,strong,sol_ref_T18_m66_phi0.250.pkl
sol_ref_T18_m66_phi0.250_B_joint2deg.pkl,18.0,66.0,0.25,impact,1.1541734664245529,0.002,0.0005,0.001,1,rest,,0.03,0.2,7,0.0,slipped off A,4.803499999997339,0,0.8301704352703935,0.8301704352703935,0.0,1.4340531978141886,,0,0,,,,,,0.001798054215243039,0.01467871625659313,0.0,3.1,0.1603463731915399,slipped off A,4.803499999997339,0,0,0,0,0,0,0,,,,,,,,sol_ref_T18_m66_phi0.250.pkl_B_joint2deg_strong_7_0.0,B_joint2deg,strong,sol_ref_T18_m66_phi0.250.pkl
sol_ref_T18_m66_phi0.250_B_joint2deg.pkl,18.0,66.0,0.25,impact,1.1541734664245529,0.002,0.0005,0.001,1,rest,,0.01,0.1,6,0.0,held B,8.193499999995463,1,1.496024417006981,1.2222331933549542,1.496024417006981,3.6603199942611653,0.025867173343879845,1,1,5.71849999999683,6.1929999999965695,-0.024352034643224663,-0.024352034643224663,0.008722904650259218,0.06066418988147629,0.0018255563394597232,0.0,5.5,0.03971488026432141,none,,0,0,1,1,1,1,1,5.275999999997076,6.23199999999655,,,,,,sol_ref_T18_m66_phi0.250.pkl_B_joint2deg_weak_6_0.0,B_joint2deg,weak,sol_ref_T18_m66_phi0.250.pkl
sol_ref_T18_m66_phi0.250_B_joint2deg.pkl,18.0,66.0,0.25,impact,1.1541734664245529,0.002,0.0005,0.001,1,rest,,0.03,0.2,9,0.0,slipped off A,4.776499999997352,0,0.8302357315323812,0.8302357315323812,0.0,1.4257012273085383,,0,0,,,,,,0.0016510700970153724,0.012452874415137542,0.0,3.0,0.16748656832574274,slipped off A,4.776499999997352,0,0,0,0,0,0,0,,,,,,,,sol_ref_T18_m66_phi0.250.pkl_B_joint2deg_strong_9_0.0,B_joint2deg,strong,sol_ref_T18_m66_phi0.250.pkl
sol_ref_T18_m66_phi0.250_B_joint2deg.pkl,18.0,66.0,0.25,impact,1.1541734664245529,0.002,0.0005,0.001,1,rest,,0.03,0.2,8,0.0,hit wall,4.516499999997496,0,0.8281132689705034,0.8281132689705034,0.0,1.3580160772721177,,0,0,,,,,,0.001118012449645267,0.020103338448468067,0.0,3.4,0.08458984611691367,hit wall,4.516499999997496,0,0,0,0,0,0,0,,,,,,,,sol_ref_T18_m66_phi0.250.pkl_B_joint2deg_strong_8_0.0,B_joint2deg,strong,sol_ref_T18_m66_phi0.250.pkl
sol_ref_T18_m66_phi0.250_B_joint5deg.pkl,18.0,66.0,0.25,impact,1.1820172887464442,0.002,0.0005,0.001,1,rest,,0.0,0.0,0,-0.003,grip capacity exceeded,6.3654999999964765,0,2.5021405459127615,1.222938916202527,2.5021405459127615,2.4608884239085738,0.025150582608260724,1,1,5.736999999996822,6.209499999996563,-0.024583259072226138,-0.024583259072226138,0.005311796204934646,0.04163894211326147,0.001339802867381449,0.0,4.3,0.03726731646117658,grip capacity exceeded,6.3424999999964875,0,0,0,0,0,0,0,5.3019999999970615,6.314999999996505,6.325499999996499,6.333999999996493,6.3424999999964875,6.351499999996484,6.364999999996478,sol_ref_T18_m66_phi0.250.pkl_B_joint5deg_none_0_-0.003,B_joint5deg,none,sol_ref_T18_m66_phi0.250.pkl
sol_ref_T18_m66_phi0.250_B_joint5deg.pkl,18.0,66.0,0.25,impact,1.1820172887464442,0.002,0.0005,0.001,1,rest,,0.01,0.1,2,0.0,slipped off A,4.832499999997321,0,0.8197024410938795,0.8197024410938795,0.0,1.440705439784179,,0,0,,,,,,0.0019543798770145226,0.003926759293319062,0.0,3.0,0.06680328431581603,slipped off A,4.832499999997321,0,0,0,0,0,0,0,,,,,,,,sol_ref_T18_m66_phi0.250.pkl_B_joint5deg_weak_2_0.0,B_joint5deg,weak,sol_ref_T18_m66_phi0.250.pkl
sol_ref_T18_m66_phi0.250_B_joint5deg.pkl,18.0,66.0,0.25,impact,1.1820172887464442,0.002,0.0005,0.001,1,rest,,0.0,0.0,0,0.0,held B,8.215999999995447,1,1.5520415713107027,1.2509693000797077,1.5520415713107027,3.704705154907085,0.02602892092990868,1,1,5.739999999996819,6.215499999996556,-0.024853717772874262,-0.024853717772874262,0.007732880294027063,0.059553902456064706,0.001339802867381449,0.0,5.2,0.03726731646117658,none,,0,0,0,1,1,1,1,5.3019999999970615,5.73949999999682,6.267999999996526,,,,,sol_ref_T18_m66_phi0.250.pkl_B_joint5deg_none_0_0.0,B_joint5deg,none,sol_ref_T18_m66_phi0.250.pkl
sol_ref_T18_m66_phi0.250_B_joint5deg.pkl,18.0,66.0,0.25,impact,1.1820172887464442,0.002,0.0005,0.001,1,rest,,0.01,0.1,3,0.0,slipped off A,4.819999999997329,0,0.8202256065172584,0.8202256065172584,0.0,1.4424225271522761,,0,0,,,,,,0.0020955525369850125,0.007774973491345441,0.0,2.7,0.09530386809345806,slipped off A,4.819999999997329,0,0,0,0,0,0,0,,,,,,,,sol_ref_T18_m66_phi0.250.pkl_B_joint5deg_weak_3_0.0,B_joint5deg,weak,sol_ref_T18_m66_phi0.250.pkl
sol_ref_T18_m66_phi0.250_B_joint5deg.pkl,18.0,66.0,0.25,impact,1.1820172887464442,0.002,0.0005,0.001,1,rest,,0.0,0.0,0,0.001,held B,8.21899999999545,1,1.528175166224206,1.2729911858324592,1.528175166224206,3.720407990791489,0.025297480280723438,1,1,5.74099999999682,6.218499999996556,-0.0242352993664654,-0.0242352993664654,0.007253466286637927,0.06270505548649857,0.001339802867381449,0.0,5.2,0.03726731646117658,none,,0,0,0,1,1,1,1,5.3019999999970615,5.73949999999682,6.274499999996525,,,,,sol_ref_T18_m66_phi0.250.pkl_B_joint5deg_none_0_0.001,B_joint5deg,none,sol_ref_T18_m66_phi0.250.pkl
sol_ref_T18_m66_phi0.250_B_joint5deg.pkl,18.0,66.0,0.25,impact,1.1820172887464442,0.002,0.0005,0.001,1,rest,,0.01,0.1,4,0.0,hit wall,4.5674999999974695,0,0.8230136029978653,0.8230136029978653,0.0,1.3951357189752027,,0,0,,,,,,0.001655886508372978,0.020197873014333678,0.0,3.1,0.1767941160325731,hit wall,4.5674999999974695,0,0,0,0,0,0,0,,,,,,,,sol_ref_T18_m66_phi0.250.pkl_B_joint5deg_weak_4_0.0,B_joint5deg,weak,sol_ref_T18_m66_phi0.250.pkl
sol_ref_T18_m66_phi0.250_B_joint5deg.pkl,18.0,66.0,0.25,impact,1.1820172887464442,0.002,0.0005,0.001,1,rest,,0.0,0.0,0,0.003,held B,8.224999999995447,1,1.6003766831248636,1.3019965960955542,1.6003766831248636,3.699033279583161,0.025001484795772463,1,1,5.742999999996819,6.224499999996553,-0.024040426681581017,-0.024040426681581017,0.006865284186453551,0.058575217990518014,0.001339802867381449,0.0,5.2,0.03726731646117658,none,,0,0,0,1,1,1,1,5.3019999999970615,5.73949999999682,6.272499999996526,,,,,sol_ref_T18_m66_phi0.250.pkl_B_joint5deg_none_0_0.003,B_joint5deg,none,sol_ref_T18_m66_phi0.250.pkl
sol_ref_T18_m66_phi0.250_B_joint5deg.pkl,18.0,66.0,0.25,impact,1.1820172887464442,0.002,0.0005,0.001,1,rest,,0.0,0.0,0,-0.001,held B,8.213999999995451,1,1.6545252650045226,1.2438299443852399,1.6545252650045226,3.8013435442809853,0.025652847125600103,1,1,5.738999999996821,6.213499999996561,-0.02468134071570649,-0.02468134071570649,0.006992852502707208,0.06685136101563738,0.001339802867381449,0.050846877768566674,5.6,0.03726731646117658,none,,0,0,0,1,1,1,1,5.3019999999970615,6.260999999996535,6.3244999999964975,,,,,sol_ref_T18_m66_phi0.250.pkl_B_joint5deg_none_0_-0.001,B_joint5deg,none,sol_ref_T18_m66_phi0.250.pkl
sol_ref_T18_m66_phi0.250_B_joint5deg.pkl,18.0,66.0,0.25,impact,1.1820172887464442,0.002,0.0005,0.001,1,rest,,0.01,0.1,0,0.0,held B,8.215999999995447,1,1.5520415713107027,1.2509693000797077,1.5520415713107027,3.704705154907085,0.02602892092990868,1,1,5.739999999996819,6.215499999996556,-0.024853717772874262,-0.024853717772874262,0.007732880294027063,0.059553902456064706,0.001339802867381449,0.0,5.4,0.03726731646117658,none,,0,0,0,1,1,1,1,5.3019999999970615,5.73949999999682,6.267999999996526,,,,,sol_ref_T18_m66_phi0.250.pkl_B_joint5deg_weak_0_0.0,B_joint5deg,weak,sol_ref_T18_m66_phi0.250.pkl
sol_ref_T18_m66_phi0.250_B_joint5deg.pkl,18.0,66.0,0.25,impact,1.1820172887464442,0.002,0.0005,0.001,1,rest,,0.01,0.1,1,0.0,held B,8.222999999995444,1,1.6452733224179494,1.2327035328227915,1.6452733224179494,3.7624266614720914,0.02496629859838315,1,1,5.739999999996819,6.2224999999965505,-0.02410704376319428,-0.02410704376319428,0.006493574262535558,0.4356418979687709,0.0055858700383094075,0.0,5.2,0.03505331066703077,none,,0,0,0,1,1,1,1,5.311999999997056,6.2224999999965505,6.300499999996507,,,,,sol_ref_T18_m66_phi0.250.pkl_B_joint5deg_weak_1_0.0,B_joint5deg,weak,sol_ref_T18_m66_phi0.250.pkl
sol_ref_T18_m66_phi0.250_B_joint5deg.pkl,18.0,66.0,0.25,impact,1.1820172887464442,0.002,0.0005,0.001,1,rest,,0.03,0.2,4,0.0,hit wall,0.32899999999981944,0,0.6860050312942324,0.6860050312942324,0.0,0.09202349240672189,,0,0,,,,,,0.0,0.020036258557470574,0.0,0.2,0.18421387447363924,hit wall,0.32899999999981944,0,0,0,0,0,0,0,,,,,,,,sol_ref_T18_m66_phi0.250.pkl_B_joint5deg_strong_4_0.0,B_joint5deg,strong,sol_ref_T18_m66_phi0.250.pkl
sol_ref_T18_m66_phi0.250_B_joint5deg.pkl,18.0,66.0,0.25,impact,1.1820172887464442,0.002,0.0005,0.001,1,rest,,0.03,0.2,2,0.0,hit wall,2.380999999998682,0,0.6763441221568001,0.6763441221568001,0.0,0.6201135388014992,,0,0,,,,,,0.0026084695834834026,0.02003532409770309,0.0,1.5,0.1963889853587928,hit wall,2.380999999998682,0,0,0,0,0,0,0,,,,,,,,sol_ref_T18_m66_phi0.250.pkl_B_joint5deg_strong_2_0.0,B_joint5deg,strong,sol_ref_T18_m66_phi0.250.pkl
sol_ref_T18_m66_phi0.250_B_joint5deg.pkl,18.0,66.0,0.25,impact,1.1820172887464442,0.002,0.0005,0.001,1,rest,,0.01,0.1,5,0.0,hit wall,4.681499999997406,0,0.8244408451224711,0.8244408451224711,0.0,1.4295109320929482,,0,0,,,,,,0.0018226781298426864,0.020124359189444108,0.0,3.0,0.26306490017992945,hit wall,4.681499999997406,0,0,0,0,0,0,0,,,,,,,,sol_ref_T18_m66_phi0.250.pkl_B_joint5deg_weak_5_0.0,B_joint5deg,weak,sol_ref_T18_m66_phi0.250.pkl
sol_ref_T18_m66_phi0.250_B_joint5deg.pkl,18.0,66.0,0.25,impact,1.1820172887464442,0.002,0.0005,0.001,1,rest,,0.01,0.1,8,0.0,hit wall,4.648499999997423,0,0.8215524326351582,0.8215524326351582,0.0,1.4023674164694209,,0,0,,,,,,0.0013158536928236098,0.020075246970337524,0.0,2.6,0.16562910716773965,hit wall,4.648499999997423,0,0,0,0,0,0,0,,,,,,,,sol_ref_T18_m66_phi0.250.pkl_B_joint5deg_weak_8_0.0,B_joint5deg,weak,sol_ref_T18_m66_phi0.250.pkl
sol_ref_T18_m66_phi0.250_B_joint5deg.pkl,18.0,66.0,0.25,impact,1.1820172887464442,0.002,0.0005,0.001,1,rest,,0.03,0.2,0,0.0,hit wall,4.571499999997467,0,0.8220571345752845,0.8220571345752845,0.0,1.3913852942846994,,0,0,,,,,,0.0014510297255755922,0.020120106022506357,0.0,2.8,0.15683690997621746,hit wall,4.571499999997467,0,0,0,0,0,0,0,,,,,,,,sol_ref_T18_m66_phi0.250.pkl_B_joint5deg_strong_0_0.0,B_joint5deg,strong,sol_ref_T18_m66_phi0.250.pkl
sol_ref_T18_m66_phi0.250_B_joint5deg.pkl,18.0,66.0,0.25,impact,1.1820172887464442,0.002,0.0005,0.001,1,rest,,0.01,0.1,9,0.0,hit wall,4.646999999997426,0,0.8210304808325023,0.8210304808325023,0.0,1.3991466726472894,,0,0,,,,,,0.001186923958011843,0.020011835167205727,0.0,3.0,0.147903197214725,hit wall,4.646999999997426,0,0,0,0,0,0,0,,,,,,,,sol_ref_T18_m66_phi0.250.pkl_B_joint5deg_weak_9_0.0,B_joint5deg,weak,sol_ref_T18_m66_phi0.250.pkl
sol_ref_T18_m66_phi0.250_B_joint5deg.pkl,18.0,66.0,0.25,impact,1.1820172887464442,0.002,0.0005,0.001,1,rest,,0.03,0.2,3,0.0,slipped off A,4.786999999997349,0,0.8222449606446933,0.8222449606446933,0.0,1.4491897999904808,,0,0,,,,,,0.0021761135257087894,0.01512698083298605,0.0,3.2,0.1779594059507983,slipped off A,4.786999999997349,0,0,0,0,0,0,0,,,,,,,,sol_ref_T18_m66_phi0.250.pkl_B_joint5deg_strong_3_0.0,B_joint5deg,strong,sol_ref_T18_m66_phi0.250.pkl
sol_ref_T18_m66_phi0.250_B_joint5deg.pkl,18.0,66.0,0.25,impact,1.1820172887464442,0.002,0.0005,0.001,1,rest,,0.01,0.1,6,0.0,held B,8.215999999995447,1,1.5520415713107027,1.2509693000797077,1.5520415713107027,3.704705154907085,0.02602892092990868,1,1,5.739999999996819,6.215499999996556,-0.024853717772874262,-0.024853717772874262,0.007732880294027063,0.059553902456064706,0.001339802867381449,0.0,5.2,0.03726731646117658,none,,0,0,0,1,1,1,1,5.3019999999970615,5.73949999999682,6.267999999996526,,,,,sol_ref_T18_m66_phi0.250.pkl_B_joint5deg_weak_6_0.0,B_joint5deg,weak,sol_ref_T18_m66_phi0.250.pkl
sol_ref_T18_m66_phi0.250_B_joint5deg.pkl,18.0,66.0,0.25,impact,1.1820172887464442,0.002,0.0005,0.001,1,rest,,0.01,0.1,7,0.0,hit B's face,6.261499999996531,0,1.2050068644156589,1.2050068644156589,0.0,2.1426078687298995,0.04143139038689639,1,0,5.739999999996819,,,,,0.0014960912894601552,0.007184994398075871,0.0,5.0,0.04764978165258982,hit B's face,6.261499999996531,0,0,0,0,0,0,0,5.315999999997054,,,,,,,sol_ref_T18_m66_phi0.250.pkl_B_joint5deg_weak_7_0.0,B_joint5deg,weak,sol_ref_T18_m66_phi0.250.pkl
sol_ref_T18_m66_phi0.250_B_joint5deg.pkl,18.0,66.0,0.25,impact,1.1820172887464442,0.002,0.0005,0.001,1,rest,,0.03,0.2,5,0.0,slipped off A,4.759499999997363,0,0.8238588008729408,0.8238588008729408,0.0,1.452675985717284,,0,0,,,,,,0.001865178964253117,0.01667404738591279,0.0,3.0,0.24820547026481926,slipped off A,4.759499999997363,0,0,0,0,0,0,0,,,,,,,,sol_ref_T18_m66_phi0.250.pkl_B_joint5deg_strong_5_0.0,B_joint5deg,strong,sol_ref_T18_m66_phi0.250.pkl
sol_ref_T18_m66_phi0.250_B_joint5deg.pkl,18.0,66.0,0.25,impact,1.1820172887464442,0.002,0.0005,0.001,1,rest,,0.03,0.2,8,0.0,hit wall,4.614499999997442,0,0.8204053544708176,0.8204053544708176,0.0,1.3900002469173323,,0,0,,,,,,0.0012001037751435961,0.020140592494080067,0.0,2.6,0.12183430980234489,hit wall,4.614499999997442,0,0,0,0,0,0,0,,,,,,,,sol_ref_T18_m66_phi0.250.pkl_B_joint5deg_strong_8_0.0,B_joint5deg,strong,sol_ref_T18_m66_phi0.250.pkl
sol_ref_T18_m66_phi0.250_B_joint5deg.pkl,18.0,66.0,0.25,impact,1.1820172887464442,0.002,0.0005,0.001,1,rest,,0.03,0.2,6,0.0,hit wall,4.67699999999741,0,0.8239768166089873,0.8239768166089873,0.0,1.4250366030843418,,0,0,,,,,,0.0018193106885178723,0.02001939822172466,0.0,2.9,0.24913476534069234,hit wall,4.67699999999741,0,0,0,0,0,0,0,,,,,,,,sol_ref_T18_m66_phi0.250.pkl_B_joint5deg_strong_6_0.0,B_joint5deg,strong,sol_ref_T18_m66_phi0.250.pkl
sol_ref_T18_m66_phi0.250_B_joint5deg.pkl,18.0,66.0,0.25,impact,1.1820172887464442,0.002,0.0005,0.001,1,rest,,0.03,0.2,1,0.0,hit B's face,6.273499999996524,0,1.1769585338022237,1.1769585338022237,0.0,2.154912633383107,0.038727894299265896,1,0,5.739999999996819,,,,,0.0019628742455497505,0.01735831132430553,0.0,4.7,0.10582271501292687,hit B's face,6.273499999996524,0,0,0,0,0,0,0,5.689499999996848,,,,,,,sol_ref_T18_m66_phi0.250.pkl_B_joint5deg_strong_1_0.0,B_joint5deg,strong,sol_ref_T18_m66_phi0.250.pkl
sol_ref_T18_m66_phi0.250_B_joint5deg.pkl,18.0,66.0,0.25,impact,1.1820172887464442,0.002,0.0005,0.001,1,rest,,0.03,0.2,7,0.0,slipped off A,4.822999999997329,0,0.8219236091200811,0.8219236091200811,0.0,1.4584807035842025,,0,0,,,,,,0.0022533096400756403,0.01574794552520284,0.0,3.1,0.1687285019492765,slipped off A,4.822999999997329,0,0,0,0,0,0,0,,,,,,,,sol_ref_T18_m66_phi0.250.pkl_B_joint5deg_strong_7_0.0,B_joint5deg,strong,sol_ref_T18_m66_phi0.250.pkl
sol_ref_T18_m66_phi0.250_B_joint5deg.pkl,18.0,66.0,0.25,impact,1.1820172887464442,0.002,0.0005,0.001,1,rest,,0.03,0.2,9,0.0,slipped off A,4.78499999999735,0,0.8220854975733705,0.8220854975733705,0.0,1.4464088637568004,,0,0,,,,,,0.0020533436356293677,0.011835286025366244,0.0,3.0,0.17033663227419296,slipped off A,4.78499999999735,0,0,0,0,0,0,0,,,,,,,,sol_ref_T18_m66_phi0.250.pkl_B_joint5deg_strong_9_0.0,B_joint5deg,strong,sol_ref_T18_m66_phi0.250.pkl
sol_ref_T18_m66_phi0.250_B_all_small.pkl,18.0,66.0,0.25,impact,1.1784544693466028,0.002,0.0005,0.001,1,rest,,0.01,0.1,3,0.0,slipped off A,4.824499999997325,0,0.81434580725232,0.81434580725232,0.0,1.4344948292814557,,0,0,,,,,,0.0008392710748246768,0.005795891016403761,0.0,3.1,0.09552918424565732,slipped off A,4.824499999997325,0,0,0,0,0,0,0,,,,,,,,sol_ref_T18_m66_phi0.250.pkl_B_all_small_weak_3_0.0,B_all_small,weak,sol_ref_T18_m66_phi0.250.pkl
sol_ref_T18_m66_phi0.250_B_all_small.pkl,18.0,66.0,0.25,impact,1.1784544693466028,0.002,0.0005,0.001,1,rest,,0.0,0.0,0,-0.003,grip capacity exceeded,6.346999999996488,0,2.503633694753125,1.2055641990138735,2.503633694753125,2.384634483650387,0.024720819882928922,1,1,5.741499999996819,6.206999999996562,-0.024268018789144197,-0.024268018789144197,0.004709798268923867,0.020704468249593155,0.0,0.0,4.5,0.03640751036736388,grip capacity exceeded,6.3294999999964965,0,0,0,0,0,0,0,5.3019999999970615,6.309999999996506,6.316999999996504,6.3234999999965,6.3294999999964965,6.335999999996492,6.346499999996485,sol_ref_T18_m66_phi0.250.pkl_B_all_small_none_0_-0.003,B_all_small,none,sol_ref_T18_m66_phi0.250.pkl
sol_ref_T18_m66_phi0.250_B_all_small.pkl,18.0,66.0,0.25,impact,1.1784544693466028,0.002,0.0005,0.001,1,rest,,0.0,0.0,0,0.0,held B,8.211499999995453,1,1.6607275375630388,1.2508476960030248,1.6607275375630388,3.7473744609339525,0.026260104438894934,1,1,5.744499999996815,6.2109999999965595,-0.024595973110336455,-0.024595973110336455,0.009199521286310252,0.21794179796055976,0.0,0.0,5.6,0.03640751036736388,none,,0,0,0,1,1,1,1,5.3019999999970615,5.7439999999968165,6.3204999999965,,,,,sol_ref_T18_m66_phi0.250.pkl_B_all_small_none_0_0.0,B_all_small,none,sol_ref_T18_m66_phi0.250.pkl
sol_ref_T18_m66_phi0.250_B_all_small.pkl,18.0,66.0,0.25,impact,1.1784544693466028,0.002,0.0005,0.001,1,rest,,0.01,0.1,4,0.0,hit wall,4.519499999997496,0,0.8183761617258294,0.8183761617258294,0.0,1.3743189611532307,,0,0,,,,,,0.0016691148451083437,0.020226416956053817,0.0,2.8,0.14078405613891215,hit wall,4.519499999997496,0,0,0,0,0,0,0,,,,,,,,sol_ref_T18_m66_phi0.250.pkl_B_all_small_weak_4_0.0,B_all_small,weak,sol_ref_T18_m66_phi0.250.pkl
sol_ref_T18_m66_phi0.250_B_all_small.pkl,18.0,66.0,0.25,impact,1.1784544693466028,0.002,0.0005,0.001,1,rest,,0.01,0.1,1,0.0,lost hook,6.487999999996404,0,1.8330653475268854,1.2239269077151773,1.8330653475268854,2.7144158403035354,0.025449297572805236,1,1,5.744499999996815,6.223499999996552,-0.024209652995551334,-0.024209652995551334,0.007845982971188688,0.011059377322005737,0.006007269371816497,0.010322011051722944,4.3,0.04661800814385921,lost hook,6.487999999996404,0,0,0,0,0,0,0,5.311999999997056,6.223499999996552,6.223499999996552,6.3409999999964874,,,,sol_ref_T18_m66_phi0.250.pkl_B_all_small_weak_1_0.0,B_all_small,weak,sol_ref_T18_m66_phi0.250.pkl
sol_ref_T18_m66_phi0.250_B_all_small.pkl,18.0,66.0,0.25,impact,1.1784544693466028,0.002,0.0005,0.001,1,rest,,0.0,0.0,0,-0.001,held B,8.209499999995455,1,2.473620897226334,1.230804126575422,2.473620897226334,4.017632540809399,0.026229595731457816,1,1,5.743499999996818,6.208999999996561,-0.024862610122614814,-0.024862610122614814,0.00835717117968523,0.15979091542042895,0.050490081048911506,0.3905790073141888,5.2,0.03640751036736388,grip capacity exceeded,6.347999999996485,0,0,0,0,0,0,1,5.3019999999970615,6.305999999996509,6.322499999996499,6.334499999996492,6.347999999996485,6.611999999996339,,sol_ref_T18_m66_phi0.250.pkl_B_all_small_none_0_-0.001,B_all_small,none,sol_ref_T18_m66_phi0.250.pkl
sol_ref_T18_m66_phi0.250_B_all_small.pkl,18.0,66.0,0.25,impact,1.1784544693466028,0.002,0.0005,0.001,1,rest,,0.0,0.0,0,0.003,held B,8.216499999995445,1,1.6433217942637255,1.2943367425373267,1.6433217942637255,3.7252518545764537,0.027076095244388716,1,1,5.7474999999968155,6.215999999996555,-0.024424211069611346,-0.024424211069611346,0.011686438606790516,0.054744433059008446,0.0,0.0038429800116256546,5.2,0.03640751036736388,none,,0,0,0,1,1,1,1,5.3019999999970615,5.7439999999968165,6.2764999999965205,,,,,sol_ref_T18_m66_phi0.250.pkl_B_all_small_none_0_0.003,B_all_small,none,sol_ref_T18_m66_phi0.250.pkl
sol_ref_T18_m66_phi0.250_B_all_small.pkl,18.0,66.0,0.25,impact,1.1784544693466028,0.002,0.0005,0.001,1,rest,,0.0,0.0,0,0.001,held B,8.212499999995448,1,1.578963470209049,1.2593936169975577,1.578963470209049,3.731559259442677,0.027054314981579522,1,1,5.745499999996817,6.211999999996557,-0.024876512617233892,-0.024876512617233892,0.01063461701835666,0.04630114830683926,0.0,0.0016094946551930243,5.5,0.03640751036736388,none,,0,0,0,1,1,1,1,5.3019999999970615,5.7439999999968165,6.26499999999653,,,,,sol_ref_T18_m66_phi0.250.pkl_B_all_small_none_0_0.001,B_all_small,none,sol_ref_T18_m66_phi0.250.pkl
sol_ref_T18_m66_phi0.250_B_all_small.pkl,18.0,66.0,0.25,impact,1.1784544693466028,0.002,0.0005,0.001,1,rest,,0.01,0.1,0,0.0,held B,8.211499999995453,1,1.6607275375630388,1.2508476960030248,1.6607275375630388,3.7473744609339525,0.026260104438894934,1,1,5.744499999996815,6.2109999999965595,-0.024595973110336455,-0.024595973110336455,0.009199521286310252,0.21794179796055976,0.0,0.0,5.2,0.03640751036736388,none,,0,0,0,1,1,1,1,5.3019999999970615,5.7439999999968165,6.3204999999965,,,,,sol_ref_T18_m66_phi0.250.pkl_B_all_small_weak_0_0.0,B_all_small,weak,sol_ref_T18_m66_phi0.250.pkl
sol_ref_T18_m66_phi0.250_B_all_small.pkl,18.0,66.0,0.25,impact,1.1784544693466028,0.002,0.0005,0.001,1,rest,,0.01,0.1,2,0.0,grip capacity exceeded,6.343999999996484,0,2.5123581125409036,1.26274946395976,2.5123581125409036,2.363419232952621,0.0533331978924465,1,1,5.744499999996815,6.20449999999656,-0.019194235235071133,-0.019194235235071133,0.04975953507796886,0.09836258335480486,0.00798317883883079,0.041240055243541,4.9,0.06686559018928252,grip capacity exceeded,6.328499999996492,0,0,0,0,0,0,0,5.309999999997057,5.7439999999968165,6.314999999996502,6.321999999996496,6.328499999996492,6.33549999999649,6.343499999996485,sol_ref_T18_m66_phi0.250.pkl_B_all_small_weak_2_0.0,B_all_small,weak,sol_ref_T18_m66_phi0.250.pkl
sol_ref_T18_m66_phi0.250_B_all_small.pkl,18.0,66.0,0.25,impact,1.1784544693466028,0.002,0.0005,0.001,1,rest,,0.03,0.2,4,0.0,hit wall,0.3584999999998004,0,0.6813912627319489,0.6813912627319489,0.0,0.09923355582716076,,0,0,,,,,,0.0,0.020019436508136815,0.0,0.2,0.19430875895955746,hit wall,0.3584999999998004,0,0,0,0,0,0,0,,,,,,,,sol_ref_T18_m66_phi0.250.pkl_B_all_small_strong_4_0.0,B_all_small,strong,sol_ref_T18_m66_phi0.250.pkl
sol_ref_T18_m66_phi0.250_B_all_small.pkl,18.0,66.0,0.25,impact,1.1784544693466028,0.002,0.0005,0.001,1,rest,,0.01,0.1,5,0.0,hit wall,4.666499999997413,0,0.8199669153255261,0.8199669153255261,0.0,1.414236388614435,,0,0,,,,,,0.0018594827619945187,0.020076652066561673,0.0,3.0,0.2543254067553014,hit wall,4.666499999997413,0,0,0,0,0,0,0,,,,,,,,sol_ref_T18_m66_phi0.250.pkl_B_all_small_weak_5_0.0,B_all_small,weak,sol_ref_T18_m66_phi0.250.pkl
sol_ref_T18_m66_phi0.250_B_all_small.pkl,18.0,66.0,0.25,impact,1.1784544693466028,0.002,0.0005,0.001,1,rest,,0.03,0.2,2,0.0,hit wall,2.4149999999986633,0,0.6716375526615076,0.6716375526615076,0.0,0.6243534443028139,,0,0,,,,,,0.0026025919973369505,0.02000014344943957,0.0,1.8,0.19608459394692535,hit wall,2.4149999999986633,0,0,0,0,0,0,0,,,,,,,,sol_ref_T18_m66_phi0.250.pkl_B_all_small_strong_2_0.0,B_all_small,strong,sol_ref_T18_m66_phi0.250.pkl
sol_ref_T18_m66_phi0.250_B_all_small.pkl,18.0,66.0,0.25,impact,1.1784544693466028,0.002,0.0005,0.001,1,rest,,0.01,0.1,8,0.0,hit wall,4.593999999997454,0,0.8163671655220037,0.8163671655220037,0.0,1.3821350527296719,,0,0,,,,,,0.0013310693909674431,0.02002678775888106,0.0,3.0,0.14055757111053313,hit wall,4.593999999997454,0,0,0,0,0,0,0,,,,,,,,sol_ref_T18_m66_phi0.250.pkl_B_all_small_weak_8_0.0,B_all_small,weak,sol_ref_T18_m66_phi0.250.pkl
sol_ref_T18_m66_phi0.250_B_all_small.pkl,18.0,66.0,0.25,impact,1.1784544693466028,0.002,0.0005,0.001,1,rest,,0.01,0.1,9,0.0,hit wall,4.585999999997458,0,0.8156959252542287,0.8156959252542287,0.0,1.3783823375201492,,0,0,,,,,,0.0011992442810211945,0.020017508112639026,0.0,2.9,0.11808395883513212,hit wall,4.585999999997458,0,0,0,0,0,0,0,,,,,,,,sol_ref_T18_m66_phi0.250.pkl_B_all_small_weak_9_0.0,B_all_small,weak,sol_ref_T18_m66_phi0.250.pkl
sol_ref_T18_m66_phi0.250_B_all_small.pkl,18.0,66.0,0.25,impact,1.1784544693466028,0.002,0.0005,0.001,1,rest,,0.03,0.2,0,0.0,hit wall,4.519999999997495,0,0.8171454785370587,0.8171454785370587,0.0,1.3704490721790876,,0,0,,,,,,0.0014423525282313276,0.02004558765998743,0.0,3.1,0.12483383628597272,hit wall,4.519999999997495,0,0,0,0,0,0,0,,,,,,,,sol_ref_T18_m66_phi0.250.pkl_B_all_small_strong_0_0.0,B_all_small,strong,sol_ref_T18_m66_phi0.250.pkl
sol_ref_T18_m66_phi0.250_B_all_small.pkl,18.0,66.0,0.25,impact,1.1784544693466028,0.002,0.0005,0.001,1,rest,,0.03,0.2,3,0.0,slipped off A,4.792499999997343,0,0.8166924942663172,0.8166924942663172,0.0,1.4410430362593727,,0,0,,,,,,0.0016458864676747176,0.013314679033964806,0.0,3.1,0.18105813721337388,slipped off A,4.792499999997343,0,0,0,0,0,0,0,,,,,,,,sol_ref_T18_m66_phi0.250.pkl_B_all_small_strong_3_0.0,B_all_small,strong,sol_ref_T18_m66_phi0.250.pkl
sol_ref_T18_m66_phi0.250_B_all_small.pkl,18.0,66.0,0.25,impact,1.1784544693466028,0.002,0.0005,0.001,1,rest,,0.01,0.1,7,0.0,hit B's face,6.262999999996531,0,1.1983017757667203,1.1983017757667203,0.0,2.132838423314119,0.03961078964872476,1,0,5.744499999996815,,,,,0.0010838834806665004,0.007989188694054777,0.0,4.4,0.0587603312894301,hit B's face,6.262999999996531,0,0,0,0,0,0,0,5.315999999997054,,,,,,,sol_ref_T18_m66_phi0.250.pkl_B_all_small_weak_7_0.0,B_all_small,weak,sol_ref_T18_m66_phi0.250.pkl
sol_ref_T18_m66_phi0.250_B_all_small.pkl,18.0,66.0,0.25,impact,1.1784544693466028,0.002,0.0005,0.001,1,rest,,0.03,0.2,5,0.0,slipped off A,4.768499999997356,0,0.8191317637576867,0.8191317637576867,0.0,1.4457234020626297,,0,0,,,,,,0.0018937029367843972,0.015202083311554364,0.0,3.1,0.24925091989853854,slipped off A,4.768499999997356,0,0,0,0,0,0,0,,,,,,,,sol_ref_T18_m66_phi0.250.pkl_B_all_small_strong_5_0.0,B_all_small,strong,sol_ref_T18_m66_phi0.250.pkl
sol_ref_T18_m66_phi0.250_B_all_small.pkl,18.0,66.0,0.25,impact,1.1784544693466028,0.002,0.0005,0.001,1,rest,,0.01,0.1,6,0.0,held B,8.211499999995453,1,1.6607275375630388,1.2508476960030248,1.6607275375630388,3.7473744609339525,0.026260104438894934,1,1,5.744499999996815,6.2109999999965595,-0.024595973110336455,-0.024595973110336455,0.009199521286310252,0.21794179796055976,0.0,0.0,5.3,0.03640751036736388,none,,0,0,0,1,1,1,1,5.3019999999970615,5.7439999999968165,6.3204999999965,,,,,sol_ref_T18_m66_phi0.250.pkl_B_all_small_weak_6_0.0,B_all_small,weak,sol_ref_T18_m66_phi0.250.pkl
sol_ref_T18_m66_phi0.250_B_all_small.pkl,18.0,66.0,0.25,impact,1.1784544693466028,0.002,0.0005,0.001,1,rest,,0.03,0.2,1,0.0,hit B's face,6.283499999996518,0,1.1642883854430663,1.1642883854430663,0.0,2.1457977269077873,0.04245513060635114,1,0,5.744499999996815,,,,,0.0013085682514911712,0.01878574087278788,0.0,4.4,0.12749480021468595,hit B's face,6.283499999996518,0,0,0,0,0,0,0,5.700999999996842,,,,,,,sol_ref_T18_m66_phi0.250.pkl_B_all_small_strong_1_0.0,B_all_small,strong,sol_ref_T18_m66_phi0.250.pkl
sol_ref_T18_m66_phi0.250_B_all_small.pkl,18.0,66.0,0.25,impact,1.1784544693466028,0.002,0.0005,0.001,1,rest,,0.03,0.2,6,0.0,hit wall,4.658499999997417,0,0.8193921904527679,0.8193921904527679,0.0,1.4091994923887707,,0,0,,,,,,0.0018522908247758652,0.020064007031754705,0.0,3.0,0.23622589742922362,hit wall,4.658499999997417,0,0,0,0,0,0,0,,,,,,,,sol_ref_T18_m66_phi0.250.pkl_B_all_small_strong_6_0.0,B_all_small,strong,sol_ref_T18_m66_phi0.250.pkl
sol_ref_T18_m66_phi0.250_B_all_small.pkl,18.0,66.0,0.25,impact,1.1784544693466028,0.002,0.0005,0.001,1,rest,,0.03,0.2,8,0.0,hit wall,4.539999999997484,0,0.8149354689640509,0.8149354689640509,0.0,1.3677147781651107,,0,0,,,,,,0.001197637060787654,0.020041398959841528,0.0,2.9,0.08935862263187899,hit wall,4.539999999997484,0,0,0,0,0,0,0,,,,,,,,sol_ref_T18_m66_phi0.250.pkl_B_all_small_strong_8_0.0,B_all_small,strong,sol_ref_T18_m66_phi0.250.pkl
sol_ref_T18_m66_phi0.250_B_all_small.pkl,18.0,66.0,0.25,impact,1.1784544693466028,0.002,0.0005,0.001,1,rest,,0.03,0.2,9,0.0,slipped off A,4.791499999997345,0,0.816554198921627,0.816554198921627,0.0,1.438755132664493,,0,0,,,,,,0.0015180657130660635,0.010933194079402738,0.0,3.0,0.17320513433457344,slipped off A,4.791499999997345,0,0,0,0,0,0,0,,,,,,,,sol_ref_T18_m66_phi0.250.pkl_B_all_small_strong_9_0.0,B_all_small,strong,sol_ref_T18_m66_phi0.250.pkl
sol_ref_T18_m66_phi0.250_B_all_small.pkl,18.0,66.0,0.25,impact,1.1784544693466028,0.002,0.0005,0.001,1,rest,,0.03,0.2,7,0.0,hit wall,4.85399999999731,0,0.8160093152836122,0.8160093152836122,0.0,1.4602730461818523,,0,0,,,,,,0.0017778087479553006,0.020087284422334883,0.0,3.7,0.18570649763960995,hit wall,4.85399999999731,0,0,0,0,0,0,0,,,,,,,,sol_ref_T18_m66_phi0.250.pkl_B_all_small_strong_7_0.0,B_all_small,strong,sol_ref_T18_m66_phi0.250.pkl
sol_ref_T18_m66_phi0.250_B_all_large.pkl,18.0,66.0,0.25,impact,1.3048187575091006,0.002,0.0005,0.001,1,rest,,0.0,0.0,0,0.0,hit B's face,6.330999999996493,0,1.2889813207014629,1.2889813207014629,0.0,2.2370231720116953,0.02398022184626574,1,0,5.81149999999678,,,,,0.002752195119527401,0.001256835707770687,0.0,4.5,0.04184724881622896,hit B's face,6.330999999996493,0,0,0,0,0,0,0,5.3399999999970404,5.806999999996783,,,,,,sol_ref_T18_m66_phi0.250.pkl_B_all_large_none_0_0.0,B_all_large,none,sol_ref_T18_m66_phi0.250.pkl
sol_ref_T18_m66_phi0.250_B_all_large.pkl,18.0,66.0,0.25,impact,1.3048187575091006,0.002,0.0005,0.001,1,rest,,0.0,0.0,0,-0.003,hit B's face,6.374999999996469,0,1.2616276412547685,1.2616276412547685,0.0,2.2456997256275963,0.029881231569370736,1,0,5.80849999999678,,,,,0.008476698689868112,0.0005938468232074001,0.0,4.4,0.04184724881622896,hit B's face,6.374999999996469,0,0,0,0,0,0,0,5.3399999999970404,5.806999999996783,,,,,,sol_ref_T18_m66_phi0.250.pkl_B_all_large_none_0_-0.003,B_all_large,none,sol_ref_T18_m66_phi0.250.pkl
sol_ref_T18_m66_phi0.250_B_all_large.pkl,18.0,66.0,0.25,impact,1.3048187575091006,0.002,0.0005,0.001,1,rest,,0.0,0.0,0,-0.001,hit B's face,6.339499999996487,0,1.2803530528155647,1.2803530528155647,0.0,2.238397220177727,0.03291650398704551,1,0,5.810499999996779,,,,,0.002752195119527401,0.00011463529743860335,0.0,4.5,0.04184724881622896,hit B's face,6.339499999996487,0,0,0,0,0,0,0,5.3399999999970404,5.806999999996783,,,,,,sol_ref_T18_m66_phi0.250.pkl_B_all_large_none_0_-0.001,B_all_large,none,sol_ref_T18_m66_phi0.250.pkl
sol_ref_T18_m66_phi0.250_B_all_large.pkl,18.0,66.0,0.25,impact,1.3048187575091006,0.002,0.0005,0.001,1,rest,,0.0,0.0,0,0.001,hit B's face,6.362999999996475,0,1.3043322562826456,1.3043322562826456,0.0,2.2473727861181056,0.028143241860594092,1,0,5.812499999996778,,,,,0.002752195119527401,4.714235574354575e-05,0.0,4.5,0.04184724881622896,hit B's face,6.362999999996475,0,0,0,0,0,0,0,5.3399999999970404,5.806999999996783,,,,,,sol_ref_T18_m66_phi0.250.pkl_B_all_large_none_0_0.001,B_all_large,none,sol_ref_T18_m66_phi0.250.pkl
sol_ref_T18_m66_phi0.250_B_all_large.pkl,18.0,66.0,0.25,impact,1.3048187575091006,0.002,0.0005,0.001,1,rest,,0.01,0.1,0,0.0,hit B's face,6.330999999996493,0,1.2889813207014629,1.2889813207014629,0.0,2.2370231720116953,0.02398022184626574,1,0,5.81149999999678,,,,,0.002752195119527401,0.001256835707770687,0.0,4.3,0.04184724881622896,hit B's face,6.330999999996493,0,0,0,0,0,0,0,5.3399999999970404,5.806999999996783,,,,,,sol_ref_T18_m66_phi0.250.pkl_B_all_large_weak_0_0.0,B_all_large,weak,sol_ref_T18_m66_phi0.250.pkl
sol_ref_T18_m66_phi0.250_B_all_large.pkl,18.0,66.0,0.25,impact,1.3048187575091006,0.002,0.0005,0.001,1,rest,,0.01,0.1,4,0.0,hit wall,4.605499999997448,0,0.8892000641420922,0.8892000641420922,0.0,1.4493655135531636,,0,0,,,,,,0.0027417865839308164,0.02008552745181441,0.0,3.4,0.22017514452821285,hit wall,4.605499999997448,0,0,0,0,0,0,0,,,,,,,,sol_ref_T18_m66_phi0.250.pkl_B_all_large_weak_4_0.0,B_all_large,weak,sol_ref_T18_m66_phi0.250.pkl
sol_ref_T18_m66_phi0.250_B_all_large.pkl,18.0,66.0,0.25,impact,1.3048187575091006,0.002,0.0005,0.001,1,rest,,0.0,0.0,0,0.003,grip capacity exceeded,7.474499999995857,0,2.552773977705822,1.3264948728163948,2.552773977705822,3.355032862290104,0.02407265611447345,1,1,5.814499999996777,6.310499999996502,-0.02406803865117757,-0.02406803865117757,0.00047147416802894855,0.03022305153953166,0.0,0.0,4.8,0.04184724881622896,grip capacity exceeded,7.46999999999586,0,0,0,0,0,0,0,5.3399999999970404,5.806999999996783,6.349999999996481,7.467999999995861,7.46999999999586,7.471999999995859,7.473999999995858,sol_ref_T18_m66_phi0.250.pkl_B_all_large_none_0_0.003,B_all_large,none,sol_ref_T18_m66_phi0.250.pkl
sol_ref_T18_m66_phi0.250_B_all_large.pkl,18.0,66.0,0.25,impact,1.3048187575091006,0.002,0.0005,0.001,1,rest,,0.01,0.1,1,0.0,hit B's face,6.373999999996467,0,1.2783558127884196,1.2783558127884196,0.0,2.253314997772151,0.027257209098759973,1,0,5.81149999999678,,,,,0.007212405730185889,0.000581679010981927,0.0,4.4,0.03289340758096365,hit B's face,6.373999999996467,0,0,0,0,0,0,0,5.345999999997037,5.80849999999678,,,,,,sol_ref_T18_m66_phi0.250.pkl_B_all_large_weak_1_0.0,B_all_large,weak,sol_ref_T18_m66_phi0.250.pkl
sol_ref_T18_m66_phi0.250_B_all_large.pkl,18.0,66.0,0.25,impact,1.3048187575091006,0.002,0.0005,0.001,1,rest,,0.01,0.1,3,0.0,hit B's face,6.241499999996542,0,1.3153719411961888,1.3153719411961888,0.0,2.2849593046603123,0.13841442220622607,1,0,5.81149999999678,,,,,0.04758606263619303,0.012290089659842459,0.0,4.1,0.10730484156221243,hit B's face,6.241499999996542,0,0,0,0,0,0,0,5.351999999997034,5.8049999999967845,,,,,,sol_ref_T18_m66_phi0.250.pkl_B_all_large_weak_3_0.0,B_all_large,weak,sol_ref_T18_m66_phi0.250.pkl
sol_ref_T18_m66_phi0.250_B_all_large.pkl,18.0,66.0,0.25,impact,1.3048187575091006,0.002,0.0005,0.001,1,rest,,0.01,0.1,2,0.0,grip capacity exceeded,6.38799999999646,0,2.508793671167663,1.3151358857678863,2.508793671167663,2.359794424326359,0.02446408263663946,1,1,5.81149999999678,6.295499999996512,0.004476669199768413,0.004476669199768413,0.04145965780786364,0.12030288124530933,0.006760720225086031,0.01782747239687608,4.7,0.07420321665558241,grip capacity exceeded,6.381499999996464,0,0,0,0,0,0,0,5.345999999997037,5.8049999999967845,6.3734999999964685,6.377499999996466,6.381499999996464,6.384499999996461,6.387499999996461,sol_ref_T18_m66_phi0.250.pkl_B_all_large_weak_2_0.0,B_all_large,weak,sol_ref_T18_m66_phi0.250.pkl
sol_ref_T18_m66_phi0.250_B_all_large.pkl,18.0,66.0,0.25,impact,1.3048187575091006,0.002,0.0005,0.001,1,rest,,0.01,0.1,5,0.0,hit wall,4.644499999997425,0,0.8906458259575352,0.8906458259575352,0.0,1.4666070768225985,,0,0,,,,,,0.003586538031467343,0.020185104491045658,0.0,3.0,0.2662696935460445,hit wall,4.644499999997425,0,0,0,0,0,0,0,,,,,,,,sol_ref_T18_m66_phi0.250.pkl_B_all_large_weak_5_0.0,B_all_large,weak,sol_ref_T18_m66_phi0.250.pkl
sol_ref_T18_m66_phi0.250_B_all_large.pkl,18.0,66.0,0.25,impact,1.3048187575091006,0.002,0.0005,0.001,1,rest,,0.03,0.2,4,0.0,hit wall,0.3169999999998261,0,0.6938512536330899,0.6938512536330899,0.0,0.08987036687670652,,0,0,,,,,,0.0,0.020019878388011444,0.0,0.3,0.18121372072686073,hit wall,0.3169999999998261,0,0,0,0,0,0,0,,,,,,,,sol_ref_T18_m66_phi0.250.pkl_B_all_large_strong_4_0.0,B_all_large,strong,sol_ref_T18_m66_phi0.250.pkl
sol_ref_T18_m66_phi0.250_B_all_large.pkl,18.0,66.0,0.25,impact,1.3048187575091006,0.002,0.0005,0.001,1,rest,,0.01,0.1,8,0.0,hit wall,4.642499999997426,0,0.8900609080637455,0.8900609080637455,0.0,1.4480960215652587,,0,0,,,,,,0.0023594814339712583,0.02019167848144482,0.0,2.9,0.1766341185857206,hit wall,4.642499999997426,0,0,0,0,0,0,0,,,,,,,,sol_ref_T18_m66_phi0.250.pkl_B_all_large_weak_8_0.0,B_all_large,weak,sol_ref_T18_m66_phi0.250.pkl
sol_ref_T18_m66_phi0.250_B_all_large.pkl,18.0,66.0,0.25,impact,1.3048187575091006,0.002,0.0005,0.001,1,rest,,0.01,0.1,9,0.0,hit wall,4.645499999997426,0,0.8901422939772073,0.8901422939772073,0.0,1.445750119851646,,0,0,,,,,,0.0021071816115500464,0.020148199009884016,0.0,3.1,0.1599984600353923,hit wall,4.645499999997426,0,0,0,0,0,0,0,,,,,,,,sol_ref_T18_m66_phi0.250.pkl_B_all_large_weak_9_0.0,B_all_large,weak,sol_ref_T18_m66_phi0.250.pkl
sol_ref_T18_m66_phi0.250_B_all_large.pkl,18.0,66.0,0.25,impact,1.3048187575091006,0.002,0.0005,0.001,1,rest,,0.03,0.2,2,0.0,hit wall,4.567999999997468,0,0.889623241542457,0.889623241542457,0.0,1.462460911287738,,0,0,,,,,,0.0033966868882858593,0.020705353962471584,0.0,2.9,0.2973518281820579,hit wall,4.567999999997468,0,0,0,0,0,0,0,,,,,,,,sol_ref_T18_m66_phi0.250.pkl_B_all_large_strong_2_0.0,B_all_large,strong,sol_ref_T18_m66_phi0.250.pkl
sol_ref_T18_m66_phi0.250_B_all_large.pkl,18.0,66.0,0.25,impact,1.3048187575091006,0.002,0.0005,0.001,1,rest,,0.01,0.1,6,0.0,hit B's face,6.330999999996493,0,1.2889813207014629,1.2889813207014629,0.0,2.2370231720116953,0.02398022184626574,1,0,5.81149999999678,,,,,0.002752195119527401,0.001256835707770687,0.0,4.3,0.04184724881622896,hit B's face,6.330999999996493,0,0,0,0,0,0,0,5.3399999999970404,5.806999999996783,,,,,,sol_ref_T18_m66_phi0.250.pkl_B_all_large_weak_6_0.0,B_all_large,weak,sol_ref_T18_m66_phi0.250.pkl
sol_ref_T18_m66_phi0.250_B_all_large.pkl,18.0,66.0,0.25,impact,1.3048187575091006,0.002,0.0005,0.001,1,rest,,0.03,0.2,0,0.0,hit wall,4.610499999997444,0,0.889219623598665,0.889219623598665,0.0,1.4451359674559185,,0,0,,,,,,0.0023393803974241026,0.020190775823391238,0.0,3.1,0.19926633625499612,hit wall,4.610499999997444,0,0,0,0,0,0,0,,,,,,,,sol_ref_T18_m66_phi0.250.pkl_B_all_large_strong_0_0.0,B_all_large,strong,sol_ref_T18_m66_phi0.250.pkl
sol_ref_T18_m66_phi0.250_B_all_large.pkl,18.0,66.0,0.25,impact,1.3048187575091006,0.002,0.0005,0.001,1,rest,,0.01,0.1,7,0.0,hit B's face,6.341499999996486,0,1.2533631014183548,1.2533631014183548,0.0,2.230073612746425,0.04683380093633747,1,0,5.81149999999678,,,,,0.0034210567013136517,0.0018581461483275618,0.0,4.2,0.048328850263132495,hit B's face,6.341499999996486,0,0,0,0,0,0,0,5.347999999997036,5.810999999996781,,,,,,sol_ref_T18_m66_phi0.250.pkl_B_all_large_weak_7_0.0,B_all_large,weak,sol_ref_T18_m66_phi0.250.pkl
sol_ref_T18_m66_phi0.250_B_all_large.pkl,18.0,66.0,0.25,impact,1.3048187575091006,0.002,0.0005,0.001,1,rest,,0.03,0.2,3,0.0,slipped off A,4.799499999997341,0,0.8930069130669899,0.8930069130669899,0.0,1.5037518592638228,,0,0,,,,,,0.0031418327758531706,0.012431785116205504,0.0,3.1,0.19637972632501863,slipped off A,4.799499999997341,0,0,0,0,0,0,0,,,,,,,,sol_ref_T18_m66_phi0.250.pkl_B_all_large_strong_3_0.0,B_all_large,strong,sol_ref_T18_m66_phi0.250.pkl
sol_ref_T18_m66_phi0.250_B_all_large.pkl,18.0,66.0,0.25,impact,1.3048187575091006,0.002,0.0005,0.001,1,rest,,0.03,0.2,1,0.0,missed B,6.522499999996384,0,1.2480677835470546,1.2480677835470546,0.0,2.2910230910563674,0.00716518860776534,1,0,5.81149999999678,,,,,0.042562272804151924,0.009133675549088869,0.0,4.4,0.099779341311762,missed B,6.522499999996384,0,0,0,0,0,0,0,5.365999999997026,,,,,,,sol_ref_T18_m66_phi0.250.pkl_B_all_large_strong_1_0.0,B_all_large,strong,sol_ref_T18_m66_phi0.250.pkl
sol_ref_T18_m66_phi0.250_B_all_large.pkl,18.0,66.0,0.25,impact,1.3048187575091006,0.002,0.0005,0.001,1,rest,,0.03,0.2,6,0.0,hit wall,4.644499999997425,0,0.8904998350308173,0.8904998350308173,0.0,1.463703780469142,,0,0,,,,,,0.0034107987371717885,0.02019629246105764,0.0,3.1,0.25307660098830936,hit wall,4.644499999997425,0,0,0,0,0,0,0,,,,,,,,sol_ref_T18_m66_phi0.250.pkl_B_all_large_strong_6_0.0,B_all_large,strong,sol_ref_T18_m66_phi0.250.pkl
sol_ref_T18_m66_phi0.250_B_all_large.pkl,18.0,66.0,0.25,impact,1.3048187575091006,0.002,0.0005,0.001,1,rest,,0.03,0.2,5,0.0,hit wall,4.685999999997403,0,0.8910115054689016,0.8910115054689016,0.0,1.4760391573973373,,0,0,,,,,,0.0034143920228321273,0.020054281457343726,0.0,3.3,0.2556472704578846,hit wall,4.685999999997403,0,0,0,0,0,0,0,,,,,,,,sol_ref_T18_m66_phi0.250.pkl_B_all_large_strong_5_0.0,B_all_large,strong,sol_ref_T18_m66_phi0.250.pkl
sol_ref_T18_m66_phi0.250_B_all_large.pkl,18.0,66.0,0.25,impact,1.3048187575091006,0.002,0.0005,0.001,1,rest,,0.03,0.2,7,0.0,hit wall,4.836999999997321,0,0.894898481654365,0.894898481654365,0.0,1.5134223898565458,,0,0,,,,,,0.003113178522459764,0.020060492605350626,0.0,3.4,0.18857397241271384,hit wall,4.836999999997321,0,0,0,0,0,0,0,,,,,,,,sol_ref_T18_m66_phi0.250.pkl_B_all_large_strong_7_0.0,B_all_large,strong,sol_ref_T18_m66_phi0.250.pkl
sol_ref_T18_m66_phi0.250_B_all_large.pkl,18.0,66.0,0.25,impact,1.3048187575091006,0.002,0.0005,0.001,1,rest,,0.03,0.2,8,0.0,hit wall,4.633999999997432,0,0.8899464424816284,0.8899464424816284,0.0,1.4397962839006748,,0,0,,,,,,0.0016307329868425688,0.0200743122216262,0.0,2.9,0.13470594655872603,hit wall,4.633999999997432,0,0,0,0,0,0,0,,,,,,,,sol_ref_T18_m66_phi0.250.pkl_B_all_large_strong_8_0.0,B_all_large,strong,sol_ref_T18_m66_phi0.250.pkl
sol_ref_T18_m66_phi0.250_B_all_large.pkl,18.0,66.0,0.25,impact,1.3048187575091006,0.002,0.0005,0.001,1,rest,,0.03,0.2,9,0.0,slipped off A,4.797999999997341,0,0.8925929426174933,0.8925929426174933,0.0,1.5012335605414655,,0,0,,,,,,0.0029130497621243784,0.010708280279422451,0.0,3.0,0.18930129394237577,slipped off A,4.797999999997341,0,0,0,0,0,0,0,,,,,,,,sol_ref_T18_m66_phi0.250.pkl_B_all_large_strong_9_0.0,B_all_large,strong,sol_ref_T18_m66_phi0.250.pkl
sol_ref_T18_m75_phi0.250_B_wall2mm.pkl,18.0,75.0,0.25,impact,1.4917414319585032,0.002,0.0005,0.001,1,rest,,0.0,0.0,0,-0.003,hit B's face,6.491999999996402,0,1.3920677435689939,1.3920677435689939,0.0,2.9837907542200988,0.21092383250893873,1,0,5.924499999996716,,,,,0.09205679376766218,0.0035947294569080857,0.0,4.5,0.039978393307537274,hit B's face,6.491999999996402,0,0,0,0,0,0,0,4.423499999997549,5.461999999996973,,,,,,sol_ref_T18_m75_phi0.250.pkl_B_wall2mm_none_0_-0.003,B_wall2mm,none,sol_ref_T18_m75_phi0.250.pkl
sol_ref_T18_m75_phi0.250_B_wall2mm.pkl,18.0,75.0,0.25,impact,1.4917414319585032,0.002,0.0005,0.001,1,rest,,0.0,0.0,0,-0.001,hit B's face,6.448499999996425,0,1.3920677435689939,1.3920677435689939,0.0,2.9731339817030937,0.22821611809161402,1,0,5.9264999999967145,,,,,0.06503596118136645,0.0014348178340134465,0.0,4.5,0.039978393307537274,hit B's face,6.448499999996425,0,0,0,0,0,0,0,4.423499999997549,5.461999999996973,,,,,,sol_ref_T18_m75_phi0.250.pkl_B_wall2mm_none_0_-0.001,B_wall2mm,none,sol_ref_T18_m75_phi0.250.pkl
sol_ref_T18_m75_phi0.250_B_wall2mm.pkl,18.0,75.0,0.25,impact,1.4917414319585032,0.002,0.0005,0.001,1,rest,,0.0,0.0,0,0.0,hit B's face,6.45849999999642,0,1.3920677435689939,1.3920677435689939,0.0,2.9680829772856216,0.2129047822186466,1,0,5.927499999996716,,,,,0.058711381767712734,0.0010358742225359818,0.0,4.8,0.039978393307537274,hit B's face,6.45849999999642,0,0,0,0,0,0,0,4.423499999997549,5.461999999996973,,,,,,sol_ref_T18_m75_phi0.250.pkl_B_wall2mm_none_0_0.0,B_wall2mm,none,sol_ref_T18_m75_phi0.250.pkl
sol_ref_T18_m75_phi0.250_B_wall2mm.pkl,18.0,75.0,0.25,impact,1.4917414319585032,0.002,0.0005,0.001,1,rest,,0.0,0.0,0,0.001,hit B's face,6.449499999996426,0,1.3920677435689939,1.3920677435689939,0.0,2.9673722006746837,0.21307712050396235,1,0,5.928499999996713,,,,,0.0568589331846554,0.0014681568510990506,0.0,4.4,0.039978393307537274,hit B's face,6.449499999996426,0,0,0,0,0,0,0,4.423499999997549,5.461999999996973,,,,,,sol_ref_T18_m75_phi0.250.pkl_B_wall2mm_none_0_0.001,B_wall2mm,none,sol_ref_T18_m75_phi0.250.pkl
sol_ref_T18_m75_phi0.250_B_wall2mm.pkl,18.0,75.0,0.25,impact,1.4917414319585032,0.002,0.0005,0.001,1,rest,,0.0,0.0,0,0.003,hit B's face,6.410499999996446,0,1.4139509168958617,1.4139509168958617,0.0,2.9634469773634255,0.2089275690939301,1,0,5.930499999996712,,,,,0.037502574383196485,0.000607094619800571,0.0,4.3,0.039978393307537274,hit B's face,6.410499999996446,0,0,0,0,0,0,0,4.423499999997549,5.461999999996973,,,,,,sol_ref_T18_m75_phi0.250.pkl_B_wall2mm_none_0_0.003,B_wall2mm,none,sol_ref_T18_m75_phi0.250.pkl
sol_ref_T18_m75_phi0.250_B_wall2mm.pkl,18.0,75.0,0.25,impact,1.4917414319585032,0.002,0.0005,0.001,1,rest,,0.01,0.1,3,0.0,slipped off A,4.865499999997304,0,1.0099324943167376,1.0099324943167376,0.0,1.9581244287606765,,0,0,,,,,,0.0010190092987860666,0.015476359388363059,0.0,3.3,0.1113907413170901,slipped off A,4.865499999997304,0,0,0,0,0,0,0,4.4229999999975504,,,,,,,sol_ref_T18_m75_phi0.250.pkl_B_wall2mm_weak_3_0.0,B_wall2mm,weak,sol_ref_T18_m75_phi0.250.pkl
sol_ref_T18_m75_phi0.250_B_wall2mm.pkl,18.0,75.0,0.25,impact,1.4917414319585032,0.002,0.0005,0.001,1,rest,,0.01,0.1,2,0.0,slipped off A,4.872499999997299,0,1.0096122613188439,1.0096122613188439,0.0,1.9533999894304095,,0,0,,,,,,0.0009528637928967881,0.01027265114408199,0.0,3.4,0.07727569081053681,slipped off A,4.872499999997299,0,0,0,0,0,0,0,4.423499999997549,,,,,,,sol_ref_T18_m75_phi0.250.pkl_B_wall2mm_weak_2_0.0,B_wall2mm,weak,sol_ref_T18_m75_phi0.250.pkl
sol_ref_T18_m75_phi0.250_B_wall2mm.pkl,18.0,75.0,0.25,impact,1.4917414319585032,0.002,0.0005,0.001,1,rest,,0.01,0.1,4,0.0,hit wall,4.682999999997406,0,1.005021656021952,1.005021656021952,0.0,1.9277794756560271,,0,0,,,,,,0.0016956627626292797,0.020509534096381565,0.0,2.9,0.20606380766631938,hit wall,4.682999999997406,0,0,0,0,0,0,0,4.424499999997547,,,,,,,sol_ref_T18_m75_phi0.250.pkl_B_wall2mm_weak_4_0.0,B_wall2mm,weak,sol_ref_T18_m75_phi0.250.pkl
sol_ref_T18_m75_phi0.250_B_wall2mm.pkl,18.0,75.0,0.25,impact,1.4917414319585032,0.002,0.0005,0.001,1,rest,,0.01,0.1,0,0.0,hit B's face,6.45849999999642,0,1.3920677435689939,1.3920677435689939,0.0,2.9680829772856216,0.2129047822186466,1,0,5.927499999996716,,,,,0.058711381767712734,0.0010358742225359818,0.0,4.4,0.039978393307537274,hit B's face,6.45849999999642,0,0,0,0,0,0,0,4.423499999997549,5.461999999996973,,,,,,sol_ref_T18_m75_phi0.250.pkl_B_wall2mm_weak_0_0.0,B_wall2mm,weak,sol_ref_T18_m75_phi0.250.pkl
sol_ref_T18_m75_phi0.250_B_wall2mm.pkl,18.0,75.0,0.25,impact,1.4917414319585032,0.002,0.0005,0.001,1,rest,,0.01,0.1,1,0.0,hit B's face,6.435499999996434,0,1.367547068648132,1.367547068648132,0.0,2.977852591657949,0.2214896647194195,1,0,5.927499999996716,,,,,0.06585831495738903,0.0061910971163948135,0.0,4.4,0.0474576187752167,hit B's face,6.435499999996434,0,0,0,0,0,0,0,4.4229999999975504,5.4679999999969695,,,,,,sol_ref_T18_m75_phi0.250.pkl_B_wall2mm_weak_1_0.0,B_wall2mm,weak,sol_ref_T18_m75_phi0.250.pkl
sol_ref_T18_m75_phi0.250_B_wall2mm.pkl,18.0,75.0,0.25,impact,1.4917414319585032,0.002,0.0005,0.001,1,rest,,0.03,0.2,4,0.0,hit wall,0.4594999999997462,0,0.8173067305899142,0.8173067305899142,0.0,0.16177046469737388,,0,0,,,,,,0.0,0.020003002921733914,0.0,0.3,0.22816388597257847,hit wall,0.4594999999997462,0,0,0,0,0,0,0,,,,,,,,sol_ref_T18_m75_phi0.250.pkl_B_wall2mm_strong_4_0.0,B_wall2mm,strong,sol_ref_T18_m75_phi0.250.pkl
sol_ref_T18_m75_phi0.250_B_wall2mm.pkl,18.0,75.0,0.25,impact,1.4917414319585032,0.002,0.0005,0.001,1,rest,,0.01,0.1,5,0.0,hit wall,4.692999999997401,0,1.0082861347982053,1.0082861347982053,0.0,1.9432164120849749,,0,0,,,,,,0.00217216748086535,0.020043732391961444,0.0,3.1,0.24726568789088443,hit wall,4.692999999997401,0,0,0,0,0,0,0,4.421999999997549,,,,,,,sol_ref_T18_m75_phi0.250.pkl_B_wall2mm_weak_5_0.0,B_wall2mm,weak,sol_ref_T18_m75_phi0.250.pkl
sol_ref_T18_m75_phi0.250_B_wall2mm.pkl,18.0,75.0,0.25,impact,1.4917414319585032,0.002,0.0005,0.001,1,rest,,0.01,0.1,8,0.0,hit wall,4.709499999997391,0,1.0067882519107076,1.0067882519107076,0.0,1.9223734630315186,,0,0,,,,,,0.001441412132223513,0.02016367767158289,0.0,3.0,0.1732047743484687,hit wall,4.709499999997391,0,0,0,0,0,0,0,4.423999999997548,,,,,,,sol_ref_T18_m75_phi0.250.pkl_B_wall2mm_weak_8_0.0,B_wall2mm,weak,sol_ref_T18_m75_phi0.250.pkl
sol_ref_T18_m75_phi0.250_B_wall2mm.pkl,18.0,75.0,0.25,impact,1.4917414319585032,0.002,0.0005,0.001,1,rest,,0.01,0.1,9,0.0,hit wall,4.7154999999973874,0,1.006717550751647,1.006717550751647,0.0,1.919354168152094,,0,0,,,,,,0.0012575484443013707,0.020124986653892563,0.0,3.1,0.15346571395069109,hit wall,4.7154999999973874,0,0,0,0,0,0,0,4.423999999997548,,,,,,,sol_ref_T18_m75_phi0.250.pkl_B_wall2mm_weak_9_0.0,B_wall2mm,weak,sol_ref_T18_m75_phi0.250.pkl
sol_ref_T18_m75_phi0.250_B_wall2mm.pkl,18.0,75.0,0.25,impact,1.4917414319585032,0.002,0.0005,0.001,1,rest,,0.03,0.2,2,0.0,hit wall,4.650999999997424,0,1.0317050926054352,1.0317050926054352,0.0,1.9469044027410394,,0,0,,,,,,0.004858118006458856,0.020290649912049763,0.0,3.1,0.2771652114491963,hit wall,4.650999999997424,0,0,0,0,0,0,0,4.223999999997659,,,,,,,sol_ref_T18_m75_phi0.250.pkl_B_wall2mm_strong_2_0.0,B_wall2mm,strong,sol_ref_T18_m75_phi0.250.pkl
sol_ref_T18_m75_phi0.250_B_wall2mm.pkl,18.0,75.0,0.25,impact,1.4917414319585032,0.002,0.0005,0.001,1,rest,,0.01,0.1,6,0.0,hit B's face,6.45849999999642,0,1.3920677435689939,1.3920677435689939,0.0,2.9680829772856216,0.2129047822186466,1,0,5.927499999996716,,,,,0.058711381767712734,0.0010358742225359818,0.0,4.3,0.039978393307537274,hit B's face,6.45849999999642,0,0,0,0,0,0,0,4.423499999997549,5.461999999996973,,,,,,sol_ref_T18_m75_phi0.250.pkl_B_wall2mm_weak_6_0.0,B_wall2mm,weak,sol_ref_T18_m75_phi0.250.pkl
sol_ref_T18_m75_phi0.250_B_wall2mm.pkl,18.0,75.0,0.25,impact,1.4917414319585032,0.002,0.0005,0.001,1,rest,,0.03,0.2,3,0.0,hit wall,4.83749999999732,0,1.0124264500336875,1.0124264500336875,0.0,1.9722790874364253,,0,0,,,,,,0.001864788320662114,0.020024270249356824,0.0,3.2,0.21642615339210142,hit wall,4.83749999999732,0,0,0,0,0,0,0,4.4209999999975516,,,,,,,sol_ref_T18_m75_phi0.250.pkl_B_wall2mm_strong_3_0.0,B_wall2mm,strong,sol_ref_T18_m75_phi0.250.pkl
sol_ref_T18_m75_phi0.250_B_wall2mm.pkl,18.0,75.0,0.25,impact,1.4917414319585032,0.002,0.0005,0.001,1,rest,,0.03,0.2,0,0.0,hit wall,4.6904999999973995,0,1.0050231534557519,1.0050231534557519,0.0,1.9221654858159019,,0,0,,,,,,0.001536395983266825,0.0203835983665272,0.0,3.3,0.18332420097978797,hit wall,4.6904999999973995,0,0,0,0,0,0,0,4.424499999997547,,,,,,,sol_ref_T18_m75_phi0.250.pkl_B_wall2mm_strong_0_0.0,B_wall2mm,strong,sol_ref_T18_m75_phi0.250.pkl
sol_ref_T18_m75_phi0.250_B_wall2mm.pkl,18.0,75.0,0.25,impact,1.4917414319585032,0.002,0.0005,0.001,1,rest,,0.01,0.1,7,0.0,hit B's face,6.448499999996425,0,1.341466914202899,1.341466914202899,0.0,2.95487482704556,0.20361233633154513,1,0,5.927499999996716,,,,,0.047682727450548246,0.00801325597986105,0.0,4.5,0.0633163013376703,hit B's face,6.448499999996425,0,0,0,0,0,0,0,4.4229999999975504,5.471999999996967,,,,,,sol_ref_T18_m75_phi0.250.pkl_B_wall2mm_weak_7_0.0,B_wall2mm,weak,sol_ref_T18_m75_phi0.250.pkl
sol_ref_T18_m75_phi0.250_B_wall2mm.pkl,18.0,75.0,0.25,impact,1.4917414319585032,0.002,0.0005,0.001,1,rest,,0.03,0.2,5,0.0,hit wall,4.705499999997393,0,1.0091394255465367,1.0091394255465367,0.0,1.9420222617734237,,0,0,,,,,,0.0022116174976003766,0.020381084975703068,0.0,3.0,0.24179144286772258,hit wall,4.705499999997393,0,0,0,0,0,0,0,4.421999999997549,,,,,,,sol_ref_T18_m75_phi0.250.pkl_B_wall2mm_strong_5_0.0,B_wall2mm,strong,sol_ref_T18_m75_phi0.250.pkl
sol_ref_T18_m75_phi0.250_B_wall2mm.pkl,18.0,75.0,0.25,impact,1.4917414319585032,0.002,0.0005,0.001,1,rest,,0.03,0.2,1,0.0,hit B's face,6.4424999999964285,0,1.3285186288265822,1.3285186288265822,0.0,2.9827330882649252,0.20509268814653922,1,0,5.927499999996716,,,,,0.05661290673742636,0.018709993174710487,0.0,4.7,0.12650467246271527,hit B's face,6.4424999999964285,0,0,0,0,0,0,0,4.421999999997549,5.479999999996963,,,,,,sol_ref_T18_m75_phi0.250.pkl_B_wall2mm_strong_1_0.0,B_wall2mm,strong,sol_ref_T18_m75_phi0.250.pkl
sol_ref_T18_m75_phi0.250_B_wall2mm.pkl,18.0,75.0,0.25,impact,1.4917414319585032,0.002,0.0005,0.001,1,rest,,0.03,0.2,6,0.0,hit wall,4.6949999999974,0,1.0080582922659398,1.0080582922659398,0.0,1.9400851338734428,,0,0,,,,,,0.002050837267215083,0.020035213694993892,0.0,3.0,0.23779385723771096,hit wall,4.6949999999974,0,0,0,0,0,0,0,4.422499999997548,,,,,,,sol_ref_T18_m75_phi0.250.pkl_B_wall2mm_strong_6_0.0,B_wall2mm,strong,sol_ref_T18_m75_phi0.250.pkl
sol_ref_T18_m75_phi0.250_B_wall2mm.pkl,18.0,75.0,0.25,impact,1.4917414319585032,0.002,0.0005,0.001,1,rest,,0.03,0.2,7,0.0,slipped off A,4.890499999997289,0,1.015482875747168,1.015482875747168,0.0,1.987960975006904,,0,0,,,,,,0.0022125741140915645,0.01547417212516582,0.0,3.1,0.20938735109162038,slipped off A,4.890499999997289,0,0,0,0,0,0,0,4.41999999999755,,,,,,,sol_ref_T18_m75_phi0.250.pkl_B_wall2mm_strong_7_0.0,B_wall2mm,strong,sol_ref_T18_m75_phi0.250.pkl
sol_ref_T18_m75_phi0.250_B_wall2mm.pkl,18.0,75.0,0.25,impact,1.4917414319585032,0.002,0.0005,0.001,1,rest,,0.03,0.2,9,0.0,hit wall,4.796999999997343,0,1.011589393379136,1.011589393379136,0.0,1.9549184281411742,,0,0,,,,,,0.0020147751869018515,0.020019648691762926,0.0,3.1,0.20003607548900088,hit wall,4.796999999997343,0,0,0,0,0,0,0,4.42149999999755,,,,,,,sol_ref_T18_m75_phi0.250.pkl_B_wall2mm_strong_9_0.0,B_wall2mm,strong,sol_ref_T18_m75_phi0.250.pkl
sol_ref_T18_m75_phi0.250_B_wall2mm.pkl,18.0,75.0,0.25,impact,1.4917414319585032,0.002,0.0005,0.001,1,rest,,0.03,0.2,8,0.0,hit wall,4.716499999997385,0,1.0060539313377,1.0060539313377,0.0,1.9146158941146618,,0,0,,,,,,0.001216690542103882,0.02022062415058118,0.0,3.5,0.1328913043588803,hit wall,4.716499999997385,0,0,0,0,0,0,0,4.424499999997547,,,,,,,sol_ref_T18_m75_phi0.250.pkl_B_wall2mm_strong_8_0.0,B_wall2mm,strong,sol_ref_T18_m75_phi0.250.pkl
sol_ref_T18_m75_phi0.250_B_joint2deg.pkl,18.0,75.0,0.25,impact,1.423615384016302,0.002,0.0005,0.001,1,rest,,0.0,0.0,0,-0.003,grip capacity exceeded,6.265999999996531,0,2.5066357581932874,1.3899625277559828,2.5066357581932874,2.9719432626506634,0.02525015445994861,1,1,5.665499999996861,6.1549999999965905,-0.02401953008013802,-0.02401953008013802,0.0077866857507291045,0.18713482195787726,0.002068171179750028,0.0,4.6,0.04725595436099213,grip capacity exceeded,6.25149999999654,0,0,0,0,0,0,0,5.165499999997138,5.237999999997097,6.1549999999965905,6.246999999996543,6.25149999999654,6.2569999999965376,6.265499999996532,sol_ref_T18_m75_phi0.250.pkl_B_joint2deg_none_0_-0.003,B_joint2deg,none,sol_ref_T18_m75_phi0.250.pkl
sol_ref_T18_m75_phi0.250_B_joint2deg.pkl,18.0,75.0,0.25,impact,1.423615384016302,0.002,0.0005,0.001,1,rest,,0.0,0.0,0,0.001,lost hook,7.679499999995745,0,2.484907683956659,1.417138585451287,2.484907683956659,4.56940466757051,0.02763719106054274,1,1,5.669499999996859,6.157999999996587,-0.024979225591158283,-0.024979225591158283,0.011825929924659908,0.04617786795805723,0.002068171179750028,2.0774408841718606e-05,4.9,0.04725595436099213,grip capacity exceeded,7.318499999995943,0,0,0,0,0,0,0,5.165499999997138,5.237999999997097,6.157999999996587,6.157999999996587,7.318499999995943,7.321999999995942,,sol_ref_T18_m75_phi0.250.pkl_B_joint2deg_none_0_0.001,B_joint2deg,none,sol_ref_T18_m75_phi0.250.pkl
sol_ref_T18_m75_phi0.250_B_joint2deg.pkl,18.0,75.0,0.25,impact,1.423615384016302,0.002,0.0005,0.001,1,rest,,0.0,0.0,0,0.003,lost hook,7.671499999995749,0,2.214818483470651,1.4304426690534129,2.214818483470651,4.5217587891456015,0.025991092264346306,1,1,5.671499999996858,6.160499999996585,-0.02394797914122604,-0.02394797914122604,0.010101048071619344,0.05203715749542943,0.002068171179750028,0.00409447745046386,4.9,0.04725595436099213,grip capacity exceeded,7.3299999999959375,0,0,0,0,0,0,0,5.165499999997138,5.237999999997097,6.160499999996585,6.160499999996585,7.3299999999959375,,,sol_ref_T18_m75_phi0.250.pkl_B_joint2deg_none_0_0.003,B_joint2deg,none,sol_ref_T18_m75_phi0.250.pkl
sol_ref_T18_m75_phi0.250_B_joint2deg.pkl,18.0,75.0,0.25,impact,1.423615384016302,0.002,0.0005,0.001,1,rest,,0.0,0.0,0,-0.001,held B,8.156999999995481,1,2.2702709331069206,1.403575247608052,2.2702709331069206,4.759644462459306,0.026009079438566278,1,1,5.66749999999686,6.156499999996587,-0.02405284480981562,-0.02405284480981562,0.009896103768482668,0.1439769241355218,0.002068171179750028,0.0017544359475484203,5.2,0.04725595436099213,grip capacity exceeded,6.28299999999652,0,0,0,0,0,0,1,5.165499999997138,5.237999999997097,6.156499999996587,6.156499999996587,6.28299999999652,6.304499999996505,,sol_ref_T18_m75_phi0.250.pkl_B_joint2deg_none_0_-0.001,B_joint2deg,none,sol_ref_T18_m75_phi0.250.pkl
sol_ref_T18_m75_phi0.250_B_joint2deg.pkl,18.0,75.0,0.25,impact,1.423615384016302,0.002,0.0005,0.001,1,rest,,0.0,0.0,0,0.0,grip capacity exceeded,7.317999999995944,0,2.52737896215122,1.4105584070509203,2.52737896215122,4.145508444130748,0.026186489832302425,1,1,5.6684999999968575,6.156499999996587,-0.02397585578670336,-0.02397585578670336,0.010530460057969038,0.05755612368543166,0.002068171179750028,0.0,5.3,0.04725595436099213,grip capacity exceeded,7.312499999995946,0,0,0,0,0,0,0,5.165499999997138,5.237999999997097,6.156499999996587,6.156499999996587,7.312499999995946,7.314999999995948,7.317499999995945,sol_ref_T18_m75_phi0.250.pkl_B_joint2deg_none_0_0.0,B_joint2deg,none,sol_ref_T18_m75_phi0.250.pkl
sol_ref_T18_m75_phi0.250_B_joint2deg.pkl,18.0,75.0,0.25,impact,1.423615384016302,0.002,0.0005,0.001,1,rest,,0.01,0.1,1,0.0,hit B's face,6.191999999996568,0,1.3727700229803173,1.3727700229803173,0.0,2.756775904827577,0.027713860196256532,1,0,5.6684999999968575,,,,,0.0011661413600217996,0.009422608924384668,0.0,4.2,0.05929401523471389,hit B's face,6.191999999996568,0,0,0,0,0,0,0,5.169999999997135,5.644499999996871,,,,,,sol_ref_T18_m75_phi0.250.pkl_B_joint2deg_weak_1_0.0,B_joint2deg,weak,sol_ref_T18_m75_phi0.250.pkl
sol_ref_T18_m75_phi0.250_B_joint2deg.pkl,18.0,75.0,0.25,impact,1.423615384016302,0.002,0.0005,0.001,1,rest,,0.01,0.1,0,0.0,grip capacity exceeded,7.317999999995944,0,2.52737896215122,1.4105584070509203,2.52737896215122,4.145508444130748,0.026186489832302425,1,1,5.6684999999968575,6.156499999996587,-0.02397585578670336,-0.02397585578670336,0.010530460057969038,0.05755612368543166,0.002068171179750028,0.0,4.6,0.04725595436099213,grip capacity exceeded,7.312499999995946,0,0,0,0,0,0,0,5.165499999997138,5.237999999997097,6.156499999996587,6.156499999996587,7.312499999995946,7.314999999995948,7.317499999995945,sol_ref_T18_m75_phi0.250.pkl_B_joint2deg_weak_0_0.0,B_joint2deg,weak,sol_ref_T18_m75_phi0.250.pkl
sol_ref_T18_m75_phi0.250_B_joint2deg.pkl,18.0,75.0,0.25,impact,1.423615384016302,0.002,0.0005,0.001,1,rest,,0.01,0.1,4,0.0,slipped off A,4.625999999997436,0,0.915952963610988,0.915952963610988,0.0,1.85201507426184,,0,0,,,,,,0.0022298773578141307,0.01487933293820905,0.0,3.0,0.18743482098499786,slipped off A,4.625999999997436,0,0,0,0,0,0,0,,,,,,,,sol_ref_T18_m75_phi0.250.pkl_B_joint2deg_weak_4_0.0,B_joint2deg,weak,sol_ref_T18_m75_phi0.250.pkl
sol_ref_T18_m75_phi0.250_B_joint2deg.pkl,18.0,75.0,0.25,impact,1.423615384016302,0.002,0.0005,0.001,1,rest,,0.01,0.1,2,0.0,grip capacity exceeded,6.263999999996528,0,2.509821044406957,1.3933980406119293,2.509821044406957,2.9091416597880633,0.04634446236191203,1,1,5.6684999999968575,6.159999999996586,-0.02487270071430725,-0.02487270071430725,0.03910444924546541,0.24616660047985334,0.011431033780006868,0.019103235023898105,4.2,0.06967570634118436,grip capacity exceeded,6.256499999996532,0,0,0,0,0,0,0,5.1739999999971324,5.251999999997089,6.159999999996586,6.159999999996586,6.256499999996532,6.259999999996531,6.2634999999965295,sol_ref_T18_m75_phi0.250.pkl_B_joint2deg_weak_2_0.0,B_joint2deg,weak,sol_ref_T18_m75_phi0.250.pkl
sol_ref_T18_m75_phi0.250_B_joint2deg.pkl,18.0,75.0,0.25,impact,1.423615384016302,0.002,0.0005,0.001,1,rest,,0.01,0.1,3,0.0,grip capacity exceeded,6.270499999996524,0,2.5159179096420377,1.3725189394447483,2.5159179096420377,2.9458093008126616,0.04630407462190892,1,1,5.6684999999968575,6.16999999999658,-0.024998547666312376,-0.024998547666312376,0.0389761457967103,0.03437431973035432,0.01764975098661303,0.01245964349273643,4.2,0.10861877193118706,grip capacity exceeded,6.261499999996531,0,0,0,0,0,0,0,5.17799999999713,5.64949999999687,6.16999999999658,6.16999999999658,6.261499999996531,6.266499999996526,6.269999999996525,sol_ref_T18_m75_phi0.250.pkl_B_joint2deg_weak_3_0.0,B_joint2deg,weak,sol_ref_T18_m75_phi0.250.pkl
sol_ref_T18_m75_phi0.250_B_joint2deg.pkl,18.0,75.0,0.25,impact,1.423615384016302,0.002,0.0005,0.001,1,rest,,0.03,0.2,4,0.0,hit wall,0.32099999999982387,0,0.7701324096133751,0.7701324096133751,0.0,0.12297614811425467,,0,0,,,,,,0.0,0.02004989684696154,0.0,0.2,0.18711193656087444,hit wall,0.32099999999982387,0,0,0,0,0,0,0,,,,,,,,sol_ref_T18_m75_phi0.250.pkl_B_joint2deg_strong_4_0.0,B_joint2deg,strong,sol_ref_T18_m75_phi0.250.pkl
sol_ref_T18_m75_phi0.250_B_joint2deg.pkl,18.0,75.0,0.25,impact,1.423615384016302,0.002,0.0005,0.001,1,rest,,0.01,0.1,5,0.0,slipped off A,4.638499999997428,0,0.9155823711517966,0.9155823711517966,0.0,1.8612240654986298,,0,0,,,,,,0.0027783971038906063,0.01876965890085432,0.0,3.2,0.19430276434655575,slipped off A,4.638499999997428,0,0,0,0,0,0,0,,,,,,,,sol_ref_T18_m75_phi0.250.pkl_B_joint2deg_weak_5_0.0,B_joint2deg,weak,sol_ref_T18_m75_phi0.250.pkl
sol_ref_T18_m75_phi0.250_B_joint2deg.pkl,18.0,75.0,0.25,impact,1.423615384016302,0.002,0.0005,0.001,1,rest,,0.01,0.1,8,0.0,slipped off A,4.64099999999743,0,0.9122798809625824,0.9122798809625824,0.0,1.8431655832313028,,0,0,,,,,,0.001769453426979789,0.010874168939490128,0.0,2.9,0.1344059440092756,slipped off A,4.64099999999743,0,0,0,0,0,0,0,,,,,,,,sol_ref_T18_m75_phi0.250.pkl_B_joint2deg_weak_8_0.0,B_joint2deg,weak,sol_ref_T18_m75_phi0.250.pkl
sol_ref_T18_m75_phi0.250_B_joint2deg.pkl,18.0,75.0,0.25,impact,1.423615384016302,0.002,0.0005,0.001,1,rest,,0.01,0.1,9,0.0,slipped off A,4.643499999997427,0,0.9115679365603336,0.9115679365603336,0.0,1.8407033353432514,,0,0,,,,,,0.0015551259087904779,0.009795804654882934,0.0,3.3,0.12096359304277472,slipped off A,4.643499999997427,0,0,0,0,0,0,0,,,,,,,,sol_ref_T18_m75_phi0.250.pkl_B_joint2deg_weak_9_0.0,B_joint2deg,weak,sol_ref_T18_m75_phi0.250.pkl
sol_ref_T18_m75_phi0.250_B_joint2deg.pkl,18.0,75.0,0.25,impact,1.423615384016302,0.002,0.0005,0.001,1,rest,,0.03,0.2,0,0.0,slipped off A,4.629499999997435,0,0.9143609205562222,0.9143609205562222,0.0,1.8464214060457838,,0,0,,,,,,0.001933520611111017,0.018726957455472315,0.0,3.0,0.16465322288554424,slipped off A,4.629499999997435,0,0,0,0,0,0,0,,,,,,,,sol_ref_T18_m75_phi0.250.pkl_B_joint2deg_strong_0_0.0,B_joint2deg,strong,sol_ref_T18_m75_phi0.250.pkl
sol_ref_T18_m75_phi0.250_B_joint2deg.pkl,18.0,75.0,0.25,impact,1.423615384016302,0.002,0.0005,0.001,1,rest,,0.03,0.2,2,0.0,hit wall,4.474999999997522,0,0.9258984989727712,0.9258984989727712,0.0,1.8250885060893753,,0,0,,,,,,0.0031274065520597027,0.02009918063405175,0.0,2.9,0.21291166684965457,hit wall,4.474999999997522,0,0,0,0,0,0,0,,,,,,,,sol_ref_T18_m75_phi0.250.pkl_B_joint2deg_strong_2_0.0,B_joint2deg,strong,sol_ref_T18_m75_phi0.250.pkl
sol_ref_T18_m75_phi0.250_B_joint2deg.pkl,18.0,75.0,0.25,impact,1.423615384016302,0.002,0.0005,0.001,1,rest,,0.03,0.2,1,0.0,hit wall,4.938499999997262,0,0.9035511212444226,0.9035511212444226,0.0,1.9362273144761146,,0,0,,,,,,0.001243253364399094,0.02003774891595433,0.0,3.1,0.12389893238133762,hit wall,4.938499999997262,0,0,0,0,0,0,0,,,,,,,,sol_ref_T18_m75_phi0.250.pkl_B_joint2deg_strong_1_0.0,B_joint2deg,strong,sol_ref_T18_m75_phi0.250.pkl
sol_ref_T18_m75_phi0.250_B_joint2deg.pkl,18.0,75.0,0.25,impact,1.423615384016302,0.002,0.0005,0.001,1,rest,,0.03,0.2,3,0.0,hit wall,4.7464999999973685,0,0.9093585393642826,0.9093585393642826,0.0,1.8808116745500074,,0,0,,,,,,0.002071915702626853,0.0200160377835624,0.0,3.0,0.156568374534583,hit wall,4.7464999999973685,0,0,0,0,0,0,0,,,,,,,,sol_ref_T18_m75_phi0.250.pkl_B_joint2deg_strong_3_0.0,B_joint2deg,strong,sol_ref_T18_m75_phi0.250.pkl
sol_ref_T18_m75_phi0.250_B_joint2deg.pkl,18.0,75.0,0.25,impact,1.423615384016302,0.002,0.0005,0.001,1,rest,,0.01,0.1,7,0.0,hit B's face,6.198499999996564,0,1.3596683226725832,1.3596683226725832,0.0,2.742203322460347,0.04633248821359024,1,0,5.6684999999968575,,,,,0.0009051268245257038,0.009485930324160473,0.0,4.4,0.0684262979369823,hit B's face,6.198499999996564,0,0,0,0,0,0,0,5.165999999997137,5.648499999996869,,,,,,sol_ref_T18_m75_phi0.250.pkl_B_joint2deg_weak_7_0.0,B_joint2deg,weak,sol_ref_T18_m75_phi0.250.pkl
sol_ref_T18_m75_phi0.250_B_joint2deg.pkl,18.0,75.0,0.25,impact,1.423615384016302,0.002,0.0005,0.001,1,rest,,0.01,0.1,6,0.0,grip capacity exceeded,7.317999999995944,0,2.52737896215122,1.4105584070509203,2.52737896215122,4.145508444130748,0.026186489832302425,1,1,5.6684999999968575,6.156499999996587,-0.02397585578670336,-0.02397585578670336,0.010530460057969038,0.05755612368543166,0.002068171179750028,0.0,5.2,0.04725595436099213,grip capacity exceeded,7.312499999995946,0,0,0,0,0,0,0,5.165499999997138,5.237999999997097,6.156499999996587,6.156499999996587,7.312499999995946,7.314999999995948,7.317499999995945,sol_ref_T18_m75_phi0.250.pkl_B_joint2deg_weak_6_0.0,B_joint2deg,weak,sol_ref_T18_m75_phi0.250.pkl
sol_ref_T18_m75_phi0.250_B_joint2deg.pkl,18.0,75.0,0.25,impact,1.423615384016302,0.002,0.0005,0.001,1,rest,,0.03,0.2,5,0.0,hit wall,4.704999999997394,0,0.9140110523574021,0.9140110523574021,0.0,1.880539108677939,,0,0,,,,,,0.002578399406862969,0.02009822151526792,0.0,3.0,0.20100738471826984,hit wall,4.704999999997394,0,0,0,0,0,0,0,,,,,,,,sol_ref_T18_m75_phi0.250.pkl_B_joint2deg_strong_5_0.0,B_joint2deg,strong,sol_ref_T18_m75_phi0.250.pkl
sol_ref_T18_m75_phi0.250_B_joint2deg.pkl,18.0,75.0,0.25,impact,1.423615384016302,0.002,0.0005,0.001,1,rest,,0.03,0.2,6,0.0,slipped off A,4.638499999997428,0,0.9150649148076782,0.9150649148076782,0.0,1.8580276858337395,,0,0,,,,,,0.00261586178186049,0.017275293739112022,0.0,2.9,0.18506864018133729,slipped off A,4.638499999997428,0,0,0,0,0,0,0,,,,,,,,sol_ref_T18_m75_phi0.250.pkl_B_joint2deg_strong_6_0.0,B_joint2deg,strong,sol_ref_T18_m75_phi0.250.pkl
sol_ref_T18_m75_phi0.250_B_joint2deg.pkl,18.0,75.0,0.25,impact,1.423615384016302,0.002,0.0005,0.001,1,rest,,0.03,0.2,7,0.0,hit wall,4.759499999997363,0,0.9069686228559883,0.9069686228559883,0.0,1.8792041807672375,,0,0,,,,,,0.002246368250545694,0.02004550589051621,0.0,3.2,0.17097785223214546,hit wall,4.759499999997363,0,0,0,0,0,0,0,,,,,,,,sol_ref_T18_m75_phi0.250.pkl_B_joint2deg_strong_7_0.0,B_joint2deg,strong,sol_ref_T18_m75_phi0.250.pkl
sol_ref_T18_m75_phi0.250_B_joint2deg.pkl,18.0,75.0,0.25,impact,1.423615384016302,0.002,0.0005,0.001,1,rest,,0.03,0.2,8,0.0,slipped off A,4.6429999999974285,0,0.9111068982473122,0.9111068982473122,0.0,1.8373246281836932,,0,0,,,,,,0.0012560012381115926,0.01474964404839435,0.0,3.1,0.11177173731681388,slipped off A,4.6429999999974285,0,0,0,0,0,0,0,,,,,,,,sol_ref_T18_m75_phi0.250.pkl_B_joint2deg_strong_8_0.0,B_joint2deg,strong,sol_ref_T18_m75_phi0.250.pkl
sol_ref_T18_m75_phi0.250_B_joint2deg.pkl,18.0,75.0,0.25,impact,1.423615384016302,0.002,0.0005,0.001,1,rest,,0.03,0.2,9,0.0,hit wall,4.7514999999973675,0,0.9095088150134274,0.9095088150134274,0.0,1.8812338565870435,,0,0,,,,,,0.002034100126797611,0.020021272088187485,0.0,3.0,0.15244223748538271,hit wall,4.7514999999973675,0,0,0,0,0,0,0,,,,,,,,sol_ref_T18_m75_phi0.250.pkl_B_joint2deg_strong_9_0.0,B_joint2deg,strong,sol_ref_T18_m75_phi0.250.pkl
sol_ref_T18_m75_phi0.250_B_cone5.pkl,18.0,75.0,0.25,impact,1.3695040839743933,0.002,0.0005,0.001,1,rest,,0.0,0.0,0,-0.003,lost hook,6.505499999996399,0,2.2065293410154196,1.3401890808204924,2.2065293410154196,3.54263683201901,0.024737054328286722,1,1,5.73949999999682,6.232999999996547,-0.02473221935838099,-0.02473221935838099,-0.0004890628277976156,0.0037767770344254714,0.002584974580404813,0.01709882747901032,4.4,0.04235399294959961,grip capacity exceeded,6.355499999996482,0,0,0,0,0,0,0,5.24849999999709,5.307999999997058,6.233499999996546,6.333499999996494,6.355499999996482,,,sol_ref_T18_m75_phi0.250.pkl_B_cone5_none_0_-0.003,B_cone5,none,sol_ref_T18_m75_phi0.250.pkl
sol_ref_T18_m75_phi0.250_B_cone5.pkl,18.0,75.0,0.25,impact,1.3695040839743933,0.002,0.0005,0.001,1,rest,,0.0,0.0,0,-0.001,lost hook,7.761499999995699,0,1.928436387286709,1.3512801948013902,1.928436387286709,4.47813081575716,0.024169915076332024,1,1,5.741499999996819,6.234499999996544,-0.024145483148301228,-0.024145483148301228,0.0010864797891371246,0.05140845497053284,0.002584974580404813,0.004225954531278296,5.0,0.04235399294959961,lost hook,7.761499999995699,0,0,0,0,0,0,0,5.24849999999709,5.307999999997058,6.274499999996522,6.303499999996507,,,,sol_ref_T18_m75_phi0.250.pkl_B_cone5_none_0_-0.001,B_cone5,none,sol_ref_T18_m75_phi0.250.pkl
sol_ref_T18_m75_phi0.250_B_cone5.pkl,18.0,75.0,0.25,impact,1.3695040839743933,0.002,0.0005,0.001,1,rest,,0.0,0.0,0,0.001,lost hook,7.761499999995699,0,1.8663390693031638,1.3670690342194967,1.8663390693031638,4.4692009626454645,0.024687694132032336,1,1,5.743499999996818,6.236499999996543,-0.02453267155786154,-0.02453267155786154,0.00276229393636434,0.048795802486677226,0.002584974580404813,0.005124774981693725,4.9,0.04235399294959961,lost hook,7.761499999995699,0,0,0,0,0,0,0,5.24849999999709,5.307999999997058,6.275999999996522,6.288999999996516,,,,sol_ref_T18_m75_phi0.250.pkl_B_cone5_none_0_0.001,B_cone5,none,sol_ref_T18_m75_phi0.250.pkl
sol_ref_T18_m75_phi0.250_B_cone5.pkl,18.0,75.0,0.25,impact,1.3695040839743933,0.002,0.0005,0.001,1,rest,,0.01,0.1,4,0.0,hit wall,4.571499999997467,0,0.9664232035300218,0.9664232035300218,0.0,1.8373923921670308,,0,0,,,,,,0.0029879288757351796,0.020174564558449515,0.0,3.0,0.1681048238253363,hit wall,4.571499999997467,0,0,0,0,0,0,0,,,,,,,,sol_ref_T18_m75_phi0.250.pkl_B_cone5_weak_4_0.0,B_cone5,weak,sol_ref_T18_m75_phi0.250.pkl
sol_ref_T18_m75_phi0.250_B_cone5.pkl,18.0,75.0,0.25,impact,1.3695040839743933,0.002,0.0005,0.001,1,rest,,0.01,0.1,1,0.0,hit B's face,6.269999999996525,0,1.3247127285164477,1.3247127285164477,0.0,2.801978548700124,0.030525530802349873,1,0,5.7424999999968165,,,,,0.0036380514220883953,0.009409278298013989,0.0,4.1,0.05518580903285135,hit B's face,6.269999999996525,0,0,0,0,0,0,0,5.251999999997089,5.317999999997053,,,,,,sol_ref_T18_m75_phi0.250.pkl_B_cone5_weak_1_0.0,B_cone5,weak,sol_ref_T18_m75_phi0.250.pkl
sol_ref_T18_m75_phi0.250_B_cone5.pkl,18.0,75.0,0.25,impact,1.3695040839743933,0.002,0.0005,0.001,1,rest,,0.0,0.0,0,0.0,held B,8.235999999995435,1,1.8719130437992064,1.3598728716292743,1.8719130437992064,4.7732459337455095,0.023882089871361534,1,1,5.7424999999968165,6.235499999996545,-0.023817752152559546,-0.023817752152559546,0.0017518273382483443,0.05350481407918656,0.002584974580404813,0.0,6.0,0.04235399294959961,none,,0,0,0,0,1,1,1,5.24849999999709,5.307999999997058,6.274499999996522,6.292999999996514,,,,sol_ref_T18_m75_phi0.250.pkl_B_cone5_none_0_0.0,B_cone5,none,sol_ref_T18_m75_phi0.250.pkl
sol_ref_T18_m75_phi0.250_B_cone5.pkl,18.0,75.0,0.25,impact,1.3695040839743933,0.002,0.0005,0.001,1,rest,,0.0,0.0,0,0.003,held B,8.239499999995438,1,1.8701750719379413,1.3838247251450495,1.8701750719379413,4.854221659500927,0.02442132730372626,1,1,5.745499999996817,6.238999999996544,-0.024294384250863388,-0.024294384250863388,0.002486789325038752,0.049989622699853326,0.002584974580404813,0.22579936037994552,5.4,0.04235399294959961,none,,0,0,0,0,1,1,1,5.24849999999709,5.307999999997058,6.279999999996523,6.292999999996518,,,,sol_ref_T18_m75_phi0.250.pkl_B_cone5_none_0_0.003,B_cone5,none,sol_ref_T18_m75_phi0.250.pkl
sol_ref_T18_m75_phi0.250_B_cone5.pkl,18.0,75.0,0.25,impact,1.3695040839743933,0.002,0.0005,0.001,1,rest,,0.01,0.1,0,0.0,held B,8.235999999995435,1,1.8719130437992064,1.3598728716292743,1.8719130437992064,4.7732459337455095,0.023882089871361534,1,1,5.7424999999968165,6.235499999996545,-0.023817752152559546,-0.023817752152559546,0.0017518273382483443,0.05350481407918656,0.002584974580404813,0.0,5.3,0.04235399294959961,none,,0,0,0,0,1,1,1,5.24849999999709,5.307999999997058,6.274499999996522,6.292999999996514,,,,sol_ref_T18_m75_phi0.250.pkl_B_cone5_weak_0_0.0,B_cone5,weak,sol_ref_T18_m75_phi0.250.pkl
sol_ref_T18_m75_phi0.250_B_cone5.pkl,18.0,75.0,0.25,impact,1.3695040839743933,0.002,0.0005,0.001,1,rest,,0.01,0.1,3,0.0,grip capacity exceeded,6.326499999996496,0,2.5027415952434806,1.3525601065335666,2.5027415952434806,2.966963579592853,0.052856121882661596,1,1,5.7424999999968165,6.248999999996538,-0.01989312747633587,-0.01989312747633587,0.04896971614870796,0.04366638782629639,0.01607409084609837,0.017406805258218465,4.2,0.09742698896731807,grip capacity exceeded,6.311999999996505,0,0,0,0,0,0,0,5.257999999997086,5.317999999997053,6.248999999996538,6.248999999996538,6.311999999996505,6.317999999996502,6.3259999999964975,sol_ref_T18_m75_phi0.250.pkl_B_cone5_weak_3_0.0,B_cone5,weak,sol_ref_T18_m75_phi0.250.pkl
sol_ref_T18_m75_phi0.250_B_cone5.pkl,18.0,75.0,0.25,impact,1.3695040839743933,0.002,0.0005,0.001,1,rest,,0.01,0.1,2,0.0,held B,8.238499999995433,1,2.1748507766620007,1.3661819986045263,2.1748507766620007,4.883470853089326,0.05195913389479622,1,1,5.7424999999968165,6.237999999996543,-0.017704918670398584,-0.017704918670398584,0.048849641247115966,0.20553484683001919,0.047150623782504564,0.12072010683045326,5.3,0.06458100294423033,grip capacity exceeded,6.331499999996492,0,0,0,0,0,1,1,5.254999999997089,5.311999999997056,6.299999999996508,6.309999999996503,6.331499999996492,,,sol_ref_T18_m75_phi0.250.pkl_B_cone5_weak_2_0.0,B_cone5,weak,sol_ref_T18_m75_phi0.250.pkl
sol_ref_T18_m75_phi0.250_B_cone5.pkl,18.0,75.0,0.25,impact,1.3695040839743933,0.002,0.0005,0.001,1,rest,,0.01,0.1,5,0.0,slipped off A,4.708999999997392,0,0.9683346937766755,0.9683346937766755,0.0,1.8959223415558362,,0,0,,,,,,0.0027466169659105533,0.0185580266021157,0.0,3.0,0.2380609284199632,slipped off A,4.708999999997392,0,0,0,0,0,0,0,,,,,,,,sol_ref_T18_m75_phi0.250.pkl_B_cone5_weak_5_0.0,B_cone5,weak,sol_ref_T18_m75_phi0.250.pkl
sol_ref_T18_m75_phi0.250_B_cone5.pkl,18.0,75.0,0.25,impact,1.3695040839743933,0.002,0.0005,0.001,1,rest,,0.03,0.2,4,0.0,hit wall,0.34599999999980824,0,0.7671189685467839,0.7671189685467839,0.0,0.1276177818015342,,0,0,,,,,,0.0,0.020022182174952524,0.0,0.3,0.1922835478928494,hit wall,0.34599999999980824,0,0,0,0,0,0,0,,,,,,,,sol_ref_T18_m75_phi0.250.pkl_B_cone5_strong_4_0.0,B_cone5,strong,sol_ref_T18_m75_phi0.250.pkl
sol_ref_T18_m75_phi0.250_B_cone5.pkl,18.0,75.0,0.25,impact,1.3695040839743933,0.002,0.0005,0.001,1,rest,,0.03,0.2,2,0.0,hit wall,2.4184999999986587,0,0.7574910550479019,0.7574910550479019,0.0,0.8273047631697674,,0,0,,,,,,0.002729454881102482,0.02000369403712458,0.0,1.5,0.19991288997360712,hit wall,2.4184999999986587,0,0,0,0,0,0,0,,,,,,,,sol_ref_T18_m75_phi0.250.pkl_B_cone5_strong_2_0.0,B_cone5,strong,sol_ref_T18_m75_phi0.250.pkl
sol_ref_T18_m75_phi0.250_B_cone5.pkl,18.0,75.0,0.25,impact,1.3695040839743933,0.002,0.0005,0.001,1,rest,,0.01,0.1,8,0.0,hit wall,4.652999999997423,0,0.9647810372372172,0.9647810372372172,0.0,1.8498440124467177,,0,0,,,,,,0.0017708373453531046,0.020164430073209838,0.0,3.0,0.14926402041545356,hit wall,4.652999999997423,0,0,0,0,0,0,0,,,,,,,,sol_ref_T18_m75_phi0.250.pkl_B_cone5_weak_8_0.0,B_cone5,weak,sol_ref_T18_m75_phi0.250.pkl
sol_ref_T18_m75_phi0.250_B_cone5.pkl,18.0,75.0,0.25,impact,1.3695040839743933,0.002,0.0005,0.001,1,rest,,0.03,0.2,0,0.0,hit wall,4.573999999997465,0,0.9651448055955584,0.9651448055955584,0.0,1.8311973511184072,,0,0,,,,,,0.002669934682964503,0.020017465351646446,0.0,2.9,0.14870615563075162,hit wall,4.573999999997465,0,0,0,0,0,0,0,,,,,,,,sol_ref_T18_m75_phi0.250.pkl_B_cone5_strong_0_0.0,B_cone5,strong,sol_ref_T18_m75_phi0.250.pkl
sol_ref_T18_m75_phi0.250_B_cone5.pkl,18.0,75.0,0.25,impact,1.3695040839743933,0.002,0.0005,0.001,1,rest,,0.01,0.1,9,0.0,hit wall,4.648999999997425,0,0.9641533992037616,0.9641533992037616,0.0,1.8441507020131007,,0,0,,,,,,0.0016472241332685655,0.02014351880288834,0.0,3.3,0.13313616161566513,hit wall,4.648999999997425,0,0,0,0,0,0,0,,,,,,,,sol_ref_T18_m75_phi0.250.pkl_B_cone5_weak_9_0.0,B_cone5,weak,sol_ref_T18_m75_phi0.250.pkl
sol_ref_T18_m75_phi0.250_B_cone5.pkl,18.0,75.0,0.25,impact,1.3695040839743933,0.002,0.0005,0.001,1,rest,,0.03,0.2,1,0.0,hit wall,5.013999999997221,0,0.963239657396149,0.963239657396149,0.0,1.9635981524524226,,0,0,,,,,,0.004608728626651182,0.02002264006545212,0.0,3.1,0.12555291720678818,hit wall,5.013999999997221,0,0,0,0,0,0,0,,,,,,,,sol_ref_T18_m75_phi0.250.pkl_B_cone5_strong_1_0.0,B_cone5,strong,sol_ref_T18_m75_phi0.250.pkl
sol_ref_T18_m75_phi0.250_B_cone5.pkl,18.0,75.0,0.25,impact,1.3695040839743933,0.002,0.0005,0.001,1,rest,,0.03,0.2,3,0.0,hit wall,4.807999999997335,0,0.9667829229341502,0.9667829229341502,0.0,1.9101118910529085,,0,0,,,,,,0.002227446154683288,0.0200371811806544,0.0,3.0,0.17621396704536393,hit wall,4.807999999997335,0,0,0,0,0,0,0,,,,,,,,sol_ref_T18_m75_phi0.250.pkl_B_cone5_strong_3_0.0,B_cone5,strong,sol_ref_T18_m75_phi0.250.pkl
sol_ref_T18_m75_phi0.250_B_cone5.pkl,18.0,75.0,0.25,impact,1.3695040839743933,0.002,0.0005,0.001,1,rest,,0.01,0.1,7,0.0,hit B's face,6.285499999996517,0,1.2944870667446793,1.2944870667446793,0.0,2.7847152692845856,0.05992843418135008,1,0,5.7424999999968165,,,,,0.0063823023992637395,0.011102576359899804,0.0,5.0,0.07414288752236864,hit B's face,6.285499999996517,0,0,0,0,0,0,0,5.24999999999709,5.728999999996827,,,,,,sol_ref_T18_m75_phi0.250.pkl_B_cone5_weak_7_0.0,B_cone5,weak,sol_ref_T18_m75_phi0.250.pkl
sol_ref_T18_m75_phi0.250_B_cone5.pkl,18.0,75.0,0.25,impact,1.3695040839743933,0.002,0.0005,0.001,1,rest,,0.03,0.2,5,0.0,slipped off A,4.7169999999973875,0,0.9678245038755694,0.9678245038755694,0.0,1.8922032555880932,,0,0,,,,,,0.0025582785769812932,0.01660262163278472,0.0,3.0,0.2180431219287552,slipped off A,4.7169999999973875,0,0,0,0,0,0,0,,,,,,,,sol_ref_T18_m75_phi0.250.pkl_B_cone5_strong_5_0.0,B_cone5,strong,sol_ref_T18_m75_phi0.250.pkl
sol_ref_T18_m75_phi0.250_B_cone5.pkl,18.0,75.0,0.25,impact,1.3695040839743933,0.002,0.0005,0.001,1,rest,,0.01,0.1,6,0.0,held B,8.235999999995435,1,1.8719130437992064,1.3598728716292743,1.8719130437992064,4.7732459337455095,0.023882089871361534,1,1,5.7424999999968165,6.235499999996545,-0.023817752152559546,-0.023817752152559546,0.0017518273382483443,0.05350481407918656,0.002584974580404813,0.0,5.5,0.04235399294959961,none,,0,0,0,0,1,1,1,5.24849999999709,5.307999999997058,6.274499999996522,6.292999999996514,,,,sol_ref_T18_m75_phi0.250.pkl_B_cone5_weak_6_0.0,B_cone5,weak,sol_ref_T18_m75_phi0.250.pkl
sol_ref_T18_m75_phi0.250_B_cone5.pkl,18.0,75.0,0.25,impact,1.3695040839743933,0.002,0.0005,0.001,1,rest,,0.03,0.2,6,0.0,slipped off A,4.709499999997391,0,0.9678128528605885,0.9678128528605885,0.0,1.8925326273630712,,0,0,,,,,,0.002560274319760275,0.017244382162309863,0.0,3.2,0.22618910286859722,slipped off A,4.709499999997391,0,0,0,0,0,0,0,,,,,,,,sol_ref_T18_m75_phi0.250.pkl_B_cone5_strong_6_0.0,B_cone5,strong,sol_ref_T18_m75_phi0.250.pkl
sol_ref_T18_m75_phi0.250_B_cone5.pkl,18.0,75.0,0.25,impact,1.3695040839743933,0.002,0.0005,0.001,1,rest,,0.03,0.2,7,0.0,hit wall,4.818999999997331,0,0.9668563613671389,0.9668563613671389,0.0,1.9079356704761328,,0,0,,,,,,0.002233257803920752,0.020005797528362745,0.0,3.0,0.1633816207006314,hit wall,4.818999999997331,0,0,0,0,0,0,0,,,,,,,,sol_ref_T18_m75_phi0.250.pkl_B_cone5_strong_7_0.0,B_cone5,strong,sol_ref_T18_m75_phi0.250.pkl
sol_ref_T18_m75_phi0.250_B_cone5.pkl,18.0,75.0,0.25,impact,1.3695040839743933,0.002,0.0005,0.001,1,rest,,0.03,0.2,8,0.0,hit wall,4.5984999999974505,0,0.9633040337361737,0.9633040337361737,0.0,1.8243242094746412,,0,0,,,,,,0.0017193620517106378,0.020047895441422492,0.0,3.0,0.11289693766151998,hit wall,4.5984999999974505,0,0,0,0,0,0,0,,,,,,,,sol_ref_T18_m75_phi0.250.pkl_B_cone5_strong_8_0.0,B_cone5,strong,sol_ref_T18_m75_phi0.250.pkl
sol_ref_T18_m75_phi0.250_B_cone5.pkl,18.0,75.0,0.25,impact,1.3695040839743933,0.002,0.0005,0.001,1,rest,,0.03,0.2,9,0.0,hit wall,4.813999999997332,0,0.96628066971965,0.96628066971965,0.0,1.9104078335168064,,0,0,,,,,,0.002072453409945302,0.020048273334744123,0.0,3.1,0.16939401108854016,hit wall,4.813999999997332,0,0,0,0,0,0,0,,,,,,,,sol_ref_T18_m75_phi0.250.pkl_B_cone5_strong_9_0.0,B_cone5,strong,sol_ref_T18_m75_phi0.250.pkl
sol_ref_T18_m75_phi0.250_B_cone10.pkl,18.0,75.0,0.25,impact,1.3848059380398556,0.002,0.0005,0.001,1,rest,,0.0,0.0,0,-0.003,grip capacity exceeded,6.305499999996506,0,2.500945577835666,1.3563739704120927,2.500945577835666,3.2198868582410434,0.02396982505118328,1,1,5.661499999996863,6.159499999996587,-0.023798335129578074,-0.023798335129578074,0.002862124743022868,0.08374999403963568,0.002197849055205337,0.0,4.1,0.0478075935081941,grip capacity exceeded,6.260999999996532,0,0,0,0,0,0,0,5.174499999997131,5.229999999997101,6.249999999996536,6.254499999996533,6.260999999996532,6.276999999996523,6.304999999996507,sol_ref_T18_m75_phi0.250.pkl_B_cone10_none_0_-0.003,B_cone10,none,sol_ref_T18_m75_phi0.250.pkl
sol_ref_T18_m75_phi0.250_B_cone10.pkl,18.0,75.0,0.25,impact,1.3848059380398556,0.002,0.0005,0.001,1,rest,,0.0,0.0,0,0.0,lost hook,7.64849999999576,0,1.889849447764074,1.3700724171226655,1.889849447764074,4.464070134870523,0.026002402576721328,1,1,5.66449999999686,6.160499999996585,-0.024616896394010546,-0.024616896394010546,0.00837456576118634,0.050463826936464895,0.002197849055205337,0.0004339025168912172,5.3,0.0478075935081941,lost hook,7.64849999999576,0,0,0,0,0,0,0,5.174499999997131,5.229999999997101,6.160499999996585,6.160499999996585,,,,sol_ref_T18_m75_phi0.250.pkl_B_cone10_none_0_0.0,B_cone10,none,sol_ref_T18_m75_phi0.250.pkl
sol_ref_T18_m75_phi0.250_B_cone10.pkl,18.0,75.0,0.25,impact,1.3848059380398556,0.002,0.0005,0.001,1,rest,,0.0,0.0,0,-0.001,lost hook,7.8314999999956605,0,2.355134441132743,1.3664465788544986,2.355134441132743,4.669997802091161,0.025207498015238854,1,1,5.663499999996862,6.159999999996586,-0.02426086522342663,-0.02426086522342663,0.006843126098428922,0.3999984235136634,0.06577354206395913,0.11131415481709397,4.9,0.0478075935081941,grip capacity exceeded,7.299499999995955,0,0,0,0,0,0,0,5.174499999997131,5.229999999997101,6.159999999996586,6.250999999996537,7.299499999995955,7.303499999995953,,sol_ref_T18_m75_phi0.250.pkl_B_cone10_none_0_-0.001,B_cone10,none,sol_ref_T18_m75_phi0.250.pkl
sol_ref_T18_m75_phi0.250_B_cone10.pkl,18.0,75.0,0.25,impact,1.3848059380398556,0.002,0.0005,0.001,1,rest,,0.01,0.1,4,0.0,hit wall,4.609499999997446,0,0.9313878952758842,0.9313878952758842,0.0,1.8383373092715878,,0,0,,,,,,0.0020015398100744486,0.02009549957512896,0.0,2.9,0.18969456756844139,hit wall,4.609499999997446,0,0,0,0,0,0,0,,,,,,,,sol_ref_T18_m75_phi0.250.pkl_B_cone10_weak_4_0.0,B_cone10,weak,sol_ref_T18_m75_phi0.250.pkl
sol_ref_T18_m75_phi0.250_B_cone10.pkl,18.0,75.0,0.25,impact,1.3848059380398556,0.002,0.0005,0.001,1,rest,,0.01,0.1,1,0.0,hit B's face,6.196999999996567,0,1.3322112130057153,1.3322112130057153,0.0,2.780080389797873,0.033838653960331616,1,0,5.66449999999686,,,,,0.0005972269842001721,0.009522081584359913,0.0,4.1,0.05887375264151329,hit B's face,6.196999999996567,0,0,0,0,0,0,0,5.17799999999713,5.239999999997096,,,,,,sol_ref_T18_m75_phi0.250.pkl_B_cone10_weak_1_0.0,B_cone10,weak,sol_ref_T18_m75_phi0.250.pkl
sol_ref_T18_m75_phi0.250_B_cone10.pkl,18.0,75.0,0.25,impact,1.3848059380398556,0.002,0.0005,0.001,1,rest,,0.0,0.0,0,0.003,lost hook,7.681499999995744,0,1.9079062402269018,1.3934206881936129,1.9079062402269018,4.471581095945686,0.025402660974250296,1,1,5.66749999999686,6.163499999996585,-0.023850343449828504,-0.023850343449828504,0.008743929431206637,0.049971802276100125,0.002197849055205337,0.0035608521750215352,4.9,0.0478075935081941,lost hook,7.681499999995744,0,0,0,0,0,0,0,5.174499999997131,5.229999999997101,6.163499999996585,6.163499999996585,,,,sol_ref_T18_m75_phi0.250.pkl_B_cone10_none_0_0.003,B_cone10,none,sol_ref_T18_m75_phi0.250.pkl
sol_ref_T18_m75_phi0.250_B_cone10.pkl,18.0,75.0,0.25,impact,1.3848059380398556,0.002,0.0005,0.001,1,rest,,0.01,0.1,0,0.0,lost hook,7.64849999999576,0,1.889849447764074,1.3700724171226655,1.889849447764074,4.464070134870523,0.026002402576721328,1,1,5.66449999999686,6.160499999996585,-0.024616896394010546,-0.024616896394010546,0.00837456576118634,0.050463826936464895,0.002197849055205337,0.0004339025168912172,5.0,0.0478075935081941,lost hook,7.64849999999576,0,0,0,0,0,0,0,5.174499999997131,5.229999999997101,6.160499999996585,6.160499999996585,,,,sol_ref_T18_m75_phi0.250.pkl_B_cone10_weak_0_0.0,B_cone10,weak,sol_ref_T18_m75_phi0.250.pkl
sol_ref_T18_m75_phi0.250_B_cone10.pkl,18.0,75.0,0.25,impact,1.3848059380398556,0.002,0.0005,0.001,1,rest,,0.0,0.0,0,0.001,lost hook,7.68749999999574,0,1.9513850811740516,1.3772338612157111,1.9513850811740516,4.469536110851898,0.025788042801542236,1,1,5.665499999996861,6.161499999996586,-0.02428209572704132,-0.02428209572704132,0.008683488851664171,0.050135478037379416,0.002197849055205337,0.004904359869915914,5.4,0.0478075935081941,lost hook,7.68749999999574,0,0,0,0,0,0,0,5.174499999997131,5.229999999997101,6.161499999996586,6.161499999996586,,,,sol_ref_T18_m75_phi0.250.pkl_B_cone10_none_0_0.001,B_cone10,none,sol_ref_T18_m75_phi0.250.pkl
sol_ref_T18_m75_phi0.250_B_cone10.pkl,18.0,75.0,0.25,impact,1.3848059380398556,0.002,0.0005,0.001,1,rest,,0.01,0.1,2,0.0,grip capacity exceeded,6.284499999996516,0,2.509372366144193,1.3547065285732893,2.509372366144193,3.1209625493895126,0.04663045527195932,1,1,5.66449999999686,6.169499999996582,-0.023906609292826175,-0.023906609292826175,0.04003590127610912,0.05014038604123295,0.01144614639864278,0.011278733270705164,4.5,0.06955557171088372,grip capacity exceeded,6.2404999999965405,0,0,0,0,0,0,0,5.179999999997129,5.237999999997097,6.169499999996582,6.169499999996582,6.2404999999965405,6.271499999996525,6.283999999996517,sol_ref_T18_m75_phi0.250.pkl_B_cone10_weak_2_0.0,B_cone10,weak,sol_ref_T18_m75_phi0.250.pkl
sol_ref_T18_m75_phi0.250_B_cone10.pkl,18.0,75.0,0.25,impact,1.3848059380398556,0.002,0.0005,0.001,1,rest,,0.01,0.1,3,0.0,grip capacity exceeded,6.247499999996538,0,2.505351053983115,1.335727788626463,2.505351053983115,2.9471118813085164,0.024342643184578006,1,1,5.66449999999686,6.193999999996567,-0.024051103649666228,-0.024051103649666228,0.0037561536769272173,0.04209752030210412,0.017553135859657353,0.0,4.4,0.10798327491636779,grip capacity exceeded,6.229999999996547,0,0,0,0,0,0,0,5.183999999997127,5.2459999999970925,6.224999999996552,6.2274999999965495,6.229999999996547,6.232999999996547,6.2469999999965395,sol_ref_T18_m75_phi0.250.pkl_B_cone10_weak_3_0.0,B_cone10,weak,sol_ref_T18_m75_phi0.250.pkl
sol_ref_T18_m75_phi0.250_B_cone10.pkl,18.0,75.0,0.25,impact,1.3848059380398556,0.002,0.0005,0.001,1,rest,,0.03,0.2,4,0.0,hit wall,0.3164999999998237,0,0.7583490617611068,0.7583490617611068,0.0,0.12164457345410963,,0,0,,,,,,0.0,0.020014754619566623,0.0,0.2,0.1856408262108893,hit wall,0.3164999999998237,0,0,0,0,0,0,0,,,,,,,,sol_ref_T18_m75_phi0.250.pkl_B_cone10_strong_4_0.0,B_cone10,strong,sol_ref_T18_m75_phi0.250.pkl
sol_ref_T18_m75_phi0.250_B_cone10.pkl,18.0,75.0,0.25,impact,1.3848059380398556,0.002,0.0005,0.001,1,rest,,0.01,0.1,5,0.0,hit wall,4.697499999997397,0,0.931163887510991,0.931163887510991,0.0,1.8775793057107637,,0,0,,,,,,0.002413415393220819,0.020053918187270713,0.0,3.2,0.22367788115659512,hit wall,4.697499999997397,0,0,0,0,0,0,0,,,,,,,,sol_ref_T18_m75_phi0.250.pkl_B_cone10_weak_5_0.0,B_cone10,weak,sol_ref_T18_m75_phi0.250.pkl
sol_ref_T18_m75_phi0.250_B_cone10.pkl,18.0,75.0,0.25,impact,1.3848059380398556,0.002,0.0005,0.001,1,rest,,0.01,0.1,9,0.0,hit wall,4.791999999997344,0,0.9288829292427536,0.9288829292427536,0.0,1.8907797647162887,,0,0,,,,,,0.0012678921687359068,0.02000417665267393,0.0,3.0,0.13325383409891456,hit wall,4.791999999997344,0,0,0,0,0,0,0,,,,,,,,sol_ref_T18_m75_phi0.250.pkl_B_cone10_weak_9_0.0,B_cone10,weak,sol_ref_T18_m75_phi0.250.pkl
sol_ref_T18_m75_phi0.250_B_cone10.pkl,18.0,75.0,0.25,impact,1.3848059380398556,0.002,0.0005,0.001,1,rest,,0.01,0.1,8,0.0,hit wall,4.758999999997364,0,0.9292588946757482,0.9292588946757482,0.0,1.8816856096309966,,0,0,,,,,,0.0014624658831864645,0.020013259338372245,0.0,3.1,0.15103440131717707,hit wall,4.758999999997364,0,0,0,0,0,0,0,,,,,,,,sol_ref_T18_m75_phi0.250.pkl_B_cone10_weak_8_0.0,B_cone10,weak,sol_ref_T18_m75_phi0.250.pkl
sol_ref_T18_m75_phi0.250_B_cone10.pkl,18.0,75.0,0.25,impact,1.3848059380398556,0.002,0.0005,0.001,1,rest,,0.03,0.2,0,0.0,hit wall,4.598999999997453,0,0.9303979200703344,0.9303979200703344,0.0,1.8270559428558029,,0,0,,,,,,0.001813575584456495,0.02014752706534978,0.0,3.1,0.16461262307413793,hit wall,4.598999999997453,0,0,0,0,0,0,0,,,,,,,,sol_ref_T18_m75_phi0.250.pkl_B_cone10_strong_0_0.0,B_cone10,strong,sol_ref_T18_m75_phi0.250.pkl
sol_ref_T18_m75_phi0.250_B_cone10.pkl,18.0,75.0,0.25,impact,1.3848059380398556,0.002,0.0005,0.001,1,rest,,0.03,0.2,2,0.0,hit wall,4.476499999997518,0,0.9392643218478126,0.9392643218478126,0.0,1.8219683898854449,,0,0,,,,,,0.0037440357368963006,0.02037222793329746,0.0,2.8,0.2180441304566586,hit wall,4.476499999997518,0,0,0,0,0,0,0,,,,,,,,sol_ref_T18_m75_phi0.250.pkl_B_cone10_strong_2_0.0,B_cone10,strong,sol_ref_T18_m75_phi0.250.pkl
sol_ref_T18_m75_phi0.250_B_cone10.pkl,18.0,75.0,0.25,impact,1.3848059380398556,0.002,0.0005,0.001,1,rest,,0.03,0.2,3,0.0,hit wall,4.750499999997366,0,0.9284742983977281,0.9284742983977281,0.0,1.8749594404147862,,0,0,,,,,,0.0019393292767695969,0.020014676977640807,0.0,3.0,0.15812332308376648,hit wall,4.750499999997366,0,0,0,0,0,0,0,,,,,,,,sol_ref_T18_m75_phi0.250.pkl_B_cone10_strong_3_0.0,B_cone10,strong,sol_ref_T18_m75_phi0.250.pkl
sol_ref_T18_m75_phi0.250_B_cone10.pkl,18.0,75.0,0.25,impact,1.3848059380398556,0.002,0.0005,0.001,1,rest,,0.03,0.2,1,0.0,hit wall,4.944499999997259,0,0.9251536344996524,0.9251536344996524,0.0,1.9302467308091105,,0,0,,,,,,0.002138196431646311,0.020006410603197963,0.0,3.2,0.12360643707613295,hit wall,4.944499999997259,0,0,0,0,0,0,0,,,,,,,,sol_ref_T18_m75_phi0.250.pkl_B_cone10_strong_1_0.0,B_cone10,strong,sol_ref_T18_m75_phi0.250.pkl
sol_ref_T18_m75_phi0.250_B_cone10.pkl,18.0,75.0,0.25,impact,1.3848059380398556,0.002,0.0005,0.001,1,rest,,0.01,0.1,7,0.0,hit B's face,6.2059999999965605,0,1.3172674513469818,1.3172674513469818,0.0,2.7651199349407163,0.05448324162368095,1,0,5.66449999999686,,,,,0.0021400595467868655,0.009789824266528743,0.0,4.4,0.06950356980022843,hit B's face,6.2059999999965605,0,0,0,0,0,0,0,5.175999999997131,5.241999999997095,,,,,,sol_ref_T18_m75_phi0.250.pkl_B_cone10_weak_7_0.0,B_cone10,weak,sol_ref_T18_m75_phi0.250.pkl
sol_ref_T18_m75_phi0.250_B_cone10.pkl,18.0,75.0,0.25,impact,1.3848059380398556,0.002,0.0005,0.001,1,rest,,0.03,0.2,5,0.0,hit wall,4.708999999997392,0,0.9304056191152414,0.9304056191152414,0.0,1.8749751495101292,,0,0,,,,,,0.002226060445263911,0.020047485242965953,0.0,3.0,0.20599665192016892,hit wall,4.708999999997392,0,0,0,0,0,0,0,,,,,,,,sol_ref_T18_m75_phi0.250.pkl_B_cone10_strong_5_0.0,B_cone10,strong,sol_ref_T18_m75_phi0.250.pkl
sol_ref_T18_m75_phi0.250_B_cone10.pkl,18.0,75.0,0.25,impact,1.3848059380398556,0.002,0.0005,0.001,1,rest,,0.01,0.1,6,0.0,lost hook,7.64849999999576,0,1.889849447764074,1.3700724171226655,1.889849447764074,4.464070134870523,0.026002402576721328,1,1,5.66449999999686,6.160499999996585,-0.024616896394010546,-0.024616896394010546,0.00837456576118634,0.050463826936464895,0.002197849055205337,0.0004339025168912172,5.2,0.0478075935081941,lost hook,7.64849999999576,0,0,0,0,0,0,0,5.174499999997131,5.229999999997101,6.160499999996585,6.160499999996585,,,,sol_ref_T18_m75_phi0.250.pkl_B_cone10_weak_6_0.0,B_cone10,weak,sol_ref_T18_m75_phi0.250.pkl
sol_ref_T18_m75_phi0.250_B_cone10.pkl,18.0,75.0,0.25,impact,1.3848059380398556,0.002,0.0005,0.001,1,rest,,0.03,0.2,6,0.0,hit wall,4.703999999997393,0,0.9308949090169626,0.9308949090169626,0.0,1.876868578502443,,0,0,,,,,,0.002258826004792547,0.02013532606103391,0.0,3.2,0.21422532524598917,hit wall,4.703999999997393,0,0,0,0,0,0,0,,,,,,,,sol_ref_T18_m75_phi0.250.pkl_B_cone10_strong_6_0.0,B_cone10,strong,sol_ref_T18_m75_phi0.250.pkl
sol_ref_T18_m75_phi0.250_B_cone10.pkl,18.0,75.0,0.25,impact,1.3848059380398556,0.002,0.0005,0.001,1,rest,,0.03,0.2,9,0.0,hit wall,4.755499999997365,0,0.928396926967948,0.928396926967948,0.0,1.8754478846871754,,0,0,,,,,,0.0018100150891500189,0.02008735449853582,0.0,2.2,0.1535916826570642,hit wall,4.755499999997365,0,0,0,0,0,0,0,,,,,,,,sol_ref_T18_m75_phi0.250.pkl_B_cone10_strong_9_0.0,B_cone10,strong,sol_ref_T18_m75_phi0.250.pkl
sol_ref_T18_m75_phi0.250_B_cone10.pkl,18.0,75.0,0.25,impact,1.3848059380398556,0.002,0.0005,0.001,1,rest,,0.03,0.2,7,0.0,hit wall,4.76399999999736,0,0.9275478552958787,0.9275478552958787,0.0,1.8736976901592417,,0,0,,,,,,0.0021180809592005745,0.02011440316906926,0.0,2.6,0.16962734111611866,hit wall,4.76399999999736,0,0,0,0,0,0,0,,,,,,,,sol_ref_T18_m75_phi0.250.pkl_B_cone10_strong_7_0.0,B_cone10,strong,sol_ref_T18_m75_phi0.250.pkl
sol_ref_T18_m75_phi0.250_B_cone10.pkl,18.0,75.0,0.25,impact,1.3848059380398556,0.002,0.0005,0.001,1,rest,,0.03,0.2,8,0.0,hit wall,4.625499999997437,0,0.9286500528869227,0.9286500528869227,0.0,1.8231747432254382,,0,0,,,,,,0.0011239386319715772,0.020038253813312257,0.0,2.9,0.11519331252544741,hit wall,4.625499999997437,0,0,0,0,0,0,0,,,,,,,,sol_ref_T18_m75_phi0.250.pkl_B_cone10_strong_8_0.0,B_cone10,strong,sol_ref_T18_m75_phi0.250.pkl
