time,success,reason,t,U_peak,release_time,phi_release,d_min,T,m
1790783227.3328986,0,hit wall,0.032,0.498,0.0,0.9302476401419209,2.0715152929646248,18.0,66.0
1790783227.4089565,0,slipped off A,0.17,1.4776,,,,18.0,66.0
1790783227.475538,0,hit wall,0.21,1.4466,0.17999999999999616,0.9402476401419206,2.061513455290727,18.0,66.0
1790783227.4817681,0,slipped off A,0.276,1.699,,,,18.0,66.0
1790783227.4965734,0,grip capacity exceeded,0.282,2.8706,,,,18.0,66.0
1790783227.5102165,0,grip capacity exceeded,0.314,2.342,,,,18.0,66.0
1790783227.5205855,0,slipped off A,0.33,1.4752,,,,18.0,66.0
1790783227.5516558,0,grip capacity exceeded,0.07,2.0461,,,,18.0,66.0
1790783227.5738735,0,grip capacity exceeded,0.122,2.2261,,,,18.0,66.0
1790783227.5838315,0,grip capacity exceeded,0.252,2.0251,,,,18.0,66.0
1790783227.6026418,0,grip capacity exceeded,0.19,2.1386,,,,18.0,66.0
1790783227.610497,0,slipped off A,0.15,1.4912,,,,18.0,66.0
1790783227.6572802,0,grip capacity exceeded,0.538,2.6887,,,,18.0,66.0
1790783227.6630673,0,grip capacity exceeded,0.076,2.313,,,,18.0,66.0
1790783227.7009115,0,grip capacity exceeded,0.632,2.2799,,,,18.0,66.0
1790783227.7196293,0,grip capacity exceeded,0.09,2.0067,,,,18.0,66.0
1790783227.7708426,0,slipped off A,0.29,1.3916,,,,18.0,66.0
1790783227.7911806,0,grip capacity exceeded,0.374,2.245,,,,18.0,66.0
1790783227.7937303,0,grip capacity exceeded,0.354,2.1039,,,,18.0,66.0
1790783227.813735,0,grip capacity exceeded,0.488,2.4522,,,,18.0,66.0
1790783227.8605342,0,slipped off A,0.296,1.6142,,,,18.0,66.0
1790783227.9060862,0,slipped off A,0.222,1.162,,,,18.0,66.0
1790783227.9126637,0,hit wall,0.652,1.4433,0.6199999999999868,0.9646920845863646,2.0383448490493494,18.0,66.0
1790783227.918711,0,slipped off A,0.51,1.279,,,,18.0,66.0
1790783227.9300826,0,grip capacity exceeded,0.238,2.0383,,,,18.0,66.0
1790783227.9328425,0,slipped off A,0.42,1.8496,,,,18.0,66.0
1790783227.9885798,0,slipped off A,0.41,1.7263,,,,18.0,66.0
1790783227.9928558,0,grip capacity exceeded,0.134,2.0963,,,,18.0,66.0
1790783228.0077846,0,slipped off A,0.22,0.961,,,,18.0,66.0
1790783228.0200942,0,hit wall,0.33,0.8505,0.1599999999999966,0.9391365290308096,1.979223243103201,18.0,66.0
1790783228.0352948,0,slipped off A,0.25,1.1488,,,,18.0,66.0
1790783228.0352952,0,grip capacity exceeded,0.278,2.7844,,,,18.0,66.0
1790783228.046904,0,grip capacity exceeded,0.258,2.5537,,,,18.0,66.0
1790783228.0846965,0,grip capacity exceeded,0.666,2.1229,,,,18.0,66.0
1790783228.0872126,0,grip capacity exceeded,0.154,3.0494,,,,18.0,66.0
1790783228.139871,0,grip capacity exceeded,0.3,2.0788,,,,18.0,66.0
1790783228.1670227,0,slipped off A,0.37,1.2096,,,,18.0,66.0
1790783228.1670227,0,grip capacity exceeded,0.252,2.9944,,,,18.0,66.0
1790783228.1670973,0,slipped off A,0.27,1.3635,,,,18.0,66.0
1790783228.1925986,0,missed B,0.43,0.8289,0.0799999999999983,0.9346920845863652,1.3124193006091973,18.0,66.0
1790783228.2189753,0,grip capacity exceeded,0.142,2.0832,,,,18.0,66.0
1790783228.2236896,0,slipped off A,0.266,1.2028,,,,18.0,66.0
1790783228.2756803,0,slipped off A,0.49,1.7172,,,,18.0,66.0
1790783228.3000708,0,grip capacity exceeded,0.254,2.8023,,,,18.0,66.0
1790783228.3417742,0,grip capacity exceeded,0.068,2.009,,,,18.0,66.0
1790783228.391957,0,slipped off A,0.19,1.0045,,,,18.0,66.0
1790783228.3992236,0,grip capacity exceeded,0.59,2.1213,,,,18.0,66.0
1790783228.420221,0,grip capacity exceeded,0.35,2.0035,,,,18.0,66.0
1790783228.4404047,0,missed B,0.504,0.8338,0.13999999999999702,0.9380254179196985,1.1955952232198055,18.0,66.0
1790783228.4419053,0,hit wall,0.446,1.4405,0.33999999999999275,0.9491365290308094,1.9249790712509018,18.0,66.0
1790783228.449812,0,grip capacity exceeded,0.418,2.4689,,,,18.0,66.0
1790783228.4745069,0,hit wall,0.238,1.3164,0.19999999999999574,0.9413587512530318,2.0603733586837625,18.0,66.0
1790783228.4759746,0,missed B,0.57,0.7016,0.05999999999999872,0.9335809734752541,1.2811695615313863,18.0,66.0
1790783228.481814,0,slipped off A,0.07,1.4094,,,,18.0,66.0
1790783228.4897385,0,grip capacity exceeded,0.162,2.0245,,,,18.0,66.0
1790783228.52947,0,grip capacity exceeded,0.08,2.0138,,,,18.0,66.0
1790783228.5468051,0,slipped off A,0.26,0.95,,,,18.0,66.0
1790783228.5588434,0,grip capacity exceeded,0.33,2.5993,,,,18.0,66.0
1790783228.5653353,0,grip capacity exceeded,0.188,2.4677,,,,18.0,66.0
1790783228.56799,0,slipped off A,0.222,1.6495,,,,18.0,66.0
1790783228.6315274,0,grip capacity exceeded,0.32,2.3458,,,,18.0,66.0
1790783228.6320455,0,slipped off A,0.154,1.3041,,,,18.0,66.0
1790783228.6556516,0,slipped off A,0.184,1.1993,,,,18.0,66.0
1790783228.662708,0,hit wall,0.4,1.2285,0.25999999999999446,0.944692084586365,1.9647173380900864,18.0,66.0
1790783228.704665,0,grip capacity exceeded,0.13,2.3185,,,,18.0,66.0
1790783228.751014,0,missed B,0.61,1.2242,0.13999999999999702,0.9380254179196985,1.249835997634995,18.0,66.0
1790783228.763808,0,grip capacity exceeded,0.384,2.4543,,,,18.0,66.0
1790783228.769651,0,slipped off A,0.27,1.2115,,,,18.0,66.0
1790783228.8075469,0,grip capacity exceeded,0.046,2.0341,,,,18.0,66.0
1790783228.8317976,0,grip capacity exceeded,0.334,2.135,,,,18.0,66.0
1790783228.8731027,0,slipped off A,0.67,1.623,,,,18.0,66.0
1790783228.8902442,0,grip capacity exceeded,0.316,2.0048,,,,18.0,66.0
1790783228.9009624,0,missed B,0.774,1.0583,0.41999999999999105,0.9535809734752537,1.2481395374399102,18.0,66.0
1790783228.9426892,0,slipped off A,0.35,1.0181,,,,18.0,66.0
1790783228.9533474,0,hit wall,0.548,1.5812,0.49999999999998934,0.9580254179196981,2.044388700696289,18.0,66.0
1790783228.9607542,0,grip capacity exceeded,0.292,2.2734,,,,18.0,66.0
1790783228.9834871,0,grip capacity exceeded,0.118,3.2619,,,,18.0,66.0
1790783228.9894376,0,grip capacity exceeded,0.158,2.6616,,,,18.0,66.0
1790783229.0003936,0,hit wall,0.036,0.498,0.0,0.9302476401419209,2.071376729782247,18.0,66.0
1790783229.0187173,0,slipped off A,0.338,1.2445,,,,18.0,66.0
1790783229.0273702,0,grip capacity exceeded,0.254,2.0517,,,,18.0,66.0
1790783229.0677917,0,slipped off A,0.65,1.8795,,,,18.0,66.0
1790783229.0740354,0,grip capacity exceeded,0.2,2.0569,,,,18.0,66.0
1790783229.168547,0,grip capacity exceeded,0.16,2.1213,,,,18.0,66.0
1790783229.176838,0,hit wall,0.238,1.106,0.0799999999999983,0.9346920845863652,1.98381682889918,18.0,66.0
1790783229.1861305,0,slipped off A,0.226,1.7687,,,,18.0,66.0
1790783229.2042081,0,slipped off A,0.176,1.7166,,,,18.0,66.0
1790783229.2177057,0,slipped off A,0.374,1.7064,,,,18.0,66.0
1790783229.2407846,0,slipped off A,0.3,1.2455,,,,18.0,66.0
1790783229.2467597,0,slipped off A,0.43,1.677,,,,18.0,66.0
1790783229.266596,0,hit wall,0.11,0.6504,0.05999999999999872,0.9335809734752541,2.0670888123455122,18.0,66.0
1790783229.2670462,0,grip capacity exceeded,0.384,2.0593,,,,18.0,66.0
1790783229.2725272,0,grip capacity exceeded,0.132,2.4111,,,,18.0,66.0
1790783229.2820377,0,slipped off A,0.148,1.7748,,,,18.0,66.0
1790783229.3070052,0,slipped off A,0.09,1.1493,,,,18.0,66.0
1790783229.3394873,0,grip capacity exceeded,0.14,2.0943,,,,18.0,66.0
1790783229.3524516,0,slipped off A,0.194,1.4761,,,,18.0,66.0
1790783229.362734,0,grip capacity exceeded,0.128,2.6599,,,,18.0,66.0
1790783229.3746417,0,grip capacity exceeded,0.254,2.1494,,,,18.0,66.0
1790783229.4248047,0,grip capacity exceeded,0.172,2.0214,,,,18.0,66.0
1790783229.4637237,0,grip capacity exceeded,0.166,2.4614,,,,18.0,66.0
1790783229.4912746,0,grip capacity exceeded,0.358,2.4507,,,,18.0,66.0
1790783229.5585375,0,grip capacity exceeded,0.492,3.002,,,,18.0,66.0
1790783229.569736,0,hit wall,0.338,1.2554,0.25999999999999446,0.944692084586365,2.057049058814408,18.0,66.0
1790783229.5803223,0,grip capacity exceeded,0.39,2.3004,,,,18.0,66.0
1790783229.6132545,0,hit wall,0.042,0.498,0.0,0.9302476401419209,2.071453179187342,18.0,66.0
1790783229.640544,0,hit wall,0.344,1.8719,0.19999999999999574,0.9413587512530318,1.871119751110687,18.0,66.0
1790783229.6722856,0,grip capacity exceeded,0.118,2.5377,,,,18.0,66.0
1790783229.674713,0,slipped off A,0.63,1.5088,,,,18.0,66.0
1790783229.6747131,0,hit wall,0.034,0.498,0.0,0.9302476401419209,2.071476540154999,18.0,66.0
1790783229.7008145,0,hit wall,0.178,1.0885,0.0799999999999983,0.9346920845863652,1.960541581436508,18.0,66.0
1790783229.741684,0,grip capacity exceeded,0.096,2.5438,,,,18.0,66.0
1790783229.7498214,0,slipped off A,0.19,1.1579,,,,18.0,66.0
1790783229.7582755,0,hit wall,0.65,1.3292,0.6199999999999868,0.9646920845863646,2.038428100170037,18.0,66.0
1790783229.7953799,0,slipped off A,0.496,1.1637,,,,18.0,66.0
1790783229.8528168,0,grip capacity exceeded,0.174,2.3907,,,,18.0,66.0
1790783229.870302,0,slipped off A,0.304,1.822,,,,18.0,66.0
1790783229.8775132,0,grip capacity exceeded,0.192,2.582,,,,18.0,66.0
1790783229.9144425,0,slipped off A,0.352,1.853,,,,18.0,66.0
1790783229.9459403,0,slipped off A,0.27,0.9489,,,,18.0,66.0
1790783229.9929397,0,missed B,0.532,0.9029,0.0799999999999983,0.9346920845863652,1.2607148034251874,18.0,66.0
1790783229.999012,0,slipped off A,0.43,1.3501,,,,18.0,66.0
1790783230.0132766,0,slipped off A,0.11,1.3319,,,,18.0,66.0
1790783230.0643551,0,grip capacity exceeded,0.934,2.0789,,,,18.0,66.0
1790783230.0783982,0,slipped off A,0.122,1.6069,,,,18.0,66.0
1790783230.1118665,0,slipped off A,0.48,1.4856,,,,18.0,66.0
1790783230.1176722,0,slipped off A,0.27,1.2481,,,,18.0,66.0
1790783230.120803,0,grip capacity exceeded,0.482,2.3402,,,,18.0,66.0
1790783230.1268053,0,grip capacity exceeded,0.142,2.3632,,,,18.0,66.0
1790783230.151485,0,grip capacity exceeded,0.072,2.1693,,,,18.0,66.0
1790783230.1607754,0,slipped off A,0.346,1.2993,,,,18.0,66.0
1790783230.2088547,0,grip capacity exceeded,0.126,2.0338,,,,18.0,66.0
1790783230.2090228,0,missed B,0.752,1.386,0.2999999999999936,0.9469143068085872,1.2174863656877914,18.0,66.0
1790783230.2114458,0,slipped off A,0.31,1.4449,,,,18.0,66.0
1790783230.2305465,0,grip capacity exceeded,0.686,2.1154,,,,18.0,66.0
1790783230.2354844,0,grip capacity exceeded,0.29,2.6213,,,,18.0,66.0
1790783230.2431118,0,slipped off A,0.27,1.328,,,,18.0,66.0
1790783230.2630894,0,slipped off A,0.35,1.1116,,,,18.0,66.0
1790783230.2888458,0,grip capacity exceeded,0.218,2.7206,,,,18.0,66.0
1790783230.2893047,0,slipped off A,0.148,1.392,,,,18.0,66.0
1790783230.304774,0,hit wall,0.112,0.6253,0.019999999999999574,0.931358751253032,1.9886910162163567,18.0,66.0
1790783230.3105817,0,grip capacity exceeded,0.188,2.0231,,,,18.0,66.0
1790783230.3301015,0,grip capacity exceeded,0.106,2.0403,,,,18.0,66.0
1790783230.3458524,0,slipped off A,0.31,1.8973,,,,18.0,66.0
1790783230.3530912,0,grip capacity exceeded,0.132,2.511,,,,18.0,66.0
1790783230.3582938,0,grip capacity exceeded,0.418,2.2494,,,,18.0,66.0
1790783230.4302814,0,slipped off A,0.23,0.8494,,,,18.0,66.0
1790783230.4636762,0,hit wall,0.264,1.4245,0.11999999999999744,0.9369143068085874,2.00333165501716,18.0,66.0
1790783230.4638588,0,grip capacity exceeded,0.428,2.175,,,,18.0,66.0
1790783230.4713233,0,grip capacity exceeded,0.256,2.5792,,,,18.0,66.0
1790783230.477153,0,grip capacity exceeded,0.402,2.075,,,,18.0,66.0
1790783230.4788852,0,missed B,0.694,1.7576,0.2199999999999953,0.9424698623641429,1.360562337732977,18.0,66.0
1790783230.485962,0,missed B,0.834,1.5119,0.3799999999999919,0.9513587512530316,1.2233229489085495,18.0,66.0
1790783230.537744,0,grip capacity exceeded,0.128,2.1856,,,,18.0,66.0
1790783230.5465732,0,grip capacity exceeded,0.48,2.5321,,,,18.0,66.0
1790783230.5683773,0,slipped off A,0.268,1.3321,,,,18.0,66.0
1790783230.6139476,0,grip capacity exceeded,0.4,2.3267,,,,18.0,66.0
1790783230.6150174,0,grip capacity exceeded,0.48,2.9268,,,,18.0,66.0
1790783230.6150548,0,slipped off A,0.35,1.8023,,,,18.0,66.0
1790783230.6527562,0,missed B,0.476,0.5842,0.0799999999999983,0.9346920845863652,1.2360545089278983,18.0,66.0
1790783230.673219,0,grip capacity exceeded,0.322,2.5883,,,,18.0,66.0
1790783230.6843708,0,slipped off A,0.162,1.2824,,,,18.0,66.0
1790783230.688554,0,slipped off A,0.192,1.4514,,,,18.0,66.0
1790783230.6944551,0,grip capacity exceeded,0.418,2.6111,,,,18.0,66.0
1790783230.7035248,0,hit wall,0.582,1.7403,0.4599999999999902,0.955803195697476,1.9786016503335973,18.0,66.0
1790783230.7157383,0,grip capacity exceeded,0.11,2.355,,,,18.0,66.0
1790783230.7211013,0,slipped off A,0.404,1.7818,,,,18.0,66.0
1790783230.7336328,0,slipped off A,0.336,1.1167,,,,18.0,66.0
1790783230.774862,0,grip capacity exceeded,0.284,2.0195,,,,18.0,66.0
1790783230.7975333,0,grip capacity exceeded,0.342,2.7307,,,,18.0,66.0
1790783230.8057394,0,grip capacity exceeded,0.354,2.1323,,,,18.0,66.0
1790783230.8060105,0,slipped off A,0.49,1.2684,,,,18.0,66.0
1790783230.8060524,0,grip capacity exceeded,0.314,2.746,,,,18.0,66.0
1790783230.8484986,0,hit wall,0.15,0.5044,0.019999999999999574,0.931358751253032,1.9411972444182033,18.0,66.0
1790783230.894152,0,grip capacity exceeded,0.404,2.0063,,,,18.0,66.0
1790783230.9062536,0,slipped off A,0.37,0.8855,,,,18.0,66.0
1790783230.9232275,0,slipped off A,0.25,1.7302,,,,18.0,66.0
1790783230.9489577,0,missed B,0.75,1.5721,0.2199999999999953,0.9424698623641429,1.2566673102452162,18.0,66.0
1790783230.949325,0,grip capacity exceeded,0.496,2.2598,,,,18.0,66.0
1790783230.949615,0,hit wall,0.91,1.9703,0.8799999999999812,0.9791365290308087,2.0255496429651076,18.0,66.0
1790783230.9664183,0,slipped off A,0.85,1.4057,,,,18.0,66.0
1790783230.970504,0,slipped off A,0.212,1.3656,,,,18.0,66.0
1790783230.9886155,0,grip capacity exceeded,0.124,2.0871,,,,18.0,66.0
1790783230.9980276,0,slipped off A,0.252,1.6006,,,,18.0,66.0
1790783231.0088074,0,grip capacity exceeded,0.186,2.0179,,,,18.0,66.0
1790783231.0384183,0,slipped off A,0.29,1.3945,,,,18.0,66.0
1790783231.0545354,0,grip capacity exceeded,0.284,2.0567,,,,18.0,66.0
1790783231.054894,0,missed B,0.85,0.9965,0.3199999999999932,0.9480254179196983,1.1090904906547707,18.0,66.0
1790783231.0701892,0,grip capacity exceeded,0.218,2.0366,,,,18.0,66.0
1790783231.0708005,0,grip capacity exceeded,0.116,2.7745,,,,18.0,66.0
1790783231.070827,0,slipped off A,0.266,1.6455,,,,18.0,66.0
1790783231.0909874,0,grip capacity exceeded,0.294,2.0938,,,,18.0,66.0
1790783231.0967536,0,grip capacity exceeded,0.674,3.2812,,,,18.0,66.0
1790783231.1379652,0,grip capacity exceeded,0.192,2.2361,,,,18.0,66.0
1790783231.1505802,0,missed B,0.57,0.9508,0.09999999999999787,0.9358031956974764,1.3311972565009638,18.0,66.0
1790783231.167649,0,slipped off A,0.35,1.5009,,,,18.0,66.0
1790783231.1720986,0,grip capacity exceeded,0.232,2.0513,,,,18.0,66.0
1790783231.1730351,0,grip capacity exceeded,0.368,2.0902,,,,18.0,66.0
1790783231.1930792,0,slipped off A,0.386,1.1143,,,,18.0,66.0
1790783231.198807,0,slipped off A,0.11,1.5257,,,,18.0,66.0
1790783231.214696,0,missed B,0.408,0.6137,0.03999999999999915,0.9324698623641431,1.3045147647870572,18.0,66.0
1790783231.220078,0,hit wall,0.482,1.4725,0.3799999999999919,0.9513587512530316,1.9778814922234342,18.0,66.0
1790783231.253078,0,hit wall,0.31,0.9697,0.27999999999999403,0.9458031956974762,2.056102275909559,18.0,66.0
1790783231.258581,0,slipped off A,0.328,1.5238,,,,18.0,66.0
1790783231.2688868,0,grip capacity exceeded,0.3,2.1971,,,,18.0,66.0
1790783231.270073,0,hit wall,0.046,1.2784,0.019999999999999574,0.931358751253032,2.070458921972365,18.0,66.0
1790783231.2742894,0,slipped off A,0.23,0.9679,,,,18.0,66.0
1790783231.2784054,0,slipped off A,0.49,1.6199,,,,18.0,66.0
1790783231.279168,0,slipped off A,0.522,1.7312,,,,18.0,66.0
1790783231.2845337,0,hit wall,0.26,1.4343,0.19999999999999574,0.9413587512530318,2.0565786452215047,18.0,66.0
1790783231.2898424,0,slipped off A,0.118,1.7597,,,,18.0,66.0
1790783231.298815,0,slipped off A,0.09,1.4762,,,,18.0,66.0
1790783231.2990677,0,grip capacity exceeded,0.102,2.0768,,,,18.0,66.0
1790783231.2993445,0,grip capacity exceeded,0.396,2.4814,,,,18.0,66.0
1790783231.3142633,0,hit wall,0.092,1.5916,0.05999999999999872,0.9335809734752541,2.068122078085947,18.0,66.0
1790783231.3197398,0,hit wall,0.064,0.6492,0.019999999999999574,0.931358751253032,2.0701633687074614,18.0,66.0
1790783231.33968,0,hit wall,0.206,1.2705,0.1599999999999966,0.9391365290308096,2.062509090109401,18.0,66.0
1790783231.3593783,0,grip capacity exceeded,0.358,2.181,,,,18.0,66.0
1790783231.377602,0,slipped off A,0.39,1.6011,,,,18.0,66.0
1790783231.3881063,0,slipped off A,0.43,0.9939,,,,18.0,66.0
1790783231.3883023,0,grip capacity exceeded,0.342,2.1978,,,,18.0,66.0
1790783231.393915,0,grip capacity exceeded,0.122,2.1859,,,,18.0,66.0
1790783231.4049337,0,grip capacity exceeded,0.418,2.1349,,,,18.0,66.0
1790783231.422559,0,slipped off A,0.306,1.5805,,,,18.0,66.0
1790783231.4378479,0,slipped off A,0.462,1.7846,,,,18.0,66.0
1790783231.4476533,0,grip capacity exceeded,0.146,2.0284,,,,18.0,66.0
1790783231.4526534,0,slipped off A,0.236,1.8683,,,,18.0,66.0
1790783231.4651928,0,grip capacity exceeded,0.242,2.2066,,,,18.0,66.0
1790783231.4698124,0,grip capacity exceeded,0.114,2.0783,,,,18.0,66.0
1790783231.4816415,0,grip capacity exceeded,0.086,2.4504,,,,18.0,66.0
1790783231.4878116,0,missed B,0.63,0.9926,0.17999999999999616,0.9402476401419206,1.218022308261829,18.0,66.0
1790783231.492143,0,grip capacity exceeded,0.078,2.1013,,,,18.0,66.0
1790783231.497623,0,grip capacity exceeded,0.27,3.2965,,,,18.0,66.0
1790783231.5083973,0,missed B,0.466,0.7592,0.03999999999999915,0.9324698623641431,1.2377418368725874,18.0,66.0
1790783231.518156,0,slipped off A,0.25,1.7059,,,,18.0,66.0
1790783231.5347402,0,grip capacity exceeded,0.18,2.0694,,,,18.0,66.0
1790783231.53876,0,slipped off A,0.55,1.0254,,,,18.0,66.0
1790783231.539032,0,grip capacity exceeded,0.068,2.0858,,,,18.0,66.0
1790783231.558224,0,grip capacity exceeded,0.298,2.0183,,,,18.0,66.0
1790783231.5650227,0,slipped off A,0.252,1.5162,,,,18.0,66.0
1790783231.5819063,0,slipped off A,0.07,1.1998,,,,18.0,66.0
1790783231.6149077,0,grip capacity exceeded,0.242,3.0001,,,,18.0,66.0
1790783231.6235647,0,hit wall,0.27,1.1213,0.2199999999999953,0.9424698623641429,2.05439482660357,18.0,66.0
1790783231.6339803,0,slipped off A,0.49,1.4255,,,,18.0,66.0
1790783231.634927,0,grip capacity exceeded,0.042,2.04,,,,18.0,66.0
1790783231.6407452,0,grip capacity exceeded,0.23,2.0473,,,,18.0,66.0
1790783231.6783788,0,missed B,0.58,1.1077,0.11999999999999744,0.9369143068085874,1.2116136544094547,18.0,66.0
1790783231.68376,0,missed B,0.742,1.3321,0.25999999999999446,0.944692084586365,1.1772618620606974,18.0,66.0
1790783231.6839108,0,hit wall,0.2,1.4807,0.1599999999999966,0.9391365290308096,2.062473387987277,18.0,66.0
1790783231.6880991,0,grip capacity exceeded,0.18,2.6939,,,,18.0,66.0
1790783231.6888847,0,grip capacity exceeded,0.322,2.0646,,,,18.0,66.0
1790783231.6901946,0,grip capacity exceeded,0.152,2.2248,,,,18.0,66.0
1790783231.7037666,0,hit wall,0.558,1.7511,,,,18.0,66.0
1790783232.8825705,0,grip capacity exceeded,0.316,2.4064,,,,18.0,66.0
1790783232.8903015,0,grip capacity exceeded,0.104,2.9765,,,,18.0,66.0
1790783232.896356,0,slipped off A,0.17,1.4718,,,,18.0,66.0
1790783232.8978956,0,grip capacity exceeded,0.196,2.0316,,,,18.0,66.0
1790783232.9159606,0,slipped off A,0.23,0.8147,,,,18.0,66.0
1790783232.9734604,0,grip capacity exceeded,0.384,2.6469,,,,18.0,66.0
1790783232.9798641,0,slipped off A,0.226,1.2581,,,,18.0,66.0
1790783232.9980738,0,missed B,0.488,0.8035,0.11999999999999744,0.9369143068085874,1.1818107562566478,18.0,66.0
1790783233.035028,0,slipped off A,0.172,1.699,,,,18.0,66.0
1790783233.0355527,0,hit wall,0.15,0.5253,0.019999999999999574,0.931358751253032,1.938072670069479,18.0,66.0
1790783233.0570393,0,missed B,0.464,0.5372,0.019999999999999574,0.931358751253032,1.1914674864152222,18.0,66.0
1790783233.0623915,0,grip capacity exceeded,0.068,2.0911,,,,18.0,66.0
1790783233.0632923,0,missed B,0.508,1.2593,0.1599999999999966,0.9391365290308096,1.2314450512828052,18.0,66.0
1790783233.0687163,0,grip capacity exceeded,0.486,2.4169,,,,18.0,66.0
1790783233.0699353,0,slipped off A,0.69,1.3894,,,,18.0,66.0
1790783233.1158683,0,hit wall,0.188,0.5205,0.05999999999999872,0.9335809734752541,1.9283690318417157,18.0,66.0
1790783233.121245,0,slipped off A,0.196,1.7194,,,,18.0,66.0
1790783233.1300628,0,missed B,0.416,0.5328,0.019999999999999574,0.931358751253032,1.3077330323954948,18.0,66.0
1790783233.1402998,0,grip capacity exceeded,0.662,2.07,,,,18.0,66.0
1790783233.1491208,0,grip capacity exceeded,0.352,2.4627,,,,18.0,66.0
1790783233.1733913,0,slipped off A,0.336,1.6971,,,,18.0,66.0
1790783233.1788504,0,grip capacity exceeded,0.114,2.3016,,,,18.0,66.0
1790783233.192264,0,slipped off A,0.414,1.6368,,,,18.0,66.0
1790783233.2083073,0,grip capacity exceeded,0.292,2.3422,,,,18.0,66.0
1790783233.241441,0,grip capacity exceeded,0.294,2.0594,,,,18.0,66.0
1790783233.2429693,0,missed B,0.38,1.3999,0.019999999999999574,0.931358751253032,1.4064159665523028,18.0,66.0
1790783233.2475152,0,grip capacity exceeded,0.212,2.2286,,,,18.0,66.0
1790783233.2653751,0,grip capacity exceeded,0.406,2.063,,,,18.0,66.0
1790783233.2709084,0,missed B,0.634,1.1935,0.0799999999999983,0.9346920845863652,1.2298410138340012,18.0,66.0
1790783233.2874975,0,slipped off A,0.13,1.6204,,,,18.0,66.0
1790783233.299998,0,hit wall,0.178,1.3211,0.11999999999999744,0.9369143068085874,2.035344008441448,18.0,66.0
1790783233.3064926,0,grip capacity exceeded,0.14,2.8351,,,,18.0,66.0
1790783233.3194568,0,slipped off A,0.142,1.6091,,,,18.0,66.0
1790783233.332996,0,grip capacity exceeded,0.44,2.3135,,,,18.0,66.0
1790783233.357737,0,grip capacity exceeded,0.166,2.1615,,,,18.0,66.0
1790783233.3954544,0,grip capacity exceeded,0.192,2.4278,,,,18.0,66.0
1790783233.4017167,0,slipped off A,0.25,1.3224,,,,18.0,66.0
1790783233.402281,0,hit wall,0.134,0.7458,0.0799999999999983,0.9346920845863652,2.053229291196474,18.0,66.0
1790783233.4073825,0,slipped off A,0.488,1.573,,,,18.0,66.0
1790783233.4196463,0,slipped off A,0.77,1.6116,,,,18.0,66.0
1790783233.442376,0,missed B,0.71,1.0548,0.2199999999999953,0.9424698623641429,1.3699322049703124,18.0,66.0
1790783233.48876,0,grip capacity exceeded,0.246,2.2056,,,,18.0,66.0
1790783233.489849,0,grip capacity exceeded,0.244,2.7924,,,,18.0,66.0
1790783233.4901419,0,slipped off A,0.186,1.2237,,,,18.0,66.0
1790783233.502642,0,missed B,0.648,0.8984,0.0799999999999983,0.9346920845863652,1.299937181123956,18.0,66.0
1790783233.507131,0,grip capacity exceeded,0.194,2.4099,,,,18.0,66.0
1790783233.533915,0,hit wall,0.134,1.5397,0.09999999999999787,0.9358031956974764,2.0658631035818824,18.0,66.0
1790783233.5382614,0,slipped off A,0.396,1.4644,,,,18.0,66.0
1790783233.5497222,0,slipped off A,0.15,0.9256,,,,18.0,66.0
1790783233.549778,0,grip capacity exceeded,0.472,2.4147,,,,18.0,66.0
1790783233.5720594,0,grip capacity exceeded,0.278,2.2019,,,,18.0,66.0
1790783233.57415,0,missed B,0.828,1.697,0.3599999999999923,0.9502476401419204,1.2706669808894309,18.0,66.0
1790783233.5803103,0,grip capacity exceeded,0.298,2.0276,,,,18.0,66.0
1790783233.5854263,0,grip capacity exceeded,0.25,2.2928,,,,18.0,66.0
1790783233.6062891,0,slipped off A,0.11,1.6743,,,,18.0,66.0
1790783233.6182065,0,slipped off A,0.278,1.4831,,,,18.0,66.0
1790783233.6367977,0,slipped off A,0.18,1.3566,,,,18.0,66.0
1790783233.6369708,0,grip capacity exceeded,0.194,2.5159,,,,18.0,66.0
1790783233.6487026,0,hit wall,0.34,1.4587,0.2999999999999936,0.9469143068085872,2.054897302031166,18.0,66.0
1790783233.6538227,0,grip capacity exceeded,0.104,2.358,,,,18.0,66.0
1790783233.663935,0,grip capacity exceeded,0.1,2.2205,,,,18.0,66.0
1790783233.664158,0,slipped off A,0.318,1.9061,,,,18.0,66.0
1790783233.687801,0,grip capacity exceeded,0.1,2.1631,,,,18.0,66.0
1790783233.6937463,0,slipped off A,0.57,1.7544,,,,18.0,66.0
1790783233.7035704,0,grip capacity exceeded,0.212,2.3747,,,,18.0,66.0
1790783233.7077897,0,grip capacity exceeded,0.368,2.4054,,,,18.0,66.0
1790783233.7242782,0,slipped off A,0.634,1.4756,,,,18.0,66.0
1790783233.744587,0,grip capacity exceeded,0.412,2.2374,,,,18.0,66.0
1790783233.753011,0,slipped off A,0.236,1.1017,,,,18.0,66.0
1790783233.75716,0,grip capacity exceeded,0.114,2.2626,,,,18.0,66.0
1790783233.76225,0,grip capacity exceeded,0.252,2.1108,,,,18.0,66.0
1790783233.7634823,0,grip capacity exceeded,0.202,2.1268,,,,18.0,66.0
1790783233.7734537,0,slipped off A,0.24,1.9991,,,,18.0,66.0
1790783233.8113039,0,grip capacity exceeded,0.15,2.0224,,,,18.0,66.0
1790783233.8190992,0,slipped off A,0.228,1.3629,,,,18.0,66.0
1790783233.832437,0,slipped off A,0.25,1.3849,,,,18.0,66.0
1790783233.8373542,0,grip capacity exceeded,0.22,2.3087,,,,18.0,66.0
1790783233.8387837,0,slipped off A,0.29,1.3009,,,,18.0,66.0
1790783233.874248,0,grip capacity exceeded,0.786,3.3047,,,,18.0,66.0
1790783233.8882723,0,missed B,0.796,1.2756,0.3599999999999923,0.9502476401419204,1.31326150042088,18.0,66.0
1790783233.8992045,0,slipped off A,0.076,1.1456,,,,18.0,66.0
1790783233.9086242,0,grip capacity exceeded,0.496,2.6484,,,,18.0,66.0
1790783233.9086988,0,grip capacity exceeded,0.224,2.0416,,,,18.0,66.0
1790783233.9099846,0,grip capacity exceeded,0.314,2.8853,,,,18.0,66.0
1790783233.914931,0,slipped off A,0.27,1.5532,,,,18.0,66.0
1790783233.9225667,0,grip capacity exceeded,0.116,2.1176,,,,18.0,66.0
1790783233.957029,0,grip capacity exceeded,0.404,3.0196,,,,18.0,66.0
1790783233.9598277,0,slipped off A,0.152,1.1934,,,,18.0,66.0
1790783233.9648309,0,grip capacity exceeded,0.15,2.0423,,,,18.0,66.0
1790783233.9762628,0,grip capacity exceeded,0.228,2.1113,,,,18.0,66.0
1790783233.9854183,0,slipped off A,0.31,1.2314,,,,18.0,66.0
1790783233.990708,0,missed B,0.612,1.197,0.09999999999999787,0.9358031956974764,1.272071485495001,18.0,66.0
1790783234.0080683,0,hit wall,0.1,0.6398,0.05999999999999872,0.9335809734752541,2.0679855993426153,18.0,66.0
1790783234.0148795,0,grip capacity exceeded,0.36,2.1003,,,,18.0,66.0
1790783234.0425067,0,grip capacity exceeded,0.262,2.4512,,,,18.0,66.0
1790783234.04479,0,hit wall,0.454,1.7429,0.3999999999999915,0.9524698623641427,2.049050818372207,18.0,66.0
1790783234.056993,0,grip capacity exceeded,0.294,2.6526,,,,18.0,66.0
1790783234.081511,0,hit wall,0.4,1.4505,0.33999999999999275,0.9491365290308094,2.048507437666744,18.0,66.0
1790783234.0870852,0,slipped off A,0.13,1.1849,,,,18.0,66.0
1790783234.1279957,0,slipped off A,0.146,1.2764,,,,18.0,66.0
1790783234.136142,0,missed B,0.478,1.1869,0.09999999999999787,0.9358031956974764,1.2287851291721528,18.0,66.0
1790783234.1425517,0,slipped off A,0.41,1.2831,,,,18.0,66.0
1790783234.1486695,0,hit wall,0.196,1.1682,0.11999999999999744,0.9369143068085874,2.0294834364057435,18.0,66.0
1790783234.1538956,0,grip capacity exceeded,0.066,2.2063,,,,18.0,66.0
1790783234.1850417,0,slipped off A,0.156,1.4981,,,,18.0,66.0
1790783234.1959877,0,slipped off A,0.17,1.0648,,,,18.0,66.0
1790783234.212195,0,grip capacity exceeded,0.192,2.025,,,,18.0,66.0
1790783234.2196586,0,slipped off A,0.696,1.6645,,,,18.0,66.0
1790783234.242252,0,slipped off A,0.65,1.8412,,,,18.0,66.0
1790783234.2556314,0,slipped off A,0.25,1.9747,,,,18.0,66.0
1790783234.2613468,0,grip capacity exceeded,0.232,2.5511,,,,18.0,66.0
1790783234.2657144,0,grip capacity exceeded,0.934,2.3119,,,,18.0,66.0
1790783234.266003,0,grip capacity exceeded,0.408,2.4221,,,,18.0,66.0
1790783234.2834933,0,grip capacity exceeded,0.246,2.1302,,,,18.0,66.0
1790783234.2936003,0,grip capacity exceeded,0.256,2.2056,,,,18.0,66.0
1790783234.3013644,0,slipped off A,0.09,1.443,,,,18.0,66.0
1790783234.316709,0,slipped off A,0.15,1.045,,,,18.0,66.0
1790783234.3223462,0,grip capacity exceeded,0.864,2.0104,,,,18.0,66.0
1790783234.335968,0,slipped off A,0.218,1.1828,,,,18.0,66.0
1790783234.3438675,0,grip capacity exceeded,0.322,2.0995,,,,18.0,66.0
1790783234.3642273,0,slipped off A,0.142,1.3766,,,,18.0,66.0
1790783234.368858,0,slipped off A,0.342,1.6248,,,,18.0,66.0
1790783234.3797472,0,grip capacity exceeded,0.138,2.7449,,,,18.0,66.0
1790783234.381436,0,slipped off A,0.25,1.1216,,,,18.0,66.0
1790783234.406809,0,slipped off A,0.37,1.3526,,,,18.0,66.0
1790783234.413987,0,grip capacity exceeded,0.362,2.0369,,,,18.0,66.0
1790783234.4246445,0,grip capacity exceeded,0.17,2.2524,,,,18.0,66.0
1790783234.4274132,0,slipped off A,0.19,1.3293,,,,18.0,66.0
1790783234.43448,0,hit wall,0.158,1.1423,0.11999999999999744,0.9369143068085874,2.064701773313872,18.0,66.0
1790783234.4418879,0,grip capacity exceeded,0.364,2.5978,,,,18.0,66.0
1790783234.4621155,0,hit wall,0.346,1.4796,0.27999999999999403,0.9458031956974762,2.0448264243246728,18.0,66.0
1790783234.4629593,0,grip capacity exceeded,0.23,2.1434,,,,18.0,66.0
1790783234.4738472,0,grip capacity exceeded,0.092,2.1939,,,,18.0,66.0
1790783234.4798696,0,grip capacity exceeded,0.148,2.2354,,,,18.0,66.0
1790783234.4914236,0,grip capacity exceeded,0.222,2.4161,,,,18.0,66.0
1790783234.556444,0,grip capacity exceeded,0.37,2.8235,,,,18.0,66.0
1790783234.5612907,0,hit wall,0.222,0.6661,0.13999999999999702,0.9380254179196985,2.026170058645031,18.0,66.0
1790783234.5826502,0,grip capacity exceeded,0.338,2.338,,,,18.0,66.0
1790783234.5974045,0,grip capacity exceeded,0.096,2.9002,,,,18.0,66.0
1790783234.5978935,0,slipped off A,0.274,1.1771,,,,18.0,66.0
1790783234.6645906,0,missed B,0.542,1.3061,0.05999999999999872,0.9335809734752541,1.4670579241792385,18.0,66.0
1790783234.6649697,0,hit wall,0.164,0.6684,0.0799999999999983,0.9346920845863652,2.0208648931875737,18.0,66.0
1790783234.675576,0,slipped off A,0.25,1.4772,,,,18.0,66.0
1790783234.6947734,0,hit wall,0.37,1.4085,0.33999999999999275,0.9491365290308094,2.052887669056238,18.0,66.0
1790783234.6948256,0,missed B,0.724,0.8348,0.23999999999999488,0.9435809734752539,1.2875937338941774,18.0,66.0
1790783234.7036455,0,slipped off A,0.61,1.919,,,,18.0,66.0
1790783234.7114542,0,slipped off A,0.13,1.2618,,,,18.0,66.0
1790783234.7246711,0,grip capacity exceeded,0.136,2.0309,,,,18.0,66.0
1790783234.732805,0,missed B,0.91,1.9403,0.3799999999999919,0.9513587512530316,1.3179958381014936,18.0,66.0
1790783234.734676,0,grip capacity exceeded,0.376,2.032,,,,18.0,66.0
1790783234.7604523,0,grip capacity exceeded,0.118,2.1857,,,,18.0,66.0
1790783234.7605214,0,grip capacity exceeded,0.194,2.8796,,,,18.0,66.0
1790783234.7658775,0,slipped off A,0.31,1.1282,,,,18.0,66.0
1790783234.788093,0,hit wall,0.222,1.2442,0.17999999999999616,0.9402476401419206,2.0614709103172175,18.0,66.0
1790783234.8200328,0,slipped off A,0.29,1.5974,,,,18.0,66.0
1790783234.8201344,0,grip capacity exceeded,0.108,2.4084,,,,18.0,66.0
1790783234.8479877,0,slipped off A,0.292,1.2678,,,,18.0,66.0
1790783234.8492658,0,grip capacity exceeded,0.468,2.1603,,,,18.0,66.0
1790783234.873525,0,grip capacity exceeded,0.172,2.224,,,,18.0,66.0
1790783234.8782449,0,grip capacity exceeded,0.6,2.3353,,,,18.0,66.0
1790783234.8790743,0,hit wall,0.09,1.6411,0.05999999999999872,0.9335809734752541,2.0681543114507535,18.0,66.0
1790783234.8872316,0,grip capacity exceeded,0.206,2.0083,,,,18.0,66.0
1790783234.9087474,0,grip capacity exceeded,0.082,2.0689,,,,18.0,66.0
1790783234.9271095,0,missed B,0.53,0.7334,0.0799999999999983,0.9346920845863652,1.2793118698805723,18.0,66.0
1790783234.9321194,0,missed B,0.666,1.371,0.11999999999999744,0.9369143068085874,1.2322590494721073,18.0,66.0
1790783234.945249,0,slipped off A,0.194,1.5515,,,,18.0,66.0
1790783234.9572072,0,grip capacity exceeded,0.148,2.0845,,,,18.0,66.0
1790783234.9761755,0,slipped off A,0.71,1.2068,,,,18.0,66.0
1790783234.9957895,0,slipped off A,0.172,1.7568,,,,18.0,66.0
1790783235.0067647,0,slipped off A,0.432,1.7943,,,,18.0,66.0
1790783235.0297596,0,grip capacity exceeded,0.162,2.1789,,,,18.0,66.0
1790783235.0396612,0,slipped off A,0.61,1.5096,,,,18.0,66.0
1790783235.0526068,0,missed B,0.364,0.5779,0.03999999999999915,0.9324698623641431,1.3378810175522364,18.0,66.0
1790783235.0644708,0,slipped off A,0.428,1.5533,,,,18.0,66.0
1790783235.078125,0,grip capacity exceeded,0.236,2.0604,,,,18.0,66.0
1790783235.0842903,0,slipped off A,0.39,1.3296,,,,18.0,66.0
1790783235.1098793,0,grip capacity exceeded,0.284,2.0801,,,,18.0,66.0
1790783235.1159198,0,slipped off A,0.19,1.5425,,,,18.0,66.0
1790783235.1166961,0,grip capacity exceeded,0.142,2.1452,,,,18.0,66.0
1790783235.143769,0,grip capacity exceeded,0.066,2.787,,,,18.0,66.0
1790783235.171507,0,grip capacity exceeded,0.384,2.0671,,,,18.0,66.0
1790783235.1848865,0,hit wall,0.108,1.8342,0.0799999999999983,0.9346920845863652,2.0671210858415625,18.0,66.0
1790783235.1908762,0,missed B,1.0,1.7082,0.4599999999999902,0.955803195697476,1.4293400992372864,18.0,66.0
1790783235.197912,0,missed B,0.324,0.498,0.0,0.9302476401419209,1.5994162941639536,18.0,66.0
1790783235.2087667,0,slipped off A,0.278,1.8544,,,,18.0,66.0
1790783235.2450697,0,hit wall,0.518,1.4725,0.3199999999999932,0.9480254179196983,1.824920932351798,18.0,66.0
1790783235.2509813,0,slipped off A,0.662,1.9637,,,,18.0,66.0
1790783235.2725077,0,slipped off A,0.07,1.4001,,,,18.0,66.0
1790783235.2994704,0,grip capacity exceeded,0.326,2.1771,,,,18.0,66.0
1790783235.3025756,0,hit wall,0.18,1.0678,0.09999999999999787,0.9358031956974764,1.9938800241025625,18.0,66.0
1790783235.321494,0,grip capacity exceeded,0.436,2.0614,,,,18.0,66.0
1790783235.3243816,0,missed B,0.478,0.498,0.0,0.9302476401419209,1.2772150293665427,18.0,66.0
1790783235.3363628,0,missed B,0.696,1.2556,0.25999999999999446,0.944692084586365,1.2096560766479247,18.0,66.0
1790783235.3588393,0,grip capacity exceeded,0.52,2.1042,,,,18.0,66.0
1790783235.3679788,0,grip capacity exceeded,0.092,2.1026,,,,18.0,66.0
1790783235.3760777,0,grip capacity exceeded,0.218,2.0104,,,,18.0,66.0
1790783235.4032393,0,hit wall,0.242,1.2963,0.19999999999999574,0.9413587512530318,2.0603105080210695,18.0,66.0
1790783235.408763,0,slipped off A,0.13,1.2763,,,,18.0,66.0
1790783235.4197176,0,grip capacity exceeded,0.32,2.0927,,,,18.0,66.0
1790783235.4315062,0,slipped off A,0.494,1.2289,,,,18.0,66.0
1790783235.4507678,0,hit wall,0.778,1.645,0.6999999999999851,0.9691365290308089,1.9828058093717484,18.0,66.0
1790783235.4695828,0,hit wall,0.194,0.5663,0.09999999999999787,0.9358031956974764,1.9676957268127908,18.0,66.0
1790783235.4819028,0,slipped off A,0.35,1.7439,,,,18.0,66.0
1790783235.502052,0,grip capacity exceeded,0.07,2.122,,,,18.0,66.0
1790783235.5086927,0,grip capacity exceeded,0.346,2.3666,,,,18.0,66.0
1790783235.512954,0,slipped off A,0.31,1.1832,,,,18.0,66.0
1790783235.5337563,0,hit wall,0.08,1.1836,0.03999999999999915,0.9324698623641431,2.069220189996989,18.0,66.0
1790783235.5501437,0,hit wall,0.814,1.8979,,,,18.0,66.0
1790783235.5510209,0,grip capacity exceeded,0.34,2.0793,,,,18.0,66.0
1790783235.552779,0,slipped off A,0.106,1.9092,,,,18.0,66.0
1790783235.5910816,0,slipped off A,0.13,1.4427,,,,18.0,66.0
1790783235.5922754,0,grip capacity exceeded,0.138,2.0837,,,,18.0,66.0
1790783235.5923564,0,grip capacity exceeded,0.29,2.907,,,,18.0,66.0
1790783235.5924582,0,grip capacity exceeded,0.54,2.1967,,,,18.0,66.0
1790783235.5998316,0,grip capacity exceeded,0.146,3.198,,,,18.0,66.0
1790783235.6054544,0,hit wall,0.034,0.498,0.0,0.9302476401419209,2.0714672054828336,18.0,66.0
1790783235.6155171,0,hit wall,0.878,1.8232,,,,18.0,66.0
1790783235.6219392,0,missed B,0.502,1.2736,0.03999999999999915,0.9324698623641431,1.4353484862530121,18.0,66.0
1790783235.6378903,0,grip capacity exceeded,0.13,2.0618,,,,18.0,66.0
1790783235.6533616,0,hit wall,0.18,1.1887,0.0799999999999983,0.9346920845863652,2.0147666590802937,18.0,66.0
1790783235.6606617,0,grip capacity exceeded,0.234,2.7559,,,,18.0,66.0
1790783235.6649652,0,grip capacity exceeded,0.248,2.6983,,,,18.0,66.0
1790783235.6745076,0,grip capacity exceeded,0.192,2.5366,,,,18.0,66.0
1790783235.678525,0,grip capacity exceeded,0.086,2.1671,,,,18.0,66.0
1790783235.6961682,0,hit wall,0.266,1.2423,0.23999999999999488,0.9435809734752539,2.0583517470265704,18.0,66.0
1790783235.7226589,0,grip capacity exceeded,0.29,2.1818,,,,18.0,66.0
1790783235.7541084,0,slipped off A,0.33,1.2194,,,,18.0,66.0
1790783235.7551265,0,slipped off A,0.216,1.5252,,,,18.0,66.0
1790783235.793869,0,hit wall,0.384,1.3227,0.23999999999999488,0.9435809734752539,1.9584556743370254,18.0,66.0
1790783235.8023481,0,hit wall,0.158,0.6836,0.05999999999999872,0.9335809734752541,2.0193318883310107,18.0,66.0
1790783235.8279586,0,grip capacity exceeded,1.016,2.1063,,,,18.0,66.0
1790783235.851088,0,grip capacity exceeded,0.156,2.7501,,,,18.0,66.0
1790783235.870596,0,grip capacity exceeded,0.128,2.355,,,,18.0,66.0
1790783235.876224,0,missed B,0.674,1.1372,0.25999999999999446,0.944692084586365,1.1853365848820299,18.0,66.0
1790783235.8904474,0,grip capacity exceeded,0.746,2.0348,,,,18.0,66.0
1790783235.9035318,0,grip capacity exceeded,0.6,2.1854,,,,18.0,66.0
1790783235.9358547,0,grip capacity exceeded,0.192,2.3963,,,,18.0,66.0
1790783235.937126,0,missed B,0.592,1.3708,0.0799999999999983,0.9346920845863652,1.308495017124868,18.0,66.0
1790783235.9544747,0,slipped off A,1.238,1.7079,,,,18.0,66.0
1790783235.9545474,0,grip capacity exceeded,0.332,2.796,,,,18.0,66.0
1790783235.9617355,0,grip capacity exceeded,0.238,2.705,,,,18.0,66.0
1790783235.9808645,0,slipped off A,0.13,1.243,,,,18.0,66.0
1790783235.994448,0,grip capacity exceeded,0.116,2.3219,,,,18.0,66.0
1790783236.0000904,0,grip capacity exceeded,0.656,2.3181,,,,18.0,66.0
1790783236.0048704,0,grip capacity exceeded,0.336,2.7215,,,,18.0,66.0
1790783236.0359159,0,grip capacity exceeded,0.218,2.5525,,,,18.0,66.0
1790783236.7679105,0,grip capacity exceeded,0.266,2.8107,,,,18.0,66.0
1790783236.7697685,0,missed B,0.558,1.1732,0.17999999999999616,0.9402476401419206,1.2961460322085432,18.0,66.0
1790783236.7750068,0,slipped off A,0.14,1.61,,,,18.0,66.0
1790783236.788146,0,grip capacity exceeded,0.2,2.1751,,,,18.0,66.0
1790783236.7972066,0,slipped off A,0.27,1.4189,,,,18.0,66.0
1790783236.8573637,0,grip capacity exceeded,0.198,2.2043,,,,18.0,66.0
1790783236.8639064,0,slipped off A,0.33,1.0316,,,,18.0,66.0
1790783236.8699036,0,slipped off A,0.314,1.2816,,,,18.0,66.0
1790783236.8914626,0,grip capacity exceeded,0.704,2.4761,,,,18.0,66.0
1790783236.897111,0,grip capacity exceeded,0.546,2.3904,,,,18.0,66.0
1790783236.8986557,0,grip capacity exceeded,0.39,2.4603,,,,18.0,66.0
1790783236.9272072,0,hit wall,0.464,1.7887,,,,18.0,66.0
1790783236.933286,0,slipped off A,0.23,1.0624,,,,18.0,66.0
1790783236.9555347,0,grip capacity exceeded,0.162,2.1164,,,,18.0,66.0
1790783236.9646955,0,missed B,0.536,0.8174,0.1599999999999966,0.9391365290308096,1.3433539072556082,18.0,66.0
1790783237.0083816,0,grip capacity exceeded,0.31,2.1403,,,,18.0,66.0
1790783237.0324612,0,slipped off A,0.29,1.6165,,,,18.0,66.0
1790783237.0574589,0,grip capacity exceeded,0.344,2.5058,,,,18.0,66.0
1790783237.1031036,0,missed B,0.688,1.0364,0.2999999999999936,0.9469143068085872,1.6244254383990684,18.0,66.0
1790783237.1031306,0,missed B,0.638,1.2751,0.11999999999999744,0.9369143068085874,1.3435247709714149,18.0,66.0
1790783237.1122568,0,slipped off A,0.25,1.7225,,,,18.0,66.0
1790783237.113325,0,grip capacity exceeded,0.174,2.8371,,,,18.0,66.0
1790783237.1243207,0,slipped off A,0.49,1.4445,,,,18.0,66.0
1790783237.1322243,0,grip capacity exceeded,0.096,2.2685,,,,18.0,66.0
1790783237.150437,0,hit wall,0.046,0.498,0.0,0.9302476401419209,2.0712804752798593,18.0,66.0
1790783237.161502,0,grip capacity exceeded,0.624,2.0379,,,,18.0,66.0
1790783237.1626794,0,grip capacity exceeded,0.918,2.2948,,,,18.0,66.0
1790783237.183928,0,grip capacity exceeded,0.108,2.2604,,,,18.0,66.0
1790783237.1848435,0,grip capacity exceeded,0.074,2.112,,,,18.0,66.0
1790783237.1895561,0,slipped off A,0.296,1.4585,,,,18.0,66.0
1790783237.1912663,0,hit wall,0.6,1.1399,0.5399999999999885,0.9602476401419202,2.0422344584997085,18.0,66.0
1790783237.1955025,0,slipped off A,0.268,1.5247,,,,18.0,66.0
1790783237.214849,0,hit wall,0.162,1.2821,0.11999999999999744,0.9369143068085874,2.06472859358709,18.0,66.0
1790783237.2329037,0,hit wall,0.128,0.8046,0.05999999999999872,0.9335809734752541,2.0320786911149993,18.0,66.0
1790783237.2535894,0,hit wall,0.112,0.498,0.0,0.9302476401419209,1.9486815060124463,18.0,66.0
1790783237.2657318,0,slipped off A,0.24,1.2234,,,,18.0,66.0
1790783237.2820399,0,slipped off A,0.152,1.178,,,,18.0,66.0
1790783237.2828937,0,hit wall,0.27,1.6089,0.23999999999999488,0.9435809734752539,2.0582874006259715,18.0,66.0
1790783237.288626,0,hit wall,0.33,1.2357,0.2999999999999936,0.9469143068085872,2.055174945184143,18.0,66.0
1790783237.2984152,0,grip capacity exceeded,0.108,2.662,,,,18.0,66.0
1790783237.298675,0,grip capacity exceeded,0.576,2.201,,,,18.0,66.0
1790783237.3338854,0,slipped off A,0.15,1.3171,,,,18.0,66.0
1790783237.3408847,0,slipped off A,0.11,1.5795,,,,18.0,66.0
1790783237.345045,0,grip capacity exceeded,0.758,2.1937,,,,18.0,66.0
1790783237.3491557,0,grip capacity exceeded,0.156,3.3412,,,,18.0,66.0
1790783237.3501935,0,slipped off A,0.206,1.4991,,,,18.0,66.0
1790783237.3978987,0,grip capacity exceeded,0.19,2.0072,,,,18.0,66.0
1790783237.4008703,0,grip capacity exceeded,0.202,2.5073,,,,18.0,66.0
1790783237.4119694,0,grip capacity exceeded,0.192,2.5754,,,,18.0,66.0
1790783237.4574387,0,slipped off A,0.526,1.7915,,,,18.0,66.0
1790783237.4706194,0,slipped off A,0.212,1.1532,,,,18.0,66.0
1790783237.4832082,0,hit wall,0.216,0.9052,0.17999999999999616,0.9402476401419206,2.0614131435022864,18.0,66.0
1790783237.4884107,0,hit wall,0.974,1.6377,,,,18.0,66.0
1790783237.5251777,0,hit wall,0.218,1.0192,0.1599999999999966,0.9391365290308096,2.056297896866226,18.0,66.0
1790783237.5365481,0,grip capacity exceeded,0.908,2.4879,,,,18.0,66.0
1790783237.5595229,0,slipped off A,0.272,1.4508,,,,18.0,66.0
1790783237.5747259,0,grip capacity exceeded,0.558,2.549,,,,18.0,66.0
1790783237.584997,0,grip capacity exceeded,0.318,2.2531,,,,18.0,66.0
1790783237.5962853,0,slipped off A,0.174,1.4614,,,,18.0,66.0
1790783237.6088762,0,slipped off A,0.83,1.9382,,,,18.0,66.0
1790783237.6151063,0,slipped off A,0.27,1.3547,,,,18.0,66.0
1790783237.6585884,0,slipped off A,0.278,1.5677,,,,18.0,66.0
1790783237.67079,0,slipped off A,0.37,1.1096,,,,18.0,66.0
1790783237.6720984,0,missed B,0.596,0.7144,0.13999999999999702,0.9380254179196985,1.168356190252393,18.0,66.0
1790783237.6874664,0,slipped off A,0.322,1.7421,,,,18.0,66.0
1790783237.7108083,0,hit wall,0.308,1.284,0.27999999999999403,0.9458031956974762,2.0561729005998366,18.0,66.0
1790783237.7341673,0,slipped off A,1.23,1.511,,,,18.0,66.0
1790783237.7431033,0,grip capacity exceeded,0.476,2.3448,,,,18.0,66.0
1790783237.7443166,0,slipped off A,0.17,1.5443,,,,18.0,66.0
1790783237.772108,0,grip capacity exceeded,0.096,2.5088,,,,18.0,66.0
1790783237.788623,0,slipped off A,0.244,1.7407,,,,18.0,66.0
1790783237.793962,0,slipped off A,0.39,1.18,,,,18.0,66.0
1790783237.801743,0,grip capacity exceeded,0.64,3.1636,,,,18.0,66.0
1790783237.806888,0,grip capacity exceeded,0.218,2.2783,,,,18.0,66.0
1790783237.8409936,0,hit wall,0.562,1.6114,0.4599999999999902,0.955803195697476,2.0395813278877197,18.0,66.0
1790783237.8587408,0,grip capacity exceeded,0.186,2.1381,,,,18.0,66.0
1790783237.8797767,0,grip capacity exceeded,0.124,2.1724,,,,18.0,66.0
1790783237.8975616,0,missed B,0.706,0.9796,0.33999999999999275,0.9491365290308094,1.1448551555558801,18.0,66.0
1790783237.9119468,0,grip capacity exceeded,0.354,2.1296,,,,18.0,66.0
1790783237.9359689,0,grip capacity exceeded,0.258,2.1065,,,,18.0,66.0
1790783237.9764087,0,slipped off A,0.546,1.9828,,,,18.0,66.0
1790783237.9837663,0,slipped off A,0.69,1.4071,,,,18.0,66.0
1790783238.030913,0,grip capacity exceeded,0.772,2.0274,,,,18.0,66.0
1790783238.0426166,0,slipped off A,0.414,1.0849,,,,18.0,66.0
1790783238.0557,0,grip capacity exceeded,0.228,3.128,,,,18.0,66.0
1790783238.0620756,0,grip capacity exceeded,1.052,2.5645,,,,18.0,66.0
1790783238.0764675,0,slipped off A,0.612,1.6558,,,,18.0,66.0
1790783238.077517,0,grip capacity exceeded,0.436,2.5423,,,,18.0,66.0
1790783238.0975716,0,grip capacity exceeded,0.188,2.6463,,,,18.0,66.0
1790783238.09772,0,grip capacity exceeded,0.108,2.6571,,,,18.0,66.0
1790783238.111619,0,grip capacity exceeded,0.098,2.2731,,,,18.0,66.0
1790783238.1199734,0,grip capacity exceeded,0.206,2.5472,,,,18.0,66.0
1790783238.1538572,0,hit wall,0.2,1.3999,0.1599999999999966,0.9391365290308096,2.0625368593045112,18.0,66.0
1790783238.1768072,0,grip capacity exceeded,0.196,2.7455,,,,18.0,66.0
1790783238.1787398,0,missed B,0.832,1.2604,0.3799999999999919,0.9513587512530316,1.6031601418004144,18.0,66.0
1790783238.1840029,0,hit wall,0.316,1.7502,0.25999999999999446,0.944692084586365,2.0500246946835827,18.0,66.0
1790783238.2020533,0,slipped off A,0.21,1.5738,,,,18.0,66.0
1790783238.2297323,0,grip capacity exceeded,0.23,2.2381,,,,18.0,66.0
1790783238.2349157,0,missed B,0.702,1.3789,0.25999999999999446,0.944692084586365,1.143637917372794,18.0,66.0
1790783238.2503023,0,hit wall,0.208,1.0245,0.0799999999999983,0.9346920845863652,2.029450649903032,18.0,66.0
1790783238.250884,0,slipped off A,0.438,1.6837,,,,18.0,66.0
1790783238.2733073,0,slipped off A,0.474,1.4028,,,,18.0,66.0
1790783238.2951925,0,hit wall,0.306,1.2983,0.23999999999999488,0.9435809734752539,2.048071169585482,18.0,66.0
1790783238.300559,0,slipped off A,0.41,1.2553,,,,18.0,66.0
1790783238.3011117,0,grip capacity exceeded,0.402,2.0191,,,,18.0,66.0
1790783238.3086061,0,hit wall,0.25,1.1751,0.17999999999999616,0.9402476401419206,2.048580983391425,18.0,66.0
1790783238.3139884,0,grip capacity exceeded,0.28,2.5531,,,,18.0,66.0
1790783238.3324242,0,grip capacity exceeded,0.096,2.9449,,,,18.0,66.0
1790783238.3381786,0,grip capacity exceeded,0.282,2.3773,,,,18.0,66.0
1790783238.359493,0,grip capacity exceeded,0.152,2.6627,,,,18.0,66.0
1790783238.3671632,0,slipped off A,0.21,0.9416,,,,18.0,66.0
1790783238.4050448,0,grip capacity exceeded,0.136,2.8686,,,,18.0,66.0
1790783238.411196,0,hit wall,0.35,1.8071,0.2999999999999936,0.9469143068085872,2.054724938934509,18.0,66.0
1790783238.4249535,0,grip capacity exceeded,0.504,2.1299,,,,18.0,66.0
1790783238.4290519,0,grip capacity exceeded,0.446,2.4342,,,,18.0,66.0
1790783238.4360998,0,slipped off A,0.328,1.5207,,,,18.0,66.0
1790783238.463569,0,slipped off A,0.168,1.2754,,,,18.0,66.0
1790783238.463876,0,slipped off A,0.73,1.6654,,,,18.0,66.0
1790783238.5188487,0,grip capacity exceeded,0.528,3.3878,,,,18.0,66.0
1790783238.5570767,0,hit wall,0.48,1.0083,0.41999999999999105,0.9535809734752537,2.0481748439425096,18.0,66.0
1790783238.563628,0,grip capacity exceeded,0.748,3.2579,,,,18.0,66.0
1790783238.5683572,0,slipped off A,0.424,1.359,,,,18.0,66.0
1790783238.6119227,0,slipped off A,0.17,1.2657,,,,18.0,66.0
1790783238.615257,0,missed B,0.446,1.4801,0.03999999999999915,0.9324698623641431,1.2168869129971953,18.0,66.0
1790783238.6166456,0,slipped off A,0.144,1.4041,,,,18.0,66.0
1790783238.6460218,0,slipped off A,0.236,1.3731,,,,18.0,66.0
1790783238.6532323,0,grip capacity exceeded,0.718,2.2483,,,,18.0,66.0
1790783238.6535199,0,grip capacity exceeded,0.674,2.8631,,,,18.0,66.0
1790783238.6604257,0,slipped off A,0.13,1.572,,,,18.0,66.0
1790783238.666072,0,grip capacity exceeded,0.422,2.2267,,,,18.0,66.0
1790783238.6956584,0,slipped off A,0.142,1.7143,,,,18.0,66.0
1790783238.7035494,0,hit wall,0.724,1.2667,0.6399999999999864,0.9658031956974757,1.994539226532592,18.0,66.0
1790783238.7149606,0,grip capacity exceeded,0.314,2.0692,,,,18.0,66.0
1790783238.7210212,0,grip capacity exceeded,0.33,2.0257,,,,18.0,66.0
1790783238.7262297,0,grip capacity exceeded,0.084,2.0265,,,,18.0,66.0
1790783238.7272341,0,slipped off A,0.23,1.426,,,,18.0,66.0
1790783238.7375364,0,grip capacity exceeded,0.114,2.2806,,,,18.0,66.0
1790783238.770221,0,slipped off A,0.122,1.3148,,,,18.0,66.0
1790783238.7759929,0,grip capacity exceeded,0.376,2.0577,,,,18.0,66.0
1790783238.7939584,0,grip capacity exceeded,0.386,2.1307,,,,18.0,66.0
1790783238.7944698,0,hit wall,0.152,0.5044,0.019999999999999574,0.931358751253032,1.9394097958968748,18.0,66.0
1790783238.8086448,0,slipped off A,0.266,1.5792,,,,18.0,66.0
1790783238.8292234,0,missed B,0.514,1.4703,0.11999999999999744,0.9369143068085874,1.252029859499356,18.0,66.0
1790783238.8413408,0,slipped off A,0.214,1.4839,,,,18.0,66.0
1790783238.8651445,0,slipped off A,0.422,1.2045,,,,18.0,66.0
1790783238.8660703,0,slipped off A,0.43,1.5722,,,,18.0,66.0
1790783238.8882153,0,hit wall,0.368,1.5142,0.3199999999999932,0.9480254179196983,2.053696581824833,18.0,66.0
1790783238.9137363,0,slipped off A,0.242,1.3755,,,,18.0,66.0
1790783238.9171693,0,hit wall,0.35,1.0881,0.3199999999999932,0.9480254179196983,2.0540286566659587,18.0,66.0
1790783238.931798,0,grip capacity exceeded,0.2,2.4878,,,,18.0,66.0
1790783238.9483955,0,grip capacity exceeded,0.16,2.0753,,,,18.0,66.0
1790783238.9485624,0,grip capacity exceeded,0.072,2.1366,,,,18.0,66.0
1790783238.9568198,0,slipped off A,0.49,1.4617,,,,18.0,66.0
1790783238.9888704,0,grip capacity exceeded,0.59,2.3469,,,,18.0,66.0
1790783239.0021484,0,grip capacity exceeded,0.148,2.2881,,,,18.0,66.0
1790783239.0140402,0,grip capacity exceeded,0.196,2.2221,,,,18.0,66.0
1790783239.030219,0,slipped off A,0.324,1.4619,,,,18.0,66.0
1790783239.0474224,0,missed B,0.54,1.5349,0.05999999999999872,0.9335809734752541,1.2210212058846226,18.0,66.0
1790783239.0532942,0,slipped off A,0.69,1.8542,,,,18.0,66.0
1790783239.096085,0,slipped off A,0.434,1.3857,,,,18.0,66.0
1790783239.1008599,0,grip capacity exceeded,0.51,2.2615,,,,18.0,66.0
1790783239.1137264,0,grip capacity exceeded,0.31,2.2267,,,,18.0,66.0
1790783239.1520922,0,grip capacity exceeded,0.308,2.2528,,,,18.0,66.0
1790783239.1692157,0,grip capacity exceeded,0.384,2.1145,,,,18.0,66.0
1790783239.2055228,0,slipped off A,0.46,1.6804,,,,18.0,66.0
1790783239.2155054,0,grip capacity exceeded,0.152,2.751,,,,18.0,66.0
1790783239.2203724,0,missed B,0.696,1.0871,0.19999999999999574,0.9413587512530318,1.3193341599191395,18.0,66.0
1790783239.2323232,0,grip capacity exceeded,0.328,2.1596,,,,18.0,66.0
1790783239.2549145,0,grip capacity exceeded,0.116,2.008,,,,18.0,66.0
1790783239.2820692,0,grip capacity exceeded,0.874,2.6744,,,,18.0,66.0
1790783239.2907984,0,grip capacity exceeded,0.128,2.7339,,,,18.0,66.0
1790783239.2923715,0,slipped off A,0.216,1.6173,,,,18.0,66.0
1790783239.2924805,0,hit wall,0.582,1.9656,,,,18.0,66.0
1790783239.2978404,0,slipped off A,0.47,1.4183,,,,18.0,66.0
1790783239.2986104,0,slipped off A,0.264,1.5834,,,,18.0,66.0
1790783239.3525608,0,grip capacity exceeded,0.202,2.0202,,,,18.0,66.0
1790783239.3734193,0,grip capacity exceeded,0.294,2.5254,,,,18.0,66.0
1790783239.3825047,0,slipped off A,0.63,1.7895,,,,18.0,66.0
1790783239.4089367,0,grip capacity exceeded,0.4,2.5291,,,,18.0,66.0
1790783239.4144735,0,slipped off A,0.41,1.9344,,,,18.0,66.0
1790783239.4351737,0,grip capacity exceeded,0.532,2.3857,,,,18.0,66.0
1790783239.4478488,0,hit wall,1.144,1.3156,0.9199999999999804,0.981358751253031,1.6773340696923202,18.0,66.0
1790783239.4624863,0,grip capacity exceeded,0.28,2.1087,,,,18.0,66.0
1790783239.4711034,0,slipped off A,0.376,1.519,,,,18.0,66.0
1790783239.4982097,0,slipped off A,0.23,1.5572,,,,18.0,66.0
1790783239.5047946,0,missed B,0.35,0.498,0.0,0.9302476401419209,1.4460463546576239,18.0,66.0
1790783239.5056856,0,hit wall,0.2,0.6707,0.1599999999999966,0.9391365290308096,2.062516297377612,18.0,66.0
1790783239.529986,0,grip capacity exceeded,0.178,2.4301,,,,18.0,66.0
1790783239.5689352,0,grip capacity exceeded,0.324,2.0449,,,,18.0,66.0
1790783239.5847251,0,grip capacity exceeded,0.98,2.2402,,,,18.0,66.0
1790783239.6247315,0,grip capacity exceeded,0.58,2.1133,,,,18.0,66.0
1790783239.6527827,0,slipped off A,0.27,1.3133,,,,18.0,66.0
1790783239.6600714,0,slipped off A,0.51,1.175,,,,18.0,66.0
1790783239.6711617,0,grip capacity exceeded,0.554,2.0215,,,,18.0,66.0
1790783239.6945162,0,grip capacity exceeded,0.648,2.3726,,,,18.0,66.0
1790783239.7118297,0,missed B,0.404,0.5359,0.019999999999999574,0.931358751253032,1.2615972365939399,18.0,66.0
1790783239.7215128,0,hit wall,0.186,1.7521,0.0799999999999983,0.9346920845863652,1.9713251581751559,18.0,66.0
1790783239.7333827,0,hit wall,0.328,1.0142,0.25999999999999446,0.944692084586365,2.05708193824589,18.0,66.0
1790783239.7668529,0,hit wall,0.138,0.6381,0.03999999999999915,0.9324698623641431,1.95935820411801,18.0,66.0
1790783239.7811625,0,missed B,0.804,1.6484,0.3199999999999932,0.9480254179196983,1.4206722469489859,18.0,66.0
1790783239.789109,0,slipped off A,0.28,1.4982,,,,18.0,66.0
1790783239.7931497,0,grip capacity exceeded,0.178,2.3297,,,,18.0,66.0
1790783239.7942703,0,grip capacity exceeded,1.21,2.4716,,,,18.0,66.0
1790783239.7946873,0,slipped off A,0.37,1.1076,,,,18.0,66.0
1790783239.8064156,0,hit wall,0.076,0.6569,0.03999999999999915,0.9324698623641431,2.069213893544763,18.0,66.0
1790783239.8192604,0,grip capacity exceeded,0.516,2.1635,,,,18.0,66.0
1790783239.839573,0,grip capacity exceeded,0.368,2.2738,,,,18.0,66.0
1790783239.8417711,0,grip capacity exceeded,0.138,2.3526,,,,18.0,66.0
1790783239.8507998,0,hit wall,0.166,0.8523,0.0799999999999983,0.9346920845863652,2.052109333477719,18.0,66.0
1790783239.8676236,0,slipped off A,0.07,1.3873,,,,18.0,66.0
1790783239.8868406,0,slipped off A,0.19,1.006,,,,18.0,66.0
1790783239.8919883,0,slipped off A,0.37,1.7036,,,,18.0,66.0
1790783239.9245827,0,grip capacity exceeded,0.112,2.2796,,,,18.0,66.0
1790783239.9248855,0,slipped off A,0.24,1.9875,,,,18.0,66.0
1790783239.9379077,0,slipped off A,0.296,1.5714,,,,18.0,66.0
1790783239.938274,0,grip capacity exceeded,0.14,2.6123,,,,18.0,66.0
1790783239.9615428,0,grip capacity exceeded,0.086,2.0021,,,,18.0,66.0
1790783239.9704866,0,grip capacity exceeded,0.12,2.2233,,,,18.0,66.0
1790783239.9807248,0,missed B,0.544,1.4931,0.05999999999999872,0.9335809734752541,1.2595165186426975,18.0,66.0
1790783239.9815357,0,hit wall,0.338,1.9792,0.2999999999999936,0.9469143068085872,2.0549547835735598,18.0,66.0
1790783241.05986,0,slipped off A,0.11,1.5626,,,,18.0,66.0
1790783241.0724277,0,missed B,0.656,1.2446,0.1599999999999966,0.9391365290308096,1.2367720026603986,18.0,66.0
1790783241.0814059,0,slipped off A,0.622,1.5726,,,,18.0,66.0
1790783241.0868242,0,grip capacity exceeded,0.25,2.1427,,,,18.0,66.0
1790783241.0990686,0,hit wall,0.21,0.802,0.09999999999999787,0.9358031956974764,1.9404567425754509,18.0,66.0
1790783241.1044512,0,hit wall,0.194,0.8432,0.1599999999999966,0.9391365290308096,2.0625629183118406,18.0,66.0
1790783241.1224806,0,grip capacity exceeded,0.14,2.0143,,,,18.0,66.0
1790783241.1336308,0,hit wall,0.222,0.9937,0.19999999999999574,0.9413587512530318,2.060611003683309,18.0,66.0
1790783241.1623008,0,hit wall,0.498,1.8089,0.3999999999999915,0.9524698623641427,2.028441092913832,18.0,66.0
1790783241.1663935,0,grip capacity exceeded,0.214,2.1995,,,,18.0,66.0
1790783241.1787815,0,slipped off A,0.326,1.0511,,,,18.0,66.0
1790783241.1812723,0,slipped off A,0.284,1.323,,,,18.0,66.0
1790783241.203198,0,slipped off A,0.49,1.5778,,,,18.0,66.0
1790783241.2113085,0,hit wall,0.112,0.498,0.0,0.9302476401419209,1.948716811792384,18.0,66.0
1790783241.243732,0,grip capacity exceeded,0.362,2.0535,,,,18.0,66.0
1790783241.2448323,0,missed B,0.436,0.498,0.0,0.9302476401419209,1.3175606463653284,18.0,66.0
1790783241.268086,0,grip capacity exceeded,0.21,2.4143,,,,18.0,66.0
1790783241.268086,0,grip capacity exceeded,0.33,2.0395,,,,18.0,66.0
1790783241.2736752,0,slipped off A,0.29,1.5659,,,,18.0,66.0
1790783241.2777479,0,grip capacity exceeded,0.104,2.0722,,,,18.0,66.0
1790783241.2885668,0,slipped off A,0.07,1.4334,,,,18.0,66.0
1790783241.2931368,0,slipped off A,0.518,0.9837,,,,18.0,66.0
1790783241.3049803,0,slipped off A,0.33,1.2177,,,,18.0,66.0
1790783241.321053,0,grip capacity exceeded,0.114,2.0148,,,,18.0,66.0
1790783241.3301895,0,slipped off A,0.51,1.7179,,,,18.0,66.0
1790783241.3432858,0,slipped off A,0.35,1.2808,,,,18.0,66.0
1790783241.3467817,0,grip capacity exceeded,0.228,2.6491,,,,18.0,66.0
1790783241.3739996,0,grip capacity exceeded,0.138,2.0777,,,,18.0,66.0
1790783241.3744307,0,grip capacity exceeded,0.224,2.0762,,,,18.0,66.0
1790783241.3840191,0,slipped off A,0.21,1.2855,,,,18.0,66.0
1790783241.384135,0,grip capacity exceeded,0.126,2.0035,,,,18.0,66.0
1790783241.4240713,0,slipped off A,0.17,1.8637,,,,18.0,66.0
1790783241.4325235,0,slipped off A,0.294,1.5745,,,,18.0,66.0
1790783241.4415,0,grip capacity exceeded,0.582,2.9872,,,,18.0,66.0
1790783241.4761891,0,grip capacity exceeded,0.266,2.0827,,,,18.0,66.0
1790783241.4769988,0,grip capacity exceeded,0.118,2.5486,,,,18.0,66.0
1790783241.4867,0,slipped off A,0.69,1.9272,,,,18.0,66.0
1790783241.4967887,0,slipped off A,0.194,1.3882,,,,18.0,66.0
1790783241.4996538,0,grip capacity exceeded,0.642,2.0369,,,,18.0,66.0
1790783241.543664,0,grip capacity exceeded,0.12,2.0261,,,,18.0,66.0
1790783241.5489864,0,slipped off A,0.17,0.8768,,,,18.0,66.0
1790783241.5754719,0,slipped off A,0.27,1.2327,,,,18.0,66.0
1790783241.5754533,0,grip capacity exceeded,0.6,2.182,,,,18.0,66.0
1790783241.603882,0,grip capacity exceeded,0.092,2.1747,,,,18.0,66.0
1790783241.6200864,0,slipped off A,0.13,1.3784,,,,18.0,66.0
1790783241.6303082,0,slipped off A,0.452,1.5914,,,,18.0,66.0
1790783241.6313493,0,missed B,0.736,0.9068,0.25999999999999446,0.944692084586365,1.291623181683607,18.0,66.0
1790783241.631664,0,grip capacity exceeded,0.558,2.1076,,,,18.0,66.0
1790783241.6366634,0,slipped off A,0.41,1.0613,,,,18.0,66.0
1790783241.6391995,0,grip capacity exceeded,0.084,2.7189,,,,18.0,66.0
1790783241.655502,0,grip capacity exceeded,0.352,2.2158,,,,18.0,66.0
1790783241.6617954,0,hit wall,0.082,0.5217,0.019999999999999574,0.931358751253032,2.0488226382405346,18.0,66.0
1790783241.668222,0,grip capacity exceeded,0.11,2.3736,,,,18.0,66.0
1790783241.6915724,0,slipped off A,0.19,0.9366,,,,18.0,66.0
1790783241.7337432,0,slipped off A,0.312,1.0938,,,,18.0,66.0
1790783241.7350779,0,missed B,0.598,1.1866,0.09999999999999787,0.9358031956974764,1.3737427958048845,18.0,66.0
1790783241.7472625,0,hit wall,0.178,1.0076,0.13999999999999702,0.9380254179196985,2.0637042301723976,18.0,66.0
1790783241.7742555,0,grip capacity exceeded,0.46,2.0391,,,,18.0,66.0
1790783241.7797575,0,slipped off A,0.41,1.17,,,,18.0,66.0
1790783241.7798848,0,grip capacity exceeded,0.37,2.5843,,,,18.0,66.0
1790783241.7901952,0,slipped off A,0.43,1.419,,,,18.0,66.0
1790783241.8134644,0,slipped off A,0.13,1.466,,,,18.0,66.0
1790783241.815178,0,grip capacity exceeded,0.076,2.1993,,,,18.0,66.0
1790783241.8395638,0,slipped off A,0.07,1.4435,,,,18.0,66.0
1790783241.8747032,0,hit wall,0.468,1.5663,0.41999999999999105,0.9535809734752537,2.0484663809341415,18.0,66.0
1790783241.8841028,0,missed B,0.336,0.498,0.0,0.9302476401419209,1.3725787447028701,18.0,66.0
1790783241.8905766,0,grip capacity exceeded,0.356,2.1197,,,,18.0,66.0
1790783241.8908846,0,missed B,0.47,1.5,0.03999999999999915,0.9324698623641431,1.3706570050300306,18.0,66.0
1790783241.9083588,0,grip capacity exceeded,0.216,2.2167,,,,18.0,66.0
1790783241.9209166,0,grip capacity exceeded,0.982,2.0704,,,,18.0,66.0
1790783241.9578376,0,slipped off A,0.222,1.0821,,,,18.0,66.0
1790783242.0438988,0,slipped off A,0.41,1.0154,,,,18.0,66.0
1790783242.048931,0,slipped off A,0.468,1.1414,,,,18.0,66.0
1790783242.0517147,0,grip capacity exceeded,0.562,2.1561,,,,18.0,66.0
1790783242.0677428,0,grip capacity exceeded,0.068,2.143,,,,18.0,66.0
1790783242.0843751,0,grip capacity exceeded,0.64,2.9758,,,,18.0,66.0
1790783242.0943933,0,hit wall,1.166,1.8046,,,,18.0,66.0
1790783242.1121676,0,slipped off A,0.17,1.3949,,,,18.0,66.0
1790783242.1422722,0,grip capacity exceeded,0.15,2.6414,,,,18.0,66.0
1790783242.1426592,0,slipped off A,0.802,1.6411,,,,18.0,66.0
1790783242.1445847,0,grip capacity exceeded,0.1,2.0124,,,,18.0,66.0
1790783242.166714,0,missed B,1.13,1.8637,0.6199999999999868,0.9646920845863646,1.1463202198835247,18.0,66.0
1790783242.1828763,0,grip capacity exceeded,0.714,2.1278,,,,18.0,66.0
1790783242.2027926,0,slipped off A,0.446,1.6899,,,,18.0,66.0
1790783242.2078803,0,grip capacity exceeded,0.194,2.1589,,,,18.0,66.0
1790783242.213567,0,grip capacity exceeded,0.13,2.0475,,,,18.0,66.0
1790783242.2237358,0,grip capacity exceeded,0.238,2.4705,,,,18.0,66.0
1790783242.2371745,0,missed B,0.5,0.6198,0.0799999999999983,0.9346920845863652,1.322446715612522,18.0,66.0
1790783242.262512,0,grip capacity exceeded,0.136,2.8849,,,,18.0,66.0
1790783242.2657926,0,grip capacity exceeded,0.116,2.4429,,,,18.0,66.0
1790783242.2891054,0,missed B,0.62,1.4028,0.17999999999999616,0.9402476401419206,1.492463106088649,18.0,66.0
1790783242.291678,0,grip capacity exceeded,0.07,2.0433,,,,18.0,66.0
1790783242.29643,0,grip capacity exceeded,0.334,2.1091,,,,18.0,66.0
1790783242.324578,0,slipped off A,0.09,1.4563,,,,18.0,66.0
1790783242.3486257,0,slipped off A,0.322,1.6724,,,,18.0,66.0
1790783242.352133,0,slipped off A,0.192,1.7376,,,,18.0,66.0
1790783242.380615,0,missed B,0.53,0.5024,0.03999999999999915,0.9324698623641431,1.2663510294828109,18.0,66.0
1790783242.3881493,0,missed B,0.724,1.5133,0.2199999999999953,0.9424698623641429,1.2414417567188343,18.0,66.0
1790783242.4130483,0,grip capacity exceeded,0.252,2.1781,,,,18.0,66.0
1790783242.4257822,0,slipped off A,0.21,1.68,,,,18.0,66.0
1790783242.4439554,0,grip capacity exceeded,0.544,2.5613,,,,18.0,66.0
1790783242.4447455,0,grip capacity exceeded,0.098,3.1464,,,,18.0,66.0
1790783242.4697154,0,missed B,0.542,1.4126,0.11999999999999744,0.9369143068085874,1.3728271168772037,18.0,66.0
1790783242.4708526,0,slipped off A,0.794,1.6696,,,,18.0,66.0
1790783242.4765718,0,grip capacity exceeded,0.266,2.055,,,,18.0,66.0
1790783242.4769347,0,grip capacity exceeded,0.156,2.718,,,,18.0,66.0
1790783242.4874628,0,slipped off A,0.132,1.8227,,,,18.0,66.0
1790783242.489066,0,slipped off A,0.33,1.516,,,,18.0,66.0
1790783242.5028827,0,grip capacity exceeded,0.076,2.7465,,,,18.0,66.0
1790783242.5146132,0,slipped off A,0.08,1.4571,,,,18.0,66.0
1790783242.5267496,0,slipped off A,0.11,1.5895,,,,18.0,66.0
1790783242.5469518,0,slipped off A,0.312,0.9332,,,,18.0,66.0
1790783242.5665464,0,grip capacity exceeded,0.192,2.5927,,,,18.0,66.0
1790783242.5718904,0,slipped off A,0.69,1.3179,,,,18.0,66.0
1790783242.5794919,0,grip capacity exceeded,0.33,2.2319,,,,18.0,66.0
1790783242.5905209,0,slipped off A,0.374,1.3579,,,,18.0,66.0
1790783242.5929801,0,slipped off A,0.354,1.6354,,,,18.0,66.0
1790783242.6368265,0,hit wall,0.348,1.1106,0.2999999999999936,0.9469143068085872,2.0547682679076447,18.0,66.0
1790783242.6399765,0,hit wall,0.162,0.565,0.09999999999999787,0.9358031956974764,2.043908658632333,18.0,66.0
1790783242.7176154,0,grip capacity exceeded,0.554,2.3534,,,,18.0,66.0
1790783242.7186806,0,slipped off A,0.23,1.2287,,,,18.0,66.0
1790783242.751777,0,grip capacity exceeded,0.062,2.4624,,,,18.0,66.0
1790783242.7560608,0,grip capacity exceeded,0.536,2.505,,,,18.0,66.0
1790783242.7627633,0,slipped off A,0.616,1.7235,,,,18.0,66.0
1790783242.8020973,0,slipped off A,0.45,1.1882,,,,18.0,66.0
1790783242.8410025,0,grip capacity exceeded,0.718,2.7132,,,,18.0,66.0
1790783242.8444898,0,missed B,0.718,1.2189,0.17999999999999616,0.9402476401419206,1.3454783342956869,18.0,66.0
1790783242.8560448,0,grip capacity exceeded,0.316,2.2956,,,,18.0,66.0
1790783242.8575227,0,missed B,0.8,1.6909,0.3999999999999915,0.9524698623641427,1.152134010748085,18.0,66.0
1790783242.874749,0,hit wall,0.304,1.2044,0.23999999999999488,0.9435809734752539,2.0275618033305207,18.0,66.0
1790783242.8897119,0,slipped off A,0.132,1.4576,,,,18.0,66.0
1790783242.9010468,0,grip capacity exceeded,0.164,2.3685,,,,18.0,66.0
1790783242.9281626,0,grip capacity exceeded,0.612,2.2411,,,,18.0,66.0
1790783242.9282014,0,grip capacity exceeded,0.514,3.5649,,,,18.0,66.0
1790783242.9409168,0,slipped off A,0.25,1.8376,,,,18.0,66.0
1790783242.9417446,0,slipped off A,0.25,1.7528,,,,18.0,66.0
1790783242.95774,0,slipped off A,0.15,1.3228,,,,18.0,66.0
1790783242.9838302,0,grip capacity exceeded,0.556,2.0779,,,,18.0,66.0
1790783243.0037456,0,grip capacity exceeded,0.394,2.72,,,,18.0,66.0
1790783243.0094495,0,slipped off A,0.23,1.492,,,,18.0,66.0
1790783243.021828,0,slipped off A,0.24,1.3895,,,,18.0,66.0
1790783243.033698,0,grip capacity exceeded,0.076,2.3407,,,,18.0,66.0
1790783243.0548732,0,grip capacity exceeded,0.3,3.4198,,,,18.0,66.0
1790783243.0642402,0,hit wall,0.342,1.3662,0.23999999999999488,0.9435809734752539,2.0260774259047736,18.0,66.0
1790783243.0957088,0,slipped off A,0.17,1.6451,,,,18.0,66.0
1790783243.1066508,0,missed B,0.502,0.5665,0.0799999999999983,0.9346920845863652,1.4067705400438453,18.0,66.0
1790783243.1409223,0,grip capacity exceeded,0.382,2.1214,,,,18.0,66.0
1790783243.154038,0,grip capacity exceeded,0.146,2.0851,,,,18.0,66.0
1790783243.1680548,0,grip capacity exceeded,0.418,2.3911,,,,18.0,66.0
1790783243.1724494,0,slipped off A,0.32,1.4556,,,,18.0,66.0
1790783243.1797264,0,grip capacity exceeded,0.104,2.1848,,,,18.0,66.0
1790783243.1935954,0,missed B,0.892,1.36,0.5799999999999876,0.9624698623641424,1.346763224738481,18.0,66.0
1790783243.1991117,0,slipped off A,0.408,1.7595,,,,18.0,66.0
1790783243.2132201,0,grip capacity exceeded,0.094,2.0142,,,,18.0,66.0
1790783243.2163622,0,missed B,0.662,0.751,0.2999999999999936,0.9469143068085872,1.2051281760973591,18.0,66.0
1790783243.2407358,0,missed B,0.384,0.498,0.0,0.9302476401419209,1.2490978609773107,18.0,66.0
1790783243.246531,0,hit wall,0.09,0.498,0.0,0.9302476401419209,2.0172717522255716,18.0,66.0
1790783243.2685862,0,slipped off A,0.31,1.1377,,,,18.0,66.0
1790783243.290396,0,slipped off A,0.29,0.9752,,,,18.0,66.0
1790783243.3099327,0,slipped off A,0.302,1.5026,,,,18.0,66.0
1790783243.3150811,0,slipped off A,0.07,1.4384,,,,18.0,66.0
1790783243.3265567,0,grip capacity exceeded,0.278,2.478,,,,18.0,66.0
1790783243.333041,0,grip capacity exceeded,0.214,2.2644,,,,18.0,66.0
1790783243.3565307,0,grip capacity exceeded,0.14,2.5369,,,,18.0,66.0
1790783243.3627772,0,grip capacity exceeded,0.612,2.3277,,,,18.0,66.0
1790783243.3905065,0,missed B,0.5,0.7377,0.03999999999999915,0.9324698623641431,1.3561299726754623,18.0,66.0
1790783243.3906589,0,slipped off A,0.09,1.5488,,,,18.0,66.0
1790783243.397487,0,grip capacity exceeded,0.766,2.2402,,,,18.0,66.0
1790783243.4316819,0,grip capacity exceeded,0.302,2.5809,,,,18.0,66.0
1790783243.4455311,0,slipped off A,0.144,1.3487,,,,18.0,66.0
1790783243.457128,0,slipped off A,0.07,1.5464,,,,18.0,66.0
1790783243.4619412,0,grip capacity exceeded,0.238,2.3556,,,,18.0,66.0
1790783243.4869578,0,slipped off A,0.95,1.8897,,,,18.0,66.0
1790783243.4887185,0,grip capacity exceeded,0.382,2.935,,,,18.0,66.0
1790783243.4929626,0,slipped off A,0.152,1.7143,,,,18.0,66.0
1790783243.494108,0,missed B,0.586,0.7488,0.13999999999999702,0.9380254179196985,1.4317664190093564,18.0,66.0
1790783243.4986734,0,grip capacity exceeded,0.346,2.7735,,,,18.0,66.0
1790783243.521933,0,missed B,0.63,1.4223,0.05999999999999872,0.9335809734752541,1.2758361895976886,18.0,66.0
1790783243.5294034,0,grip capacity exceeded,0.22,2.5665,,,,18.0,66.0
1790783243.597377,0,slipped off A,0.424,1.0582,,,,18.0,66.0
1790783243.598196,0,grip capacity exceeded,0.21,2.4155,,,,18.0,66.0
1790783243.613976,0,hit wall,0.034,0.498,0.0,0.9302476401419209,2.0714208781974857,18.0,66.0
1790783243.6148791,0,grip capacity exceeded,0.378,2.5692,,,,18.0,66.0
1790783243.6377053,0,slipped off A,0.41,1.5305,,,,18.0,66.0
1790783243.6502411,0,missed B,0.472,0.8299,0.0799999999999983,0.9346920845863652,1.1578002552386475,18.0,66.0
1790783243.6516788,0,grip capacity exceeded,0.112,2.2174,,,,18.0,66.0
1790783243.682799,0,slipped off A,0.448,1.3639,,,,18.0,66.0
1790783243.6875577,0,grip capacity exceeded,0.232,2.0268,,,,18.0,66.0
1790783243.6932204,0,grip capacity exceeded,0.628,2.0643,,,,18.0,66.0
1790783243.6993918,0,grip capacity exceeded,0.148,2.2401,,,,18.0,66.0
1790783243.7167082,0,grip capacity exceeded,0.354,2.678,,,,18.0,66.0
1790783243.7796226,0,missed B,0.852,1.4799,0.2999999999999936,0.9469143068085872,1.3754772176899153,18.0,66.0
1790783243.7855656,0,hit wall,0.428,1.7544,0.3799999999999919,0.9513587512530316,2.0505737374896813,18.0,66.0
1790783243.7939281,0,grip capacity exceeded,0.302,2.2134,,,,18.0,66.0
1790783243.823947,0,slipped off A,0.49,1.3656,,,,18.0,66.0
1790783243.831279,0,slipped off A,0.396,1.7184,,,,18.0,66.0
1790783243.8418198,0,slipped off A,0.33,1.7054,,,,18.0,66.0
1790783243.8477938,0,slipped off A,0.13,1.3939,,,,18.0,66.0
1790783243.8593938,0,slipped off A,0.208,1.0135,,,,18.0,66.0
1790783243.8692794,0,grip capacity exceeded,0.24,2.4558,,,,18.0,66.0
1790783243.8870978,0,grip capacity exceeded,0.134,2.7174,,,,18.0,66.0
1790783243.8881752,0,hit wall,0.18,1.074,0.13999999999999702,0.9380254179196985,2.063628527108784,18.0,66.0
1790783243.908142,0,slipped off A,0.25,1.5057,,,,18.0,66.0
1790783243.912443,0,grip capacity exceeded,0.636,2.0382,,,,18.0,66.0
1790783243.9325345,0,grip capacity exceeded,0.15,3.0614,,,,18.0,66.0
1790783243.9417531,0,grip capacity exceeded,0.726,2.1835,,,,18.0,66.0
1790783243.948456,0,hit wall,0.142,1.0555,0.09999999999999787,0.9358031956974764,2.0657554392189055,18.0,66.0
1790783243.960113,0,slipped off A,0.25,0.996,,,,18.0,66.0
1790783243.9619102,0,slipped off A,0.41,1.2592,,,,18.0,66.0
1790783243.9668632,0,slipped off A,0.11,1.4537,,,,18.0,66.0
1790783243.9789438,0,hit wall,0.044,0.498,0.0,0.9302476401419209,2.071330473496013,18.0,66.0
1790783243.9893901,0,grip capacity exceeded,0.27,2.4288,,,,18.0,66.0
1790783244.0111923,0,slipped off A,0.19,1.2833,,,,18.0,66.0
1790783244.0519125,0,slipped off A,0.238,1.0085,,,,18.0,66.0
1790783244.0586708,0,missed B,0.318,0.498,0.0,0.9302476401419209,1.3593690747782745,18.0,66.0
1790783244.064629,0,slipped off A,0.684,1.531,,,,18.0,66.0
1790783244.0702777,0,grip capacity exceeded,0.042,2.1173,,,,18.0,66.0
1790783244.1170673,0,slipped off A,0.57,1.5681,,,,18.0,66.0
1790783244.1369631,0,missed B,0.886,1.322,0.47999999999998977,0.956914306808587,1.0417256491820275,18.0,66.0
1790783244.1387932,0,hit wall,0.554,1.3071,0.4399999999999906,0.9546920845863648,2.0059695248406615,18.0,66.0
1790783244.1559143,0,grip capacity exceeded,0.108,2.0677,,,,18.0,66.0
1790783244.2089183,0,grip capacity exceeded,0.206,2.0169,,,,18.0,66.0
1790783244.2162094,0,hit wall,0.468,1.8027,0.3799999999999919,0.9513587512530316,1.984941578503175,18.0,66.0
1790783244.221411,0,grip capacity exceeded,0.668,2.0121,,,,18.0,66.0
1790783244.2751348,0,hit wall,0.18,1.0939,0.11999999999999744,0.9369143068085874,2.0502839584527046,18.0,66.0
1790783244.2829587,0,missed B,0.67,1.664,0.2999999999999936,0.9469143068085872,1.1840958309171623,18.0,66.0
1790783244.2869349,0,grip capacity exceeded,0.96,2.4919,,,,18.0,66.0
1790783244.2916934,0,slipped off A,0.486,1.06,,,,18.0,66.0
1790783244.2973635,0,missed B,0.766,1.2273,0.19999999999999574,0.9413587512530318,1.1908208170455277,18.0,66.0
1790783245.4009714,0,grip capacity exceeded,0.516,2.1406,,,,18.0,66.0
1790783245.4257696,0,slipped off A,0.168,1.3422,,,,18.0,66.0
1790783245.4397807,0,hit wall,0.196,1.4369,0.1599999999999966,0.9391365290308096,2.0624779266727105,18.0,66.0
1790783245.4665303,0,grip capacity exceeded,0.522,2.0554,,,,18.0,66.0
1790783245.472987,0,missed B,0.568,0.8371,0.19999999999999574,0.9413587512530318,1.3147384469702807,18.0,66.0
1790783245.4803998,0,grip capacity exceeded,0.284,2.1335,,,,18.0,66.0
1790783245.4977703,0,slipped off A,0.214,1.6846,,,,18.0,66.0
1790783245.5037932,0,slipped off A,0.422,1.545,,,,18.0,66.0
1790783245.5221622,0,grip capacity exceeded,0.06,2.1352,,,,18.0,66.0
1790783245.5502074,0,grip capacity exceeded,0.178,2.1499,,,,18.0,66.0
1790783245.5507584,0,grip capacity exceeded,0.614,2.2537,,,,18.0,66.0
1790783245.5630553,0,grip capacity exceeded,0.396,2.3976,,,,18.0,66.0
1790783245.5821483,0,hit wall,0.19,1.1358,0.1599999999999966,0.9391365290308096,2.0626777758219745,18.0,66.0
1790783245.5886643,0,grip capacity exceeded,0.39,2.0613,,,,18.0,66.0
1790783245.589258,0,hit wall,0.106,1.1117,0.03999999999999915,0.9324698623641431,2.043314181319472,18.0,66.0
1790783245.607896,0,grip capacity exceeded,0.436,2.0704,,,,18.0,66.0
1790783245.6190326,0,grip capacity exceeded,0.206,2.0552,,,,18.0,66.0
1790783245.6787844,0,grip capacity exceeded,0.18,2.5278,,,,18.0,66.0
1790783245.6884053,0,hit wall,0.642,1.9017,0.5999999999999872,0.9635809734752535,2.0393695142052977,18.0,66.0
1790783245.7077036,0,grip capacity exceeded,0.952,2.0092,,,,18.0,66.0
1790783245.7097883,0,grip capacity exceeded,0.296,2.1697,,,,18.0,66.0
1790783245.7142725,0,grip capacity exceeded,0.072,2.1347,,,,18.0,66.0
1790783245.7165263,0,slipped off A,0.39,1.4726,,,,18.0,66.0
1790783245.7304277,0,hit wall,0.42,0.8735,0.25999999999999446,0.944692084586365,1.9047528357585137,18.0,66.0
1790783245.7482996,0,slipped off A,0.19,0.8878,,,,18.0,66.0
1790783245.7650163,0,missed B,0.602,1.3303,0.09999999999999787,0.9358031956974764,1.2297614163729562,18.0,66.0
1790783245.7749343,0,hit wall,0.18,0.7915,0.0799999999999983,0.9346920845863652,2.0115257457262654,18.0,66.0
1790783245.7798805,0,grip capacity exceeded,0.15,2.2883,,,,18.0,66.0
1790783245.7852325,0,grip capacity exceeded,0.222,2.2191,,,,18.0,66.0
1790783245.8255305,0,slipped off A,0.35,1.0385,,,,18.0,66.0
1790783245.841754,0,slipped off A,0.198,1.775,,,,18.0,66.0
1790783245.842341,0,hit wall,0.17,1.2674,0.11999999999999744,0.9369143068085874,2.061697560491426,18.0,66.0
1790783245.891213,0,slipped off A,0.13,1.28,,,,18.0,66.0
1790783245.9046512,0,missed B,0.476,0.6668,0.09999999999999787,0.9358031956974764,1.322978980945986,18.0,66.0
1790783245.9190097,0,grip capacity exceeded,0.444,2.1207,,,,18.0,66.0
1790783245.9284446,0,grip capacity exceeded,0.266,2.4252,,,,18.0,66.0
1790783245.948203,0,grip capacity exceeded,0.508,2.0277,,,,18.0,66.0
1790783245.9636385,0,grip capacity exceeded,0.326,2.1657,,,,18.0,66.0
1790783245.9916604,0,slipped off A,0.188,1.7141,,,,18.0,66.0
1790783245.991754,0,grip capacity exceeded,0.072,2.8971,,,,18.0,66.0
1790783246.0197804,0,slipped off A,0.31,1.2736,,,,18.0,66.0
1790783246.0198429,0,grip capacity exceeded,0.25,2.6922,,,,18.0,66.0
1790783246.0289056,0,missed B,1.294,1.3433,0.7799999999999834,0.9735809734752533,1.345341330230666,18.0,66.0
1790783246.1128666,0,missed B,1.154,1.0741,0.6799999999999855,0.9680254179196979,1.6773387577703474,18.0,66.0
1790783246.1302779,0,slipped off A,0.47,1.4321,,,,18.0,66.0
1790783246.1574752,0,missed B,0.69,1.202,0.1599999999999966,0.9391365290308096,1.2450337295204887,18.0,66.0
1790783246.1771324,0,grip capacity exceeded,0.464,2.7706,,,,18.0,66.0
1790783246.194404,0,slipped off A,0.15,1.1283,,,,18.0,66.0
1790783246.1966343,0,grip capacity exceeded,0.2,2.597,,,,18.0,66.0
1790783246.2077954,0,slipped off A,0.138,1.2267,,,,18.0,66.0
1790783246.2133164,0,grip capacity exceeded,0.088,2.7673,,,,18.0,66.0
1790783246.2531183,0,hit wall,0.704,1.9818,,,,18.0,66.0
1790783246.2542045,0,grip capacity exceeded,0.192,2.1404,,,,18.0,66.0
1790783246.2710128,0,slipped off A,0.698,1.6112,,,,18.0,66.0
1790783246.27997,0,grip capacity exceeded,0.702,2.4075,,,,18.0,66.0
1790783246.3040812,0,grip capacity exceeded,0.276,2.0294,,,,18.0,66.0
1790783246.3074784,0,grip capacity exceeded,0.124,2.5547,,,,18.0,66.0
1790783246.3129585,0,slipped off A,0.31,1.1244,,,,18.0,66.0
1790783246.337043,0,grip capacity exceeded,0.088,2.2871,,,,18.0,66.0
1790783246.3747246,0,slipped off A,0.33,0.9438,,,,18.0,66.0
1790783246.4026735,0,slipped off A,0.228,1.4811,,,,18.0,66.0
1790783246.4077313,0,slipped off A,1.03,1.3403,,,,18.0,66.0
1790783246.430991,0,grip capacity exceeded,0.408,2.5405,,,,18.0,66.0
1790783246.4548457,0,missed B,0.458,0.498,0.0,0.9302476401419209,1.3966466090005722,18.0,66.0
1790783246.477807,0,slipped off A,0.11,1.4532,,,,18.0,66.0
1790783246.479765,0,missed B,0.796,1.112,0.25999999999999446,0.944692084586365,1.1201002705950134,18.0,66.0
1790783246.5252542,0,slipped off A,0.33,1.7548,,,,18.0,66.0
1790783246.5260048,0,missed B,0.498,0.7381,0.0799999999999983,0.9346920845863652,1.2216737324283409,18.0,66.0
1790783246.5318375,0,slipped off A,0.148,1.1793,,,,18.0,66.0
1790783246.5520077,0,grip capacity exceeded,0.06,2.4365,,,,18.0,66.0
1790783246.5871594,0,hit wall,0.496,1.1488,0.4599999999999902,0.955803195697476,2.0464479144858245,18.0,66.0
1790783246.5916493,0,slipped off A,0.19,1.232,,,,18.0,66.0
1790783246.5921688,0,slipped off A,0.328,1.1129,,,,18.0,66.0
1790783246.6058593,0,grip capacity exceeded,0.022,2.0156,,,,18.0,66.0
1790783246.6195116,0,grip capacity exceeded,0.194,2.571,,,,18.0,66.0
1790783246.655613,0,grip capacity exceeded,0.11,2.369,,,,18.0,66.0
1790783246.6632445,0,grip capacity exceeded,0.162,2.1263,,,,18.0,66.0
1790783246.6863713,0,missed B,1.028,1.5243,0.5599999999999881,0.9613587512530314,1.4783083050290393,18.0,66.0
1790783246.7501724,0,missed B,0.414,0.7011,0.05999999999999872,0.9335809734752541,1.3333872498722106,18.0,66.0
1790783246.7649615,0,slipped off A,1.04,1.5772,,,,18.0,66.0
1790783246.7711394,0,slipped off A,0.29,1.6983,,,,18.0,66.0
1790783246.7868285,0,missed B,0.692,1.5858,0.27999999999999403,0.9458031956974762,1.3468472371016968,18.0,66.0
1790783246.7992406,0,slipped off A,0.45,1.5118,,,,18.0,66.0
1790783246.8193061,0,slipped off A,0.346,1.6645,,,,18.0,66.0
1790783246.8315616,0,grip capacity exceeded,1.03,2.5494,,,,18.0,66.0
1790783246.875395,0,hit wall,0.304,1.2966,0.25999999999999446,0.944692084586365,2.057117310434017,18.0,66.0
1790783246.8870218,0,grip capacity exceeded,0.182,2.1165,,,,18.0,66.0
1790783246.8946905,0,slipped off A,0.17,1.273,,,,18.0,66.0
1790783246.8969471,0,grip capacity exceeded,0.302,2.1781,,,,18.0,66.0
1790783246.9128902,0,hit wall,0.396,1.0934,0.3199999999999932,0.9480254179196983,2.0111952753049853,18.0,66.0
1790783246.9189062,0,grip capacity exceeded,0.47,2.0688,,,,18.0,66.0
1790783246.9482841,0,grip capacity exceeded,0.098,3.1779,,,,18.0,66.0
1790783246.9492462,0,missed B,0.766,0.8009,0.3999999999999915,0.9524698623641427,1.2481676967740578,18.0,66.0
1790783246.9814367,0,hit wall,0.066,0.5039,0.019999999999999574,0.931358751253032,2.0701970546782977,18.0,66.0
1790783246.9876926,0,hit wall,0.082,0.5908,0.03999999999999915,0.9324698623641431,2.0691825192502398,18.0,66.0
1790783246.9882143,0,slipped off A,0.51,1.7018,,,,18.0,66.0
1790783246.9900775,0,slipped off A,0.246,1.5908,,,,18.0,66.0
1790783247.0335755,0,slipped off A,0.152,1.238,,,,18.0,66.0
1790783247.0366936,0,slipped off A,0.32,1.7228,,,,18.0,66.0
1790783247.0906146,0,grip capacity exceeded,0.562,2.802,,,,18.0,66.0
1790783247.1030407,0,grip capacity exceeded,0.166,2.4553,,,,18.0,66.0
1790783247.104429,0,grip capacity exceeded,0.554,2.2498,,,,18.0,66.0
1790783247.1117334,0,hit wall,0.186,0.6874,0.0799999999999983,0.9346920845863652,1.945596246745249,18.0,66.0
1790783247.118169,0,slipped off A,0.346,1.6649,,,,18.0,66.0
1790783247.1363835,0,grip capacity exceeded,0.11,2.1892,,,,18.0,66.0
1790783247.1555388,0,missed B,0.68,1.55,0.27999999999999403,0.9458031956974762,1.3493688689521786,18.0,66.0
1790783247.219335,0,slipped off A,0.59,1.2312,,,,18.0,66.0
1790783247.223354,0,hit wall,0.182,0.7218,0.13999999999999702,0.9380254179196985,2.0636722441074187,18.0,66.0
1790783247.239183,0,slipped off A,0.216,1.9532,,,,18.0,66.0
1790783247.2466173,0,grip capacity exceeded,0.08,2.1375,,,,18.0,66.0
1790783247.2780306,0,slipped off A,0.374,1.96,,,,18.0,66.0
1790783247.27964,0,grip capacity exceeded,0.418,2.0767,,,,18.0,66.0
1790783247.30521,0,slipped off A,0.45,1.3052,,,,18.0,66.0
1790783247.312087,0,slipped off A,0.13,1.403,,,,18.0,66.0
1790783247.325369,0,grip capacity exceeded,0.12,2.4917,,,,18.0,66.0
1790783247.35054,0,grip capacity exceeded,0.91,2.9024,,,,18.0,66.0
1790783247.366777,0,grip capacity exceeded,0.204,2.3004,,,,18.0,66.0
1790783247.3713868,0,slipped off A,0.31,1.8978,,,,18.0,66.0
1790783247.3830194,0,grip capacity exceeded,0.402,2.159,,,,18.0,66.0
1790783247.3883154,0,slipped off A,0.17,1.701,,,,18.0,66.0
1790783247.4046764,0,hit wall,0.154,0.8557,0.11999999999999744,0.9369143068085874,2.0648231393113066,18.0,66.0
1790783247.4254382,0,grip capacity exceeded,0.316,2.0022,,,,18.0,66.0
1790783247.4272192,0,missed B,0.806,1.5904,0.27999999999999403,0.9458031956974762,1.400562146681624,18.0,66.0
1790783247.4319048,0,grip capacity exceeded,0.352,2.7237,,,,18.0,66.0
1790783247.437391,0,grip capacity exceeded,0.186,2.6474,,,,18.0,66.0
1790783247.4518228,0,slipped off A,0.19,1.5644,,,,18.0,66.0
1790783247.4583552,0,slipped off A,0.07,1.3091,,,,18.0,66.0
1790783247.4922373,0,hit wall,0.244,1.2219,0.19999999999999574,0.9413587512530318,2.0602690388429026,18.0,66.0
1790783247.5040636,0,slipped off A,0.412,1.9825,,,,18.0,66.0
1790783247.5042396,0,hit wall,0.144,0.9943,0.03999999999999915,0.9324698623641431,1.957048491483494,18.0,66.0
1790783247.5154812,0,grip capacity exceeded,0.164,2.1627,,,,18.0,66.0
1790783247.5480685,0,slipped off A,0.47,1.9211,,,,18.0,66.0
1790783247.567376,0,hit wall,0.236,1.2162,0.17999999999999616,0.9402476401419206,2.0523668659585343,18.0,66.0
1790783247.5888216,0,grip capacity exceeded,0.49,2.6559,,,,18.0,66.0
1790783247.5965874,0,grip capacity exceeded,0.234,2.1956,,,,18.0,66.0
1790783247.630759,0,grip capacity exceeded,0.354,2.2684,,,,18.0,66.0
1790783247.6436532,0,grip capacity exceeded,0.622,2.0061,,,,18.0,66.0
1790783247.6665044,0,grip capacity exceeded,0.258,2.0522,,,,18.0,66.0
1790783247.6988025,0,grip capacity exceeded,0.19,2.3375,,,,18.0,66.0
1790783247.698942,0,slipped off A,0.412,0.8504,,,,18.0,66.0
1790783247.715147,0,missed B,0.582,0.5488,0.0799999999999983,0.9346920845863652,1.336695747835929,18.0,66.0
1790783247.7347033,0,hit wall,0.38,1.7279,0.33999999999999275,0.9491365290308094,2.052892788729215,18.0,66.0
1790783247.7473543,0,missed B,0.436,1.2226,0.09999999999999787,0.9358031956974764,1.5070358866415534,18.0,66.0
1790783247.7496076,0,grip capacity exceeded,0.134,2.4788,,,,18.0,66.0
1790783247.7798975,0,hit wall,0.234,0.5482,0.13999999999999702,0.9380254179196985,2.0152051417864802,18.0,66.0
1790783247.7815406,0,missed B,0.988,1.4217,0.5799999999999876,0.9624698623641424,1.2815985883574101,18.0,66.0
1790783247.8007169,0,slipped off A,0.15,1.0874,,,,18.0,66.0
1790783247.8140578,0,grip capacity exceeded,0.432,2.0617,,,,18.0,66.0
1790783247.8746223,0,slipped off A,0.41,1.2266,,,,18.0,66.0
1790783247.8760135,0,missed B,0.678,1.1388,0.11999999999999744,0.9369143068085874,1.1751456671151561,18.0,66.0
1790783247.9078243,0,hit wall,0.27,0.9171,0.17999999999999616,0.9402476401419206,2.0079793258128404,18.0,66.0
1790783247.9302492,0,grip capacity exceeded,0.366,2.1856,,,,18.0,66.0
1790783247.94822,0,missed B,0.668,1.1119,0.17999999999999616,0.9402476401419206,1.3416835560366576,18.0,66.0
1790783247.9639673,0,slipped off A,0.092,1.1616,,,,18.0,66.0
1790783247.970658,0,missed B,0.542,0.9211,0.0799999999999983,0.9346920845863652,1.2550195828104447,18.0,66.0
1790783248.0054982,0,grip capacity exceeded,0.398,2.0584,,,,18.0,66.0
1790783248.0213802,0,hit wall,0.444,1.9347,0.41999999999999105,0.9535809734752537,2.048803436019253,18.0,66.0
1790783248.0681944,0,grip capacity exceeded,0.974,2.3483,,,,18.0,66.0
1790783248.0868268,0,hit wall,0.246,1.6151,0.17999999999999616,0.9402476401419206,2.038500615047272,18.0,66.0
1790783248.0883555,0,hit wall,0.548,0.8627,0.47999999999998977,0.956914306808587,2.018275465958042,18.0,66.0
1790783248.1045525,0,grip capacity exceeded,0.43,2.179,,,,18.0,66.0
1790783248.1054308,0,grip capacity exceeded,0.258,2.5312,,,,18.0,66.0
1790783248.115319,0,grip capacity exceeded,0.092,2.6392,,,,18.0,66.0
1790783248.15012,0,slipped off A,0.674,1.5876,,,,18.0,66.0
1790783248.176832,0,hit wall,1.224,1.6828,,,,18.0,66.0
1790783248.2028232,0,hit wall,0.778,1.7645,,,,18.0,66.0
1790783248.2031772,0,grip capacity exceeded,0.304,2.2084,,,,18.0,66.0
1790783248.2550387,0,hit wall,0.21,1.004,0.1599999999999966,0.9391365290308096,2.057283903087344,18.0,66.0
1790783248.27099,0,missed B,0.608,1.3364,0.0799999999999983,0.9346920845863652,1.2457587977735916,18.0,66.0
1790783248.293437,0,slipped off A,0.25,1.2049,,,,18.0,66.0
1790783248.303855,0,grip capacity exceeded,0.55,2.5058,,,,18.0,66.0
1790783248.3081706,0,grip capacity exceeded,0.442,2.0732,,,,18.0,66.0
1790783248.3270965,0,grip capacity exceeded,0.096,2.0188,,,,18.0,66.0
1790783248.3359234,0,hit wall,0.232,1.7016,,,,18.0,66.0
1790783248.3465726,0,grip capacity exceeded,0.416,2.8299,,,,18.0,66.0
1790783248.382357,0,grip capacity exceeded,0.84,2.2825,,,,18.0,66.0
1790783248.3972888,0,hit wall,0.252,1.1052,0.1599999999999966,0.9391365290308096,2.0624047492612174,18.0,66.0
1790783248.4060893,0,grip capacity exceeded,0.292,2.0108,,,,18.0,66.0
1790783248.4303179,0,hit wall,1.004,1.707,0.9799999999999791,0.9846920845863641,2.020788794854318,18.0,66.0
1790783248.430802,0,hit wall,0.21,1.2788,0.17999999999999616,0.9402476401419206,2.0615453068626652,18.0,66.0
1790783248.456482,0,hit wall,0.112,0.498,0.0,0.9302476401419209,1.9486815060124463,18.0,66.0
1790783248.4944777,0,grip capacity exceeded,0.172,2.4744,,,,18.0,66.0
1790783248.527277,0,slipped off A,0.27,1.0359,,,,18.0,66.0
1790783248.5278275,0,grip capacity exceeded,0.524,2.0433,,,,18.0,66.0
1790783248.5703707,0,grip capacity exceeded,0.824,2.1059,,,,18.0,66.0
1790783248.608433,0,grip capacity exceeded,0.106,2.2076,,,,18.0,66.0
1790783248.6177027,0,slipped off A,0.228,1.2359,,,,18.0,66.0
1790783248.6467578,0,missed B,0.868,1.5961,0.4599999999999902,0.955803195697476,0.9601098046365706,18.0,66.0
1790783248.6479082,0,hit wall,0.534,1.4311,,,,18.0,66.0
1790783248.6684606,0,hit wall,0.156,0.7211,0.03999999999999915,0.9324698623641431,1.9431779086112946,18.0,66.0
1790783248.6741924,0,slipped off A,0.39,1.1481,,,,18.0,66.0
1790783248.6944013,0,grip capacity exceeded,0.136,2.3363,,,,18.0,66.0
1790783248.7092118,0,grip capacity exceeded,0.108,2.2142,,,,18.0,66.0
1790783248.7236025,0,slipped off A,0.63,1.3042,,,,18.0,66.0
1790783248.7398343,0,slipped off A,0.254,1.2092,,,,18.0,66.0
1790783248.7532816,0,grip capacity exceeded,0.074,2.4683,,,,18.0,66.0
1790783248.7661407,0,grip capacity exceeded,1.004,2.8667,,,,18.0,66.0
1790783248.773561,0,missed B,1.072,1.8517,0.6799999999999855,0.9680254179196979,0.8935867375016775,18.0,66.0
1790783248.7777488,0,grip capacity exceeded,0.12,3.346,,,,18.0,66.0
1790783248.804109,0,grip capacity exceeded,0.264,2.4703,,,,18.0,66.0
1790783248.8065019,0,grip capacity exceeded,0.118,2.0963,,,,18.0,66.0
1790783248.8268616,0,grip capacity exceeded,0.46,2.7186,,,,18.0,66.0
1790783248.8405304,0,slipped off A,0.29,1.1174,,,,18.0,66.0
1790783248.8577337,0,hit wall,0.514,1.4588,0.47999999999998977,0.956914306808587,2.0434391873672397,18.0,66.0
1790783248.8736687,0,grip capacity exceeded,0.248,2.0093,,,,18.0,66.0
1790783248.8903599,0,grip capacity exceeded,0.858,2.0336,,,,18.0,66.0
1790783248.914543,0,hit wall,0.13,0.5705,0.019999999999999574,0.931358751253032,2.0040431546555477,18.0,66.0
1790783248.9231067,0,hit wall,0.51,0.9816,0.4399999999999906,0.9546920845863648,2.0190018197975443,18.0,66.0
1790783249.9701962,0,grip capacity exceeded,0.618,2.0727,,,,18.0,66.0
1790783249.9915802,0,grip capacity exceeded,0.596,2.1274,,,,18.0,66.0
1790783250.0212195,0,missed B,0.532,0.6922,0.05999999999999872,0.9335809734752541,1.4070742529498623,18.0,66.0
1790783250.0236323,0,hit wall,0.266,0.8327,0.23999999999999488,0.9435809734752539,2.058369750153254,18.0,66.0
1790783250.0291634,0,slipped off A,0.61,1.5663,,,,18.0,66.0
1790783250.0360272,0,grip capacity exceeded,0.114,2.3287,,,,18.0,66.0
1790783250.043265,0,grip capacity exceeded,0.54,2.0369,,,,18.0,66.0
1790783250.0489354,0,grip capacity exceeded,0.324,2.0911,,,,18.0,66.0
1790783250.0503747,0,grip capacity exceeded,0.06,2.1871,,,,18.0,66.0
1790783250.0584433,0,slipped off A,0.09,1.5932,,,,18.0,66.0
1790783250.0868416,0,grip capacity exceeded,0.066,2.624,,,,18.0,66.0
1790783250.121246,0,missed B,0.628,1.4709,0.1599999999999966,0.9391365290308096,1.2755786913811091,18.0,66.0
1790783250.1310444,0,grip capacity exceeded,0.442,2.0605,,,,18.0,66.0
1790783250.1330051,0,grip capacity exceeded,0.224,2.3511,,,,18.0,66.0
1790783250.155529,0,grip capacity exceeded,0.194,2.0857,,,,18.0,66.0
1790783250.1680198,0,grip capacity exceeded,0.122,2.0858,,,,18.0,66.0
1790783250.1705542,0,hit wall,0.37,1.4981,0.33999999999999275,0.9491365290308094,2.0528916525618954,18.0,66.0
1790783250.1868699,0,grip capacity exceeded,0.156,2.3939,,,,18.0,66.0
1790783250.210205,0,grip capacity exceeded,0.534,2.3785,,,,18.0,66.0
1790783250.2105148,0,missed B,0.466,0.498,0.0,0.9302476401419209,1.3742735454268462,18.0,66.0
1790783250.2151873,0,slipped off A,0.13,1.4254,,,,18.0,66.0
1790783250.2370179,0,slipped off A,0.13,1.2029,,,,18.0,66.0
1790783250.256285,0,grip capacity exceeded,0.134,2.0331,,,,18.0,66.0
1790783250.2648613,0,grip capacity exceeded,0.16,2.6524,,,,18.0,66.0
1790783250.269641,0,grip capacity exceeded,0.086,2.2214,,,,18.0,66.0
1790783250.283814,0,slipped off A,0.67,1.1461,,,,18.0,66.0
1790783250.2937508,0,grip capacity exceeded,0.074,2.1318,,,,18.0,66.0
1790783250.358845,0,missed B,0.618,1.4077,0.17999999999999616,0.9402476401419206,1.121226902769715,18.0,66.0
1790783250.3867702,0,missed B,0.632,1.3087,0.2999999999999936,0.9469143068085872,1.126588901466065,18.0,66.0
1790783250.411491,0,hit wall,0.318,1.4382,0.25999999999999446,0.944692084586365,2.0568969046932724,18.0,66.0
1790783250.4365153,0,slipped off A,0.444,1.2034,,,,18.0,66.0
1790783250.5212123,0,slipped off A,0.41,1.5909,,,,18.0,66.0
1790783250.544078,0,grip capacity exceeded,0.688,2.6397,,,,18.0,66.0
1790783250.5692754,0,missed B,1.042,1.8466,0.4599999999999902,0.955803195697476,1.2786419259771027,18.0,66.0
1790783250.5964205,0,missed B,0.752,1.56,0.19999999999999574,0.9413587512530318,1.3008433662695267,18.0,66.0
1790783250.6081731,0,grip capacity exceeded,0.496,2.014,,,,18.0,66.0
1790783250.6148129,0,slipped off A,0.57,1.2469,,,,18.0,66.0
1790783250.6297097,0,missed B,1.064,1.9764,0.7199999999999847,0.97024764014192,1.1771463166647023,18.0,66.0
1790783250.644879,0,hit wall,0.246,1.1876,0.17999999999999616,0.9402476401419206,2.053221186287566,18.0,66.0
1790783250.7288709,0,slipped off A,0.296,1.776,,,,18.0,66.0
1790783250.7328334,0,grip capacity exceeded,0.444,2.3256,,,,18.0,66.0
1790783250.7330542,0,slipped off A,0.33,1.2277,,,,18.0,66.0
1790783250.7404044,0,grip capacity exceeded,0.818,2.063,,,,18.0,66.0
1790783250.7712905,0,grip capacity exceeded,0.114,2.3777,,,,18.0,66.0
1790783250.8027525,0,hit wall,0.552,1.2781,0.5199999999999889,0.9591365290308091,2.0435075289901223,18.0,66.0
1790783250.860121,0,grip capacity exceeded,0.76,2.0116,,,,18.0,66.0
1790783250.8646367,0,slipped off A,0.178,1.5446,,,,18.0,66.0
1790783250.8810515,0,missed B,0.674,1.2373,0.19999999999999574,0.9413587512530318,1.2593737743402957,18.0,66.0
1790783250.8851051,0,slipped off A,0.41,1.9952,,,,18.0,66.0
1790783250.8903081,0,grip capacity exceeded,0.408,2.1036,,,,18.0,66.0
1790783250.920665,0,slipped off A,0.51,1.039,,,,18.0,66.0
1790783250.9248636,0,grip capacity exceeded,0.418,2.241,,,,18.0,66.0
1790783250.9316936,0,grip capacity exceeded,0.128,2.1183,,,,18.0,66.0
1790783250.954678,0,grip capacity exceeded,0.254,2.1792,,,,18.0,66.0
1790783250.9660778,0,missed B,1.226,1.4314,0.799999999999983,0.9746920845863644,1.2508580223675327,18.0,66.0
1790783250.9918513,0,hit wall,0.192,0.9424,0.1599999999999966,0.9391365290308096,2.062601560452904,18.0,66.0
1790783251.039436,0,grip capacity exceeded,0.208,2.1123,,,,18.0,66.0
1790783251.0479062,0,grip capacity exceeded,0.278,2.5691,,,,18.0,66.0
1790783251.070871,0,hit wall,0.536,1.0589,0.41999999999999105,0.9535809734752537,1.8979879881497477,18.0,66.0
1790783251.0885007,0,slipped off A,0.57,1.4071,,,,18.0,66.0
1790783251.0905595,0,hit wall,0.458,1.5651,0.41999999999999105,0.9535809734752537,2.0486586105258913,18.0,66.0
1790783251.0982833,0,grip capacity exceeded,0.16,2.0728,,,,18.0,66.0
1790783251.1330867,0,slipped off A,0.748,1.7795,,,,18.0,66.0
1790783251.2236793,0,slipped off A,0.25,1.0877,,,,18.0,66.0
1790783251.2275534,0,slipped off A,0.87,1.2111,,,,18.0,66.0
1790783251.259084,0,grip capacity exceeded,0.072,2.7797,,,,18.0,66.0
1790783251.2597952,0,missed B,0.578,0.7761,0.0799999999999983,0.9346920845863652,1.1280491131560482,18.0,66.0
1790783251.2735136,0,hit wall,0.472,1.4091,0.4399999999999906,0.9546920845863648,2.0476338382989,18.0,66.0
1790783251.2986066,0,grip capacity exceeded,0.084,2.2153,,,,18.0,66.0
1790783251.3345382,0,hit wall,0.65,1.0595,0.5599999999999881,0.9613587512530314,2.010134683646888,18.0,66.0
1790783251.3429456,0,slipped off A,0.17,1.7953,,,,18.0,66.0
1790783251.3628557,0,missed B,1.018,1.6192,0.5399999999999885,0.9602476401419202,1.1573431090423116,18.0,66.0
1790783251.3653734,0,grip capacity exceeded,0.172,2.4885,,,,18.0,66.0
1790783251.3658168,0,slipped off A,0.35,1.4406,,,,18.0,66.0
1790783251.379582,0,grip capacity exceeded,0.776,2.0121,,,,18.0,66.0
1790783251.3968074,0,missed B,0.864,1.1417,0.33999999999999275,0.9491365290308094,1.3705764295627063,18.0,66.0
1790783251.4023824,0,slipped off A,0.158,1.2536,,,,18.0,66.0
1790783251.4271886,0,slipped off A,0.246,1.6554,,,,18.0,66.0
1790783251.4474475,0,hit wall,0.13,0.5104,0.019999999999999574,0.931358751253032,1.9531044421954868,18.0,66.0
1790783251.4538023,0,grip capacity exceeded,0.236,2.2052,,,,18.0,66.0
1790783251.478631,0,grip capacity exceeded,0.19,2.1532,,,,18.0,66.0
1790783251.4791439,0,grip capacity exceeded,0.074,2.055,,,,18.0,66.0
1790783251.5375853,0,missed B,0.434,1.0394,0.09999999999999787,0.9358031956974764,1.3708794996880764,18.0,66.0
1790783251.5570989,0,grip capacity exceeded,0.238,2.6259,,,,18.0,66.0
1790783251.5780137,0,hit wall,0.586,1.5846,,,,18.0,66.0
1790783251.6179216,0,hit wall,0.232,0.7224,0.17999999999999616,0.9402476401419206,2.0589242755845625,18.0,66.0
1790783251.626725,0,missed B,0.542,0.7032,0.05999999999999872,0.9335809734752541,1.2312606189445077,18.0,66.0
1790783251.6380858,0,grip capacity exceeded,0.472,2.7558,,,,18.0,66.0
1790783251.6506033,0,hit wall,0.076,0.8216,0.03999999999999915,0.9324698623641431,2.0692324073640838,18.0,66.0
1790783251.6568584,0,hit wall,0.586,1.2018,0.49999999999998934,0.9580254179196981,2.0380441422957363,18.0,66.0
1790783251.7026904,0,hit wall,0.988,1.3286,0.9599999999999795,0.9835809734752531,2.0216292463304057,18.0,66.0
1790783251.7371848,0,hit wall,0.556,1.4289,0.5199999999999889,0.9591365290308091,2.043418879863177,18.0,66.0
1790783251.7414346,0,grip capacity exceeded,0.516,2.0222,,,,18.0,66.0
1790783251.7415044,0,slipped off A,0.33,1.5434,,,,18.0,66.0
1790783251.7595146,0,slipped off A,1.45,1.9535,,,,18.0,66.0
1790783251.7927566,0,slipped off A,0.27,1.6335,,,,18.0,66.0
1790783251.8005805,0,hit wall,0.106,0.498,0.0,0.9302476401419209,1.9568809431714544,18.0,66.0
1790783251.8194292,0,slipped off A,0.25,1.1896,,,,18.0,66.0
1790783251.8394914,0,slipped off A,0.57,1.812,,,,18.0,66.0
1790783251.8476534,0,grip capacity exceeded,0.16,2.0356,,,,18.0,66.0
1790783251.8702247,0,grip capacity exceeded,0.2,2.4325,,,,18.0,66.0
1790783251.8877406,0,hit wall,0.814,1.5082,0.7599999999999838,0.9724698623641422,2.005673248618664,18.0,66.0
1790783251.8944573,0,hit wall,0.436,0.9937,0.33999999999999275,0.9491365290308094,1.992262241640545,18.0,66.0
1790783251.9029562,0,hit wall,0.46,0.9914,0.3599999999999923,0.9502476401419204,1.9430156613546867,18.0,66.0
1790783251.9138768,0,hit wall,0.222,1.2345,0.17999999999999616,0.9402476401419206,2.061369992943595,18.0,66.0
1790783251.927251,0,grip capacity exceeded,0.136,2.2384,,,,18.0,66.0
1790783251.9356651,0,slipped off A,0.21,1.565,,,,18.0,66.0
1790783251.965839,0,slipped off A,0.202,1.862,,,,18.0,66.0
1790783251.9851074,0,slipped off A,1.0,1.5756,,,,18.0,66.0
1790783251.9929101,0,grip capacity exceeded,0.196,2.105,,,,18.0,66.0
1790783252.0051334,0,slipped off A,0.294,0.853,,,,18.0,66.0
1790783252.040415,0,grip capacity exceeded,0.162,3.053,,,,18.0,66.0
1790783252.0465965,0,grip capacity exceeded,0.456,2.0244,,,,18.0,66.0
1790783252.0561454,0,slipped off A,0.394,1.7577,,,,18.0,66.0
1790783252.0733776,0,slipped off A,0.352,1.13,,,,18.0,66.0
1790783252.0884514,0,grip capacity exceeded,0.308,2.0234,,,,18.0,66.0
1790783252.098568,0,grip capacity exceeded,0.174,2.328,,,,18.0,66.0
1790783252.1476667,0,grip capacity exceeded,0.916,2.182,,,,18.0,66.0
1790783252.1611936,0,slipped off A,0.78,1.1888,,,,18.0,66.0
1790783252.1666548,0,grip capacity exceeded,0.2,2.0724,,,,18.0,66.0
1790783252.1976933,0,missed B,0.598,1.3464,0.19999999999999574,0.9413587512530318,1.2355263289523213,18.0,66.0
1790783252.2020597,0,grip capacity exceeded,0.5,2.0131,,,,18.0,66.0
1790783252.2038503,0,grip capacity exceeded,0.434,2.032,,,,18.0,66.0
1790783252.2125092,0,slipped off A,0.35,1.055,,,,18.0,66.0
1790783252.2242212,0,grip capacity exceeded,0.21,2.0892,,,,18.0,66.0
1790783252.2477987,0,hit wall,0.128,0.5049,0.019999999999999574,0.931358751253032,1.9348205983936502,18.0,66.0
1790783252.2531533,0,slipped off A,0.11,1.21,,,,18.0,66.0
1790783252.2617164,0,slipped off A,0.118,1.5427,,,,18.0,66.0
1790783252.3077064,0,slipped off A,0.7,1.7828,,,,18.0,66.0
1790783252.3452172,0,slipped off A,0.23,1.4831,,,,18.0,66.0
1790783252.3600564,0,slipped off A,0.448,0.8793,,,,18.0,66.0
1790783252.3710709,0,missed B,0.586,0.7839,0.09999999999999787,0.9358031956974764,1.3578011103772196,18.0,66.0
1790783252.409815,0,missed B,0.68,1.3835,0.19999999999999574,0.9413587512530318,1.1169530112494046,18.0,66.0
1790783252.422852,0,grip capacity exceeded,0.474,2.1595,,,,18.0,66.0
1790783252.4906342,0,slipped off A,0.19,1.1126,,,,18.0,66.0
1790783252.4961643,0,missed B,0.512,0.8283,0.13999999999999702,0.9380254179196985,1.2085606670752718,18.0,66.0
1790783252.5138016,0,hit wall,0.388,1.8257,0.33999999999999275,0.9491365290308094,2.0527575812908436,18.0,66.0
1790783252.5255163,0,grip capacity exceeded,0.076,2.3962,,,,18.0,66.0
1790783252.5311568,0,slipped off A,0.358,1.6671,,,,18.0,66.0
1790783252.5479994,0,grip capacity exceeded,0.568,2.3562,,,,18.0,66.0
1790783252.5535362,0,slipped off A,0.89,1.3171,,,,18.0,66.0
1790783252.5750747,0,grip capacity exceeded,0.218,2.1221,,,,18.0,66.0
1790783252.5922158,0,missed B,1.156,0.9206,0.5799999999999876,0.9624698623641424,1.1566561179608725,18.0,66.0
1790783252.5927346,0,grip capacity exceeded,0.228,2.2704,,,,18.0,66.0
1790783252.61064,0,grip capacity exceeded,0.184,2.0567,,,,18.0,66.0
1790783252.615613,0,grip capacity exceeded,0.764,2.0534,,,,18.0,66.0
1790783252.637003,0,grip capacity exceeded,0.35,2.1741,,,,18.0,66.0
1790783252.6439445,0,grip capacity exceeded,0.488,2.6249,,,,18.0,66.0
1790783252.649707,0,slipped off A,0.17,1.0739,,,,18.0,66.0
1790783252.669027,0,grip capacity exceeded,0.392,2.3219,,,,18.0,66.0
1790783252.6830084,0,grip capacity exceeded,0.278,2.3922,,,,18.0,66.0
1790783252.6835442,0,hit wall,0.326,1.1646,0.23999999999999488,0.9435809734752539,2.0581404893053152,18.0,66.0
1790783252.6990328,0,grip capacity exceeded,0.144,2.2187,,,,18.0,66.0
1790783252.7090623,0,slipped off A,0.29,1.479,,,,18.0,66.0
1790783252.7346995,0,hit wall,0.396,1.679,0.33999999999999275,0.9491365290308094,2.0509570032580933,18.0,66.0
1790783252.7865102,0,slipped off A,0.326,1.2963,,,,18.0,66.0
1790783252.7938204,0,missed B,0.468,1.0741,0.11999999999999744,0.9369143068085874,1.2541359552083997,18.0,66.0
1790783252.8033633,0,grip capacity exceeded,0.336,2.7834,,,,18.0,66.0
1790783252.8197114,0,grip capacity exceeded,0.582,2.1584,,,,18.0,66.0
1790783252.8605454,0,slipped off A,0.19,1.2388,,,,18.0,66.0
1790783252.893191,0,grip capacity exceeded,0.684,2.5279,,,,18.0,66.0
1790783252.8944926,0,missed B,0.51,0.8608,0.17999999999999616,0.9402476401419206,1.3871568935038312,18.0,66.0
1790783252.916531,0,missed B,0.788,1.2695,0.33999999999999275,0.9491365290308094,1.3773958486754032,18.0,66.0
1790783252.9405348,0,grip capacity exceeded,0.462,2.102,,,,18.0,66.0
1790783252.94921,0,slipped off A,0.15,0.8138,,,,18.0,66.0
1790783252.9583204,0,slipped off A,0.532,1.2495,,,,18.0,66.0
1790783252.9934437,0,slipped off A,0.498,1.9443,,,,18.0,66.0
1790783253.0048172,0,hit wall,0.114,0.498,0.0,0.9302476401419209,1.946840251388915,18.0,66.0
1790783253.0117195,0,slipped off A,0.15,1.5646,,,,18.0,66.0
1790783253.0203378,0,slipped off A,0.31,1.3154,,,,18.0,66.0
1790783253.0426352,0,hit wall,0.316,0.6939,0.23999999999999488,0.9435809734752539,2.029850129552106,18.0,66.0
1790783253.0630674,0,slipped off A,1.03,1.7085,,,,18.0,66.0
1790783253.0768259,0,slipped off A,0.29,1.3505,,,,18.0,66.0
1790783253.0851195,0,slipped off A,0.226,1.2075,,,,18.0,66.0
1790783253.109536,0,slipped off A,0.25,1.7998,,,,18.0,66.0
1790783253.1480274,0,grip capacity exceeded,0.292,2.0001,,,,18.0,66.0
1790783253.1863227,0,hit wall,0.472,1.3119,0.3599999999999923,0.9502476401419204,1.9550893107948197,18.0,66.0
1790783253.2181814,0,hit wall,0.308,0.7607,0.17999999999999616,0.9402476401419206,1.8792545216780758,18.0,66.0
1790783253.2231271,0,missed B,0.982,1.6804,0.5599999999999881,0.9613587512530314,1.3314848626092772,18.0,66.0
1790783253.2407267,0,hit wall,0.52,1.6424,,,,18.0,66.0
1790783253.2856379,0,grip capacity exceeded,0.794,2.1854,,,,18.0,66.0
1790783253.3016515,0,missed B,0.63,0.8872,0.17999999999999616,0.9402476401419206,1.357633176296896,18.0,66.0
1790783253.32312,0,grip capacity exceeded,0.318,2.0012,,,,18.0,66.0
1790783253.3270078,0,hit wall,0.332,1.2055,0.2999999999999936,0.9469143068085872,2.0549859011329934,18.0,66.0
1790783253.3588398,0,slipped off A,0.65,1.2703,,,,18.0,66.0
1790783253.3712773,0,hit wall,0.406,1.0906,0.33999999999999275,0.9491365290308094,2.041707225021653,18.0,66.0
1790783253.3828294,0,hit wall,0.188,1.1,0.09999999999999787,0.9358031956974764,2.0042884888870187,18.0,66.0
1790783253.3831213,0,slipped off A,0.198,1.9772,,,,18.0,66.0
1790783253.389244,0,slipped off A,0.95,1.9645,,,,18.0,66.0
1790783253.3936088,0,slipped off A,0.65,1.723,,,,18.0,66.0
1790783253.3950577,0,grip capacity exceeded,0.312,2.2776,,,,18.0,66.0
1790783253.4189124,0,grip capacity exceeded,0.136,2.2147,,,,18.0,66.0
1790783253.4256926,0,grip capacity exceeded,0.104,2.2236,,,,18.0,66.0
1790783253.4432163,0,slipped off A,0.558,1.5332,,,,18.0,66.0
1790783253.448113,0,grip capacity exceeded,0.1,2.327,,,,18.0,66.0
1790783253.448982,0,slipped off A,0.196,1.7608,,,,18.0,66.0
1790783253.450468,0,grip capacity exceeded,0.214,2.1348,,,,18.0,66.0
1790783254.4980974,0,grip capacity exceeded,0.098,2.5185,,,,18.0,66.0
1790783254.5032134,0,grip capacity exceeded,0.428,2.0467,,,,18.0,66.0
1790783254.5178676,0,hit wall,0.154,0.6474,0.03999999999999915,0.9324698623641431,1.9437773866047312,18.0,66.0
1790783254.5238385,0,grip capacity exceeded,0.194,2.0446,,,,18.0,66.0
1790783254.535819,0,hit wall,0.22,0.737,0.13999999999999702,0.9380254179196985,2.019516980621236,18.0,66.0
1790783254.5442421,0,grip capacity exceeded,0.508,2.4461,,,,18.0,66.0
1790783254.5698822,0,grip capacity exceeded,0.146,2.1065,,,,18.0,66.0
1790783254.6120486,0,slipped off A,0.276,1.3664,,,,18.0,66.0
1790783254.6330326,0,slipped off A,0.75,1.4515,,,,18.0,66.0
1790783254.6500196,0,hit wall,0.424,1.6606,0.41999999999999105,0.9535809734752537,2.0485582432374785,18.0,66.0
1790783254.6734948,0,missed B,0.696,1.0934,0.19999999999999574,0.9413587512530318,1.2754719390386742,18.0,66.0
1790783254.680403,0,grip capacity exceeded,0.404,2.1772,,,,18.0,66.0
1790783254.6877635,0,grip capacity exceeded,0.326,3.14,,,,18.0,66.0
1790783254.7389662,0,slipped off A,0.29,1.5797,,,,18.0,66.0
1790783254.7440217,0,slipped off A,0.376,1.8687,,,,18.0,66.0
1790783254.7572162,0,slipped off A,0.242,1.5288,,,,18.0,66.0
1790783254.7666812,0,hit wall,0.79,1.1306,0.6999999999999851,0.9691365290308089,2.0222193976978953,18.0,66.0
1790783254.788713,0,hit wall,0.068,0.498,0.0,0.9302476401419209,2.0428402060504016,18.0,66.0
1790783254.789833,0,slipped off A,0.704,1.8552,,,,18.0,66.0
1790783254.8254576,0,hit wall,0.088,0.9638,0.03999999999999915,0.9324698623641431,2.068844817330934,18.0,66.0
1790783254.8327627,0,slipped off A,0.402,1.841,,,,18.0,66.0
1790783254.8366652,0,grip capacity exceeded,0.13,2.2339,,,,18.0,66.0
1790783254.8540907,0,grip capacity exceeded,0.07,2.7409,,,,18.0,66.0
1790783254.881824,0,hit wall,0.664,1.7879,,,,18.0,66.0
1790783254.9433188,0,grip capacity exceeded,0.274,2.0931,,,,18.0,66.0
1790783254.9507122,0,hit wall,0.392,1.5886,0.3599999999999923,0.9502476401419204,2.0518507216662023,18.0,66.0
1790783254.9718838,0,grip capacity exceeded,0.402,2.1374,,,,18.0,66.0
1790783254.980445,0,slipped off A,0.636,1.9481,,,,18.0,66.0
1790783255.04084,0,slipped off A,0.874,1.824,,,,18.0,66.0
1790783255.0607815,0,hit wall,0.912,1.3871,0.8799999999999812,0.9791365290308087,2.025098760544429,18.0,66.0
1790783255.0649195,0,slipped off A,1.13,1.4633,,,,18.0,66.0
1790783255.0771751,0,grip capacity exceeded,0.342,2.735,,,,18.0,66.0
1790783255.1036375,0,missed B,0.634,1.1547,0.11999999999999744,0.9369143068085874,1.4002973433186772,18.0,66.0
1790783255.1179838,0,missed B,0.466,0.711,0.0799999999999983,0.9346920845863652,1.3515530302949803,18.0,66.0
1790783255.1371193,0,grip capacity exceeded,0.422,2.4373,,,,18.0,66.0
1790783255.1620293,0,slipped off A,0.286,1.2196,,,,18.0,66.0
1790783255.2186494,0,grip capacity exceeded,0.354,2.1451,,,,18.0,66.0
1790783255.2465487,0,grip capacity exceeded,0.234,2.3332,,,,18.0,66.0
1790783255.2532926,0,grip capacity exceeded,0.796,2.002,,,,18.0,66.0
1790783255.312946,0,slipped off A,0.15,1.0683,,,,18.0,66.0
1790783255.3143008,0,missed B,0.756,1.0133,0.27999999999999403,0.9458031956974762,1.3766309261289125,18.0,66.0
1790783255.3194447,0,slipped off A,0.642,1.8907,,,,18.0,66.0
1790783255.3422017,0,grip capacity exceeded,0.216,2.0361,,,,18.0,66.0
1790783255.3622525,0,hit wall,0.598,0.8463,0.5199999999999889,0.9591365290308091,1.999493648348072,18.0,66.0
1790783255.3856094,0,grip capacity exceeded,0.842,2.0436,,,,18.0,66.0
1790783255.3857808,0,grip capacity exceeded,0.094,2.2079,,,,18.0,66.0
1790783255.391822,0,hit wall,0.738,1.9387,,,,18.0,66.0
1790783255.4237282,0,slipped off A,0.11,1.3938,,,,18.0,66.0
1790783255.4281313,0,grip capacity exceeded,0.128,2.1283,,,,18.0,66.0
1790783255.435897,0,slipped off A,0.34,0.898,,,,18.0,66.0
1790783255.4358768,0,grip capacity exceeded,0.548,2.4059,,,,18.0,66.0
1790783255.469686,0,grip capacity exceeded,0.326,2.2631,,,,18.0,66.0
1790783255.475381,0,grip capacity exceeded,0.146,2.1781,,,,18.0,66.0
1790783255.4767163,0,missed B,0.448,0.8282,0.09999999999999787,0.9358031956974764,1.3761444454530847,18.0,66.0
1790783255.5174778,0,hit wall,0.584,1.7373,0.49999999999998934,0.9580254179196981,2.044422130745849,18.0,66.0
1790783255.5355434,0,grip capacity exceeded,0.304,2.1591,,,,18.0,66.0
1790783255.5740733,0,grip capacity exceeded,0.294,2.7026,,,,18.0,66.0
1790783255.5950954,0,hit wall,0.624,1.2158,0.47999999999998977,0.956914306808587,1.8094192252827161,18.0,66.0
1790783255.614124,0,hit wall,0.278,1.2345,0.19999999999999574,0.9413587512530318,2.0188420702493093,18.0,66.0
1790783255.6217215,0,grip capacity exceeded,0.41,2.2315,,,,18.0,66.0
1790783255.6501422,0,slipped off A,0.306,1.9154,,,,18.0,66.0
1790783255.674017,0,grip capacity exceeded,0.568,2.0651,,,,18.0,66.0
1790783255.6858897,0,missed B,0.762,1.7445,0.3999999999999915,0.9524698623641427,1.1916736670537693,18.0,66.0
1790783255.7270343,0,grip capacity exceeded,0.314,2.0876,,,,18.0,66.0
1790783255.766464,0,hit wall,0.976,1.5469,,,,18.0,66.0
1790783255.7720644,0,slipped off A,0.428,1.2877,,,,18.0,66.0
1790783255.7811716,0,hit wall,0.506,0.7776,0.47999999999998977,0.956914306808587,2.0456385930495045,18.0,66.0
1790783255.7942693,0,missed B,0.416,0.5318,0.05999999999999872,0.9335809734752541,1.215512553659243,18.0,66.0
1790783255.8181245,0,slipped off A,0.41,1.2789,,,,18.0,66.0
1790783255.8319156,0,grip capacity exceeded,0.29,2.2459,,,,18.0,66.0
1790783255.8330302,0,slipped off A,0.136,1.7447,,,,18.0,66.0
1790783255.8624365,0,slipped off A,0.27,0.9197,,,,18.0,66.0
1790783255.90382,0,grip capacity exceeded,0.202,2.2423,,,,18.0,66.0
1790783255.916476,0,slipped off A,0.41,1.5002,,,,18.0,66.0
1790783255.9239578,0,slipped off A,0.31,1.4938,,,,18.0,66.0
1790783255.9472294,0,hit wall,1.056,1.1812,1.0199999999999783,0.9869143068085864,2.018757962463622,18.0,66.0
1790783255.953602,0,grip capacity exceeded,0.082,2.7017,,,,18.0,66.0
1790783255.9977877,0,slipped off A,0.55,1.396,,,,18.0,66.0
1790783256.0049434,0,missed B,0.886,1.2245,0.2999999999999936,0.9469143068085872,1.2075022679958416,18.0,66.0
1790783256.020139,0,hit wall,0.174,1.0621,0.09999999999999787,0.9358031956974764,2.0215007307976762,18.0,66.0
1790783256.0779774,0,missed B,0.542,0.7955,0.13999999999999702,0.9380254179196985,1.3011911629798505,18.0,66.0
1790783256.0994704,0,grip capacity exceeded,0.198,2.0851,,,,18.0,66.0
1790783256.1041667,0,slipped off A,0.262,1.3119,,,,18.0,66.0
1790783256.1090093,0,missed B,0.518,1.2361,0.17999999999999616,0.9402476401419206,1.324045259773468,18.0,66.0
1790783256.115935,0,missed B,0.75,1.5222,0.2999999999999936,0.9469143068085872,1.5937439941231841,18.0,66.0
1790783256.1267257,0,grip capacity exceeded,0.44,2.0016,,,,18.0,66.0
1790783256.1584847,0,slipped off A,0.21,0.9701,,,,18.0,66.0
1790783256.1819391,0,slipped off A,0.17,1.2407,,,,18.0,66.0
1790783256.213209,0,grip capacity exceeded,0.292,2.1033,,,,18.0,66.0
1790783256.2435598,0,hit wall,0.63,0.9233,0.5199999999999889,0.9591365290308091,1.9145316433344308,18.0,66.0
1790783256.257397,0,missed B,0.436,0.5005,0.019999999999999574,0.931358751253032,1.3705842568227102,18.0,66.0
1790783256.2635868,0,slipped off A,0.236,0.8647,,,,18.0,66.0
1790783256.2922542,0,grip capacity exceeded,0.116,2.0625,,,,18.0,66.0
1790783256.3085778,0,grip capacity exceeded,0.138,2.0615,,,,18.0,66.0
1790783256.3098586,0,grip capacity exceeded,0.268,2.0103,,,,18.0,66.0
1790783256.3106012,0,missed B,0.506,0.9307,0.13999999999999702,0.9380254179196985,1.1381360107170184,18.0,66.0
1790783256.3258407,0,hit wall,0.61,1.7357,0.5199999999999889,0.9591365290308091,1.9485329307392623,18.0,66.0
1790783256.3309608,0,missed B,0.494,1.3229,0.13999999999999702,0.9380254179196985,1.2689274449039243,18.0,66.0
1790783256.35801,0,grip capacity exceeded,0.142,2.3241,,,,18.0,66.0
1790783256.3760633,0,hit wall,1.246,1.978,,,,18.0,66.0
1790783256.3869126,0,hit wall,0.196,1.3556,0.13999999999999702,0.9380254179196985,2.0636292882823017,18.0,66.0
1790783256.4029167,0,hit wall,0.302,1.1156,0.25999999999999446,0.944692084586365,2.057075152775814,18.0,66.0
1790783256.4217105,0,slipped off A,0.58,1.2588,,,,18.0,66.0
1790783256.4278467,0,grip capacity exceeded,0.352,2.4742,,,,18.0,66.0
1790783256.4625897,0,slipped off A,0.11,1.4741,,,,18.0,66.0
1790783256.477894,0,slipped off A,0.53,1.1947,,,,18.0,66.0
1790783256.496595,0,slipped off A,0.348,1.8293,,,,18.0,66.0
1790783256.5044775,0,missed B,0.632,1.8415,0.19999999999999574,0.9413587512530318,1.2586143891627872,18.0,66.0
1790783256.5106113,0,grip capacity exceeded,0.456,2.3159,,,,18.0,66.0
1790783256.5110073,0,grip capacity exceeded,0.202,2.3754,,,,18.0,66.0
1790783256.5233748,0,grip capacity exceeded,0.156,2.2753,,,,18.0,66.0
1790783256.5543964,0,grip capacity exceeded,0.138,2.5751,,,,18.0,66.0
1790783256.56193,0,grip capacity exceeded,0.196,2.4996,,,,18.0,66.0
1790783256.5765529,0,grip capacity exceeded,0.22,2.0167,,,,18.0,66.0
1790783256.5812762,0,slipped off A,0.29,1.1014,,,,18.0,66.0
1790783256.5983055,0,grip capacity exceeded,0.102,2.249,,,,18.0,66.0
1790783256.6107905,0,missed B,0.588,1.3677,0.11999999999999744,0.9369143068085874,1.3837206484410274,18.0,66.0
1790783256.6419287,0,grip capacity exceeded,0.108,2.0569,,,,18.0,66.0
1790783256.642636,0,missed B,0.362,0.9792,0.019999999999999574,0.931358751253032,1.2453597603446147,18.0,66.0
1790783256.6489687,0,grip capacity exceeded,0.162,2.2752,,,,18.0,66.0
1790783256.6781995,0,grip capacity exceeded,0.37,2.0119,,,,18.0,66.0
1790783256.7159703,0,hit wall,0.452,0.7992,0.41999999999999105,0.9535809734752537,2.048710594476057,18.0,66.0
1790783256.7822347,0,missed B,0.85,1.7055,0.3999999999999915,0.9524698623641427,1.0871233651891623,18.0,66.0
1790783256.7838879,0,slipped off A,1.21,1.7331,,,,18.0,66.0
1790783256.8316324,0,missed B,0.578,0.5684,0.11999999999999744,0.9369143068085874,1.3956220834098767,18.0,66.0
1790783256.8445756,0,grip capacity exceeded,0.588,2.4745,,,,18.0,66.0
1790783256.8539279,0,grip capacity exceeded,0.188,2.7951,,,,18.0,66.0
1790783256.8660161,0,missed B,0.678,1.195,0.17999999999999616,0.9402476401419206,1.1538576172021853,18.0,66.0
1790783256.9031262,0,slipped off A,0.112,1.3029,,,,18.0,66.0
1790783256.917871,0,missed B,0.584,1.0378,0.1599999999999966,0.9391365290308096,1.2496112200589786,18.0,66.0
1790783256.9310305,0,grip capacity exceeded,1.074,2.0606,,,,18.0,66.0
1790783256.9433124,0,slipped off A,0.328,1.2192,,,,18.0,66.0
1790783256.9559486,0,slipped off A,0.34,1.7467,,,,18.0,66.0
1790783257.0000875,0,missed B,0.968,1.0197,0.4599999999999902,0.955803195697476,1.1940192552996596,18.0,66.0
1790783257.0005286,0,slipped off A,0.65,1.626,,,,18.0,66.0
1790783257.0792506,0,grip capacity exceeded,0.416,2.1836,,,,18.0,66.0
1790783257.0928292,0,grip capacity exceeded,0.568,2.7129,,,,18.0,66.0
1790783257.1256819,0,slipped off A,0.37,1.4342,,,,18.0,66.0
1790783257.1324294,0,hit wall,0.528,1.5321,0.4599999999999902,0.955803195697476,2.0034698612979533,18.0,66.0
1790783257.144067,0,slipped off A,0.69,1.4353,,,,18.0,66.0
1790783257.1971734,0,grip capacity exceeded,1.074,2.2992,,,,18.0,66.0
1790783257.2051532,0,slipped off A,0.242,1.1365,,,,18.0,66.0
1790783257.2140265,0,grip capacity exceeded,0.882,2.283,,,,18.0,66.0
1790783257.2331579,0,grip capacity exceeded,0.296,2.0274,,,,18.0,66.0
1790783257.2662587,0,hit wall,0.596,1.2063,0.5599999999999881,0.9613587512530314,2.041338654927353,18.0,66.0
1790783257.271608,0,hit wall,0.206,0.7799,0.11999999999999744,0.9369143068085874,2.010585145124014,18.0,66.0
1790783257.2888863,0,slipped off A,0.15,1.4954,,,,18.0,66.0
1790783257.29524,0,hit wall,0.236,0.815,0.19999999999999574,0.9413587512530318,2.060409523103588,18.0,66.0
1790783257.3102927,0,hit wall,0.668,1.574,0.6199999999999868,0.9646920845863646,2.0380619026423976,18.0,66.0
1790783257.339901,0,grip capacity exceeded,0.122,2.4127,,,,18.0,66.0
1790783257.3551645,0,missed B,0.47,0.5475,0.09999999999999787,0.9358031956974764,1.4000176427211326,18.0,66.0
1790783257.3594983,0,slipped off A,0.21,1.5902,,,,18.0,66.0
1790783257.3622332,0,missed B,0.718,1.2839,0.3799999999999919,0.9513587512530316,1.2357518580605784,18.0,66.0
1790783257.387748,0,grip capacity exceeded,0.14,2.0766,,,,18.0,66.0
1790783257.3920174,0,grip capacity exceeded,0.26,2.0929,,,,18.0,66.0
1790783257.4221697,0,hit wall,1.282,1.6169,1.2399999999999736,0.9991365290308083,2.0042957408411106,18.0,66.0
1790783257.4228623,0,missed B,0.438,0.7132,0.09999999999999787,0.9358031956974764,1.2405588141882644,18.0,66.0
1790783257.42821,0,grip capacity exceeded,0.202,2.0235,,,,18.0,66.0
1790783257.4349003,0,hit wall,0.21,0.6636,0.05999999999999872,0.9335809734752541,1.9257588778684567,18.0,66.0
1790783257.4639864,0,grip capacity exceeded,0.114,2.5664,,,,18.0,66.0
1790783257.4791732,0,hit wall,0.34,0.9051,0.2999999999999936,0.9469143068085872,2.054946224923244,18.0,66.0
1790783257.4973485,0,grip capacity exceeded,0.094,2.2597,,,,18.0,66.0
1790783257.5087745,0,grip capacity exceeded,0.22,2.0737,,,,18.0,66.0
1790783257.5148232,0,slipped off A,0.276,1.5029,,,,18.0,66.0
1790783257.5202346,0,hit wall,0.748,1.5933,0.6999999999999851,0.9691365290308089,2.034155712573697,18.0,66.0
1790783257.531728,0,grip capacity exceeded,0.44,2.3162,,,,18.0,66.0
1790783257.61139,0,grip capacity exceeded,0.522,2.296,,,,18.0,66.0
1790783257.623197,0,slipped off A,0.29,1.688,,,,18.0,66.0
1790783257.672898,0,grip capacity exceeded,0.568,2.0988,,,,18.0,66.0
1790783257.6756155,0,slipped off A,0.81,1.6962,,,,18.0,66.0
1790783257.6988828,0,grip capacity exceeded,0.462,2.2653,,,,18.0,66.0
1790783257.706081,0,grip capacity exceeded,0.552,2.0159,,,,18.0,66.0
1790783257.706264,0,grip capacity exceeded,0.23,2.973,,,,18.0,66.0
1790783257.7187746,0,missed B,0.584,1.1847,0.17999999999999616,0.9402476401419206,1.3080317513914994,18.0,66.0
1790783257.7288432,0,grip capacity exceeded,0.322,2.0058,,,,18.0,66.0
1790783257.733147,0,grip capacity exceeded,0.146,2.117,,,,18.0,66.0
1790783257.7441745,0,slipped off A,0.09,1.5067,,,,18.0,66.0
1790783257.753711,0,hit wall,0.214,0.9521,0.13999999999999702,0.9380254179196985,2.0236276203744774,18.0,66.0
1790783257.7769885,0,slipped off A,0.164,1.63,,,,18.0,66.0
1790783257.7894447,0,grip capacity exceeded,0.114,2.149,,,,18.0,66.0
1790783257.7966557,0,hit wall,0.118,1.2807,0.0799999999999983,0.9346920845863652,2.066949419013622,18.0,66.0
1790783257.8333683,0,hit wall,0.108,0.508,0.05999999999999872,0.9335809734752541,2.0677706697341325,18.0,66.0
1790783257.8387556,0,grip capacity exceeded,0.18,2.0334,,,,18.0,66.0
1790783257.8455682,0,missed B,0.996,1.4561,0.5199999999999889,0.9591365290308091,1.6674568307866917,18.0,66.0
1790783257.8734841,0,grip capacity exceeded,0.088,2.1734,,,,18.0,66.0
1790783257.885573,0,hit wall,0.452,1.1876,0.41999999999999105,0.9535809734752537,2.048579818473376,18.0,66.0
1790783257.9124289,0,slipped off A,0.25,1.4064,,,,18.0,66.0
1790783257.925098,0,grip capacity exceeded,0.63,2.9923,,,,18.0,66.0
1790783257.942708,0,grip capacity exceeded,0.642,2.2301,,,,18.0,66.0
1790783259.1421585,0,slipped off A,0.164,1.4999,,,,18.0,66.0
1790783259.1517377,0,hit wall,0.142,0.7528,0.05999999999999872,0.9335809734752541,1.990756057888061,18.0,66.0
1790783259.1842196,0,hit wall,0.388,0.9844,0.3599999999999923,0.9502476401419204,2.0518882832038168,18.0,66.0
1790783259.2070792,0,grip capacity exceeded,0.6,2.1432,,,,18.0,66.0
1790783259.2654037,0,grip capacity exceeded,0.28,2.1564,,,,18.0,66.0
1790783259.286358,0,missed B,0.624,1.7843,0.09999999999999787,0.9358031956974764,1.2405318452855192,18.0,66.0
1790783259.294514,0,missed B,1.192,1.9801,0.6799999999999855,0.9680254179196979,1.3543348471504328,18.0,66.0
1790783259.3451984,0,grip capacity exceeded,0.598,2.3668,,,,18.0,66.0
1790783259.3640647,0,hit wall,0.28,1.8151,0.19999999999999574,0.9413587512530318,2.0139268325816153,18.0,66.0
1790783259.4149122,0,slipped off A,0.718,1.7411,,,,18.0,66.0
1790783259.4388273,0,hit wall,1.356,1.7463,1.3199999999999719,0.00358097347525267,2.012859886758054,18.0,66.0
1790783259.5107334,0,slipped off A,0.96,1.1384,,,,18.0,66.0
1790783259.516789,0,grip capacity exceeded,0.686,2.3349,,,,18.0,66.0
1790783259.5655725,0,grip capacity exceeded,0.466,2.9969,,,,18.0,66.0
1790783259.5793622,0,grip capacity exceeded,0.432,2.221,,,,18.0,66.0
1790783259.5842607,0,hit wall,0.66,1.639,0.5599999999999881,0.9613587512530314,1.977471297070614,18.0,66.0
1790783259.630363,0,hit wall,1.006,1.9779,,,,18.0,66.0
1790783259.6861117,0,slipped off A,0.472,1.3736,,,,18.0,66.0
1790783259.7445364,0,missed B,0.498,0.6338,0.1599999999999966,0.9391365290308096,1.1996712490224097,18.0,66.0
1790783259.8040724,0,missed B,0.82,1.1829,0.4399999999999906,0.9546920845863648,1.1235460958534251,18.0,66.0
1790783259.8320735,0,hit wall,1.42,1.5733,1.3799999999999706,0.006914306808585933,2.014194832326714,18.0,66.0
1790783259.8436706,0,grip capacity exceeded,0.562,2.1565,,,,18.0,66.0
1790783259.8595834,0,missed B,0.762,0.7958,0.3599999999999923,0.9502476401419204,1.4129608856254765,18.0,66.0
1790783259.8620653,0,slipped off A,0.47,1.7188,,,,18.0,66.0
1790783259.9036877,0,slipped off A,0.9,1.2466,,,,18.0,66.0
1790783259.9502187,0,grip capacity exceeded,0.222,2.0501,,,,18.0,66.0
1790783259.9716015,0,grip capacity exceeded,0.616,2.6444,,,,18.0,66.0
1790783259.983721,0,slipped off A,0.482,1.1651,,,,18.0,66.0
1790783259.98379,0,hit wall,2.212,1.5909,,,,18.0,66.0
1790783259.9842548,0,grip capacity exceeded,0.22,2.5759,,,,18.0,66.0
1790783260.0141401,0,hit wall,0.5,1.2736,0.4399999999999906,0.9546920845863648,2.044330975230325,18.0,66.0
1790783260.0207553,0,grip capacity exceeded,0.44,2.7237,,,,18.0,66.0
1790783260.0260956,0,grip capacity exceeded,0.49,2.8443,,,,18.0,66.0
1790783260.0584135,0,grip capacity exceeded,0.212,2.4676,,,,18.0,66.0
1790783260.1104503,0,grip capacity exceeded,0.356,2.2354,,,,18.0,66.0
1790783260.1235561,0,grip capacity exceeded,0.44,2.5803,,,,18.0,66.0
1790783260.1294827,0,grip capacity exceeded,0.34,2.3783,,,,18.0,66.0
1790783260.176244,0,slipped off A,0.67,1.3669,,,,18.0,66.0
1790783260.2222373,0,grip capacity exceeded,0.566,2.1742,,,,18.0,66.0
1790783260.2517807,0,missed B,0.67,1.7245,0.2199999999999953,0.9424698623641429,1.384571639214972,18.0,66.0
1790783260.252617,0,slipped off A,0.77,1.1848,,,,18.0,66.0
1790783260.3240714,0,grip capacity exceeded,0.57,2.039,,,,18.0,66.0
1790783260.3534086,0,slipped off A,0.35,1.3332,,,,18.0,66.0
1790783260.373391,0,missed B,0.868,0.8507,0.3599999999999923,0.9502476401419204,1.3520143138039478,18.0,66.0
1790783260.404983,0,grip capacity exceeded,0.618,2.4496,,,,18.0,66.0
1790783260.4273853,0,missed B,0.48,0.6179,0.03999999999999915,0.9324698623641431,1.2797473390473384,18.0,66.0
1790783260.4278564,0,slipped off A,0.268,1.2363,,,,18.0,66.0
1790783260.4912627,0,grip capacity exceeded,0.36,2.2371,,,,18.0,66.0
1790783260.4970934,0,grip capacity exceeded,0.658,2.1102,,,,18.0,66.0
1790783260.4996727,0,hit wall,0.18,0.6021,0.03999999999999915,0.9324698623641431,1.999783106755019,18.0,66.0
1790783260.5167413,0,slipped off A,0.274,1.3353,,,,18.0,66.0
1790783260.5183995,0,missed B,1.054,1.0761,0.5599999999999881,0.9613587512530314,1.1544701484307254,18.0,66.0
1790783260.557403,0,hit wall,0.464,1.7734,0.3999999999999915,0.9524698623641427,2.026338837567057,18.0,66.0
1790783260.5772357,0,missed B,1.266,1.7782,0.7399999999999842,0.9713587512530312,1.2856195580616545,18.0,66.0
1790783260.6023397,0,slipped off A,0.23,1.3099,,,,18.0,66.0
1790783260.606804,0,hit wall,0.228,0.7415,0.1599999999999966,0.9391365290308096,2.015926373044722,18.0,66.0
1790783260.6136587,0,missed B,0.47,0.5621,0.05999999999999872,0.9335809734752541,1.6360054822425976,18.0,66.0
1790783260.6221051,0,slipped off A,0.348,1.0002,,,,18.0,66.0
1790783260.6585004,0,grip capacity exceeded,0.174,2.1725,,,,18.0,66.0
1790783260.6669407,0,grip capacity exceeded,0.13,2.1559,,,,18.0,66.0
1790783260.6736476,0,slipped off A,0.29,1.348,,,,18.0,66.0
1790783260.680008,0,slipped off A,0.518,0.8648,,,,18.0,66.0
1790783260.7462714,0,missed B,0.438,0.7519,0.0799999999999983,0.9346920845863652,1.2603595475088734,18.0,66.0
1790783260.7516181,0,slipped off A,0.23,0.9749,,,,18.0,66.0
1790783260.7668862,0,slipped off A,0.312,1.0324,,,,18.0,66.0
1790783260.8016205,0,hit wall,0.772,1.7824,,,,18.0,66.0
1790783260.808884,0,grip capacity exceeded,0.462,2.4693,,,,18.0,66.0
1790783260.8201945,0,grip capacity exceeded,0.228,2.246,,,,18.0,66.0
1790783260.8268206,0,slipped off A,0.23,0.9501,,,,18.0,66.0
1790783260.8607464,0,slipped off A,0.614,1.6258,,,,18.0,66.0
1790783260.8893616,0,grip capacity exceeded,0.364,2.4749,,,,18.0,66.0
1790783260.961867,0,grip capacity exceeded,0.428,2.1987,,,,18.0,66.0
1790783260.962639,0,grip capacity exceeded,0.168,2.2496,,,,18.0,66.0
1790783260.9856033,0,slipped off A,1.43,1.6477,,,,18.0,66.0
1790783261.0036983,0,missed B,1.19,1.4058,0.7199999999999847,0.97024764014192,1.4303407383810793,18.0,66.0
1790783261.0107112,0,slipped off A,0.39,1.0584,,,,18.0,66.0
1790783261.0545886,0,grip capacity exceeded,0.164,2.2424,,,,18.0,66.0
1790783261.072567,0,missed B,0.738,1.1282,0.33999999999999275,0.9491365290308094,1.3551078682027133,18.0,66.0
1790783261.0831351,0,grip capacity exceeded,0.304,2.2056,,,,18.0,66.0
1790783261.141967,0,grip capacity exceeded,0.526,2.1243,,,,18.0,66.0
1790783261.1650908,0,slipped off A,0.304,1.4489,,,,18.0,66.0
1790783261.1783497,0,hit wall,0.392,1.9771,0.3599999999999923,0.9502476401419204,2.0518910985623715,18.0,66.0
1790783261.2577727,0,slipped off A,1.29,1.8521,,,,18.0,66.0
1790783261.2590373,0,missed B,0.572,1.156,0.17999999999999616,0.9402476401419206,1.048247241753205,18.0,66.0
1790783261.2977157,0,grip capacity exceeded,0.908,2.0852,,,,18.0,66.0
1790783261.2987473,0,grip capacity exceeded,0.432,2.3011,,,,18.0,66.0
1790783261.3536713,0,missed B,1.62,1.5002,1.1799999999999748,0.9958031956974751,1.0724232450186064,18.0,66.0
1790783261.364735,0,grip capacity exceeded,0.626,2.7778,,,,18.0,66.0
1790783261.4035177,0,grip capacity exceeded,0.136,2.2996,,,,18.0,66.0
1790783261.42628,0,hit wall,0.384,0.9341,0.2999999999999936,0.9469143068085872,2.00227817043619,18.0,66.0
1790783261.430168,0,hit wall,0.898,1.7498,0.8399999999999821,0.9769143068085866,2.0200270225743275,18.0,66.0
1790783261.4449542,0,hit wall,0.568,1.0464,0.47999999999998977,0.956914306808587,2.0384364197553735,18.0,66.0
1790783261.4543016,0,grip capacity exceeded,0.112,2.0696,,,,18.0,66.0
1790783261.4618335,0,missed B,1.42,1.7438,0.93999999999998,0.982469862364142,1.1489481886507364,18.0,66.0
1790783261.4632106,0,hit wall,0.224,0.7569,0.17999999999999616,0.9402476401419206,2.0613718969621906,18.0,66.0
1790783261.477452,0,slipped off A,0.51,1.1684,,,,18.0,66.0
1790783261.51381,0,grip capacity exceeded,0.22,2.0171,,,,18.0,66.0
1790783261.5422373,0,slipped off A,0.27,1.0308,,,,18.0,66.0
1790783261.5435379,0,slipped off A,0.19,1.2017,,,,18.0,66.0
1790783261.5567334,0,hit wall,0.296,0.7063,0.17999999999999616,0.9402476401419206,1.9261848384768212,18.0,66.0
1790783261.5863059,0,hit wall,0.112,0.498,0.0,0.9302476401419209,1.9486850019885857,18.0,66.0
1790783261.613311,0,grip capacity exceeded,0.166,2.2918,,,,18.0,66.0
1790783261.6146743,0,missed B,1.076,1.4087,0.5199999999999889,0.9591365290308091,1.3224770309708216,18.0,66.0
1790783261.6487875,0,grip capacity exceeded,0.408,2.0862,,,,18.0,66.0
1790783261.6641402,0,grip capacity exceeded,0.604,2.0795,,,,18.0,66.0
1790783261.6916616,0,hit wall,0.664,1.1099,0.5799999999999876,0.9624698623641424,2.0332686283175296,18.0,66.0
1790783261.7041078,0,hit wall,0.792,1.0147,0.7599999999999838,0.9724698623641422,2.031329747271555,18.0,66.0
1790783261.7189863,0,grip capacity exceeded,0.068,3.2783,,,,18.0,66.0
1790783261.7464314,0,slipped off A,0.294,1.6582,,,,18.0,66.0
1790783261.7476895,0,grip capacity exceeded,0.394,2.1451,,,,18.0,66.0
1790783261.797578,0,grip capacity exceeded,0.298,2.8986,,,,18.0,66.0
1790783261.8001647,0,grip capacity exceeded,0.158,2.0471,,,,18.0,66.0
1790783261.80583,0,missed B,0.57,0.7434,0.13999999999999702,0.9380254179196985,1.2196328527991902,18.0,66.0
1790783261.8112197,0,grip capacity exceeded,0.184,2.4583,,,,18.0,66.0
1790783261.8656268,0,slipped off A,0.188,1.5689,,,,18.0,66.0
1790783261.8782542,0,missed B,1.022,1.0848,0.5799999999999876,0.9624698623641424,0.9154100398087298,18.0,66.0
1790783261.8988137,0,slipped off A,0.316,0.8485,,,,18.0,66.0
1790783261.919073,0,grip capacity exceeded,1.024,2.2794,,,,18.0,66.0
1790783261.9333067,0,grip capacity exceeded,0.376,2.0782,,,,18.0,66.0
1790783261.9669676,0,missed B,0.762,0.7648,0.27999999999999403,0.9458031956974762,1.1967651000531432,18.0,66.0
1790783261.9739711,0,grip capacity exceeded,0.316,2.1295,,,,18.0,66.0
1790783262.0069466,0,hit wall,1.032,1.9015,0.8999999999999808,0.9802476401419198,1.892840995045067,18.0,66.0
1790783262.012611,0,slipped off A,0.33,1.6638,,,,18.0,66.0
1790783262.066526,0,slipped off A,0.29,1.2367,,,,18.0,66.0
1790783262.0681965,0,missed B,0.806,1.3494,0.27999999999999403,0.9458031956974762,1.164090989777808,18.0,66.0
1790783262.1343024,0,missed B,0.598,0.7821,0.13999999999999702,0.9380254179196985,1.3102996087761967,18.0,66.0
1790783262.141494,0,slipped off A,0.77,1.6772,,,,18.0,66.0
1790783262.1800325,0,grip capacity exceeded,0.606,2.1914,,,,18.0,66.0
1790783262.1831038,0,slipped off A,0.494,1.3566,,,,18.0,66.0
1790783262.2066128,0,grip capacity exceeded,0.068,2.6761,,,,18.0,66.0
1790783262.2196891,0,hit wall,0.458,1.7108,0.3599999999999923,0.9502476401419204,1.9666529608630579,18.0,66.0
1790783262.22808,0,grip capacity exceeded,0.918,2.2687,,,,18.0,66.0
1790783262.2376263,0,slipped off A,0.51,1.3842,,,,18.0,66.0
1790783262.2564201,0,hit wall,0.348,0.8275,0.3199999999999932,0.9480254179196983,2.0540249412339064,18.0,66.0
1790783262.3327572,0,grip capacity exceeded,0.252,2.8141,,,,18.0,66.0
1790783262.3499544,0,grip capacity exceeded,1.08,2.7444,,,,18.0,66.0
1790783262.405231,0,slipped off A,0.87,1.6534,,,,18.0,66.0
1790783262.4168332,0,slipped off A,0.77,1.6269,,,,18.0,66.0
1790783262.4182134,0,grip capacity exceeded,0.694,2.2061,,,,18.0,66.0
1790783262.4287229,0,missed B,0.688,0.9145,0.3199999999999932,0.9480254179196983,1.2103561816531874,18.0,66.0
1790783262.4574318,0,hit wall,0.358,1.5608,0.3199999999999932,0.9480254179196983,2.0538861387062664,18.0,66.0
1790783262.4793956,0,grip capacity exceeded,0.498,2.5329,,,,18.0,66.0
1790783262.4901464,0,missed B,0.86,1.0643,0.5199999999999889,0.9591365290308091,1.112602515821216,18.0,66.0
1790783262.542313,0,hit wall,1.066,1.5216,,,,18.0,66.0
1790783262.5537145,0,missed B,0.516,1.0484,0.05999999999999872,0.9335809734752541,1.2515376814793229,18.0,66.0
1790783263.7113166,0,grip capacity exceeded,0.088,2.2968,,,,18.0,66.0
1790783263.7398863,0,grip capacity exceeded,0.354,2.1704,,,,18.0,66.0
1790783263.7779443,0,grip capacity exceeded,0.146,2.4549,,,,18.0,66.0
1790783263.8246267,0,missed B,0.826,0.9398,0.33999999999999275,0.9491365290308094,1.1082600279006094,18.0,66.0
1790783263.8365233,0,slipped off A,0.73,1.5943,,,,18.0,66.0
1790783263.8841746,0,hit wall,0.372,1.1539,0.25999999999999446,0.944692084586365,2.051981117297137,18.0,66.0
1790783263.9170337,0,slipped off A,0.07,1.4002,,,,18.0,66.0
1790783263.98592,0,grip capacity exceeded,0.358,2.1646,,,,18.0,66.0
1790783263.9922252,0,missed B,1.04,1.3854,0.41999999999999105,0.9535809734752537,1.050528280852181,18.0,66.0
1790783263.992537,0,missed B,1.246,1.307,0.6999999999999851,0.9691365290308089,1.1567357039659611,18.0,66.0
1790783264.0137162,0,hit wall,0.596,0.9217,0.5199999999999889,0.9591365290308091,1.9923268010395159,18.0,66.0
1790783264.0213215,0,missed B,0.468,1.1316,0.05999999999999872,0.9335809734752541,1.374973108998848,18.0,66.0
1790783264.0469248,0,grip capacity exceeded,0.304,2.0406,,,,18.0,66.0
1790783264.0636475,0,missed B,0.958,1.4405,0.4599999999999902,0.955803195697476,1.2689252294065418,18.0,66.0
1790783264.0850787,0,slipped off A,0.21,1.0001,,,,18.0,66.0
1790783264.0983357,0,missed B,1.48,1.3323,1.0399999999999778,0.9880254179196974,1.0399664867461014,18.0,66.0
1790783264.1176145,0,grip capacity exceeded,0.32,2.0703,,,,18.0,66.0
1790783264.1221747,0,grip capacity exceeded,0.162,2.453,,,,18.0,66.0
1790783264.2357163,0,grip capacity exceeded,0.608,2.727,,,,18.0,66.0
1790783264.2590518,0,hit wall,0.612,1.3015,0.49999999999998934,0.9580254179196981,1.9358637212600962,18.0,66.0
1790783264.2609031,0,missed B,0.632,0.9448,0.2999999999999936,0.9469143068085872,1.1405378176267331,18.0,66.0
1790783264.3036363,0,slipped off A,0.53,1.0277,,,,18.0,66.0
1790783264.318775,0,missed B,0.506,0.5343,0.0799999999999983,0.9346920845863652,1.3225104636113287,18.0,66.0
1790783264.3509455,0,slipped off A,0.122,1.3453,,,,18.0,66.0
1790783264.3754563,0,grip capacity exceeded,0.368,2.2022,,,,18.0,66.0
1790783264.400136,0,slipped off A,0.4,1.5087,,,,18.0,66.0
1790783264.419955,0,hit wall,0.438,1.7831,0.33999999999999275,0.9491365290308094,2.0128609808496196,18.0,66.0
1790783264.448091,0,grip capacity exceeded,0.954,2.2469,,,,18.0,66.0
1790783264.456862,0,slipped off A,0.19,1.3532,,,,18.0,66.0
1790783264.4704187,0,slipped off A,1.056,1.4255,,,,18.0,66.0
1790783264.5150206,0,slipped off A,0.41,0.9771,,,,18.0,66.0
1790783264.5582042,0,hit wall,0.646,1.2994,0.6199999999999868,0.9646920845863646,2.0384758056607293,18.0,66.0
1790783264.5785675,0,slipped off A,0.308,1.3929,,,,18.0,66.0
1790783264.58316,0,slipped off A,0.398,1.5546,,,,18.0,66.0
1790783264.5942702,0,slipped off A,0.244,1.7051,,,,18.0,66.0
1790783264.623426,0,grip capacity exceeded,1.388,2.4141,,,,18.0,66.0
1790783264.6412003,0,grip capacity exceeded,0.182,2.6472,,,,18.0,66.0
1790783264.6462636,0,slipped off A,0.276,0.8419,,,,18.0,66.0
1790783264.6597476,0,grip capacity exceeded,0.118,3.2224,,,,18.0,66.0
1790783264.6639552,0,slipped off A,0.684,1.691,,,,18.0,66.0
1790783264.6847527,0,grip capacity exceeded,0.298,2.0068,,,,18.0,66.0
1790783264.7123642,0,grip capacity exceeded,0.094,2.106,,,,18.0,66.0
1790783264.740926,0,grip capacity exceeded,0.282,2.0673,,,,18.0,66.0
1790783264.7887347,0,slipped off A,0.21,0.9502,,,,18.0,66.0
1790783264.8097565,0,grip capacity exceeded,0.634,2.3943,,,,18.0,66.0
1790783264.8281097,0,missed B,1.09,0.9683,0.7399999999999842,0.9713587512530312,1.1018814402658603,18.0,66.0
1790783264.8983142,0,hit wall,0.682,1.4746,,,,18.0,66.0
1790783264.9330368,0,grip capacity exceeded,0.506,2.5481,,,,18.0,66.0
1790783264.9631107,0,slipped off A,1.58,1.5865,,,,18.0,66.0
1790783264.9897904,0,grip capacity exceeded,0.892,2.5116,,,,18.0,66.0
1790783264.9990752,0,hit wall,0.424,0.9474,0.27999999999999403,0.9458031956974762,1.8259557248260543,18.0,66.0
1790783265.0034132,0,grip capacity exceeded,0.5,2.4498,,,,18.0,66.0
1790783265.0284266,0,grip capacity exceeded,1.014,2.7461,,,,18.0,66.0
1790783265.0448306,0,grip capacity exceeded,0.234,2.0822,,,,18.0,66.0
1790783265.060063,0,slipped off A,0.47,0.9588,,,,18.0,66.0
1790783265.1119964,0,missed B,0.526,0.6023,0.0799999999999983,0.9346920845863652,1.209352621173297,18.0,66.0
1790783265.1342788,0,slipped off A,0.452,1.283,,,,18.0,66.0
1790783265.1411164,0,grip capacity exceeded,0.082,2.2008,,,,18.0,66.0
1790783265.1950943,0,slipped off A,0.636,1.4604,,,,18.0,66.0
1790783265.1970546,0,slipped off A,0.544,1.278,,,,18.0,66.0
1790783265.268081,0,hit wall,0.202,1.3368,0.17999999999999616,0.9402476401419206,2.0616478318976883,18.0,66.0
1790783265.294295,0,grip capacity exceeded,0.786,2.1235,,,,18.0,66.0
1790783265.2993917,0,grip capacity exceeded,0.31,2.3259,,,,18.0,66.0
1790783265.3122504,0,grip capacity exceeded,1.542,2.0479,,,,18.0,66.0
1790783265.3375757,0,grip capacity exceeded,0.216,2.2858,,,,18.0,66.0
1790783265.3548818,0,grip capacity exceeded,0.93,2.1157,,,,18.0,66.0
1790783265.3889754,0,grip capacity exceeded,0.794,2.2508,,,,18.0,66.0
1790783265.416109,0,grip capacity exceeded,0.076,2.4674,,,,18.0,66.0
1790783265.4215028,0,slipped off A,0.366,1.1757,,,,18.0,66.0
1790783265.43537,0,grip capacity exceeded,0.906,2.1283,,,,18.0,66.0
1790783265.469716,0,hit wall,0.528,1.0629,0.4399999999999906,0.9546920845863648,1.9597334240466484,18.0,66.0
1790783265.5382545,0,grip capacity exceeded,0.336,2.1134,,,,18.0,66.0
1790783265.5890422,0,missed B,0.802,1.1027,0.2999999999999936,0.9469143068085872,1.260530086243785,18.0,66.0
1790783265.5956407,0,hit wall,0.696,1.8087,,,,18.0,66.0
1790783265.6254735,0,grip capacity exceeded,0.534,2.1298,,,,18.0,66.0
1790783265.6667871,0,grip capacity exceeded,0.94,2.097,,,,18.0,66.0
1790783265.667353,0,hit wall,0.086,1.63,0.03999999999999915,0.9324698623641431,2.0691124196447057,18.0,66.0
1790783265.6748471,0,slipped off A,0.71,1.3068,,,,18.0,66.0
1790783265.697978,0,missed B,2.138,1.9082,1.639999999999965,0.021358751253030068,1.0380978012302637,18.0,66.0
1790783265.7569227,0,missed B,0.572,1.2979,0.13999999999999702,0.9380254179196985,1.255308191791533,18.0,66.0
1790783265.7718863,0,grip capacity exceeded,0.472,2.4947,,,,18.0,66.0
1790783265.7741635,0,hit wall,0.258,1.2121,0.2199999999999953,0.9424698623641429,2.059322399132257,18.0,66.0
1790783265.8468363,0,missed B,0.482,0.8784,0.11999999999999744,0.9369143068085874,1.165216313645097,18.0,66.0
1790783265.853657,0,slipped off A,0.23,1.6677,,,,18.0,66.0
1790783265.8579428,0,grip capacity exceeded,0.712,2.2531,,,,18.0,66.0
1790783265.8959875,0,hit wall,0.642,1.6235,0.5999999999999872,0.9635809734752535,2.0392421555316376,18.0,66.0
1790783265.904992,0,grip capacity exceeded,0.396,2.1583,,,,18.0,66.0
1790783265.9265525,0,hit wall,1.268,1.7313,,,,18.0,66.0
1790783265.9531803,0,grip capacity exceeded,0.282,2.3182,,,,18.0,66.0
1790783265.960442,0,hit wall,0.59,1.7309,0.49999999999998934,0.9580254179196981,1.9628772149191087,18.0,66.0
1790783265.984495,0,grip capacity exceeded,0.234,2.4459,,,,18.0,66.0
1790783265.9905796,0,slipped off A,0.09,1.0283,,,,18.0,66.0
1790783265.9944432,0,missed B,0.856,1.1829,0.27999999999999403,0.9458031956974762,1.2059840012138625,18.0,66.0
1790783266.0372558,0,hit wall,0.108,0.498,0.0,0.9302476401419209,1.9524077289733364,18.0,66.0
1790783266.045988,0,grip capacity exceeded,0.578,2.1418,,,,18.0,66.0
1790783266.1058068,0,grip capacity exceeded,0.702,2.447,,,,18.0,66.0
1790783266.1349227,0,missed B,0.414,0.5262,0.03999999999999915,0.9324698623641431,1.2839481432804258,18.0,66.0
1790783266.1401105,0,hit wall,0.7,1.4752,0.6799999999999855,0.9680254179196979,2.0353310682926664,18.0,66.0
1790783266.1414175,0,grip capacity exceeded,0.274,3.0682,,,,18.0,66.0
1790783266.1704066,0,missed B,0.62,0.7393,0.19999999999999574,0.9413587512530318,1.1968466376606177,18.0,66.0
1790783266.2179134,0,missed B,0.482,1.2961,0.13999999999999702,0.9380254179196985,1.3627095232963107,18.0,66.0
1790783266.240597,0,hit wall,0.164,0.6293,0.09999999999999787,0.9358031956974764,2.041182049471561,18.0,66.0
1790783266.269863,0,missed B,0.76,0.8796,0.4399999999999906,0.9546920845863648,1.1441047886902467,18.0,66.0
1790783266.2948132,0,slipped off A,0.39,1.0953,,,,18.0,66.0
1790783266.3644817,0,grip capacity exceeded,0.618,2.1992,,,,18.0,66.0
1790783266.3715782,0,hit wall,0.62,1.1104,0.5799999999999876,0.9624698623641424,2.040271740519146,18.0,66.0
1790783266.4086633,0,grip capacity exceeded,0.45,2.0869,,,,18.0,66.0
1790783266.4276326,0,slipped off A,0.37,1.1005,,,,18.0,66.0
1790783266.4359746,0,missed B,0.448,0.5202,0.05999999999999872,0.9335809734752541,1.250953476721997,18.0,66.0
1790783266.436258,0,missed B,1.41,1.2503,0.8599999999999817,0.9780254179196977,1.2255592712978352,18.0,66.0
1790783266.4701195,0,slipped off A,0.29,1.9081,,,,18.0,66.0
1790783266.4958398,0,missed B,1.082,1.1133,0.5999999999999872,0.9635809734752535,1.2579908062843101,18.0,66.0
1790783266.501586,0,grip capacity exceeded,0.228,2.1559,,,,18.0,66.0
1790783266.5183024,0,grip capacity exceeded,0.874,2.0491,,,,18.0,66.0
1790783266.5323825,0,hit wall,0.086,1.0031,0.03999999999999915,0.9324698623641431,2.0689691633821616,18.0,66.0
1790783266.5443408,0,grip capacity exceeded,0.532,2.1366,,,,18.0,66.0
1790783266.54454,0,slipped off A,0.358,1.3532,,,,18.0,66.0
1790783266.5783179,0,grip capacity exceeded,0.174,2.112,,,,18.0,66.0
1790783266.6051185,0,grip capacity exceeded,0.53,2.6399,,,,18.0,66.0
1790783266.6292384,0,missed B,0.7,1.0251,0.2999999999999936,0.9469143068085872,1.2559990866677844,18.0,66.0
1790783266.629999,0,hit wall,0.282,1.2532,0.19999999999999574,0.9413587512530318,2.019712276080074,18.0,66.0
1790783266.6856532,0,slipped off A,0.32,1.514,,,,18.0,66.0
1790783266.6869204,0,missed B,0.672,1.0098,0.2199999999999953,0.9424698623641429,1.2915788686280674,18.0,66.0
1790783266.6964746,0,hit wall,0.172,0.6377,0.09999999999999787,0.9358031956974764,2.0412280394373097,18.0,66.0
1790783266.7277749,0,grip capacity exceeded,0.12,2.0202,,,,18.0,66.0
1790783266.7641954,0,hit wall,0.22,0.728,0.05999999999999872,0.9335809734752541,1.8379749029158186,18.0,66.0
1790783266.7835753,0,hit wall,0.512,1.074,0.47999999999998977,0.956914306808587,2.0455524721372806,18.0,66.0
1790783266.8005116,0,grip capacity exceeded,0.114,2.3289,,,,18.0,66.0
1790783266.8095293,0,missed B,0.952,0.8197,0.41999999999999105,0.9535809734752537,1.2393333703459746,18.0,66.0
1790783266.8297224,0,grip capacity exceeded,0.146,2.0186,,,,18.0,66.0
1790783266.8464694,0,hit wall,0.886,1.8066,0.8599999999999817,0.9780254179196977,2.0265863338616814,18.0,66.0
1790783266.8933418,0,missed B,0.596,0.8618,0.17999999999999616,0.9402476401419206,1.5040999732345002,18.0,66.0
1790783266.902404,0,slipped off A,0.798,1.7821,,,,18.0,66.0
1790783266.968543,0,missed B,1.242,1.4069,0.7599999999999838,0.9724698623641422,1.2682447500452243,18.0,66.0
1790783267.0108614,0,grip capacity exceeded,0.338,2.3057,,,,18.0,66.0
1790783267.0235748,0,missed B,0.65,0.7384,0.17999999999999616,0.9402476401419206,1.2241077964577347,18.0,66.0
1790783267.0491538,0,slipped off A,0.95,1.3394,,,,18.0,66.0
1790783267.0631547,0,missed B,0.624,1.1649,0.17999999999999616,0.9402476401419206,1.4839909680964765,18.0,66.0
1790783267.070181,0,hit wall,0.174,0.6356,0.0799999999999983,0.9346920845863652,2.0088035720916055,18.0,66.0
1790783267.083651,0,missed B,0.728,1.0911,0.27999999999999403,0.9458031956974762,1.3282177478579444,18.0,66.0
1790783267.1016607,0,slipped off A,0.586,1.2341,,,,18.0,66.0
1790783267.1078126,0,missed B,0.862,1.3585,0.49999999999998934,0.9580254179196981,1.2317733433625742,18.0,66.0
1790783267.1335568,0,grip capacity exceeded,0.494,2.5123,,,,18.0,66.0
1790783267.1336808,0,grip capacity exceeded,0.206,2.1309,,,,18.0,66.0
1790783267.1476223,0,hit wall,0.186,0.535,0.09999999999999787,0.9358031956974764,2.0198818240830985,18.0,66.0
1790783267.163585,0,slipped off A,0.09,1.4224,,,,18.0,66.0
1790783267.1759677,0,grip capacity exceeded,0.324,2.0371,,,,18.0,66.0
1790783267.1810877,0,grip capacity exceeded,0.494,2.5717,,,,18.0,66.0
1790783267.1953807,0,hit wall,0.152,0.833,0.0799999999999983,0.9346920845863652,2.05259461848027,18.0,66.0
1790783267.222423,0,grip capacity exceeded,0.084,2.2092,,,,18.0,66.0
1790783267.236887,0,grip capacity exceeded,0.324,2.4469,,,,18.0,66.0
1790783268.3673744,0,grip capacity exceeded,0.344,2.2872,,,,18.0,66.0
1790783268.4180543,0,grip capacity exceeded,0.736,2.684,,,,18.0,66.0
1790783268.4228976,0,missed B,0.746,0.9673,0.33999999999999275,0.9491365290308094,1.1215652195166375,18.0,66.0
1790783268.4487116,0,grip capacity exceeded,0.598,2.6794,,,,18.0,66.0
1790783268.4903147,0,grip capacity exceeded,0.18,2.0794,,,,18.0,66.0
1790783268.5302212,0,missed B,0.846,1.0496,0.49999999999998934,0.9580254179196981,1.1394153304321533,18.0,66.0
1790783268.5326397,0,grip capacity exceeded,0.286,2.0432,,,,18.0,66.0
1790783268.5468757,0,missed B,0.682,0.7404,0.1599999999999966,0.9391365290308096,1.2804853557581293,18.0,66.0
1790783268.582144,0,slipped off A,0.124,1.1909,,,,18.0,66.0
1790783268.6102028,0,slipped off A,0.43,1.4973,,,,18.0,66.0
1790783268.621498,0,hit wall,1.454,1.9728,,,,18.0,66.0
1790783268.6530602,0,grip capacity exceeded,0.164,2.1779,,,,18.0,66.0
1790783268.6656883,0,grip capacity exceeded,0.32,2.43,,,,18.0,66.0
1790783268.694514,0,missed B,1.056,1.4886,0.5199999999999889,0.9591365290308091,1.1417788929607433,18.0,66.0
1790783268.7563906,0,slipped off A,0.29,1.3511,,,,18.0,66.0
1790783268.771876,0,grip capacity exceeded,1.09,2.1054,,,,18.0,66.0
1790783268.8262546,0,missed B,0.442,1.0433,0.13999999999999702,0.9380254179196985,1.3072364682830615,18.0,66.0
1790783268.8315465,0,grip capacity exceeded,0.598,2.3071,,,,18.0,66.0
1790783268.8449697,0,slipped off A,0.99,1.4811,,,,18.0,66.0
1790783268.9071352,0,hit wall,0.802,1.2173,,,,18.0,66.0
1790783268.9096773,0,grip capacity exceeded,1.026,2.0182,,,,18.0,66.0
1790783268.917963,0,slipped off A,0.21,1.3057,,,,18.0,66.0
1790783268.983762,0,grip capacity exceeded,0.158,2.5439,,,,18.0,66.0
1790783269.0109503,0,hit wall,0.828,1.2234,,,,18.0,66.0
1790783269.0524669,0,missed B,0.71,1.1355,0.2199999999999953,0.9424698623641429,1.4116797574956153,18.0,66.0
1790783269.0575783,0,slipped off A,0.57,1.3366,,,,18.0,66.0
1790783269.0805788,0,grip capacity exceeded,0.226,2.9983,,,,18.0,66.0
1790783269.0817895,0,missed B,0.406,0.5352,0.03999999999999915,0.9324698623641431,1.2973590274858153,18.0,66.0
1790783269.1014092,0,missed B,0.894,1.6184,0.5799999999999876,0.9624698623641424,1.0812475874445757,18.0,66.0
1790783269.1150858,0,grip capacity exceeded,0.668,2.0363,,,,18.0,66.0
1790783269.2160883,0,hit wall,0.382,0.8048,0.2999999999999936,0.9469143068085872,1.9799851231293382,18.0,66.0
1790783269.2241678,0,slipped off A,0.346,1.1088,,,,18.0,66.0
1790783269.266603,0,grip capacity exceeded,0.53,2.0053,,,,18.0,66.0
1790783269.2679453,0,hit wall,0.946,1.9687,0.9199999999999804,0.981358751253031,2.0237056407567713,18.0,66.0
1790783269.2847378,0,missed B,0.774,0.9261,0.3799999999999919,0.9513587512530316,1.5770058143063728,18.0,66.0
1790783269.2960868,0,hit wall,0.204,0.8061,0.13999999999999702,0.9380254179196985,2.051923648971592,18.0,66.0
1790783269.319781,0,grip capacity exceeded,0.076,2.7178,,,,18.0,66.0
1790783269.3412855,0,hit wall,0.838,1.4597,,,,18.0,66.0
1790783269.377913,0,slipped off A,0.49,1.4271,,,,18.0,66.0
1790783269.3845787,0,grip capacity exceeded,0.368,2.67,,,,18.0,66.0
1790783269.4372535,0,grip capacity exceeded,1.142,2.045,,,,18.0,66.0
1790783269.4904664,0,grip capacity exceeded,0.692,2.1008,,,,18.0,66.0
1790783269.5290058,0,slipped off A,1.246,1.8444,,,,18.0,66.0
1790783269.5487452,0,slipped off A,0.496,1.1841,,,,18.0,66.0
1790783269.5589836,0,slipped off A,0.558,1.663,,,,18.0,66.0
1790783269.5853033,0,hit wall,0.46,1.6381,0.41999999999999105,0.9535809734752537,2.0486327467905894,18.0,66.0
1790783269.60022,0,slipped off A,0.33,1.1833,,,,18.0,66.0
1790783269.6117425,0,hit wall,0.882,1.7219,,,,18.0,66.0
1790783269.6454196,0,grip capacity exceeded,0.166,2.6373,,,,18.0,66.0
1790783269.6509051,0,grip capacity exceeded,0.154,2.0325,,,,18.0,66.0
1790783269.7114332,0,slipped off A,1.332,1.7983,,,,18.0,66.0
1790783269.746276,0,grip capacity exceeded,0.314,2.6983,,,,18.0,66.0
1790783269.7527823,0,missed B,1.282,1.461,0.7599999999999838,0.9724698623641422,1.3742039386813747,18.0,66.0
1790783269.7594013,0,grip capacity exceeded,0.38,2.5346,,,,18.0,66.0
1790783269.8018577,0,grip capacity exceeded,0.148,2.0099,,,,18.0,66.0
1790783269.8359196,0,grip capacity exceeded,0.862,2.0414,,,,18.0,66.0
1790783269.8802066,0,missed B,1.112,1.2097,0.7399999999999842,0.9713587512530312,1.0330786711239348,18.0,66.0
1790783269.8869333,0,grip capacity exceeded,1.064,2.7157,,,,18.0,66.0
1790783269.8948507,0,grip capacity exceeded,0.894,2.2166,,,,18.0,66.0
1790783269.9161367,0,hit wall,0.338,1.0669,0.19999999999999574,0.9413587512530318,1.9899155337636902,18.0,66.0
1790783269.9389143,0,grip capacity exceeded,0.074,2.8287,,,,18.0,66.0
1790783269.9584463,0,grip capacity exceeded,0.602,2.2659,,,,18.0,66.0
1790783270.0187886,0,hit wall,0.57,0.9103,0.47999999999998977,0.956914306808587,2.0095751353115756,18.0,66.0
1790783270.0485086,0,grip capacity exceeded,0.534,2.3535,,,,18.0,66.0
1790783270.0556736,0,missed B,1.1,1.0598,0.7799999999999834,0.9735809734752533,1.0918650825951637,18.0,66.0
1790783270.1950622,0,missed B,0.9,1.2945,0.4399999999999906,0.9546920845863648,1.0598472127207386,18.0,66.0
1790783270.202297,0,hit wall,1.378,1.9587,1.3199999999999719,0.00358097347525267,2.011800932998478,18.0,66.0
1790783270.285981,0,grip capacity exceeded,0.656,3.2186,,,,18.0,66.0
1790783270.2980642,0,slipped off A,0.81,1.9138,,,,18.0,66.0
1790783270.2981863,0,slipped off A,1.008,1.4397,,,,18.0,66.0
1790783270.316167,0,hit wall,0.77,1.2254,,,,18.0,66.0
1790783270.399572,0,missed B,1.528,1.4584,0.93999999999998,0.982469862364142,1.2521565335902016,18.0,66.0
1790783270.4333744,0,missed B,1.474,1.721,0.9599999999999795,0.9835809734752531,1.4918655068346236,18.0,66.0
1790783270.4494944,0,grip capacity exceeded,0.37,2.5506,,,,18.0,66.0
1790783270.4789858,0,missed B,0.49,0.6095,0.0799999999999983,0.9346920845863652,1.239658111174461,18.0,66.0
1790783270.5236018,0,missed B,0.906,1.5307,0.5799999999999876,0.9624698623641424,1.0105223385689317,18.0,66.0
1790783270.535126,0,grip capacity exceeded,0.36,3.3165,,,,18.0,66.0
1790783270.5362256,0,missed B,0.978,0.9695,0.47999999999998977,0.956914306808587,1.363683553913324,18.0,66.0
1790783270.5426004,0,grip capacity exceeded,0.702,2.1654,,,,18.0,66.0
1790783270.569744,0,slipped off A,0.25,1.4965,,,,18.0,66.0
1790783270.6010005,0,hit wall,0.206,1.2395,0.11999999999999744,0.9369143068085874,1.9969419935721626,18.0,66.0
1790783270.6136248,0,grip capacity exceeded,0.506,2.6152,,,,18.0,66.0
1790783270.615158,0,slipped off A,0.236,0.8828,,,,18.0,66.0
1790783270.6356332,0,grip capacity exceeded,0.08,2.1762,,,,18.0,66.0
1790783270.6509464,0,slipped off A,0.43,1.3414,,,,18.0,66.0
1790783270.6622183,0,slipped off A,0.43,1.1339,,,,18.0,66.0
1790783270.6824865,0,slipped off A,1.15,1.8847,,,,18.0,66.0
1790783270.6834385,0,missed B,0.718,0.9166,0.19999999999999574,0.9413587512530318,1.3920175164597444,18.0,66.0
1790783270.6935737,0,grip capacity exceeded,0.298,2.1687,,,,18.0,66.0
1790783270.7447531,0,slipped off A,0.25,0.9026,,,,18.0,66.0
1790783270.7933922,0,grip capacity exceeded,0.33,2.3315,,,,18.0,66.0
1790783270.7951913,0,grip capacity exceeded,0.746,2.0641,,,,18.0,66.0
1790783270.8166783,0,grip capacity exceeded,0.434,2.2159,,,,18.0,66.0
1790783270.822048,0,missed B,0.434,0.5328,0.019999999999999574,0.931358751253032,1.4200003873607274,18.0,66.0
1790783270.9340289,0,missed B,0.898,1.1391,0.49999999999998934,0.9580254179196981,1.2740115956484093,18.0,66.0
1790783270.964403,0,slipped off A,0.524,0.9719,,,,18.0,66.0
1790783270.977069,0,hit wall,0.576,0.9852,0.5399999999999885,0.9602476401419202,2.042372496611445,18.0,66.0
1790783270.9934478,0,hit wall,0.548,1.365,,,,18.0,66.0
1790783271.0016353,0,grip capacity exceeded,0.812,2.3893,,,,18.0,66.0
1790783271.0018075,0,missed B,1.176,1.6129,0.6799999999999855,0.9680254179196979,1.247340491451668,18.0,66.0
1790783271.028296,0,hit wall,0.674,1.4474,0.5999999999999872,0.9635809734752535,2.013658553911904,18.0,66.0
1790783271.0571244,0,grip capacity exceeded,0.176,2.1177,,,,18.0,66.0
1790783271.0821428,0,missed B,1.52,1.3651,1.0399999999999778,0.9880254179196974,1.3561670976917468,18.0,66.0
1790783271.0880327,0,grip capacity exceeded,0.358,2.4566,,,,18.0,66.0
1790783271.0880888,0,grip capacity exceeded,0.164,2.3808,,,,18.0,66.0
1790783271.1082323,0,grip capacity exceeded,0.078,2.256,,,,18.0,66.0
1790783271.1181438,0,slipped off A,0.462,1.3958,,,,18.0,66.0
1790783271.13952,0,slipped off A,0.454,1.0997,,,,18.0,66.0
1790783271.1806126,0,grip capacity exceeded,0.294,2.0922,,,,18.0,66.0
1790783271.2414918,0,grip capacity exceeded,0.964,2.1553,,,,18.0,66.0
1790783271.2438452,0,hit wall,0.402,1.3038,0.3799999999999919,0.9513587512530316,2.050930024347233,18.0,66.0
1790783271.2759228,0,hit wall,0.842,1.3073,,,,18.0,66.0
1790783271.334842,0,missed B,0.578,0.5489,0.0799999999999983,0.9346920845863652,1.2208090268763796,18.0,66.0
1790783271.3572237,0,grip capacity exceeded,0.312,2.4547,,,,18.0,66.0
1790783271.3953497,0,hit wall,0.432,0.9183,0.3999999999999915,0.9524698623641427,2.0497531680295924,18.0,66.0
1790783271.4545355,0,missed B,1.08,1.5836,0.5999999999999872,0.9635809734752535,1.3008439367940108,18.0,66.0
1790783271.4599354,0,slipped off A,0.786,1.3899,,,,18.0,66.0
1790783271.4600644,0,hit wall,1.014,1.7121,0.9599999999999795,0.9835809734752531,2.0033984609888646,18.0,66.0
1790783271.4608932,0,missed B,0.516,0.8289,0.11999999999999744,0.9369143068085874,1.3376763171949384,18.0,66.0
1790783271.5203564,0,missed B,1.322,1.0529,0.9599999999999795,0.9835809734752531,1.3995418407759277,18.0,66.0
1790783271.5253222,0,grip capacity exceeded,0.458,2.5038,,,,18.0,66.0
1790783271.5320802,0,slipped off A,0.174,1.2143,,,,18.0,66.0
1790783271.5468583,0,grip capacity exceeded,0.08,2.1471,,,,18.0,66.0
1790783271.5586736,0,slipped off A,0.25,0.9039,,,,18.0,66.0
1790783271.5811074,0,grip capacity exceeded,0.34,2.1946,,,,18.0,66.0
1790783271.589888,0,hit wall,0.114,0.7479,0.05999999999999872,0.9335809734752541,2.067942166941821,18.0,66.0
1790783271.612147,0,slipped off A,0.23,1.1327,,,,18.0,66.0
1790783271.626207,0,grip capacity exceeded,0.19,2.4878,,,,18.0,66.0
1790783271.6713026,0,hit wall,0.6,1.0475,0.5799999999999876,0.9624698623641424,2.04025502844124,18.0,66.0
1790783271.714638,0,grip capacity exceeded,0.4,2.4277,,,,18.0,66.0
1790783271.7157247,0,hit wall,0.914,1.4553,0.8799999999999812,0.9791365290308087,2.0255261186483264,18.0,66.0
1790783271.7218797,0,hit wall,0.598,1.7845,0.5199999999999889,0.9591365290308091,2.031147526628491,18.0,66.0
1790783271.7676249,0,hit wall,1.228,1.676,,,,18.0,66.0
1790783271.790566,0,hit wall,0.516,1.8082,0.23999999999999488,0.9435809734752539,1.336876925297882,18.0,66.0
1790783271.7971735,0,hit wall,0.632,1.2921,0.5999999999999872,0.9635809734752535,2.0394180104543262,18.0,66.0
1790783271.7984703,0,grip capacity exceeded,0.218,2.0894,,,,18.0,66.0
1790783272.963768,0,slipped off A,0.23,1.373,,,,18.0,66.0
1790783272.9984825,0,grip capacity exceeded,0.424,2.3106,,,,18.0,66.0
1790783273.022158,0,grip capacity exceeded,0.66,2.1672,,,,18.0,66.0
1790783273.028199,0,missed B,0.82,0.8594,0.2999999999999936,0.9469143068085872,1.2371740857877058,18.0,66.0
1790783273.0489297,0,slipped off A,0.392,1.3002,,,,18.0,66.0
1790783273.0584052,0,missed B,0.61,1.4953,0.23999999999999488,0.9435809734752539,1.5066639626478304,18.0,66.0
1790783273.1177268,0,grip capacity exceeded,0.414,2.1046,,,,18.0,66.0
1790783273.1229148,0,slipped off A,0.35,1.1751,,,,18.0,66.0
1790783273.1229095,0,grip capacity exceeded,0.276,2.0872,,,,18.0,66.0
1790783273.1749463,0,hit wall,0.112,0.498,0.0,0.9302476401419209,1.9472001497643812,18.0,66.0
1790783273.2640238,0,hit wall,0.926,1.7522,0.8799999999999812,0.9791365290308087,2.0254268612599216,18.0,66.0
1790783273.271345,0,slipped off A,0.556,0.9859,,,,18.0,66.0
1790783273.2734632,0,slipped off A,0.656,0.936,,,,18.0,66.0
1790783273.279707,0,slipped off A,0.584,1.7293,,,,18.0,66.0
1790783273.3970692,0,slipped off A,0.574,1.665,,,,18.0,66.0
1790783273.414823,0,hit wall,0.392,1.5195,0.3599999999999923,0.9502476401419204,2.0518168806612613,18.0,66.0
1790783273.4360545,0,missed B,1.4,1.5503,0.8799999999999812,0.9791365290308087,1.0712158742965685,18.0,66.0
1790783273.5209677,0,slipped off A,1.002,1.7531,,,,18.0,66.0
1790783273.5562558,0,slipped off A,0.07,1.2718,,,,18.0,66.0
1790783273.557499,0,missed B,1.106,1.8771,0.5399999999999885,0.9602476401419202,1.2160344318041811,18.0,66.0
1790783273.5746386,0,grip capacity exceeded,0.768,2.0038,,,,18.0,66.0
1790783273.6004105,0,missed B,0.838,1.2063,0.4399999999999906,0.9546920845863648,1.2460688545588223,18.0,66.0
1790783273.6327827,0,slipped off A,0.896,1.3876,,,,18.0,66.0
1790783273.634175,0,hit wall,0.528,1.6239,,,,18.0,66.0
1790783273.6819832,0,grip capacity exceeded,0.266,2.1989,,,,18.0,66.0
1790783273.7251945,0,slipped off A,0.228,1.0806,,,,18.0,66.0
1790783273.7370136,0,missed B,0.836,1.1712,0.2999999999999936,0.9469143068085872,1.3483298378630326,18.0,66.0
1790783273.7510097,0,missed B,0.472,0.5331,0.05999999999999872,0.9335809734752541,1.3893102783350246,18.0,66.0
1790783273.7782433,0,grip capacity exceeded,0.424,2.3486,,,,18.0,66.0
1790783273.7801805,0,missed B,0.824,0.915,0.3799999999999919,0.9513587512530316,1.3073166475060094,18.0,66.0
1790783273.8117647,0,grip capacity exceeded,0.188,2.0019,,,,18.0,66.0
1790783273.8258796,0,slipped off A,0.332,1.1605,,,,18.0,66.0
1790783273.8331327,0,hit wall,0.182,1.3682,0.11999999999999744,0.9369143068085874,2.0599064140888275,18.0,66.0
1790783273.8430681,0,missed B,0.692,0.7584,0.27999999999999403,0.9458031956974762,1.2893191771772976,18.0,66.0
1790783273.9202015,0,grip capacity exceeded,0.314,2.0312,,,,18.0,66.0
1790783273.955077,0,hit wall,0.092,1.0021,0.05999999999999872,0.9335809734752541,2.0681520487238036,18.0,66.0
1790783274.0157728,0,slipped off A,0.57,1.1576,,,,18.0,66.0
1790783274.0347135,0,slipped off A,0.75,1.9793,,,,18.0,66.0
1790783274.0586324,0,slipped off A,1.19,1.1053,,,,18.0,66.0
1790783274.0629375,0,hit wall,0.71,1.6996,,,,18.0,66.0
1790783274.0812893,0,grip capacity exceeded,0.998,2.0638,,,,18.0,66.0
1790783274.087448,0,grip capacity exceeded,0.156,2.4782,,,,18.0,66.0
1790783274.0901349,0,slipped off A,0.914,1.7629,,,,18.0,66.0
1790783274.1265159,0,slipped off A,0.872,1.6077,,,,18.0,66.0
1790783274.1516602,0,grip capacity exceeded,0.268,2.0186,,,,18.0,66.0
1790783274.166687,0,slipped off A,0.454,1.4601,,,,18.0,66.0
1790783274.1725614,0,slipped off A,0.25,1.0319,,,,18.0,66.0
1790783274.1841714,0,grip capacity exceeded,0.342,2.0263,,,,18.0,66.0
1790783274.2410681,0,hit wall,0.914,1.8478,,,,18.0,66.0
1790783274.248279,0,hit wall,0.508,0.9095,0.4599999999999902,0.955803195697476,2.0380212889172054,18.0,66.0
1790783274.2949946,0,grip capacity exceeded,0.39,2.0348,,,,18.0,66.0
1790783274.37782,0,hit wall,0.39,0.8801,0.2999999999999936,0.9469143068085872,2.0010778785658836,18.0,66.0
1790783274.3918593,0,hit wall,0.722,1.4534,0.6999999999999851,0.9691365290308089,2.0345245748120133,18.0,66.0
1790783274.4187436,0,hit wall,0.89,1.395,0.7799999999999834,0.9735809734752533,1.9903501999727502,18.0,66.0
1790783274.4235313,0,grip capacity exceeded,0.788,3.2287,,,,18.0,66.0
1790783274.5021975,0,missed B,0.704,0.9624,0.27999999999999403,0.9458031956974762,1.4587250717984763,18.0,66.0
1790783274.554285,0,grip capacity exceeded,0.134,2.0081,,,,18.0,66.0
1790783274.590915,0,grip capacity exceeded,0.12,2.117,,,,18.0,66.0
1790783274.6422894,0,slipped off A,1.646,1.4714,,,,18.0,66.0
1790783274.699719,0,slipped off A,0.746,1.7673,,,,18.0,66.0
1790783274.7026446,0,missed B,1.116,0.9136,0.7599999999999838,0.9724698623641422,0.9523092395478123,18.0,66.0
1790783274.73421,0,missed B,1.57,1.19,1.1399999999999757,0.9935809734752529,1.2492050331358426,18.0,66.0
1790783274.7513738,0,hit wall,1.024,1.6293,,,,18.0,66.0
1790783274.7514472,0,slipped off A,0.3,1.2712,,,,18.0,66.0
1790783274.7918801,0,grip capacity exceeded,0.164,2.0698,,,,18.0,66.0
1790783274.7979968,0,slipped off A,0.572,0.8724,,,,18.0,66.0
1790783274.8204975,0,grip capacity exceeded,0.198,2.892,,,,18.0,66.0
1790783274.8438387,0,missed B,0.426,0.6156,0.0799999999999983,0.9346920845863652,1.264316480517892,18.0,66.0
1790783274.8495572,0,hit wall,1.182,1.8237,,,,18.0,66.0
1790783274.8681011,0,grip capacity exceeded,1.344,2.2541,,,,18.0,66.0
1790783274.9074695,0,missed B,0.624,0.7192,0.17999999999999616,0.9402476401419206,1.2125746235101824,18.0,66.0
1790783274.908862,0,hit wall,0.334,1.0787,0.23999999999999488,0.9435809734752539,1.9753525563238166,18.0,66.0
1790783274.9718914,0,missed B,0.4,0.836,0.03999999999999915,0.9324698623641431,1.337372145854973,18.0,66.0
1790783274.978904,0,slipped off A,0.392,1.3089,,,,18.0,66.0
1790783275.0124216,0,missed B,0.594,0.8463,0.19999999999999574,0.9413587512530318,1.1545923542626628,18.0,66.0
1790783275.026622,0,hit wall,0.15,0.5527,0.0799999999999983,0.9346920845863652,2.040860905747821,18.0,66.0
1790783275.0462353,0,grip capacity exceeded,0.416,2.1224,,,,18.0,66.0
1790783275.087535,0,missed B,0.916,1.1948,0.4599999999999902,0.955803195697476,1.214638266562429,18.0,66.0
1790783275.0936625,0,missed B,0.566,1.2218,0.23999999999999488,0.9435809734752539,1.258165069744443,18.0,66.0
1790783275.1205146,0,missed B,1.126,1.1416,0.5999999999999872,0.9635809734752535,1.3154449267901156,18.0,66.0
1790783275.1423578,0,slipped off A,0.846,1.6267,,,,18.0,66.0
1790783275.1869788,0,hit wall,0.326,0.9399,0.23999999999999488,0.9435809734752539,2.001604247952512,18.0,66.0
1790783275.2151492,0,grip capacity exceeded,0.56,2.3925,,,,18.0,66.0
1790783275.215572,0,grip capacity exceeded,0.608,2.0515,,,,18.0,66.0
1790783275.2305431,0,hit wall,0.28,0.7585,0.17999999999999616,0.9402476401419206,2.0200010263016495,18.0,66.0
1790783275.236147,0,hit wall,0.808,1.0741,0.7799999999999834,0.9735809734752533,2.0303675932225955,18.0,66.0
1790783275.2405124,0,slipped off A,0.144,1.3757,,,,18.0,66.0
1790783275.2744744,0,grip capacity exceeded,0.132,2.1415,,,,18.0,66.0
1790783275.289461,0,slipped off A,0.21,1.315,,,,18.0,66.0
1790783275.2915404,0,grip capacity exceeded,0.22,2.0792,,,,18.0,66.0
1790783275.344526,0,missed B,0.772,1.0326,0.25999999999999446,0.944692084586365,1.221013008174135,18.0,66.0
1790783275.3464534,0,hit wall,0.158,0.9434,0.09999999999999787,0.9358031956974764,2.054712663610729,18.0,66.0
1790783275.3581398,0,missed B,0.73,1.4859,0.17999999999999616,0.9402476401419206,1.3493382969450316,18.0,66.0
1790783275.3639138,0,slipped off A,1.09,1.5896,,,,18.0,66.0
1790783275.4018798,0,missed B,0.372,0.5504,0.03999999999999915,0.9324698623641431,1.5074653494242576,18.0,66.0
1790783275.4147243,0,slipped off A,0.156,1.3028,,,,18.0,66.0
1790783275.4878154,0,hit wall,0.74,1.789,,,,18.0,66.0
1790783275.4916372,0,grip capacity exceeded,0.586,2.459,,,,18.0,66.0
1790783275.505437,0,hit wall,0.462,1.1057,0.41999999999999105,0.9535809734752537,2.048616130338779,18.0,66.0
1790783275.51982,0,hit wall,0.062,0.498,0.0,0.9302476401419209,2.055791066908047,18.0,66.0
1790783275.5972524,0,missed B,0.532,1.3558,0.1599999999999966,0.9391365290308096,1.3005131089266115,18.0,66.0
1790783275.602076,0,grip capacity exceeded,1.06,2.6072,,,,18.0,66.0
1790783275.6547334,0,missed B,0.888,0.7567,0.3799999999999919,0.9513587512530316,1.3274311311522535,18.0,66.0
1790783275.6709778,0,grip capacity exceeded,0.442,2.0373,,,,18.0,66.0
1790783275.7418528,0,grip capacity exceeded,1.1,2.5356,,,,18.0,66.0
1790783275.811132,0,missed B,0.536,0.5368,0.0799999999999983,0.9346920845863652,1.222601953525248,18.0,66.0
1790783275.8652942,0,missed B,0.96,1.698,0.4599999999999902,0.955803195697476,1.2515934133473159,18.0,66.0
1790783275.87448,0,slipped off A,0.466,1.3626,,,,18.0,66.0
1790783275.8821614,0,slipped off A,0.54,1.0684,,,,18.0,66.0
1790783275.8855817,0,missed B,0.702,1.1793,0.33999999999999275,0.9491365290308094,1.3184222234300542,18.0,66.0
1790783275.9110591,0,hit wall,0.984,1.3262,,,,18.0,66.0
1790783275.942616,0,grip capacity exceeded,0.448,2.0644,,,,18.0,66.0
1790783275.963437,0,missed B,1.428,1.5135,0.9199999999999804,0.981358751253031,1.0580579693544812,18.0,66.0
1790783275.99685,0,grip capacity exceeded,0.468,2.2267,,,,18.0,66.0
1790783276.0053713,0,missed B,0.374,0.5166,0.019999999999999574,0.931358751253032,1.3022708589910927,18.0,66.0
1790783276.0245922,0,grip capacity exceeded,0.42,2.025,,,,18.0,66.0
1790783276.0270615,0,grip capacity exceeded,0.392,2.001,,,,18.0,66.0
1790783276.0570438,0,grip capacity exceeded,0.092,2.2974,,,,18.0,66.0
1790783276.1062799,0,missed B,0.53,0.6134,0.13999999999999702,0.9380254179196985,1.1880632614840632,18.0,66.0
1790783276.1107652,0,slipped off A,0.41,1.8158,,,,18.0,66.0
1790783276.132591,0,missed B,0.698,1.8528,0.23999999999999488,0.9435809734752539,1.3687902357410513,18.0,66.0
1790783276.1411784,0,missed B,0.312,0.498,0.0,0.9302476401419209,1.4401741162008046,18.0,66.0
1790783276.1668308,0,missed B,0.636,1.0774,0.23999999999999488,0.9435809734752539,1.2568661481399828,18.0,66.0
1790783276.196155,0,slipped off A,0.394,1.4547,,,,18.0,66.0
1790783276.2113583,0,hit wall,0.61,1.1507,,,,18.0,66.0
1790783276.2363434,0,hit wall,0.374,1.1481,0.2999999999999936,0.9469143068085872,2.044191659531706,18.0,66.0
1790783276.2368464,0,grip capacity exceeded,0.106,2.5991,,,,18.0,66.0
1790783276.2846203,0,grip capacity exceeded,0.122,2.0342,,,,18.0,66.0
1790783276.285181,0,slipped off A,0.43,1.0996,,,,18.0,66.0
1790783276.3916886,0,grip capacity exceeded,0.772,2.7155,,,,18.0,66.0
1790783276.4079108,0,slipped off A,1.166,1.7597,,,,18.0,66.0
1790783276.433791,0,grip capacity exceeded,0.972,2.0453,,,,18.0,66.0
1790783276.4349785,0,missed B,0.654,0.7696,0.23999999999999488,0.9435809734752539,1.3484663271954385,18.0,66.0
1790783276.4957292,0,grip capacity exceeded,0.604,2.0792,,,,18.0,66.0
1790783276.509639,0,missed B,0.798,0.9065,0.3599999999999923,0.9502476401419204,1.2470305182704426,18.0,66.0
1790783276.5163035,0,missed B,1.032,1.1138,0.5399999999999885,0.9602476401419202,1.6077158654487145,18.0,66.0
1790783277.6137636,0,missed B,0.73,1.4607,0.23999999999999488,0.9435809734752539,1.2150437983491242,18.0,66.0
1790783277.7092383,0,hit wall,0.63,1.1797,0.49999999999998934,0.9580254179196981,1.9133691494357017,18.0,66.0
1790783277.7320135,0,slipped off A,0.438,1.2655,,,,18.0,66.0
1790783277.7545655,0,slipped off A,0.79,1.4633,,,,18.0,66.0
1790783277.786944,0,missed B,0.524,0.5068,0.019999999999999574,0.931358751253032,1.2151085718037624,18.0,66.0
1790783277.8003669,0,grip capacity exceeded,0.544,2.0505,,,,18.0,66.0
1790783277.8347118,0,slipped off A,0.89,1.4496,,,,18.0,66.0
1790783277.850822,0,hit wall,0.128,1.7161,0.09999999999999787,0.9358031956974764,2.065999502806735,18.0,66.0
1790783277.86243,0,grip capacity exceeded,0.402,3.3328,,,,18.0,66.0
1790783277.875149,0,slipped off A,0.11,1.1939,,,,18.0,66.0
1790783277.9263144,0,missed B,0.876,1.2733,0.3799999999999919,0.9513587512530316,1.2139905902334718,18.0,66.0
1790783277.9608054,0,hit wall,0.64,1.0498,0.5799999999999876,0.9624698623641424,2.027738061228311,18.0,66.0
1790783277.9888895,0,grip capacity exceeded,0.31,2.3072,,,,18.0,66.0
1790783278.055337,0,grip capacity exceeded,0.84,2.5084,,,,18.0,66.0
1790783278.0993066,0,grip capacity exceeded,0.298,2.0007,,,,18.0,66.0
1790783278.1379762,0,grip capacity exceeded,1.716,2.9062,,,,18.0,66.0
1790783278.181921,0,missed B,0.848,0.9901,0.3599999999999923,0.9502476401419204,1.226287376176849,18.0,66.0
1790783278.1969564,0,missed B,0.606,0.9448,0.1599999999999966,0.9391365290308096,1.125852662084955,18.0,66.0
1790783278.2156334,0,missed B,0.74,0.9922,0.25999999999999446,0.944692084586365,1.3015908179925004,18.0,66.0
1790783278.3988051,0,hit wall,1.508,1.1209,1.4599999999999689,0.011358751253030283,2.017503891498224,18.0,66.0
1790783278.403893,0,missed B,0.752,0.9084,0.2999999999999936,0.9469143068085872,1.14882500096845,18.0,66.0
1790783278.4338715,0,hit wall,1.796,1.2086,1.6999999999999638,0.024692084586363332,1.9160395572289284,18.0,66.0
1790783278.443389,0,grip capacity exceeded,1.056,2.3861,,,,18.0,66.0
1790783278.4625208,0,slipped off A,0.79,1.8222,,,,18.0,66.0
1790783278.476788,0,missed B,0.76,1.4527,0.3199999999999932,0.9480254179196983,1.1348549542172002,18.0,66.0
1790783278.5184467,0,slipped off A,0.334,0.8344,,,,18.0,66.0
1790783278.5434563,0,slipped off A,0.29,1.5866,,,,18.0,66.0
1790783278.5644662,0,slipped off A,0.29,1.4285,,,,18.0,66.0
1790783278.5889783,0,grip capacity exceeded,0.054,2.2205,,,,18.0,66.0
1790783278.6121068,0,missed B,1.17,0.7933,0.7599999999999838,0.9724698623641422,1.0768888568918136,18.0,66.0
1790783278.617218,0,hit wall,0.594,1.3684,0.5399999999999885,0.9602476401419202,2.0284788511584018,18.0,66.0
1790783278.623325,0,grip capacity exceeded,0.082,2.1362,,,,18.0,66.0
1790783278.681025,0,missed B,0.466,0.8047,0.13999999999999702,0.9380254179196985,1.3084866621904425,18.0,66.0
1790783278.702379,0,hit wall,0.232,0.5731,0.0799999999999983,0.9346920845863652,1.7603951867116892,18.0,66.0
1790783278.7403028,0,grip capacity exceeded,1.786,2.0392,,,,18.0,66.0
1790783278.763653,0,slipped off A,0.44,1.398,,,,18.0,66.0
1790783278.8045607,0,hit wall,0.718,1.5963,0.6199999999999868,0.9646920845863646,2.029032935181556,18.0,66.0
1790783278.8503914,0,grip capacity exceeded,0.3,2.6574,,,,18.0,66.0
1790783278.8508382,0,grip capacity exceeded,0.454,2.0166,,,,18.0,66.0
1790783278.8532264,0,missed B,0.398,0.498,0.0,0.9302476401419209,1.4473647776720762,18.0,66.0
1790783278.9072154,0,missed B,0.81,0.9134,0.25999999999999446,0.944692084586365,1.2146362724263629,18.0,66.0
1790783278.922624,0,hit wall,1.258,1.83,1.1999999999999744,0.9969143068085862,1.9996541135978387,18.0,66.0
1790783278.9293213,0,grip capacity exceeded,0.204,2.2954,,,,18.0,66.0
1790783278.9497406,0,slipped off A,0.28,1.1721,,,,18.0,66.0
1790783278.9672694,0,missed B,0.564,0.7386,0.0799999999999983,0.9346920845863652,1.230205423808976,18.0,66.0
1790783278.980363,0,grip capacity exceeded,0.094,2.0659,,,,18.0,66.0
1790783278.9898868,0,slipped off A,0.41,0.7705,,,,18.0,66.0
1790783278.9900231,0,grip capacity exceeded,0.2,2.4122,,,,18.0,66.0
1790783279.011669,0,hit wall,0.112,0.498,0.0,0.9302476401419209,1.948707091663981,18.0,66.0
1790783279.0256224,0,grip capacity exceeded,0.676,2.2802,,,,18.0,66.0
1790783279.0448575,0,grip capacity exceeded,0.192,2.8842,,,,18.0,66.0
1790783279.0515347,0,grip capacity exceeded,0.21,2.0789,,,,18.0,66.0
1790783279.082425,0,grip capacity exceeded,0.532,2.3084,,,,18.0,66.0
1790783279.0973582,0,grip capacity exceeded,1.97,2.2202,,,,18.0,66.0
1790783279.0983472,0,slipped off A,0.458,1.2558,,,,18.0,66.0
1790783279.0983477,0,grip capacity exceeded,0.242,2.0367,,,,18.0,66.0
1790783279.1121967,0,hit wall,0.688,1.1627,,,,18.0,66.0
1790783279.1244884,0,grip capacity exceeded,0.264,2.2905,,,,18.0,66.0
1790783279.1252232,0,grip capacity exceeded,0.256,2.0562,,,,18.0,66.0
1790783279.1365685,0,grip capacity exceeded,0.138,2.5779,,,,18.0,66.0
1790783279.191179,0,slipped off A,0.232,1.6539,,,,18.0,66.0
1790783279.1973734,0,slipped off A,0.346,1.6986,,,,18.0,66.0
1790783279.2227557,0,slipped off A,0.76,1.3913,,,,18.0,66.0
1790783279.229934,0,grip capacity exceeded,0.38,2.5987,,,,18.0,66.0
1790783279.2327316,0,hit wall,0.528,0.8342,0.4399999999999906,0.9546920845863648,2.0171073337419045,18.0,66.0
1790783279.2946386,0,grip capacity exceeded,0.212,2.0394,,,,18.0,66.0
1790783279.3436604,0,slipped off A,0.878,1.6638,,,,18.0,66.0
1790783279.3743095,0,missed B,0.916,1.5158,0.47999999999998977,0.956914306808587,1.225002008288874,18.0,66.0
1790783279.3787265,0,slipped off A,0.85,1.0427,,,,18.0,66.0
1790783279.4092019,0,missed B,0.728,0.6995,0.2199999999999953,0.9424698623641429,1.2864856608307151,18.0,66.0
1790783279.4247427,0,slipped off A,0.45,0.9076,,,,18.0,66.0
1790783279.4380171,0,hit wall,0.194,0.6339,0.11999999999999744,0.9369143068085874,2.038790601987244,18.0,66.0
1790783279.470346,0,hit wall,0.822,1.9973,0.6799999999999855,0.9680254179196979,1.8958040034757682,18.0,66.0
1790783279.5218186,0,grip capacity exceeded,1.056,2.0003,,,,18.0,66.0
1790783279.5815945,0,hit wall,0.726,0.6268,0.6199999999999868,0.9646920845863646,1.9102883373237063,18.0,66.0
1790783279.5966322,0,grip capacity exceeded,0.642,2.7976,,,,18.0,66.0
1790783279.6260815,0,slipped off A,0.326,1.5594,,,,18.0,66.0
1790783279.6623242,0,slipped off A,1.628,1.5991,,,,18.0,66.0
1790783279.6698718,0,hit wall,0.28,1.0253,0.17999999999999616,0.9402476401419206,1.9550879751194459,18.0,66.0
1790783279.689625,0,hit wall,0.914,1.5441,,,,18.0,66.0
1790783279.7934966,0,missed B,1.184,1.9526,0.799999999999983,0.9746920845863644,1.3462552938160781,18.0,66.0
1790783279.8428936,0,slipped off A,0.55,1.3716,,,,18.0,66.0
1790783279.8475947,0,slipped off A,0.79,1.525,,,,18.0,66.0
1790783279.8735652,0,slipped off A,1.318,1.8364,,,,18.0,66.0
1790783279.8872185,0,missed B,1.772,1.3646,1.3999999999999702,0.00802541791969702,1.01523418043176,18.0,66.0
1790783279.9086564,0,missed B,0.846,1.429,0.33999999999999275,0.9491365290308094,1.3616692855551122,18.0,66.0
1790783279.9394732,0,grip capacity exceeded,0.124,2.069,,,,18.0,66.0
1790783279.950579,0,grip capacity exceeded,0.196,2.1519,,,,18.0,66.0
1790783280.0210397,0,hit wall,1.026,0.9884,0.9999999999999787,0.9858031956974753,2.019695539993923,18.0,66.0
1790783280.0361214,0,grip capacity exceeded,0.656,2.1523,,,,18.0,66.0
1790783280.0391045,0,hit wall,0.966,1.6035,0.93999999999998,0.982469862364142,2.0224806070960897,18.0,66.0
1790783280.094409,0,hit wall,0.472,1.8643,0.4399999999999906,0.9546920845863648,2.0476471183016915,18.0,66.0
1790783280.1085906,0,slipped off A,0.674,1.2721,,,,18.0,66.0
1790783280.1366835,0,missed B,0.74,1.3595,0.3199999999999932,0.9480254179196983,1.3197419195971287,18.0,66.0
1790783280.1722677,0,slipped off A,0.37,1.0176,,,,18.0,66.0
1790783280.2041042,0,slipped off A,0.402,0.9175,,,,18.0,66.0
1790783280.207542,0,missed B,0.678,0.804,0.3199999999999932,0.9480254179196983,1.1345359674670499,18.0,66.0
1790783280.2185047,0,grip capacity exceeded,0.306,2.255,,,,18.0,66.0
1790783280.2540576,0,grip capacity exceeded,0.38,2.1016,,,,18.0,66.0
1790783280.2819939,0,hit wall,0.844,0.9234,,,,18.0,66.0
1790783280.403723,0,hit wall,0.992,1.079,,,,18.0,66.0
1790783280.4052207,0,grip capacity exceeded,0.532,2.0957,,,,18.0,66.0
1790783280.4555387,0,slipped off A,0.13,1.2432,,,,18.0,66.0
1790783280.4699628,0,hit wall,0.61,1.0536,0.5399999999999885,0.9602476401419202,2.017461062677009,18.0,66.0
1790783280.4833977,0,missed B,0.572,0.9293,0.1599999999999966,0.9391365290308096,1.254444918599343,18.0,66.0
1790783280.485116,0,hit wall,0.968,1.4625,,,,18.0,66.0
1790783280.5365276,0,grip capacity exceeded,0.14,2.1424,,,,18.0,66.0
1790783280.5367687,0,missed B,0.928,1.5221,0.3999999999999915,0.9524698623641427,1.2840320399028304,18.0,66.0
1790783280.6225476,0,missed B,1.196,1.2628,0.7199999999999847,0.97024764014192,1.2908038504973554,18.0,66.0
1790783280.6294408,0,missed B,0.63,0.8855,0.25999999999999446,0.944692084586365,1.4478269263479833,18.0,66.0
1790783280.6729584,0,missed B,0.624,0.7693,0.25999999999999446,0.944692084586365,1.0139154379535809,18.0,66.0
1790783280.6986966,0,grip capacity exceeded,0.63,2.0392,,,,18.0,66.0
1790783280.775015,0,grip capacity exceeded,0.222,2.1078,,,,18.0,66.0
1790783280.7754831,0,grip capacity exceeded,0.722,2.2739,,,,18.0,66.0
1790783280.8030694,0,hit wall,0.988,1.3616,,,,18.0,66.0
1790783280.851239,0,hit wall,0.658,1.6947,,,,18.0,66.0
1790783280.8828459,0,grip capacity exceeded,0.186,2.1506,,,,18.0,66.0
1790783280.8836515,0,missed B,0.754,1.0852,0.17999999999999616,0.9402476401419206,1.2783369567055278,18.0,66.0
1790783280.9376574,0,missed B,1.17,1.9203,0.6799999999999855,0.9680254179196979,1.2734559291651972,18.0,66.0
1790783280.9434988,0,hit wall,0.456,1.3134,0.3999999999999915,0.9524698623641427,2.0470550424945544,18.0,66.0
1790783280.9477434,0,grip capacity exceeded,0.186,2.0111,,,,18.0,66.0
1790783280.9511642,0,missed B,2.228,1.3485,1.8599999999999604,0.03358097347525203,1.0694103806142958,18.0,66.0
1790783280.9701684,0,slipped off A,0.53,1.3392,,,,18.0,66.0
1790783281.0214298,0,grip capacity exceeded,0.498,2.2958,,,,18.0,66.0
1790783281.0514743,0,grip capacity exceeded,0.086,2.0167,,,,18.0,66.0
1790783282.1684978,0,grip capacity exceeded,1.198,2.9146,,,,18.0,66.0
1790783282.2013626,0,grip capacity exceeded,0.51,2.51,,,,18.0,66.0
1790783282.2216043,0,slipped off A,0.212,1.1405,,,,18.0,66.0
1790783282.222354,0,slipped off A,0.524,1.4326,,,,18.0,66.0
1790783282.2756405,0,missed B,0.866,1.211,0.4599999999999902,0.955803195697476,1.1019380480544587,18.0,66.0
1790783282.3213215,0,grip capacity exceeded,0.32,2.0015,,,,18.0,66.0
1790783282.3243177,0,grip capacity exceeded,0.73,2.1734,,,,18.0,66.0
1790783282.3426867,0,grip capacity exceeded,0.312,2.4576,,,,18.0,66.0
1790783282.3451927,0,missed B,0.852,1.5246,0.41999999999999105,0.9535809734752537,1.1858662668534494,18.0,66.0
1790783282.3896341,0,slipped off A,0.57,1.2194,,,,18.0,66.0
1790783282.4260638,0,slipped off A,0.198,1.2697,,,,18.0,66.0
1790783282.4611726,0,grip capacity exceeded,0.088,2.8023,,,,18.0,66.0
1790783282.5492477,0,missed B,1.384,1.1319,0.8399999999999821,0.9769143068085866,1.3765646909735443,18.0,66.0
1790783282.6112967,0,hit wall,0.71,1.2224,0.6599999999999859,0.9669143068085868,2.0360112298279684,18.0,66.0
1790783282.634905,0,missed B,0.594,0.7597,0.1599999999999966,0.9391365290308096,1.0839427386761378,18.0,66.0
1790783282.6459749,0,grip capacity exceeded,0.758,2.0193,,,,18.0,66.0
1790783282.7192347,0,missed B,1.252,0.8091,0.799999999999983,0.9746920845863644,1.2469160536292352,18.0,66.0
1790783282.7379193,0,hit wall,1.042,1.18,0.9599999999999795,0.9835809734752531,1.9719341013397746,18.0,66.0
1790783282.7841005,0,grip capacity exceeded,0.476,2.1196,,,,18.0,66.0
1790783282.7847464,0,slipped off A,0.61,0.8675,,,,18.0,66.0
1790783282.8250895,0,hit wall,0.944,0.9684,,,,18.0,66.0
1790783282.9106016,0,slipped off A,0.542,1.4833,,,,18.0,66.0
1790783282.9116073,0,missed B,0.764,1.0893,0.2199999999999953,0.9424698623641429,1.1996815702319792,18.0,66.0
1790783282.9322562,0,grip capacity exceeded,0.8,2.5908,,,,18.0,66.0
1790783282.9591842,0,grip capacity exceeded,0.124,2.1634,,,,18.0,66.0
1790783282.9846213,0,missed B,1.886,0.9125,1.5399999999999672,0.015803195697474633,1.1582237014189198,18.0,66.0
1790783282.9856985,0,missed B,0.57,1.0649,0.19999999999999574,0.9413587512530318,1.1769341000009932,18.0,66.0
1790783282.9997804,0,missed B,0.614,1.018,0.1599999999999966,0.9391365290308096,1.2414772742378808,18.0,66.0
1790783283.0397298,0,grip capacity exceeded,0.862,2.0361,,,,18.0,66.0
1790783283.1330667,0,grip capacity exceeded,0.444,2.518,,,,18.0,66.0
1790783283.1456957,0,missed B,0.922,1.1175,0.47999999999998977,0.956914306808587,1.4806403609341552,18.0,66.0
1790783283.163184,0,missed B,0.692,0.9453,0.11999999999999744,0.9369143068085874,1.1974941040612044,18.0,66.0
1790783283.16907,0,grip capacity exceeded,0.088,2.505,,,,18.0,66.0
1790783283.2278495,0,grip capacity exceeded,0.928,2.0077,,,,18.0,66.0
1790783283.2450871,0,hit wall,0.846,1.1431,,,,18.0,66.0
1790783283.2742763,0,slipped off A,0.822,1.461,,,,18.0,66.0
1790783283.3609304,0,missed B,1.01,0.8575,0.3999999999999915,0.9524698623641427,1.2573016871817335,18.0,66.0
1790783283.3749828,0,slipped off A,0.758,1.3651,,,,18.0,66.0
1790783283.386424,0,grip capacity exceeded,0.542,2.1342,,,,18.0,66.0
1790783283.4046683,0,hit wall,0.772,0.7561,0.6799999999999855,0.9680254179196979,1.941137797898754,18.0,66.0
1790783283.4153185,0,slipped off A,0.096,1.4,,,,18.0,66.0
1790783283.436081,0,slipped off A,0.674,1.1226,,,,18.0,66.0
1790783283.453088,0,slipped off A,0.972,1.3643,,,,18.0,66.0
1790783283.5169878,0,missed B,1.75,1.7367,1.2599999999999731,0.0002476401419194079,1.485900676399708,18.0,66.0
1790783283.5711718,0,grip capacity exceeded,1.076,2.3964,,,,18.0,66.0
1790783283.5882056,0,missed B,0.778,0.7882,0.33999999999999275,0.9491365290308094,1.0752406395094094,18.0,66.0
1790783283.5932884,0,missed B,0.52,1.2777,0.17999999999999616,0.9402476401419206,1.1733249741677076,18.0,66.0
1790783283.5937955,0,slipped off A,0.658,1.1355,,,,18.0,66.0
1790783283.6004322,0,grip capacity exceeded,0.092,2.7864,,,,18.0,66.0
1790783283.6068091,0,grip capacity exceeded,0.612,2.3949,,,,18.0,66.0
1790783283.6202624,0,grip capacity exceeded,0.368,2.2249,,,,18.0,66.0
1790783283.6269233,0,hit wall,0.816,0.877,0.6999999999999851,0.9691365290308089,1.9048726390781012,18.0,66.0
1790783283.66835,0,grip capacity exceeded,0.146,2.0026,,,,18.0,66.0
1790783283.7283366,0,missed B,0.426,0.6396,0.03999999999999915,0.9324698623641431,1.1853517434217207,18.0,66.0
1790783283.7294626,0,hit wall,1.312,1.0614,1.2799999999999727,0.0013587512530304953,2.0126776253883585,18.0,66.0
1790783283.7602122,0,missed B,0.566,1.1332,0.23999999999999488,0.9435809734752539,1.0870562708169051,18.0,66.0
1790783283.8058252,0,slipped off A,0.572,1.1376,,,,18.0,66.0
1790783283.8171837,0,grip capacity exceeded,0.478,2.0966,,,,18.0,66.0
1790783283.8535788,0,missed B,0.808,1.0743,0.3199999999999932,0.9480254179196983,1.2267521165189113,18.0,66.0
1790783283.864862,0,grip capacity exceeded,0.424,2.0259,,,,18.0,66.0
1790783283.8768404,0,grip capacity exceeded,0.934,2.089,,,,18.0,66.0
1790783283.893886,0,hit wall,0.982,0.9245,,,,18.0,66.0
1790783283.9111757,0,grip capacity exceeded,0.308,2.1889,,,,18.0,66.0
1790783283.9278057,0,missed B,0.652,0.638,0.13999999999999702,0.9380254179196985,1.2832333085132164,18.0,66.0
1790783283.9472804,0,hit wall,0.498,1.4084,0.3599999999999923,0.9502476401419204,1.932756842421283,18.0,66.0
1790783283.9896924,0,slipped off A,0.438,0.9782,,,,18.0,66.0
1790783283.9992263,0,hit wall,0.812,1.6797,,,,18.0,66.0
1790783284.0780766,0,missed B,0.758,1.25,0.3999999999999915,0.9524698623641427,1.2577094977595256,18.0,66.0
1790783284.0846844,0,missed B,0.638,0.7724,0.25999999999999446,0.944692084586365,1.319549919682223,18.0,66.0
1790783284.1372035,0,hit wall,0.424,1.553,0.3799999999999919,0.9513587512530316,2.050615603307701,18.0,66.0
1790783284.2310984,0,hit wall,0.452,1.3578,0.3999999999999915,0.9524698623641427,2.049577334726065,18.0,66.0
1790783284.2379968,0,missed B,0.912,1.5373,0.6199999999999868,0.9646920845863646,0.8968721691720658,18.0,66.0
1790783284.252244,0,hit wall,1.036,1.5004,,,,18.0,66.0
1790783284.2854981,0,hit wall,1.196,1.9386,,,,18.0,66.0
1790783284.381969,0,hit wall,0.25,0.8021,0.17999999999999616,0.9402476401419206,2.0299286399963723,18.0,66.0
1790783284.4240482,0,grip capacity exceeded,1.02,2.1715,,,,18.0,66.0
1790783284.4439142,0,hit wall,0.868,1.0366,0.7599999999999838,0.9724698623641422,1.909072765590324,18.0,66.0
1790783284.4442606,0,missed B,1.352,1.875,0.9199999999999804,0.981358751253031,1.1826206098388505,18.0,66.0
1790783284.501545,0,missed B,0.704,0.7582,0.19999999999999574,0.9413587512530318,1.319482963350625,18.0,66.0
1790783284.5364504,0,hit wall,0.816,0.9184,0.7799999999999834,0.9735809734752533,2.0303148540937883,18.0,66.0
1790783284.5498874,0,hit wall,0.43,0.914,0.2999999999999936,0.9469143068085872,1.8472495564605809,18.0,66.0
1790783284.5600605,0,grip capacity exceeded,2.06,2.443,,,,18.0,66.0
1790783284.5681024,0,hit wall,0.852,1.3567,,,,18.0,66.0
1790783284.5821302,0,grip capacity exceeded,0.1,2.03,,,,18.0,66.0
1790783284.6293406,0,hit wall,0.112,0.498,0.0,0.9302476401419209,1.9483953478039717,18.0,66.0
1790783284.6514416,0,grip capacity exceeded,0.534,2.069,,,,18.0,66.0
1790783284.6798513,0,hit wall,0.39,1.1193,0.3599999999999923,0.9502476401419204,2.0518677872734514,18.0,66.0
1790783284.72565,0,hit wall,0.812,1.7833,0.7799999999999834,0.9735809734752533,2.0304198471798336,18.0,66.0
1790783284.7417743,0,hit wall,0.472,1.2592,0.41999999999999105,0.9535809734752537,2.0455965647053023,18.0,66.0
1790783284.7901845,0,missed B,0.904,1.0657,0.3599999999999923,0.9502476401419204,1.1938966357203098,18.0,66.0
1790783284.7940552,0,slipped off A,0.318,1.5968,,,,18.0,66.0
1790783284.7954848,0,grip capacity exceeded,0.786,2.2026,,,,18.0,66.0
1790783284.8085241,0,missed B,0.662,0.9654,0.17999999999999616,0.9402476401419206,1.1596960993528749,18.0,66.0
1790783284.817643,0,grip capacity exceeded,0.2,2.3011,,,,18.0,66.0
1790783284.830321,0,hit wall,0.486,1.158,,,,18.0,66.0
1790783284.8531218,0,grip capacity exceeded,0.616,2.0479,,,,18.0,66.0
1790783284.880284,0,grip capacity exceeded,0.41,2.0928,,,,18.0,66.0
1790783284.9187624,0,slipped off A,0.376,1.6765,,,,18.0,66.0
1790783284.9459321,0,grip capacity exceeded,0.068,2.6016,,,,18.0,66.0
1790783284.999141,0,grip capacity exceeded,0.58,2.014,,,,18.0,66.0
1790783285.0292165,0,hit wall,0.554,1.0058,0.47999999999998977,0.956914306808587,2.0033131742509753,18.0,66.0
1790783285.0358346,0,slipped off A,0.51,1.4642,,,,18.0,66.0
1790783285.0554788,0,slipped off A,0.684,1.8653,,,,18.0,66.0
1790783285.133177,0,missed B,0.512,1.4316,0.0799999999999983,0.9346920845863652,1.3451408137811136,18.0,66.0
1790783285.1810117,0,grip capacity exceeded,0.106,2.3614,,,,18.0,66.0
1790783285.1938689,0,missed B,0.868,1.1695,0.5399999999999885,0.9602476401419202,1.2776593766855946,18.0,66.0
1790783285.1944807,0,missed B,1.056,1.0027,0.6999999999999851,0.9691365290308089,1.1407877840923801,18.0,66.0
1790783285.2069342,0,slipped off A,0.47,1.2806,,,,18.0,66.0
1790783285.2517047,0,grip capacity exceeded,0.13,2.0586,,,,18.0,66.0
1790783285.293941,0,hit wall,0.314,1.1044,0.23999999999999488,0.9435809734752539,2.0214073822115015,18.0,66.0
1790783285.3530593,0,slipped off A,1.038,1.846,,,,18.0,66.0
1790783285.3784268,0,grip capacity exceeded,0.362,2.1316,,,,18.0,66.0
1790783285.4022307,0,slipped off A,1.73,1.8156,,,,18.0,66.0
1790783285.4605885,0,hit wall,0.818,1.2512,,,,18.0,66.0
1790783285.4673584,0,grip capacity exceeded,1.208,2.122,,,,18.0,66.0
1790783285.4924257,0,grip capacity exceeded,0.936,2.069,,,,18.0,66.0
1790783285.521914,0,missed B,0.652,0.828,0.17999999999999616,0.9402476401419206,1.0705146635607772,18.0,66.0
1790783285.5261648,0,grip capacity exceeded,0.084,2.3172,,,,18.0,66.0
1790783285.5345314,0,slipped off A,0.45,0.9289,,,,18.0,66.0
1790783285.5738432,0,slipped off A,1.592,1.2686,,,,18.0,66.0
1790783286.699409,0,missed B,0.69,1.1626,0.27999999999999403,0.9458031956974762,1.3179149358238518,18.0,66.0
1790783286.7590187,0,grip capacity exceeded,0.542,2.1166,,,,18.0,66.0
1790783286.8087478,0,grip capacity exceeded,0.534,2.2019,,,,18.0,66.0
1790783286.8429773,0,slipped off A,0.27,0.9002,,,,18.0,66.0
1790783286.9228177,0,missed B,1.248,1.5749,0.7799999999999834,0.9735809734752533,1.4086220136115475,18.0,66.0
1790783286.935513,0,hit wall,0.938,1.4871,,,,18.0,66.0
1790783286.9512894,0,hit wall,0.268,0.7575,0.19999999999999574,0.9413587512530318,2.0309216026958206,18.0,66.0
1790783286.9600337,0,grip capacity exceeded,0.404,3.0128,,,,18.0,66.0
1790783286.9684844,0,missed B,0.998,1.5922,0.5799999999999876,0.9624698623641424,1.249317559147228,18.0,66.0
1790783286.9747298,0,slipped off A,0.13,1.1941,,,,18.0,66.0
1790783287.0884771,0,hit wall,1.178,1.2219,,,,18.0,66.0
1790783287.0962214,0,hit wall,0.328,0.9861,0.25999999999999446,0.944692084586365,2.0335613599909235,18.0,66.0
1790783287.1198819,0,grip capacity exceeded,0.362,3.0141,,,,18.0,66.0
1790783287.127916,0,missed B,1.594,1.4868,1.0999999999999766,0.9913587512530307,1.5209966128068493,18.0,66.0
1790783287.1624439,0,missed B,0.534,0.5552,0.11999999999999744,0.9369143068085874,1.1687141055383912,18.0,66.0
1790783287.1891246,0,missed B,0.648,0.9102,0.2199999999999953,0.9424698623641429,1.0326033089955367,18.0,66.0
1790783287.2671926,0,grip capacity exceeded,0.458,2.1561,,,,18.0,66.0
1790783287.279795,0,slipped off A,0.86,1.483,,,,18.0,66.0
1790783287.3108034,0,missed B,0.404,0.5866,0.019999999999999574,0.931358751253032,1.3891306177286051,18.0,66.0
1790783287.3178232,0,grip capacity exceeded,0.604,2.193,,,,18.0,66.0
1790783287.3552017,0,hit wall,0.198,0.6515,0.05999999999999872,0.9335809734752541,1.8591343021766673,18.0,66.0
1790783287.415781,0,slipped off A,1.988,1.8733,,,,18.0,66.0
1790783287.4527576,0,missed B,0.722,1.1784,0.1599999999999966,0.9391365290308096,1.281883847703733,18.0,66.0
1790783287.4638615,0,hit wall,0.948,1.2456,0.7799999999999834,0.9735809734752533,1.6908449455301904,18.0,66.0
1790783287.483374,0,missed B,0.618,1.0127,0.19999999999999574,0.9413587512530318,1.2350919890971663,18.0,66.0
1790783287.5219126,0,grip capacity exceeded,0.188,2.845,,,,18.0,66.0
1790783287.5341861,0,grip capacity exceeded,1.162,2.08,,,,18.0,66.0
1790783287.5413032,0,hit wall,0.406,1.1308,0.3799999999999919,0.9513587512530316,2.0508211349317236,18.0,66.0
1790783287.5971692,0,grip capacity exceeded,0.174,2.0238,,,,18.0,66.0
1790783287.607766,0,hit wall,0.916,1.0462,0.799999999999983,0.9746920845863644,1.9787839347855876,18.0,66.0
1790783287.6417985,0,hit wall,1.026,1.5416,0.9999999999999787,0.9858031956974753,2.019860902982712,18.0,66.0
1790783287.6685662,0,grip capacity exceeded,0.248,2.5115,,,,18.0,66.0
1790783287.7028568,0,grip capacity exceeded,0.91,2.1776,,,,18.0,66.0
1790783287.7188673,0,grip capacity exceeded,0.88,2.141,,,,18.0,66.0
1790783287.7588472,0,slipped off A,0.456,0.9695,,,,18.0,66.0
1790783287.7644227,0,slipped off A,0.85,1.2758,,,,18.0,66.0
1790783287.765092,0,hit wall,0.894,0.8624,0.7199999999999847,0.97024764014192,1.7368379176105262,18.0,66.0
1790783287.7962341,0,grip capacity exceeded,0.104,2.7518,,,,18.0,66.0
1790783287.8065255,0,missed B,1.562,0.9568,1.1199999999999761,0.9924698623641418,1.289820769091409,18.0,66.0
1790783287.8433657,0,slipped off A,0.462,1.9794,,,,18.0,66.0
1790783287.8662813,0,grip capacity exceeded,0.64,2.296,,,,18.0,66.0
1790783287.890839,0,hit wall,0.878,1.627,,,,18.0,66.0
1790783287.9559674,0,grip capacity exceeded,1.422,2.6427,,,,18.0,66.0
1790783287.9873056,0,hit wall,0.908,1.0701,,,,18.0,66.0
1790783288.0360065,0,grip capacity exceeded,0.98,2.0089,,,,18.0,66.0
1790783288.0465217,0,slipped off A,0.358,1.3735,,,,18.0,66.0
1790783288.0831485,0,slipped off A,1.264,1.2295,,,,18.0,66.0
1790783288.1117127,0,grip capacity exceeded,0.094,2.4426,,,,18.0,66.0
1790783288.162156,0,missed B,1.22,1.7481,0.7799999999999834,0.9735809734752533,1.51900746950388,18.0,66.0
1790783288.2058623,0,slipped off A,1.17,1.4402,,,,18.0,66.0
1790783288.226363,0,hit wall,1.328,0.9566,1.2599999999999731,0.0002476401419194079,1.9519885717645682,18.0,66.0
1790783288.2424648,0,slipped off A,0.71,1.3901,,,,18.0,66.0
1790783288.2472146,0,grip capacity exceeded,1.674,2.0722,,,,18.0,66.0
1790783288.2581348,0,slipped off A,0.73,1.3942,,,,18.0,66.0
1790783288.2992804,0,grip capacity exceeded,0.638,2.0581,,,,18.0,66.0
1790783288.4036007,0,grip capacity exceeded,0.792,2.4791,,,,18.0,66.0
1790783288.4167583,0,slipped off A,0.676,1.2973,,,,18.0,66.0
1790783288.4184296,0,slipped off A,0.49,1.6694,,,,18.0,66.0
1790783288.452278,0,slipped off A,0.642,1.9834,,,,18.0,66.0
1790783288.454028,0,hit wall,0.636,1.007,,,,18.0,66.0
1790783288.48431,0,missed B,0.536,0.8955,0.0799999999999983,0.9346920845863652,1.2548522538996651,18.0,66.0
1790783288.4897976,0,hit wall,1.672,1.0682,,,,18.0,66.0
1790783288.5304387,0,hit wall,0.172,1.8609,0.13999999999999702,0.9380254179196985,2.063613900925383,18.0,66.0
1790783288.5539968,0,missed B,0.952,1.4085,0.5999999999999872,0.9635809734752535,1.2936591160692619,18.0,66.0
1790783288.5869274,0,missed B,0.45,0.891,0.05999999999999872,0.9335809734752541,1.403641306992598,18.0,66.0
1790783288.664239,0,slipped off A,0.306,1.3728,,,,18.0,66.0
1790783288.670792,0,grip capacity exceeded,0.382,2.6353,,,,18.0,66.0
1790783288.7327402,0,grip capacity exceeded,0.426,2.3392,,,,18.0,66.0
1790783288.7455692,0,grip capacity exceeded,0.212,2.2061,,,,18.0,66.0
1790783288.747086,0,missed B,0.796,1.4341,0.3799999999999919,0.9513587512530316,1.0994400354516707,18.0,66.0
1790783288.760152,0,hit wall,0.74,1.6386,0.6799999999999855,0.9680254179196979,2.0168588567838266,18.0,66.0
1790783288.78788,0,missed B,1.016,1.1597,0.6599999999999859,0.9669143068085868,1.2449477748259838,18.0,66.0
1790783288.8409786,0,hit wall,0.252,0.7855,0.1599999999999966,0.9391365290308096,2.011207080570614,18.0,66.0
1790783288.856925,0,hit wall,1.186,1.843,1.1599999999999753,0.9946920845863639,2.013433051699044,18.0,66.0
1790783288.8644814,0,grip capacity exceeded,1.034,2.2991,,,,18.0,66.0
1790783288.884209,0,slipped off A,0.59,1.1147,,,,18.0,66.0
1790783288.936823,0,missed B,0.498,0.6451,0.03999999999999915,0.9324698623641431,1.227246065488085,18.0,66.0
1790783288.953082,0,missed B,0.606,0.7665,0.23999999999999488,0.9435809734752539,1.1313919105890995,18.0,66.0
1790783289.000475,0,hit wall,0.612,1.932,0.5799999999999876,0.9624698623641424,2.040424335753078,18.0,66.0
1790783289.0399296,0,hit wall,0.55,0.8597,0.5199999999999889,0.9591365290308091,2.0435450852406105,18.0,66.0
1790783289.0672197,0,grip capacity exceeded,0.616,2.0118,,,,18.0,66.0
1790783289.0830476,0,hit wall,0.384,0.7998,0.3199999999999932,0.9480254179196983,2.031093175390396,18.0,66.0
1790783289.0892084,0,grip capacity exceeded,0.628,2.7364,,,,18.0,66.0
1790783289.1106384,0,grip capacity exceeded,0.076,2.0578,,,,18.0,66.0
1790783289.134889,0,hit wall,0.158,0.6287,0.05999999999999872,0.9335809734752541,2.0040438648921843,18.0,66.0
1790783289.1692953,0,slipped off A,0.702,1.996,,,,18.0,66.0
1790783289.2279794,0,missed B,1.166,1.019,0.5799999999999876,0.9624698623641424,1.213258656614704,18.0,66.0
1790783289.2599938,0,slipped off A,0.46,0.9726,,,,18.0,66.0
1790783289.322701,0,hit wall,0.806,1.5749,,,,18.0,66.0
1790783289.340249,0,hit wall,0.956,1.3463,,,,18.0,66.0
1790783289.3444765,0,grip capacity exceeded,1.836,2.1581,,,,18.0,66.0
1790783289.4407368,0,slipped off A,0.958,1.7333,,,,18.0,66.0
1790783289.4556046,0,slipped off A,0.372,1.8322,,,,18.0,66.0
1790783289.5561566,0,missed B,1.13,0.9416,0.7399999999999842,0.9713587512530312,1.1219962368286336,18.0,66.0
1790783289.5796826,0,grip capacity exceeded,0.368,2.4716,,,,18.0,66.0
1790783289.5807185,0,missed B,1.036,1.2378,0.47999999999998977,0.956914306808587,1.2619687769406425,18.0,66.0
1790783289.6145735,0,slipped off A,0.75,1.1179,,,,18.0,66.0
1790783289.6312788,0,slipped off A,0.18,1.1743,,,,18.0,66.0
1790783289.635973,0,hit wall,0.842,1.1723,,,,18.0,66.0
1790783289.736979,0,slipped off A,1.458,1.2958,,,,18.0,66.0
1790783289.7431285,0,grip capacity exceeded,0.522,2.4969,,,,18.0,66.0
1790783289.780181,0,grip capacity exceeded,0.12,2.2886,,,,18.0,66.0
1790783289.7847788,0,grip capacity exceeded,2.412,2.0446,,,,18.0,66.0
1790783289.8078065,0,missed B,0.636,0.9574,0.13999999999999702,0.9380254179196985,1.3628310376639061,18.0,66.0
1790783289.8183942,0,grip capacity exceeded,1.126,2.1645,,,,18.0,66.0
1790783289.836648,0,grip capacity exceeded,0.652,2.0635,,,,18.0,66.0
1790783289.8496265,0,grip capacity exceeded,0.98,2.3942,,,,18.0,66.0
1790783289.9179811,0,grip capacity exceeded,0.932,2.0448,,,,18.0,66.0
1790783289.9376945,0,missed B,0.5,0.6787,0.09999999999999787,0.9358031956974764,1.5964827604928151,18.0,66.0
1790783291.1246252,0,grip capacity exceeded,0.582,2.2546,,,,18.0,66.0
1790783291.1538415,0,slipped off A,0.862,1.5599,,,,18.0,66.0
1790783291.1594512,0,grip capacity exceeded,0.66,2.5629,,,,18.0,66.0
1790783291.193707,0,missed B,0.536,0.9431,0.17999999999999616,0.9402476401419206,1.219861163625433,18.0,66.0
1790783291.2247543,0,grip capacity exceeded,0.286,2.1898,,,,18.0,66.0
1790783291.2487614,0,hit wall,1.018,1.0485,0.8999999999999808,0.9802476401419198,1.97878480998632,18.0,66.0
1790783291.322121,0,hit wall,1.266,1.4328,1.2399999999999736,0.9991365290308083,2.0127192846976207,18.0,66.0
1790783291.346549,0,grip capacity exceeded,0.924,2.2084,,,,18.0,66.0
1790783291.3767292,0,grip capacity exceeded,0.086,2.2698,,,,18.0,66.0
1790783291.4275718,0,grip capacity exceeded,0.82,2.1384,,,,18.0,66.0
1790783291.4453077,0,missed B,1.886,0.8854,1.4199999999999697,0.009136529030808107,1.1303312172886495,18.0,66.0
1790783291.4687283,0,grip capacity exceeded,0.104,2.0718,,,,18.0,66.0
1790783291.5021622,0,hit wall,1.046,1.0791,,,,18.0,66.0
1790783291.5198336,0,slipped off A,0.892,1.9395,,,,18.0,66.0
1790783291.5706604,0,missed B,0.796,0.9346,0.27999999999999403,0.9458031956974762,1.2223539038142577,18.0,66.0
1790783291.5947292,0,grip capacity exceeded,0.242,2.3712,,,,18.0,66.0
1790783291.7414067,0,grip capacity exceeded,0.738,2.1283,,,,18.0,66.0
1790783291.7489085,0,grip capacity exceeded,1.682,2.3646,,,,18.0,66.0
1790783291.7990646,0,missed B,0.652,0.8121,0.13999999999999702,0.9380254179196985,1.2036985187678597,18.0,66.0
1790783291.8195767,0,slipped off A,1.05,1.0464,,,,18.0,66.0
1790783291.8443112,0,missed B,1.192,1.0663,0.6799999999999855,0.9680254179196979,1.4540254550080745,18.0,66.0
1790783291.9467008,0,slipped off A,2.13,1.2506,,,,18.0,66.0
1790783291.957663,0,missed B,0.646,0.6212,0.25999999999999446,0.944692084586365,1.1663733398919844,18.0,66.0
1790783292.0061212,0,hit wall,0.2,1.9204,0.11999999999999744,0.9369143068085874,2.013711518621872,18.0,66.0
1790783292.01612,0,hit wall,1.274,1.0361,,,,18.0,66.0
1790783292.0422933,0,missed B,0.918,1.8509,0.33999999999999275,0.9491365290308094,1.2723493304714004,18.0,66.0
1790783292.0562127,0,hit wall,0.78,1.8725,,,,18.0,66.0
1790783292.0568504,0,slipped off A,0.71,1.8071,,,,18.0,66.0
1790783292.1436129,0,slipped off A,0.51,1.2006,,,,18.0,66.0
1790783292.1643517,0,grip capacity exceeded,1.248,2.3151,,,,18.0,66.0
1790783292.180237,0,slipped off A,0.476,0.9839,,,,18.0,66.0
1790783292.2095847,0,missed B,2.682,1.2627,2.3199999999999505,0.059136529030807045,1.6097788233244639,18.0,66.0
1790783292.2639616,0,missed B,0.916,0.8366,0.5199999999999889,0.9591365290308091,1.5742598401021848,18.0,66.0
1790783292.3656838,0,missed B,1.426,1.2637,1.0199999999999783,0.9869143068085864,0.9263530851367887,18.0,66.0
1790783292.4282072,0,hit wall,0.802,1.9261,,,,18.0,66.0
1790783292.4313352,0,slipped off A,1.292,1.6168,,,,18.0,66.0
1790783292.4633121,0,hit wall,0.084,0.506,0.019999999999999574,0.931358751253032,2.0463949599355393,18.0,66.0
1790783292.5072286,0,grip capacity exceeded,0.944,2.0796,,,,18.0,66.0
1790783292.5166323,0,slipped off A,1.604,1.891,,,,18.0,66.0
1790783292.5637643,0,missed B,1.272,1.6489,0.7199999999999847,0.97024764014192,1.398239012823595,18.0,66.0
1790783292.6296394,0,missed B,0.482,0.5208,0.03999999999999915,0.9324698623641431,1.3009613287183832,18.0,66.0
1790783292.6406488,0,slipped off A,0.37,0.8514,,,,18.0,66.0
1790783292.6423879,0,grip capacity exceeded,0.352,2.0315,,,,18.0,66.0
1790783292.6853943,0,grip capacity exceeded,1.72,2.0558,,,,18.0,66.0
1790783292.710521,0,hit wall,0.182,0.6477,0.11999999999999744,0.9369143068085874,2.038990777502735,18.0,66.0
1790783292.7462072,0,missed B,1.446,1.9252,0.9999999999999787,0.9858031956974753,1.250608225455667,18.0,66.0
1790783292.8216157,0,slipped off A,0.57,1.1035,,,,18.0,66.0
1790783292.8929818,0,slipped off A,1.57,0.8072,,,,18.0,66.0
1790783292.9261847,0,missed B,1.45,1.2771,1.0599999999999774,0.9891365290308085,1.217088623816154,18.0,66.0
1790783292.9864461,0,missed B,1.216,1.7721,0.6999999999999851,0.9691365290308089,1.4843485591669987,18.0,66.0
1790783292.9865468,0,hit wall,0.142,0.5044,0.019999999999999574,0.931358751253032,1.935479440674001,18.0,66.0
1790783293.0220768,0,missed B,0.798,0.9434,0.3599999999999923,0.9502476401419204,1.485757449703926,18.0,66.0
1790783293.0581753,0,hit wall,1.072,0.9599,0.93999999999998,0.982469862364142,1.8236367904228898,18.0,66.0
1790783293.0640094,0,slipped off A,0.224,0.9712,,,,18.0,66.0
1790783293.0746913,0,slipped off A,0.5,1.9511,,,,18.0,66.0
1790783293.1111677,0,hit wall,0.138,0.567,0.0799999999999983,0.9346920845863652,2.0502434613243317,18.0,66.0
1790783293.1630409,0,hit wall,0.944,1.0326,0.8399999999999821,0.9769143068085866,1.9134024855542986,18.0,66.0
1790783293.21034,0,slipped off A,0.658,0.9572,,,,18.0,66.0
1790783293.2317853,0,grip capacity exceeded,0.452,2.4191,,,,18.0,66.0
1790783293.2476354,0,hit wall,1.752,1.1309,,,,18.0,66.0
1790783293.2536716,0,slipped off A,1.572,1.2356,,,,18.0,66.0
1790783293.2626808,0,slipped off A,0.262,1.1907,,,,18.0,66.0
1790783293.2816095,0,missed B,0.736,0.8632,0.2199999999999953,0.9424698623641429,1.2693766457724442,18.0,66.0
1790783293.3043988,0,slipped off A,0.558,1.2328,,,,18.0,66.0
1790783293.305893,0,grip capacity exceeded,0.16,2.574,,,,18.0,66.0
1790783293.3847754,0,grip capacity exceeded,0.434,2.3321,,,,18.0,66.0
1790783293.4340503,0,slipped off A,0.492,0.9424,,,,18.0,66.0
1790783293.510019,0,grip capacity exceeded,0.776,2.0111,,,,18.0,66.0
1790783293.557943,0,missed B,0.754,0.7139,0.33999999999999275,0.9491365290308094,1.4827898777438244,18.0,66.0
1790783293.5979302,0,slipped off A,1.61,1.4417,,,,18.0,66.0
1790783293.626745,0,grip capacity exceeded,0.218,2.6731,,,,18.0,66.0
1790783293.6311154,0,slipped off A,1.278,1.1686,,,,18.0,66.0
1790783293.6346273,0,hit wall,0.998,1.4032,,,,18.0,66.0
1790783293.7241223,0,slipped off A,0.636,1.183,,,,18.0,66.0
1790783293.7919471,0,missed B,1.666,0.9775,1.2799999999999727,0.0013587512530304953,1.409368987506133,18.0,66.0
1790783293.8478973,0,grip capacity exceeded,1.204,2.2569,,,,18.0,66.0
1790783293.9083421,0,hit wall,0.828,1.2252,,,,18.0,66.0
1790783293.9170506,0,missed B,1.6,1.273,1.1799999999999748,0.9958031956974751,1.5546913555413315,18.0,66.0
1790783293.9451325,0,slipped off A,0.944,1.5578,,,,18.0,66.0
1790783293.9745498,0,grip capacity exceeded,0.402,2.0123,,,,18.0,66.0
1790783294.000439,0,missed B,1.212,1.9603,0.7399999999999842,0.9713587512530312,1.1903302498336907,18.0,66.0
1790783294.0138648,0,hit wall,0.88,1.2186,0.8199999999999825,0.9758031956974755,2.0237710718594855,18.0,66.0
1790783294.0896025,0,grip capacity exceeded,0.238,2.2856,,,,18.0,66.0
1790783294.1028237,0,grip capacity exceeded,0.934,2.2663,,,,18.0,66.0
1790783294.1699262,0,missed B,1.608,1.7718,1.1799999999999748,0.9958031956974751,1.4248429328972807,18.0,66.0
1790783294.1826122,0,missed B,0.762,0.855,0.3599999999999923,0.9502476401419204,1.531768271852241,18.0,66.0
1790783294.1932108,0,slipped off A,0.71,1.3825,,,,18.0,66.0
1790783294.2370353,0,slipped off A,0.11,1.3999,,,,18.0,66.0
1790783294.2718544,0,hit wall,0.738,1.5459,,,,18.0,66.0
1790783294.289973,0,slipped off A,0.9,1.0712,,,,18.0,66.0
1790783294.3444352,0,grip capacity exceeded,0.692,2.7729,,,,18.0,66.0
1790783295.500659,0,hit wall,0.982,1.4813,,,,18.0,66.0
1790783295.5379138,0,missed B,0.56,0.6569,0.11999999999999744,0.9369143068085874,1.1516111264026676,18.0,66.0
1790783295.5600488,0,grip capacity exceeded,0.41,2.201,,,,18.0,66.0
1790783295.641568,0,slipped off A,1.15,1.9863,,,,18.0,66.0
1790783295.6565123,0,hit wall,0.262,1.5578,0.11999999999999744,0.9369143068085874,1.8368156997841907,18.0,66.0
1790783295.729367,0,slipped off A,2.178,1.4029,,,,18.0,66.0
1790783295.762573,0,grip capacity exceeded,1.142,2.059,,,,18.0,66.0
1790783295.7960029,0,missed B,1.39,1.8613,0.8999999999999808,0.9802476401419198,1.1957543773325818,18.0,66.0
1790783295.807072,0,missed B,0.752,0.8499,0.3199999999999932,0.9480254179196983,1.1665513160126912,18.0,66.0
1790783295.8282292,0,missed B,0.906,0.9753,0.5199999999999889,0.9591365290308091,1.1941066006052359,18.0,66.0
1790783295.8400254,0,hit wall,1.662,1.1283,,,,18.0,66.0
1790783295.8675628,0,missed B,0.364,0.7351,0.05999999999999872,0.9335809734752541,1.328512295659549,18.0,66.0
1790783295.8874462,0,slipped off A,0.25,0.98,,,,18.0,66.0
1790783295.9016492,0,hit wall,0.696,0.9474,0.5599999999999881,0.9613587512530314,1.9098775610113066,18.0,66.0
1790783295.9062853,0,slipped off A,0.39,1.1145,,,,18.0,66.0
1790783295.993691,0,grip capacity exceeded,1.016,2.2668,,,,18.0,66.0
1790783296.053036,0,slipped off A,0.712,1.3375,,,,18.0,66.0
1790783296.0650413,0,missed B,0.696,0.841,0.25999999999999446,0.944692084586365,1.3313995388540338,18.0,66.0
1790783296.1103034,0,missed B,0.61,1.2723,0.23999999999999488,0.9435809734752539,1.0254841409486097,18.0,66.0
1790783296.1162782,0,grip capacity exceeded,0.838,2.0027,,,,18.0,66.0
1790783296.1504612,0,grip capacity exceeded,0.77,2.0225,,,,18.0,66.0
1790783296.2271736,0,grip capacity exceeded,1.124,2.8015,,,,18.0,66.0
1790783296.2452955,0,hit wall,1.134,0.9856,,,,18.0,66.0
1790783296.2787583,0,grip capacity exceeded,0.912,2.0262,,,,18.0,66.0
1790783296.3338902,0,hit wall,0.93,0.9386,,,,18.0,66.0
1790783296.431485,0,slipped off A,0.49,0.8919,,,,18.0,66.0
1790783296.4315763,0,grip capacity exceeded,0.918,2.0109,,,,18.0,66.0
1790783296.470104,0,missed B,1.142,1.3161,0.6799999999999855,0.9680254179196979,1.2939455592941742,18.0,66.0
1790783296.4880362,0,slipped off A,1.222,1.3206,,,,18.0,66.0
1790783296.4888625,0,hit wall,0.78,1.2129,,,,18.0,66.0
1790783296.490494,0,missed B,1.392,0.8758,0.93999999999998,0.982469862364142,1.2791389308884507,18.0,66.0
1790783296.5007808,0,grip capacity exceeded,0.208,2.1275,,,,18.0,66.0
1790783296.6299598,0,missed B,0.98,0.8275,0.6399999999999864,0.9658031956974757,1.3867858167173304,18.0,66.0
1790783296.6637897,0,hit wall,0.54,1.2431,0.47999999999998977,0.956914306808587,2.0305263035231325,18.0,66.0
1790783296.7358136,0,hit wall,0.992,1.146,,,,18.0,66.0
1790783296.7574108,0,grip capacity exceeded,1.714,2.0148,,,,18.0,66.0
1790783296.7819228,0,hit wall,0.38,1.2984,0.33999999999999275,0.9491365290308094,2.0527634564383135,18.0,66.0
1790783296.7871118,0,missed B,0.972,1.6426,0.5199999999999889,0.9591365290308091,1.2860058574675814,18.0,66.0
1790783296.8282862,0,grip capacity exceeded,1.11,2.1872,,,,18.0,66.0
1790783296.8512626,0,grip capacity exceeded,1.26,2.1611,,,,18.0,66.0
1790783296.8912632,0,missed B,1.308,0.93,0.799999999999983,0.9746920845863644,1.3420994315882036,18.0,66.0
1790783296.9745276,0,missed B,0.48,0.498,0.0,0.9302476401419209,1.4185364178080837,18.0,66.0
1790783296.986299,0,slipped off A,0.43,0.9182,,,,18.0,66.0
1790783297.0794704,0,grip capacity exceeded,0.98,2.873,,,,18.0,66.0
1790783297.09298,0,missed B,1.0,1.6293,0.6399999999999864,0.9658031956974757,1.5742891343593015,18.0,66.0
1790783297.104806,0,hit wall,1.138,1.4794,,,,18.0,66.0
1790783297.2256317,0,grip capacity exceeded,0.728,2.015,,,,18.0,66.0
1790783297.2279236,0,grip capacity exceeded,0.352,2.0145,,,,18.0,66.0
1790783297.278228,0,missed B,1.688,1.1329,1.2599999999999731,0.0002476401419194079,1.2889048117634867,18.0,66.0
1790783297.2947357,0,missed B,2.068,0.7502,1.6999999999999638,0.024692084586363332,1.0174366864723752,18.0,66.0
1790783297.3679574,0,missed B,0.81,0.9635,0.4399999999999906,0.9546920845863648,1.0865370632671278,18.0,66.0
1790783297.4001017,0,slipped off A,0.95,1.6441,,,,18.0,66.0
1790783297.484092,0,grip capacity exceeded,0.76,2.7585,,,,18.0,66.0
1790783297.5035253,0,grip capacity exceeded,1.562,2.1421,,,,18.0,66.0
1790783297.5347438,0,slipped off A,0.87,1.313,,,,18.0,66.0
1790783297.534831,0,hit wall,0.724,0.9846,0.5799999999999876,0.9624698623641424,1.8145538938756818,18.0,66.0
1790783297.5568368,0,missed B,0.414,0.7159,0.0799999999999983,0.9346920845863652,1.2174628422383105,18.0,66.0
1790783297.5681262,0,hit wall,0.556,1.4982,,,,18.0,66.0
1790783297.6111712,0,missed B,2.16,1.2546,1.7199999999999633,0.02580319569747442,1.3502099733602093,18.0,66.0
1790783297.6493013,0,slipped off A,0.33,1.2068,,,,18.0,66.0
1790783297.6791234,0,grip capacity exceeded,0.422,2.3766,,,,18.0,66.0
1790783297.7885666,0,hit wall,0.732,1.1709,0.6999999999999851,0.9691365290308089,2.0342844493584207,18.0,66.0
1790783297.8379097,0,slipped off A,1.05,1.4185,,,,18.0,66.0
1790783297.8451123,0,hit wall,1.032,1.0489,,,,18.0,66.0
1790783297.8678248,0,hit wall,0.94,1.6842,,,,18.0,66.0
1790783297.8815694,0,hit wall,0.634,1.5083,,,,18.0,66.0
1790783297.9174972,0,grip capacity exceeded,0.396,2.4513,,,,18.0,66.0
1790783297.9323606,0,hit wall,1.028,1.5142,,,,18.0,66.0
1790783298.0361633,0,grip capacity exceeded,0.516,2.368,,,,18.0,66.0
1790783298.0694778,0,missed B,2.382,1.2274,1.9999999999999574,0.041358751253029645,1.6195218987438715,18.0,66.0
1790783298.149115,0,hit wall,0.946,1.8402,,,,18.0,66.0
1790783298.1704865,0,missed B,0.94,1.8892,0.47999999999998977,0.956914306808587,1.110447214582313,18.0,66.0
1790783298.205442,0,hit wall,0.462,1.1167,0.3599999999999923,0.9502476401419204,1.93549999850879,18.0,66.0
1790783298.2120926,0,missed B,1.15,1.2295,0.6599999999999859,0.9669143068085868,1.173482150308949,18.0,66.0
1790783298.2717755,0,missed B,1.088,1.2126,0.6599999999999859,0.9669143068085868,1.2237248469597597,18.0,66.0
1790783298.2775612,0,grip capacity exceeded,1.05,2.3263,,,,18.0,66.0
1790783298.414859,0,grip capacity exceeded,1.046,2.2609,,,,18.0,66.0
1790783298.42741,0,slipped off A,0.694,1.7951,,,,18.0,66.0
1790783298.438508,0,hit wall,2.496,1.2519,,,,18.0,66.0
1790783298.484896,0,missed B,1.044,1.014,0.6599999999999859,0.9669143068085868,1.1783546834107939,18.0,66.0
1790783298.5843432,0,missed B,0.932,1.2348,0.5599999999999881,0.9613587512530314,1.216827400884552,18.0,66.0
1790783298.6847594,0,missed B,1.18,0.9423,0.799999999999983,0.9746920845863644,1.38590434432349,18.0,66.0
1790783298.7064354,0,grip capacity exceeded,0.708,2.0375,,,,18.0,66.0
1790783298.7754574,0,hit wall,1.664,1.8528,,,,18.0,66.0
1790783298.7821805,0,missed B,1.788,0.8661,1.2599999999999731,0.0002476401419194079,1.1569946382904115,18.0,66.0
1790783299.867147,0,slipped off A,0.09,1.1832,,,,18.0,66.0
1790783300.0495925,0,hit wall,0.536,1.7072,0.4599999999999902,0.955803195697476,2.041173420546904,18.0,66.0
1790783300.0986795,0,missed B,1.062,1.768,0.7199999999999847,0.97024764014192,1.3428142726706842,18.0,66.0
1790783300.1361098,0,hit wall,0.91,1.383,,,,18.0,66.0
1790783300.1488085,0,grip capacity exceeded,1.96,2.5327,,,,18.0,66.0
1790783300.171061,0,slipped off A,0.07,1.4981,,,,18.0,66.0
1790783300.2609575,0,hit wall,1.778,1.6048,1.6799999999999642,0.023580973475252245,1.966941493023446,18.0,66.0
1790783300.2979016,0,slipped off A,2.358,1.8904,,,,18.0,66.0
1790783300.3663495,0,hit wall,0.84,1.8949,0.799999999999983,0.9746920845863644,2.0292599178511557,18.0,66.0
1790783300.3798366,0,grip capacity exceeded,2.442,2.412,,,,18.0,66.0
1790783300.3982944,0,slipped off A,0.696,0.9374,,,,18.0,66.0
1790783300.540552,0,missed B,1.528,0.9531,1.079999999999977,0.9902476401419196,1.1029541310805713,18.0,66.0
1790783300.5972743,0,missed B,0.608,0.8751,0.27999999999999403,0.9458031956974762,1.2468678824647845,18.0,66.0
1790783300.6339998,0,missed B,1.162,1.0626,0.6599999999999859,0.9669143068085868,1.3748302541304753,18.0,66.0
1790783300.7188046,0,hit wall,1.31,1.1894,,,,18.0,66.0
1790783300.7261002,0,missed B,0.524,0.6122,0.05999999999999872,0.9335809734752541,1.2325083251874447,18.0,66.0
1790783300.756181,0,grip capacity exceeded,1.894,2.0017,,,,18.0,66.0
1790783300.7739391,0,hit wall,1.194,1.5895,,,,18.0,66.0
1790783300.823859,0,missed B,3.208,1.9264,2.759999999999941,0.08358097347525097,1.5279682717775813,18.0,66.0
1790783300.9698503,0,slipped off A,1.01,1.0349,,,,18.0,66.0
1790783301.0026639,0,missed B,0.556,0.6981,0.23999999999999488,0.9435809734752539,1.3920277033999395,18.0,66.0
1790783301.086209,0,missed B,1.492,0.8983,1.0399999999999778,0.9880254179196974,0.9917640667017755,18.0,66.0
1790783301.198602,0,hit wall,0.752,1.1773,,,,18.0,66.0
1790783301.2560227,0,missed B,2.75,1.113,2.3799999999999493,0.0624698623641403,1.2342766669941199,18.0,66.0
1790783301.3071392,0,grip capacity exceeded,0.334,2.2815,,,,18.0,66.0
1790783301.3893442,0,hit wall,2.118,1.1468,,,,18.0,66.0
1790783301.4309988,0,hit wall,2.176,1.8612,,,,18.0,66.0
1790783301.5006216,0,hit wall,0.622,1.5562,,,,18.0,66.0
1790783301.5159712,0,slipped off A,0.85,1.7777,,,,18.0,66.0
1790783301.5967097,0,missed B,1.604,0.9888,1.2799999999999727,0.0013587512530304953,1.2148878509372483,18.0,66.0
1790783301.664076,0,missed B,0.66,0.8752,0.27999999999999403,0.9458031956974762,1.3013341414703006,18.0,66.0
1790783301.6642215,0,missed B,2.934,1.2823,2.479999999999947,0.06802541791969574,1.5509941227781567,18.0,66.0
1790783301.673022,0,grip capacity exceeded,2.098,2.2688,,,,18.0,66.0
1790783301.7156875,0,missed B,0.522,0.7246,0.0799999999999983,0.9346920845863652,1.3099406024326352,18.0,66.0
1790783301.7500088,0,grip capacity exceeded,0.28,2.0325,,,,18.0,66.0
1790783301.7809985,0,slipped off A,3.17,1.2091,,,,18.0,66.0
1790783301.7861798,0,missed B,1.206,1.1742,0.7599999999999838,0.9724698623641422,1.6262908151059967,18.0,66.0
1790783301.8839917,0,hit wall,0.738,1.1273,0.6199999999999868,0.9646920845863646,1.9115133588137772,18.0,66.0
1790783301.8939466,0,grip capacity exceeded,0.782,2.0173,,,,18.0,66.0
1790783302.0709932,0,hit wall,0.956,0.8677,0.8599999999999817,0.9780254179196977,1.9669126445557497,18.0,66.0
1790783302.1021488,0,missed B,1.874,0.9756,1.4799999999999685,0.01246986236414137,1.1100441416006717,18.0,66.0
1790783302.1286461,0,grip capacity exceeded,0.062,2.0505,,,,18.0,66.0
1790783302.1669815,0,slipped off A,1.352,0.9714,,,,18.0,66.0
1790783302.367861,0,grip capacity exceeded,1.838,2.1652,,,,18.0,66.0
1790783302.4003143,0,missed B,1.6,1.2077,1.0999999999999766,0.9913587512530307,1.1430409805894777,18.0,66.0
1790783302.507244,0,hit wall,1.166,0.8895,,,,18.0,66.0
1790783302.5294888,0,grip capacity exceeded,0.5,2.0081,,,,18.0,66.0
1790783302.5440722,0,missed B,1.148,1.0246,0.6999999999999851,0.9691365290308089,1.065015893163366,18.0,66.0
1790783302.564006,0,missed B,2.05,1.0735,1.6199999999999655,0.02024764014191898,1.3746477622826436,18.0,66.0
1790783302.616139,0,missed B,2.86,0.9975,2.4599999999999476,0.06691430680858465,1.6717384309308867,18.0,66.0
1790783302.6558275,0,hit wall,1.77,1.6426,,,,18.0,66.0
1790783302.7015007,0,hit wall,0.882,0.8503,0.7599999999999838,0.9724698623641422,1.8378996045346259,18.0,66.0
1790783302.7073193,0,hit wall,0.414,1.1232,0.27999999999999403,0.9458031956974762,1.799481195499894,18.0,66.0
1790783302.7399802,0,missed B,0.57,0.7546,0.13999999999999702,0.9380254179196985,1.1696658494613834,18.0,66.0
1790783302.8092375,0,hit wall,0.306,0.7453,0.19999999999999574,0.9413587512530318,1.9403379715685527,18.0,66.0
1790783302.814391,0,hit wall,0.898,1.8891,0.8199999999999825,0.9758031956974755,2.0092400058134796,18.0,66.0
1790783302.888696,0,slipped off A,3.992,2.0,,,,18.0,66.0
1790783302.8963132,0,hit wall,0.84,0.8829,0.6799999999999855,0.9680254179196979,1.6518239619842372,18.0,66.0
1790783302.947715,0,hit wall,0.134,0.5363,0.03999999999999915,0.9324698623641431,2.0139446562405467,18.0,66.0
1790783303.1519303,0,hit wall,1.164,1.4422,,,,18.0,66.0
1790783303.164223,0,missed B,1.284,1.7041,0.8799999999999812,0.9791365290308087,1.3810773532827996,18.0,66.0
1790783303.1754942,0,missed B,0.61,0.7917,0.0799999999999983,0.9346920845863652,1.1414118709832768,18.0,66.0
1790783304.2554066,0,hit wall,0.842,1.3439,0.7599999999999838,0.9724698623641422,1.9701477470041315,18.0,66.0
1790783304.3077013,0,hit wall,1.248,1.7517,,,,18.0,66.0
1790783304.3255806,0,missed B,1.274,1.3119,0.8799999999999812,0.9791365290308087,1.2894194347337684,18.0,66.0
1790783304.3483083,0,missed B,2.164,1.3055,1.739999999999963,0.026914306808585507,1.2016651513262935,18.0,66.0
1790783304.5308368,0,hit wall,0.868,0.9589,,,,18.0,66.0
1790783304.531412,0,grip capacity exceeded,0.918,2.0341,,,,18.0,66.0
1790783304.5374033,0,missed B,2.35,0.9695,2.019999999999957,0.04246986236414073,1.3141478707311616,18.0,66.0
1790783304.5535119,0,grip capacity exceeded,0.706,2.0116,,,,18.0,66.0
1790783304.5654004,0,missed B,0.718,1.0707,0.23999999999999488,0.9435809734752539,1.171766941121775,18.0,66.0
1790783304.6605265,0,missed B,1.298,1.1128,0.799999999999983,0.9746920845863644,1.3431517340853136,18.0,66.0
1790783304.6965299,0,missed B,0.474,1.0174,0.0799999999999983,0.9346920845863652,1.4882149206337905,18.0,66.0
1790783304.702262,0,hit wall,1.052,1.0749,,,,18.0,66.0
1790783304.7034466,0,missed B,0.4,0.498,0.0,0.9302476401419209,1.24936243336498,18.0,66.0
1790783304.7229414,0,hit wall,0.176,0.5403,0.03999999999999915,0.9324698623641431,1.8736999081226964,18.0,66.0
1790783304.7279482,0,grip capacity exceeded,0.062,2.1503,,,,18.0,66.0
1790783304.7318861,0,missed B,0.516,0.7974,0.0799999999999983,0.9346920845863652,1.383114613988433,18.0,66.0
1790783304.7383745,0,grip capacity exceeded,0.098,2.2403,,,,18.0,66.0
1790783304.8736625,0,hit wall,0.426,0.8238,0.3599999999999923,0.9502476401419204,2.051251594627051,18.0,66.0
1790783304.8896418,0,missed B,0.476,0.5781,0.13999999999999702,0.9380254179196985,1.4085988546003727,18.0,66.0
1790783305.0204291,0,slipped off A,2.31,1.4685,,,,18.0,66.0
1790783305.0989523,0,hit wall,0.7,0.7764,0.5799999999999876,0.9624698623641424,1.8730192685317886,18.0,66.0
1790783305.1093948,0,slipped off A,1.81,1.4547,,,,18.0,66.0
1790783305.1353996,0,missed B,0.878,0.9666,0.49999999999998934,0.9580254179196981,1.0940319872077915,18.0,66.0
1790783305.257915,0,missed B,1.71,0.7644,1.2399999999999736,0.9991365290308083,1.0757959931965468,18.0,66.0
1790783305.3532016,0,missed B,1.12,1.0857,0.6399999999999864,0.9658031956974757,1.3682839082500329,18.0,66.0
1790783305.391586,0,hit wall,2.172,1.252,2.059999999999956,0.0446920845863629,1.9300715640378345,18.0,66.0
1790783305.430558,0,hit wall,1.098,1.5215,,,,18.0,66.0
1790783305.4582715,0,hit wall,2.45,1.8562,2.4199999999999484,0.06469208458636248,2.0666795937062092,18.0,66.0
1790783305.4991124,0,missed B,0.732,0.6981,0.33999999999999275,0.9491365290308094,1.1725857625619276,18.0,66.0
1790783305.520185,0,hit wall,0.168,0.8975,0.0799999999999983,0.9346920845863652,1.9771055709494887,18.0,66.0
1790783305.5443022,0,missed B,1.378,0.9161,0.8399999999999821,0.9769143068085866,1.1156437779504924,18.0,66.0
1790783305.6745021,0,slipped off A,0.43,1.4913,,,,18.0,66.0
1790783305.7408564,0,hit wall,1.9,1.2011,1.8199999999999612,0.03135875125302986,2.0043999554903777,18.0,66.0
1790783305.849389,0,hit wall,1.078,0.8971,0.9799999999999791,0.9846920845863641,1.9293270878318904,18.0,66.0
1790783305.9042988,0,missed B,0.492,0.8429,0.13999999999999702,0.9380254179196985,1.3015401625600351,18.0,66.0
1790783305.9795604,0,slipped off A,1.4,1.4331,,,,18.0,66.0
1790783306.0711913,0,grip capacity exceeded,2.218,2.44,,,,18.0,66.0
1790783306.1550798,0,slipped off A,2.386,1.7905,,,,18.0,66.0
1790783306.1896458,0,hit wall,5.246,1.0701,5.219999999999889,0.22024764014191472,2.252973655487962,18.0,66.0
1790783306.387952,0,missed B,2.226,0.9075,1.87999999999996,0.034692084586363116,1.4921679862872403,18.0,66.0
1790783306.3964589,0,missed B,1.574,0.8624,1.0399999999999778,0.9880254179196974,1.3643632138421362,18.0,66.0
1790783306.4040427,0,hit wall,1.748,1.4712,1.6999999999999638,0.024692084586363332,2.0288580639085603,18.0,66.0
1790783306.484421,0,missed B,3.262,0.9947,2.959999999999937,0.09469208458636184,1.333176236794608,18.0,66.0
1790783306.5250556,0,hit wall,0.346,0.9336,0.2999999999999936,0.9469143068085872,2.0548807218502136,18.0,66.0
1790783306.6009188,0,missed B,1.62,1.7205,1.1599999999999753,0.9946920845863639,1.2637635174550084,18.0,66.0
1790783306.6077569,0,hit wall,1.958,1.7349,,,,18.0,66.0
1790783306.6694896,0,missed B,1.398,0.8827,0.8399999999999821,0.9769143068085866,1.4675056456450535,18.0,66.0
1790783306.7193751,0,hit wall,0.922,0.812,0.8599999999999817,0.9780254179196977,1.9915622878677401,18.0,66.0
1790783306.7614882,0,hit wall,1.06,1.3076,,,,18.0,66.0
1790783306.7639124,0,slipped off A,0.29,1.4672,,,,18.0,66.0
1790783306.7986717,0,grip capacity exceeded,0.888,2.0736,,,,18.0,66.0
1790783306.8305283,0,grip capacity exceeded,0.066,2.2755,,,,18.0,66.0
1790783306.848738,0,hit wall,0.912,1.101,0.8399999999999821,0.9769143068085866,2.0233155007902552,18.0,66.0
1790783307.0483935,0,slipped off A,0.85,1.4955,,,,18.0,66.0
1790783307.1344056,0,hit wall,2.882,1.2952,2.759999999999941,0.08358097347525097,1.9385909934325947,18.0,66.0
1790783307.2063022,0,slipped off A,1.768,1.0202,,,,18.0,66.0
1790783307.2707906,0,hit wall,1.95,1.2897,1.919999999999959,0.03691430680858529,2.0400650723992224,18.0,66.0
1790783307.3704584,0,missed B,1.512,1.078,1.0599999999999774,0.9891365290308085,1.0841360060326812,18.0,66.0
1790783307.4572864,0,missed B,1.802,1.1911,1.3399999999999714,0.004692084586363758,1.1819925486355125,18.0,66.0
1790783307.495596,0,slipped off A,2.25,1.5324,,,,18.0,66.0
1790783307.556469,0,missed B,2.264,1.432,1.8399999999999608,0.03246986236414094,1.1690774709006269,18.0,66.0
1790783308.8070235,0,missed B,1.118,0.9829,0.7799999999999834,0.9735809734752533,1.1985362479552797,18.0,66.0
1790783309.15575,0,hit wall,1.546,1.0551,1.499999999999968,0.013580973475252457,2.019113837007797,18.0,66.0
1790783309.197185,0,grip capacity exceeded,0.14,2.1228,,,,18.0,66.0
1790783309.3307536,0,slipped off A,2.956,1.9775,,,,18.0,66.0
1790783309.3593712,0,hit wall,2.354,1.9722,,,,18.0,66.0
1790783309.4215937,0,missed B,2.812,1.1699,2.399999999999949,0.06358097347525139,1.3683227377417602,18.0,66.0
1790783309.4704895,0,missed B,2.124,1.1485,1.6799999999999642,0.023580973475252245,1.6740150559269398,18.0,66.0
1790783309.6226027,0,missed B,4.302,1.1037,3.899999999999917,0.14691430680858295,1.746401175300901,18.0,66.0
1790783309.6439,0,missed B,0.872,1.0477,0.49999999999998934,0.9580254179196981,1.4994706066056935,18.0,66.0
1790783309.7331014,0,missed B,0.936,0.9588,0.47999999999998977,0.956914306808587,1.157692349097432,18.0,66.0
1790783309.9374146,0,grip capacity exceeded,5.07,2.0097,,,,18.0,66.0
1790783309.9587576,0,hit wall,0.996,0.9772,,,,18.0,66.0
1790783309.9722044,0,missed B,3.99,1.6987,3.659999999999922,0.1335809734752499,1.415950315431152,18.0,66.0
1790783309.99273,0,missed B,0.806,1.2484,0.3999999999999915,0.9524698623641427,1.0710302352500345,18.0,66.0
1790783310.0774639,0,slipped off A,2.292,1.1518,,,,18.0,66.0
1790783310.230617,0,missed B,2.336,0.9695,1.8999999999999595,0.035803195697474206,1.321841519837804,18.0,66.0
1790783310.2780561,0,slipped off A,3.418,1.6482,,,,18.0,66.0
1790783310.329376,0,grip capacity exceeded,0.842,2.2952,,,,18.0,66.0
1790783310.3436697,0,grip capacity exceeded,0.24,2.4395,,,,18.0,66.0
1790783310.3753214,0,grip capacity exceeded,2.404,2.0902,,,,18.0,66.0
1790783310.3912585,0,hit wall,0.568,0.9,0.47999999999998977,0.956914306808587,1.9859061477279347,18.0,66.0
1790783310.4108782,0,grip capacity exceeded,0.054,2.0258,,,,18.0,66.0
1790783310.6459713,0,missed B,2.354,1.5257,1.919999999999959,0.03691430680858529,1.3948114682671924,18.0,66.0
1790783310.6877694,0,hit wall,0.112,0.498,0.0,0.9302476401419209,1.9485550276651564,18.0,66.0
1790783310.7156456,0,hit wall,1.258,0.9197,,,,18.0,66.0
1790783310.7520206,0,missed B,1.228,1.2543,0.8799999999999812,0.9791365290308087,1.2173687103035342,18.0,66.0
1790783310.7794297,0,slipped off A,0.266,0.9539,,,,18.0,66.0
1790783310.9253669,0,hit wall,3.162,1.5841,,,,18.0,66.0
1790783310.953461,0,missed B,2.064,1.3921,1.6999999999999638,0.024692084586363332,1.1102020341937886,18.0,66.0
1790783310.9828844,0,hit wall,3.338,1.935,,,,18.0,66.0
1790783311.0027037,0,grip capacity exceeded,0.834,2.1578,,,,18.0,66.0
1790783311.1151855,0,missed B,3.712,0.935,3.3199999999999292,0.11469208458636142,1.3810388322779712,18.0,66.0
1790783311.1412024,0,grip capacity exceeded,1.386,2.0368,,,,18.0,66.0
1790783311.272522,0,grip capacity exceeded,0.822,2.0449,,,,18.0,66.0
1790783311.3260095,0,hit wall,2.922,1.2848,2.81999999999994,0.08691430680858422,2.031911609514231,18.0,66.0
1790783311.3536887,0,missed B,0.59,1.7131,0.19999999999999574,0.9413587512530318,1.3208352155195993,18.0,66.0
1790783311.4020543,0,hit wall,0.112,0.498,0.0,0.9302476401419209,1.9476629196793722,18.0,66.0
1790783311.4094887,0,missed B,1.446,0.9026,1.0399999999999778,0.9880254179196974,1.1500414758666702,18.0,66.0
1790783311.4975476,0,hit wall,1.098,0.9651,1.0199999999999783,0.9869143068085864,1.9781658476020432,18.0,66.0
1790783311.5281522,0,hit wall,0.69,0.9538,0.5599999999999881,0.9613587512530314,1.835047560846746,18.0,66.0
1790783311.6380503,0,hit wall,0.366,0.7688,0.23999999999999488,0.9435809734752539,1.9938900607273577,18.0,66.0
1790783311.670166,0,hit wall,2.012,1.0009,,,,18.0,66.0
1790783311.7191434,0,hit wall,2.252,1.4349,2.159999999999954,0.05024764014191834,1.9680490867382572,18.0,66.0
1790783311.7595417,0,hit wall,2.974,1.66,,,,18.0,66.0
1790783311.961922,0,missed B,0.684,0.9433,0.2999999999999936,0.9469143068085872,1.2025425359000712,18.0,66.0
1790783312.0035813,0,hit wall,1.4,0.883,1.3199999999999719,0.00358097347525267,1.9637432361057985,18.0,66.0
1790783313.1151912,0,hit wall,1.866,1.3418,1.7599999999999625,0.028025417919696594,1.9749811757410105,18.0,66.0
1790783313.1212575,0,hit wall,1.216,0.9524,1.079999999999977,0.9902476401419196,1.799730180976934,18.0,66.0
1790783313.1575093,0,hit wall,0.112,0.498,0.0,0.9302476401419209,1.947987341432389,18.0,66.0
1790783313.2088096,0,hit wall,2.114,1.6929,,,,18.0,66.0
1790783313.3009982,0,missed B,0.508,0.5044,0.019999999999999574,0.931358751253032,1.3178573639548372,18.0,66.0
1790783313.33555,0,slipped off A,0.91,1.4878,,,,18.0,66.0
1790783313.5117772,0,missed B,1.986,1.0852,1.6599999999999646,0.022469862364141155,1.0642860228579094,18.0,66.0
1790783313.5423908,0,missed B,3.322,0.8868,2.959999999999937,0.09469208458636184,1.655730903955506,18.0,66.0
1790783313.7307048,0,missed B,1.506,0.9762,1.1199999999999761,0.9924698623641418,1.339597067934361,18.0,66.0
1790783313.7592926,0,missed B,1.742,0.8334,1.3799999999999706,0.006914306808585933,1.4764185080048826,18.0,66.0
1790783313.8576725,0,hit wall,0.922,1.6317,,,,18.0,66.0
1790783313.9481764,0,grip capacity exceeded,0.604,2.7938,,,,18.0,66.0
1790783313.9560652,0,missed B,3.604,1.8635,3.27999999999993,0.11246986236413924,1.426283289678388,18.0,66.0
1790783314.1100132,0,grip capacity exceeded,2.468,2.1638,,,,18.0,66.0
1790783314.4259703,0,slipped off A,4.15,1.1363,,,,18.0,66.0
1790783314.4884362,0,slipped off A,2.45,1.1623,,,,18.0,66.0
1790783314.5274606,0,missed B,2.13,0.969,1.7599999999999625,0.028025417919696594,1.2204543576016784,18.0,66.0
1790783314.5587535,0,missed B,3.752,1.0217,3.3599999999999284,0.11691430680858358,1.332073875297746,18.0,66.0
1790783314.6624556,0,grip capacity exceeded,2.218,2.3038,,,,18.0,66.0
1790783314.668027,0,missed B,2.258,0.9496,1.8199999999999612,0.03135875125302986,1.2825503300555587,18.0,66.0
1790783314.6967216,0,hit wall,0.116,1.4472,0.0799999999999983,0.9346920845863652,2.0669037492997395,18.0,66.0
1790783314.8710256,0,grip capacity exceeded,4.318,2.4843,,,,18.0,66.0
1790783315.1715484,0,missed B,1.642,1.8375,1.2599999999999731,0.0002476401419194079,1.365042791143949,18.0,66.0
1790783315.2400095,0,missed B,2.592,0.8745,2.119999999999955,0.04802541791969617,1.7236989189146925,18.0,66.0
1790783315.3644228,0,missed B,2.676,1.4552,2.2799999999999514,0.056914306808584864,1.6305173311874412,18.0,66.0
1790783315.509589,0,grip capacity exceeded,4.518,2.4948,,,,18.0,66.0
1790783315.5097651,0,grip capacity exceeded,0.512,2.1631,,,,18.0,66.0
1790783315.5220783,0,grip capacity exceeded,3.34,2.5605,,,,18.0,66.0
1790783315.534198,0,missed B,1.194,0.8675,0.7799999999999834,0.9735809734752533,1.4202233569207166,18.0,66.0
1790783315.6327605,0,grip capacity exceeded,3.492,2.192,,,,18.0,66.0
1790783315.6470966,0,missed B,1.306,0.9546,0.7799999999999834,0.9735809734752533,1.2459023497208723,18.0,66.0
1790783315.7995849,0,missed B,2.848,1.1614,2.479999999999947,0.06802541791969574,1.3041165552462353,18.0,66.0
1790783315.8994224,0,hit wall,3.818,1.0521,,,,18.0,66.0
1790783315.9316761,0,hit wall,1.164,1.0246,1.1199999999999761,0.9924698623641418,2.0143093799457614,18.0,66.0
1790783315.9426532,0,missed B,1.17,0.9588,0.799999999999983,0.9746920845863644,1.1262719270392814,18.0,66.0
1790783316.0943916,0,grip capacity exceeded,1.764,2.1849,,,,18.0,66.0
1790783316.208935,0,hit wall,0.986,1.0534,,,,18.0,66.0
1790783316.2701397,0,missed B,0.524,0.86,0.1599999999999966,0.9391365290308096,1.2851052458169128,18.0,66.0
1790783316.3300514,0,missed B,2.112,1.0781,1.7599999999999625,0.028025417919696594,1.3904959907178926,18.0,66.0
1790783316.3612378,0,hit wall,0.074,0.5201,0.019999999999999574,0.931358751253032,2.054557664509945,18.0,66.0
1790783316.3854988,0,missed B,2.208,1.0663,1.8199999999999612,0.03135875125302986,1.3347881548839802,18.0,66.0
1790783317.5904126,0,missed B,1.52,1.061,1.079999999999977,0.9902476401419196,1.2005276920087973,18.0,66.0
1790783317.6032062,0,grip capacity exceeded,1.596,2.2517,,,,18.0,66.0
1790783317.7249281,0,slipped off A,3.19,1.0719,,,,18.0,66.0
1790783317.8657389,0,missed B,1.434,1.1342,1.0399999999999778,0.9880254179196974,1.413155145063065,18.0,66.0
1790783317.8983495,0,missed B,1.004,0.9324,0.49999999999998934,0.9580254179196981,1.0268816136288221,18.0,66.0
1790783318.0632546,0,missed B,0.822,1.3037,0.33999999999999275,0.9491365290308094,1.4115557580962343,18.0,66.0
1790783318.1518753,0,missed B,1.696,0.9608,1.2399999999999736,0.9991365290308083,1.4531545892438889,18.0,66.0
1790783318.1750019,0,missed B,3.506,0.9428,3.0799999999999343,0.10135875125302836,1.6691607522968819,18.0,66.0
1790783318.2030807,0,missed B,0.838,0.8762,0.3799999999999919,0.9513587512530316,1.1165330600126833,18.0,66.0
1790783318.5213568,0,missed B,2.68,1.0718,2.3199999999999505,0.059136529030807045,1.3658189882958427,18.0,66.0
1790783318.592234,0,hit wall,1.306,1.1064,1.2399999999999736,0.9991365290308083,1.985610449246299,18.0,66.0
1790783318.690818,0,missed B,1.674,1.4218,1.1999999999999744,0.9969143068085862,1.1667858934751942,18.0,66.0
1790783318.714463,0,missed B,3.704,1.1392,3.199999999999932,0.10802541791969489,1.4910012826723333,18.0,66.0
1790783318.8001356,0,missed B,0.616,0.8898,0.19999999999999574,0.9413587512530318,1.2589176778640085,18.0,66.0
1790783318.852719,0,grip capacity exceeded,3.638,2.4077,,,,18.0,66.0
1790783319.0632129,0,missed B,0.872,0.9438,0.3999999999999915,0.9524698623641427,1.1376823980072863,18.0,66.0
1790783319.1208901,0,missed B,1.3,0.9555,0.8799999999999812,0.9791365290308087,1.1044871483047882,18.0,66.0
1790783319.1485791,0,slipped off A,3.39,1.05,,,,18.0,66.0
1790783319.4072735,0,hit wall,2.292,1.252,,,,18.0,66.0
1790783319.501786,0,grip capacity exceeded,4.156,2.096,,,,18.0,66.0
1790783319.521212,0,hit wall,4.97,1.4908,,,,18.0,66.0
1790783319.5767465,0,hit wall,3.346,1.1128,,,,18.0,66.0
1790783319.6097856,0,missed B,1.562,0.7977,1.0999999999999766,0.9913587512530307,1.3716061288311343,18.0,66.0
1790783319.73004,0,missed B,2.136,1.0053,1.6999999999999638,0.024692084586363332,1.2113901768504645,18.0,66.0
1790783319.961518,0,hit wall,1.206,1.2065,1.079999999999977,0.9902476401419196,1.8232574380154822,18.0,66.0
1790783320.5475302,0,grip capacity exceeded,5.398,2.7078,,,,18.0,66.0
1790783320.6777318,0,missed B,3.68,1.2689,3.2999999999999297,0.11358097347525033,1.4220836188642685,18.0,66.0
1790783320.7704148,0,missed B,3.59,1.1499,3.099999999999934,0.10246986236413945,1.6629847113076435,18.0,66.0
1790783320.7870257,0,hit wall,4.286,1.3823,,,,18.0,66.0
1790783322.0907955,0,hit wall,3.822,1.0991,3.7199999999999207,0.13691430680858316,2.0838088981265193,18.0,66.0
1790783322.1920428,0,missed B,5.962,1.2,5.61999999999988,0.24246986236413648,1.8989452347291078,18.0,66.0
1790783322.3653903,0,missed B,0.774,0.8607,0.3999999999999915,0.9524698623641427,1.3789191852121176,18.0,66.0
1790783322.3884225,0,hit wall,5.338,1.5939,5.259999999999888,0.2224698623641369,2.221036842034432,18.0,66.0
1790783322.4629092,0,missed B,1.612,1.7249,1.0399999999999778,0.9880254179196974,1.2646891689462474,18.0,66.0
1790783322.5398073,0,missed B,4.338,1.0106,3.9599999999999156,0.15024764014191622,1.4942650931796415,18.0,66.0
1790783322.8177242,0,missed B,2.76,1.6962,2.4199999999999484,0.06469208458636248,1.4901566105119959,18.0,66.0
1790783322.8456252,0,missed B,0.97,0.8979,0.5799999999999876,0.9624698623641424,1.1799630940167416,18.0,66.0
1790783322.88827,0,hit wall,1.314,1.043,,,,18.0,66.0
1790783322.895624,0,missed B,3.242,1.1439,2.81999999999994,0.08691430680858422,1.4625392060443376,18.0,66.0
1790783322.9048557,0,hit wall,3.674,1.136,,,,18.0,66.0
1790783323.0807583,0,hit wall,0.56,1.3131,0.47999999999998977,0.956914306808587,1.9764677743893162,18.0,66.0
1790783323.2113678,0,missed B,2.55,1.4875,2.0999999999999552,0.04691430680858508,1.3794820780265096,18.0,66.0
1790783323.3005917,0,missed B,3.316,0.8716,2.9199999999999378,0.09246986236413966,1.7854591762350562,18.0,66.0
1790783323.3006878,0,missed B,1.454,1.9629,0.9999999999999787,0.9858031956974753,1.4821239451529236,18.0,66.0
1790783323.3614402,0,grip capacity exceeded,0.896,2.0169,,,,18.0,66.0
1790783323.425866,0,hit wall,1.672,1.4259,,,,18.0,66.0
1790783323.7067986,0,missed B,1.7,1.1183,1.2399999999999736,0.9991365290308083,1.227586026592739,18.0,66.0
1790783323.8772388,0,missed B,1.916,1.1568,1.4799999999999685,0.01246986236414137,1.1813907439004598,18.0,66.0
1790783323.9138322,0,missed B,1.77,0.9041,1.2799999999999727,0.0013587512530304953,1.0629238241120613,18.0,66.0
1790783323.9357488,0,hit wall,3.31,0.9981,3.239999999999931,0.11024764014191707,2.0954230959914715,18.0,66.0
1790783324.1427908,0,slipped off A,5.57,1.2373,,,,18.0,66.0
1790783324.2280726,0,missed B,1.074,0.6958,0.6199999999999868,0.9646920845863646,1.3710564654707214,18.0,66.0
1790783324.2522051,0,grip capacity exceeded,3.168,3.321,,,,18.0,66.0
1790783324.253925,0,grip capacity exceeded,1.25,2.0082,,,,18.0,66.0
1790783324.5428078,0,slipped off A,2.69,1.6698,,,,18.0,66.0
1790783324.543777,0,missed B,5.516,1.1941,5.059999999999892,0.21135875125302603,1.7484366155446744,18.0,66.0
1790783324.590119,0,missed B,1.458,0.9495,0.9599999999999795,0.9835809734752531,1.2888074035251766,18.0,66.0
1790783324.656448,0,hit wall,2.416,1.2373,,,,18.0,66.0
1790783324.6564524,0,grip capacity exceeded,0.352,2.3864,,,,18.0,66.0
1790783324.7189033,0,missed B,4.238,1.046,3.8199999999999186,0.1424698623641386,1.5791493186524839,18.0,66.0
1790783324.9796708,0,missed B,2.346,0.9832,1.9799999999999578,0.040247640141918554,1.3130579383532648,18.0,66.0
1790783325.0458176,0,missed B,1.408,0.942,0.9799999999999791,0.9846920845863641,1.4924392331000402,18.0,66.0
1790783325.109157,0,missed B,2.7,0.8756,2.259999999999952,0.05580319569747378,1.4629392571696047,18.0,66.0
1790783326.58702,0,hit wall,2.392,1.0688,2.3199999999999505,0.059136529030807045,2.02599610381218,18.0,66.0
1790783326.6394477,0,missed B,1.154,0.8641,0.6799999999999855,0.9680254179196979,1.3468468875478383,18.0,66.0
1790783326.7807188,0,grip capacity exceeded,2.64,2.0371,,,,18.0,66.0
1790783327.0227456,0,slipped off A,3.23,1.4526,,,,18.0,66.0
1790783327.1762092,0,missed B,2.702,1.0402,2.159999999999954,0.05024764014191834,1.2555068287073496,18.0,66.0
1790783327.70494,0,hit wall,3.572,1.2917,3.4599999999999262,0.12246986236413902,2.0178650139713055,18.0,66.0
1790783327.9256842,0,hit wall,4.142,1.1449,4.079999999999913,0.15691430680858273,2.16445863810053,18.0,66.0
1790783327.9541876,0,missed B,0.836,0.9995,0.4599999999999902,0.955803195697476,1.1604293541059305,18.0,66.0
1790783327.9881058,0,hit wall,7.978,1.8782,7.939999999999831,0.3713587512530226,2.4841666174632593,18.0,66.0
1790783328.0536885,0,missed B,6.772,1.9695,6.459999999999862,0.2891365290308021,1.747776295932999,18.0,66.0
1790783328.1466188,0,slipped off A,3.61,1.697,,,,18.0,66.0
1790783328.148183,0,missed B,4.424,0.9499,4.099999999999913,0.15802541791969382,1.3875261013968254,18.0,66.0
1790783328.1668026,0,hit wall,5.752,1.5682,,,,18.0,66.0
1790783328.3886764,0,missed B,0.718,0.6822,0.19999999999999574,0.9413587512530318,1.2410787734647106,18.0,66.0
1790783328.4794545,0,missed B,1.592,0.9259,1.1999999999999744,0.9969143068085862,1.2554729283838595,18.0,66.0
1790783328.8028817,0,hit wall,1.078,1.0157,,,,18.0,66.0
1790783328.849939,0,missed B,2.582,1.0572,2.0799999999999557,0.04580319569747399,1.2027701892985456,18.0,66.0
1790783329.0131998,0,hit wall,1.992,1.3204,1.87999999999996,0.034692084586363116,1.9017817883637647,18.0,66.0
1790783329.1287456,0,slipped off A,6.27,1.1193,,,,18.0,66.0
1790783329.2997541,0,slipped off A,3.61,1.2735,,,,18.0,66.0
1790783329.3236976,0,missed B,3.672,1.2851,3.239999999999931,0.11024764014191707,1.558484756696655,18.0,66.0
1790783329.6074953,0,missed B,0.768,0.9778,0.3999999999999915,0.9524698623641427,1.1291734493342505,18.0,66.0
1790783329.6749597,0,missed B,2.478,1.0941,2.0999999999999552,0.04691430680858508,1.2259730230953994,18.0,66.0
1790783329.6767697,0,missed B,5.37,1.6509,4.919999999999895,0.2035809734752484,1.9154502404499534,18.0,66.0
1790783329.7942636,0,missed B,1.38,0.9952,0.93999999999998,0.982469862364142,1.418181030286156,18.0,66.0
1790783331.0202496,0,missed B,0.876,0.9539,0.49999999999998934,0.9580254179196981,1.3630634761085125,18.0,66.0
1790783331.084017,0,grip capacity exceeded,6.146,2.0544,,,,18.0,66.0
1790783331.2999015,0,missed B,3.112,0.9876,2.7399999999999416,0.08246986236413988,1.329868990736793,18.0,66.0
1790783331.4962323,0,missed B,4.56,1.4859,4.179999999999911,0.16246986236413818,1.5344448311687535,18.0,66.0
1790783331.6745226,0,missed B,2.064,1.0708,1.5399999999999672,0.015803195697474633,1.1205179317124654,18.0,66.0
1790783331.7363818,0,missed B,1.36,0.9583,0.9999999999999787,0.9858031956974753,1.4070983263026182,18.0,66.0
1790783331.8804545,0,grip capacity exceeded,5.23,2.2511,,,,18.0,66.0
1790783331.8870454,0,missed B,3.032,1.8933,2.5199999999999463,0.07024764014191792,1.814854485034588,18.0,66.0
1790783331.9543023,0,missed B,0.834,0.7563,0.49999999999998934,0.9580254179196981,1.148749899394845,18.0,66.0
1790783332.0380783,0,missed B,3.904,1.0262,3.4599999999999262,0.12246986236413902,1.3719455747202778,18.0,66.0
1790783332.1510994,0,hit wall,2.154,1.2237,,,,18.0,66.0
1790783332.1526027,0,missed B,0.982,0.8063,0.5599999999999881,0.9613587512530314,1.2648876681888173,18.0,66.0
1790783332.6635263,0,hit wall,1.87,0.9679,1.7999999999999616,0.030247640141918768,2.0020045177839867,18.0,66.0
1790783332.7531497,0,hit wall,3.176,0.9586,3.1199999999999335,0.10358097347525054,2.0818122574752755,18.0,66.0
1790783332.9055302,0,slipped off A,0.472,1.0831,,,,18.0,66.0
1790783332.909717,0,grip capacity exceeded,7.048,3.1451,,,,18.0,66.0
1790783332.9323988,0,missed B,3.2,1.1128,2.7799999999999407,0.08469208458636206,1.5180843480873008,18.0,66.0
1790783333.0419307,0,missed B,3.826,1.0935,3.4999999999999254,0.1246920845863612,1.673846889113821,18.0,66.0
1790783333.04812,0,missed B,6.572,1.0536,6.219999999999867,0.2758031956974691,1.732319979937982,18.0,66.0
1790783333.3973763,0,missed B,1.06,1.168,0.5799999999999876,0.9624698623641424,1.0987955875567084,18.0,66.0
1790783333.4337568,0,slipped off A,5.7,1.8081,,,,18.0,66.0
1790783333.4839916,0,grip capacity exceeded,2.536,2.4352,,,,18.0,66.0
1790783333.6860118,0,missed B,5.042,1.0156,4.799999999999898,0.19691430680858188,1.7256924126066535,18.0,66.0
1790783333.8952978,0,missed B,2.604,0.9942,2.159999999999954,0.05024764014191834,1.1897875430791256,18.0,66.0
1790783335.3341177,0,missed B,4.038,1.0282,3.559999999999924,0.12802541791969446,1.4188420323410114,18.0,66.0
1790783335.5398545,0,missed B,3.298,1.8429,2.8399999999999395,0.08802541791969531,1.592801706060649,18.0,66.0
1790783335.6868849,0,hit wall,5.254,1.91,5.199999999999889,0.21913652903080363,2.251178278196211,18.0,66.0
1790783335.922812,0,missed B,3.65,1.0097,3.2599999999999305,0.11135875125302815,1.3844606338279324,18.0,66.0
1790783336.049982,0,grip capacity exceeded,4.846,2.0591,,,,18.0,66.0
1790783336.2318842,0,grip capacity exceeded,5.32,2.0317,,,,18.0,66.0
1790783336.2567925,0,missed B,1.842,0.9685,1.4399999999999693,0.010247640141919194,1.2144115830676392,18.0,66.0
1790783336.2724152,0,hit wall,3.074,1.1077,2.9799999999999365,0.09580319569747292,2.012202531405348,18.0,66.0
1790783336.3447156,0,slipped off A,7.45,1.6895,,,,18.0,66.0
1790783336.4754791,0,missed B,3.148,0.9089,2.759999999999941,0.08358097347525097,1.514199300443715,18.0,66.0
1790783336.537206,0,missed B,1.098,1.0903,0.5399999999999885,0.9602476401419202,1.1282479430967371,18.0,66.0
1790783336.733041,0,missed B,0.67,1.1069,0.3199999999999932,0.9480254179196983,1.4710775585456832,18.0,66.0
1790783336.8186257,0,missed B,1.172,0.9167,0.6599999999999859,0.9669143068085868,1.2730173350648932,18.0,66.0
1790783336.819012,0,missed B,1.652,1.2258,1.2999999999999723,0.002469862364141583,1.0284759851996268,18.0,66.0
1790783337.0002353,0,missed B,2.484,1.0732,2.019999999999957,0.04246986236414073,1.1868799092846527,18.0,66.0
1790783337.0471706,0,missed B,6.796,1.9747,6.57999999999986,0.29580319569746866,1.988939057714677,18.0,66.0
1790783337.2947628,0,hit wall,3.474,1.6212,3.3599999999999284,0.11691430680858358,1.9771425511578626,18.0,66.0
1790783337.4891677,0,slipped off A,2.05,0.9892,,,,18.0,66.0
1790783337.5494206,0,missed B,0.73,0.727,0.27999999999999403,0.9458031956974762,1.318215035752354,18.0,66.0
1790783337.610367,0,hit wall,0.178,0.5791,0.05999999999999872,0.9335809734752541,1.9063926714482193,18.0,66.0
1790783337.7606037,0,missed B,0.8,0.7106,0.3999999999999915,0.9524698623641427,1.2255753256271125,18.0,66.0
1790783337.8208616,0,missed B,3.036,0.9674,2.6399999999999437,0.07691430680858444,1.4439331063754417,18.0,66.0
1790783337.8432817,0,missed B,5.744,1.2991,5.459999999999884,0.23358097347524776,1.6701929673255125,18.0,66.0
1790783337.9772935,0,missed B,0.596,0.9829,0.2199999999999953,0.9424698623641429,1.0756660091465642,18.0,66.0
1790783337.9998946,0,missed B,6.584,1.5206,6.239999999999867,0.2769143068085802,1.9242245422368658,18.0,66.0
1790783338.0060098,0,slipped off A,0.07,1.4,,,,18.0,66.0
1790783338.1621556,0,hit wall,4.318,0.9656,4.21999999999991,0.16469208458636034,2.088588647664935,18.0,66.0
1790783339.4766648,0,missed B,1.726,0.9677,1.2599999999999731,0.0002476401419194079,1.1148611130106507,18.0,66.0
1790783339.5111597,0,missed B,2.448,0.9774,2.019999999999957,0.04246986236414073,1.1912865657408112,18.0,66.0
1790783339.9280238,0,missed B,2.676,1.0724,2.33999999999995,0.06024764014191813,1.2692820325583318,18.0,66.0
1790783340.1589632,0,missed B,3.388,1.0225,3.0599999999999348,0.10024764014191728,1.720270479317498,18.0,66.0
1790783340.2066498,0,hit wall,2.324,1.0194,2.2799999999999514,0.056914306808584864,2.0587890078801525,18.0,66.0
1790783340.589354,0,missed B,5.356,1.0989,4.919999999999895,0.2035809734752484,1.6032775111760003,18.0,66.0
1790783340.6476333,0,missed B,7.948,1.2344,7.659999999999837,0.3558031956974674,2.123836781581341,18.0,66.0
1790783340.6488843,0,grip capacity exceeded,0.192,2.0308,,,,18.0,66.0
1790783340.6779325,0,missed B,4.692,0.9687,4.319999999999908,0.1702476401419158,1.5359128492849046,18.0,66.0
1790783340.699076,0,grip capacity exceeded,8.222,2.394,,,,18.0,66.0
1790783340.7204263,0,missed B,2.676,1.0081,2.2799999999999514,0.056914306808584864,1.292299328779825,18.0,66.0
1790783340.8466148,0,missed B,2.11,1.0203,1.7599999999999625,0.028025417919696594,1.261895047181807,18.0,66.0
1790783340.9240963,0,missed B,0.814,1.1678,0.3599999999999923,0.9502476401419204,1.0662331964898797,18.0,66.0
1790783341.3781586,0,hit wall,2.098,1.0705,,,,18.0,66.0
1790783341.7910378,0,missed B,3.608,1.8707,3.199999999999932,0.10802541791969489,1.3031013949282315,18.0,66.0
1790783342.0744503,0,slipped off A,8.25,1.9561,,,,18.0,66.0
1790783342.0797799,0,missed B,6.192,1.569,5.939999999999873,0.26024764014191387,2.030616384763949,18.0,66.0
1790783342.1503568,0,hit wall,4.636,1.7296,4.539999999999903,0.18246986236413776,2.160608565065943,18.0,66.0
1790783342.2971146,0,missed B,4.312,0.9735,3.939999999999916,0.14913652903080513,1.6061744919054564,18.0,66.0
1790783342.3854423,0,missed B,5.172,1.0969,4.799999999999898,0.19691430680858188,1.2989022423259884,18.0,66.0
1790783342.6682615,0,missed B,5.72,1.7933,5.339999999999886,0.22691430680858124,1.8320196855831126,18.0,66.0
1790783344.302103,0,missed B,5.732,1.2038,5.299999999999887,0.22469208458635906,1.9990589170287343,18.0,66.0
1790783344.3879697,0,missed B,2.884,1.8369,2.4199999999999484,0.06469208458636248,1.6353219901277376,18.0,66.0
1790783344.4836023,0,hit wall,0.606,1.0117,0.4399999999999906,0.9546920845863648,1.6685541606308611,18.0,66.0
1790783344.5197926,0,missed B,2.43,0.8976,1.9999999999999574,0.041358751253029645,1.5572243884893606,18.0,66.0
1790783344.6504583,0,hit wall,4.668,1.1456,4.579999999999902,0.1846920845863599,2.1498373830520214,18.0,66.0
1790783344.9754562,0,hit wall,6.728,1.337,6.659999999999858,0.300247640141913,2.3525615063653964,18.0,66.0
1790783344.9757085,0,hit wall,5.874,1.3667,5.779999999999877,0.25135875125302515,2.264962852915888,18.0,66.0
1790783345.0053246,0,hit wall,5.31,1.0278,5.219999999999889,0.22024764014191472,2.181755700749812,18.0,66.0
1790783345.1169834,0,hit wall,1.612,0.9336,1.5399999999999672,0.015803195697474633,1.9776208578768906,18.0,66.0
1790783345.1710522,0,missed B,0.444,0.6711,0.05999999999999872,0.9335809734752541,1.2482861376718186,18.0,66.0
1790783345.2407727,0,hit wall,2.824,1.807,2.719999999999942,0.08135875125302879,1.9742229043948851,18.0,66.0
1790783345.343248,0,grip capacity exceeded,2.746,2.0657,,,,18.0,66.0
1790783345.4950988,0,hit wall,7.238,1.8939,,,,18.0,66.0
1790783345.5584035,0,slipped off A,0.19,1.4647,,,,18.0,66.0
1790783346.0473983,0,missed B,3.522,1.6508,3.239999999999931,0.11024764014191707,1.3591714270339756,18.0,66.0
1790783346.3900907,0,missed B,1.062,1.2675,0.5399999999999885,0.9602476401419202,1.145668535590682,18.0,66.0
1790783346.581199,0,missed B,3.292,1.1788,2.859999999999939,0.0891365290308064,1.5441372493267576,18.0,66.0
1790783346.622717,0,missed B,4.43,1.2369,4.079999999999913,0.15691430680858273,1.590499772040073,18.0,66.0
1790783346.7517776,0,missed B,4.98,0.9821,4.579999999999902,0.1846920845863599,1.7757990068842116,18.0,66.0
1790783346.8725338,0,hit wall,7.628,1.0996,7.559999999999839,0.35024764014191195,2.415329766684187,18.0,66.0
1790783348.3372517,0,hit wall,6.632,1.0741,6.55999999999986,0.2946920845863576,2.333105801102056,18.0,66.0
1790783348.4613624,0,slipped off A,7.51,1.5814,,,,18.0,66.0
1790783348.7305787,0,grip capacity exceeded,7.312,2.2238,,,,18.0,66.0
1790783348.924629,0,missed B,0.628,0.9177,0.2999999999999936,0.9469143068085872,1.1482222964518136,18.0,66.0
1790783349.2036567,0,grip capacity exceeded,4.976,2.0356,,,,18.0,66.0
1790783349.6364388,0,hit wall,6.906,1.4846,6.879999999999853,0.312469862364135,2.3891159941177884,18.0,66.0
1790783349.7271352,0,missed B,5.928,1.0777,5.5599999999998815,0.2391365290308032,1.6744676363021016,18.0,66.0
1790783350.0541124,0,missed B,1.118,0.9576,0.6799999999999855,0.9680254179196979,1.3364163622845635,18.0,66.0
1790783350.1151865,0,grip capacity exceeded,7.646,2.4938,,,,18.0,66.0
1790783350.159867,0,hit wall,8.106,1.5728,7.97999999999983,0.37358097347524477,2.4757292681234184,18.0,66.0
1790783350.8011153,0,missed B,1.906,1.1564,1.5399999999999672,0.015803195697474633,1.1348789282995202,18.0,66.0
1790783351.1376805,0,missed B,7.156,1.3624,6.739999999999856,0.3046920845863574,1.4922664305339208,18.0,66.0
1790783352.290769,0,grip capacity exceeded,8.91,2.0053,,,,18.0,66.0
1790783352.3501215,0,grip capacity exceeded,9.562,2.3431,,,,18.0,66.0
1790783352.821521,0,slipped off A,8.29,1.8487,,,,18.0,66.0
1790783352.9637156,0,missed B,2.582,1.5335,2.299999999999951,0.058025417919695954,1.0764240457740244,18.0,66.0
1790783353.4604967,0,missed B,1.73,0.8941,1.3799999999999706,0.006914306808585933,1.2546406340410494,18.0,66.0
1790783353.6973512,0,hit wall,8.36,1.474,8.299999999999823,0.39135875125302216,2.5072475600949735,18.0,66.0
1790783354.0140765,0,hit wall,4.3,1.011,4.21999999999991,0.16469208458636034,2.113249356410599,18.0,66.0
1790783354.0862713,0,grip capacity exceeded,9.976,2.1372,,,,18.0,66.0
1790783354.148341,0,grip capacity exceeded,11.606,2.3333,,,,18.0,66.0
1790783354.4245722,0,grip capacity exceeded,8.87,2.1216,,,,18.0,66.0
1790783355.034276,0,slipped off A,9.69,1.764,,,,18.0,66.0
1790783356.3458931,0,missed B,2.634,0.9761,2.199999999999953,0.052469862364140515,1.3589109538773128,18.0,66.0
1790783356.4421728,0,hit wall,10.47,1.0802,10.35999999999978,0.5058031956974642,2.5956714194897033,18.0,66.0
1790783356.5156271,0,missed B,4.684,1.0962,4.359999999999907,0.17246986236413797,1.4275368187079198,18.0,66.0
1790783356.8497562,0,grip capacity exceeded,6.882,2.0799,,,,18.0,66.0
1790783356.9404,0,missed B,1.606,1.0001,1.1799999999999748,0.9958031956974751,1.413416245341288,18.0,66.0
1790783357.2603772,0,missed B,1.352,1.0958,0.8399999999999821,0.9769143068085866,1.2368851776582497,18.0,66.0
1790783357.2914588,0,hit wall,9.304,1.5502,,,,18.0,66.0
1790783357.6234286,0,missed B,5.01,1.1952,4.7599999999998985,0.1946920845863597,1.8457090782575478,18.0,66.0
1790783357.7338567,0,grip capacity exceeded,8.682,2.0245,,,,18.0,66.0
1790783357.9104254,0,hit wall,9.17,1.7542,,,,18.0,66.0
1790783358.4440222,0,missed B,4.65,1.0068,4.319999999999908,0.1702476401419158,1.7201383654114752,18.0,66.0
1790783358.6812057,0,slipped off A,4.13,1.0588,,,,18.0,66.0
1790783358.9168966,0,hit wall,7.338,1.665,7.1999999999998465,0.3302476401419124,2.4070879667510976,18.0,66.0
1790783359.0277553,0,slipped off A,0.334,1.46,,,,18.0,66.0
1790783359.084922,0,slipped off A,9.216,1.4047,,,,18.0,66.0
1790783360.413567,0,grip capacity exceeded,10.48,2.0665,,,,18.0,66.0
1790783360.4344335,0,missed B,2.83,0.8966,2.539999999999946,0.071358751253029,1.3425025815811702,18.0,66.0
1790783360.5868182,0,grip capacity exceeded,7.882,2.0301,,,,18.0,66.0
1790783361.1398056,0,grip capacity exceeded,7.934,2.2377,,,,18.0,66.0
1790783361.3197737,0,missed B,7.77,1.6781,7.51999999999984,0.3480254179196898,1.9549910874743939,18.0,66.0
1790783361.86524,0,grip capacity exceeded,4.826,2.2876,,,,18.0,66.0
1790783362.016913,0,slipped off A,7.41,1.6291,,,,18.0,66.0
1790783362.2628255,0,grip capacity exceeded,7.034,2.0807,,,,18.0,66.0
1790783362.369473,0,hit wall,0.302,1.0479,0.2199999999999953,0.9424698623641429,1.9779379412265683,18.0,66.0
1790783362.6681314,0,missed B,7.596,1.3088,7.179999999999847,0.32913652903080126,1.894034765145279,18.0,66.0
1790783362.7205794,0,grip capacity exceeded,8.656,2.225,,,,18.0,66.0
1790783362.725705,0,slipped off A,1.132,1.7972,,,,18.0,66.0
1790783362.747046,0,missed B,3.052,0.8726,2.5599999999999454,0.07246986236414009,1.3032027210118922,18.0,66.0
1790783362.934122,0,hit wall,7.904,1.216,,,,18.0,66.0
1790783363.1880422,0,hit wall,1.428,0.9149,,,,18.0,66.0
1790783363.283231,0,hit wall,0.248,0.5892,0.0799999999999983,0.9346920845863652,1.7803331964332036,18.0,66.0
1790783364.552466,0,hit wall,0.464,1.1569,0.3799999999999919,0.9513587512530316,1.9869155368034792,18.0,66.0
1790783364.5638676,0,slipped off A,7.738,1.6229,,,,18.0,66.0
1790783365.2828884,0,grip capacity exceeded,9.444,2.4563,,,,18.0,66.0
1790783365.5305986,0,slipped off A,7.716,1.2135,,,,18.0,66.0
1790783365.6603441,0,missed B,5.722,1.1425,5.379999999999885,0.22913652903080342,1.6988055446472135,18.0,66.0
1790783365.8258126,0,hit wall,4.182,1.1839,4.079999999999913,0.15691430680858273,2.0644524623077007,18.0,66.0
1790783366.0066094,0,slipped off A,7.218,1.6854,,,,18.0,66.0
1790783366.2532268,0,grip capacity exceeded,2.68,2.38,,,,18.0,66.0
1790783366.4774373,0,grip capacity exceeded,8.892,2.1728,,,,18.0,66.0
1790783366.6357913,0,hit wall,8.772,1.7644,,,,18.0,66.0
1790783366.6463244,0,grip capacity exceeded,7.23,2.3509,,,,18.0,66.0
1790783367.470014,0,grip capacity exceeded,5.756,2.0937,,,,18.0,66.0
1790783369.1666906,0,missed B,4.808,0.9979,4.399999999999906,0.17469208458636012,1.5383057273965846,18.0,66.0
1790783369.4367218,0,hit wall,10.052,1.7336,9.939999999999788,0.48246986236413136,2.5796096942750695,18.0,66.0
1790783369.6839833,0,missed B,1.702,0.9458,1.1999999999999744,0.9969143068085862,1.217461251107856,18.0,66.0
1790783369.7283156,0,slipped off A,9.768,1.9142,,,,18.0,66.0
1790783369.7853658,0,missed B,8.722,1.0672,8.47999999999982,0.40135875125302195,2.0912038626111915,18.0,66.0
1790783370.3221788,0,slipped off A,9.736,1.9196,,,,18.0,66.0
1790783370.391626,0,slipped off A,0.25,0.985,,,,18.0,66.0
1790783370.5372179,0,grip capacity exceeded,6.382,2.7338,,,,18.0,66.0
1790783370.5636175,0,hit wall,4.074,1.1926,4.019999999999914,0.15358097347524946,2.1635807385846184,18.0,66.0
1790783370.827875,0,grip capacity exceeded,3.998,2.0791,,,,18.0,66.0
1790783371.0071318,0,grip capacity exceeded,10.7,2.0901,,,,18.0,66.0
1790783371.0932631,0,missed B,1.78,0.9697,1.359999999999971,0.005803195697474845,1.1027104209021614,18.0,66.0
1790783371.1294818,0,missed B,1.964,1.071,1.5599999999999667,0.01691430680858572,1.1620845131083555,18.0,66.0
1790783371.1338286,0,grip capacity exceeded,4.746,2.6552,,,,18.0,66.0
1790783371.3141084,0,missed B,11.712,1.2675,11.499999999999755,0.5691365290307961,2.090475286256276,18.0,66.0
1790783373.0512557,0,missed B,2.352,1.1243,1.9999999999999574,0.041358751253029645,1.2529939941292396,18.0,66.0
1790783373.1632466,0,slipped off A,7.81,1.6562,,,,18.0,66.0
1790783373.9067569,0,grip capacity exceeded,6.012,2.0014,,,,18.0,66.0
1790783374.33074,0,hit wall,9.14,1.3784,9.059999999999807,0.4335809734752435,2.5396317988490167,18.0,66.0
1790783374.3682766,0,grip capacity exceeded,6.88,2.2741,,,,18.0,66.0
1790783374.900521,0,grip capacity exceeded,8.628,2.4771,,,,18.0,66.0
1790783374.9061778,0,missed B,9.034,1.4361,8.739999999999814,0.4158031956974661,1.9880702884475892,18.0,66.0
1790783375.028898,0,hit wall,2.402,1.0045,2.3199999999999505,0.059136529030807045,1.9843906868007348,18.0,66.0
1790783375.209811,0,hit wall,9.032,1.2669,8.89999999999981,0.4246920845863548,2.4820331584896853,18.0,66.0
1790783375.231403,0,slipped off A,0.07,1.1126,,,,18.0,66.0
1790783375.2379827,0,grip capacity exceeded,7.022,2.0231,,,,18.0,66.0
1790783375.788166,0,missed B,1.802,0.9575,1.2599999999999731,0.0002476401419194079,1.189146826176762,18.0,66.0
1790783375.7950814,0,missed B,6.51,1.1301,6.219999999999867,0.2758031956974691,1.7125791660652243,18.0,66.0
1790783377.3667307,0,grip capacity exceeded,10.646,2.0815,,,,18.0,66.0
1790783378.1150658,0,missed B,8.732,1.1387,8.519999999999818,0.40358097347524413,2.0881875477098015,18.0,66.0
1790783378.6852636,0,hit wall,8.704,1.1843,8.639999999999816,0.4102476401419107,2.5315073653653926,18.0,66.0
1790783378.7489645,0,slipped off A,8.976,1.1537,,,,18.0,66.0
1790783378.8352005,0,hit wall,8.216,1.4196,8.119999999999827,0.3813587512530224,2.423745867166494,18.0,66.0
1790783379.0751493,0,hit wall,1.44,1.892,,,,18.0,66.0
1790783379.1222615,0,missed B,1.056,1.0934,0.7199999999999847,0.97024764014192,1.343631036596671,18.0,66.0
1790783379.3199883,0,hit wall,10.606,1.5508,10.559999999999775,0.5169143068085751,2.679171380964271,18.0,66.0
1790783379.4864519,0,missed B,7.244,1.7202,7.01999999999985,0.3202476401419126,2.1373393608290905,18.0,66.0
1790783379.698376,0,hit wall,2.146,1.0251,2.0999999999999552,0.04691430680858508,2.0492570917857647,18.0,66.0
1790783379.7737017,0,grip capacity exceeded,9.662,3.0728,,,,18.0,66.0
1790783379.8497999,0,hit wall,9.982,1.3175,,,,18.0,66.0
1790783381.7800622,0,hit wall,9.504,1.9987,9.479999999999798,0.45691430680857636,2.6324431651361184,18.0,66.0
1790783382.4775538,0,grip capacity exceeded,5.864,2.0878,,,,18.0,66.0
1790783382.5996995,0,grip capacity exceeded,6.0,2.2819,,,,18.0,66.0
1790783382.65534,0,grip capacity exceeded,6.778,2.0439,,,,18.0,66.0
1790783382.7225275,0,missed B,8.93,1.1934,8.799999999999812,0.41913652903079934,2.516642778662809,18.0,66.0
1790783382.849336,0,missed B,10.708,1.6375,10.419999999999778,0.5091365290307974,2.122699054420581,18.0,66.0
1790783383.4304276,0,hit wall,3.2,0.9871,,,,18.0,66.0
1790783383.6501834,0,missed B,10.914,1.3369,10.719999999999771,0.5258031956974638,2.2390380405980466,18.0,66.0
1790783383.767171,0,hit wall,11.966,1.3426,,,,18.0,66.0
1790783384.0625365,0,missed B,1.484,1.2659,1.1199999999999761,0.9924698623641418,1.152636300695315,18.0,66.0
1790783385.5470035,0,hit wall,8.948,1.1444,8.87999999999981,0.4235809734752437,2.549674309123369,18.0,66.0
1790783385.862238,0,missed B,0.99,0.938,0.5399999999999885,0.9602476401419202,1.175786315124856,18.0,66.0
1790783386.9711065,0,hit wall,10.636,1.284,,,,18.0,66.0
1790783387.0005841,0,grip capacity exceeded,11.108,2.1796,,,,18.0,66.0
1790783387.1423688,0,grip capacity exceeded,11.406,2.4086,,,,18.0,66.0
1790783387.2354677,0,slipped off A,11.134,1.9023,,,,18.0,66.0
1790783387.3801918,0,missed B,0.552,0.708,0.05999999999999872,0.9335809734752541,1.257408036173813,18.0,66.0
1790783388.0472004,0,missed B,12.226,1.4778,11.939999999999745,0.5935809734752401,1.9370319706369725,18.0,66.0
1790783388.13621,0,grip capacity exceeded,11.234,2.1112,,,,18.0,66.0
1790783389.2916036,0,missed B,4.492,1.0695,4.119999999999912,0.1591365290308049,1.3899682405965166,18.0,66.0
1790783389.451216,0,missed B,3.536,1.0015,3.199999999999932,0.10802541791969489,1.4770376718413263,18.0,66.0
1790783389.4840243,0,hit wall,0.09,0.6209,0.03999999999999915,0.9324698623641431,2.0669357474226775,18.0,66.0
1790783389.6137748,0,grip capacity exceeded,11.416,2.6581,,,,18.0,66.0
1790783389.6886578,0,hit wall,9.364,1.1601,9.299999999999802,0.4469143068085766,2.5945830949268807,18.0,66.0
1790783390.077385,0,missed B,2.884,1.024,2.5199999999999463,0.07024764014191792,1.241952661612108,18.0,66.0
1790783390.3063943,0,hit wall,2.174,0.891,2.019999999999957,0.04246986236414073,1.6619098133357038,18.0,66.0
1790783390.378534,0,missed B,7.796,1.3111,7.51999999999984,0.3480254179196898,2.03331501784742,18.0,66.0
1790783391.0622735,0,missed B,9.484,1.3783,9.219999999999803,0.4424698623641322,2.2937764873373805,18.0,66.0
1790783391.6350892,0,missed B,7.926,1.2986,7.679999999999836,0.3569143068085785,2.1609313273462276,18.0,66.0
1790783391.8858006,0,missed B,6.36,1.2408,6.059999999999871,0.2669143068085804,1.6289286607874198,18.0,66.0
1790783392.0081985,0,slipped off A,8.53,1.032,,,,18.0,66.0
1790783392.2215455,0,missed B,8.53,1.4048,8.279999999999824,0.3902476401419111,1.86902663714791,18.0,66.0
1790783393.435088,0,hit wall,10.16,1.4201,,,,18.0,66.0
1790783393.5378437,0,missed B,7.056,1.132,6.759999999999856,0.30580319569746844,1.7934889372182252,18.0,66.0
1790783394.084922,0,slipped off A,8.96,1.4544,,,,18.0,66.0
1790783395.1582456,0,hit wall,7.782,1.8225,,,,18.0,66.0
1790783395.2733145,0,hit wall,10.418,1.5119,,,,18.0,66.0
1790783395.4631555,0,slipped off A,7.98,1.6527,,,,18.0,66.0
1790783395.637609,0,grip capacity exceeded,8.208,2.2176,,,,18.0,66.0
1790783395.983618,0,slipped off A,8.81,1.1958,,,,18.0,66.0
1790783396.4381993,0,grip capacity exceeded,10.036,2.4137,,,,18.0,66.0
1790783398.5556011,0,missed B,7.214,1.0186,6.819999999999855,0.3091365290308017,1.708861198032536,18.0,66.0
1790783398.7461975,0,slipped off A,11.67,1.6999,,,,18.0,66.0
1790783398.9718988,0,slipped off A,7.224,1.2432,,,,18.0,66.0
1790783399.0791776,0,hit wall,6.32,1.4565,6.279999999999866,0.2791365290308023,2.3377324174703236,18.0,66.0
1790783399.1086159,0,hit wall,8.272,1.0792,8.119999999999827,0.3813587512530224,2.2759139026447417,18.0,66.0
1790783399.1590626,0,hit wall,0.196,0.728,0.05999999999999872,0.9335809734752541,1.8729053935590843,18.0,66.0
1790783399.2059999,0,grip capacity exceeded,0.128,2.2742,,,,18.0,66.0
1790783399.3187087,0,missed B,0.586,0.6033,0.1599999999999966,0.9391365290308096,1.1529455945226688,18.0,66.0
1790783399.3255682,0,grip capacity exceeded,10.09,2.1343,,,,18.0,66.0
1790783399.8962827,0,missed B,17.028,1.4588,16.6799999999999,0.856914306808582,1.4959114483109501,18.0,66.0
1790783400.0693545,0,missed B,4.228,1.4779,3.8199999999999186,0.1424698623641386,1.228952365500695,18.0,66.0
1790783400.0797517,0,hit wall,7.908,1.2016,,,,18.0,66.0
1790783400.2668593,0,missed B,1.26,0.9791,0.8799999999999812,0.9791365290308087,1.6467346655140078,18.0,66.0
1790783400.345387,0,missed B,3.348,1.4887,2.81999999999994,0.08691430680858422,1.4467112929745258,18.0,66.0
1790783400.6899207,0,hit wall,5.562,1.392,,,,18.0,66.0
1790783402.2295296,0,hit wall,8.352,1.7079,8.259999999999824,0.3891365290308,2.442416573638074,18.0,66.0
1790783402.731621,0,slipped off A,4.522,1.1884,,,,18.0,66.0
1790783403.29744,0,grip capacity exceeded,9.498,2.3914,,,,18.0,66.0
1790783403.3458664,0,grip capacity exceeded,10.002,2.2573,,,,18.0,66.0
1790783404.0638485,0,missed B,8.494,1.3746,8.279999999999824,0.3902476401419111,2.0829317216025425,18.0,66.0
1790783404.1483936,0,hit wall,9.604,1.3168,,,,18.0,66.0
1790783404.1854882,0,hit wall,7.672,1.0035,,,,18.0,66.0
1790783404.567483,0,missed B,5.938,1.1653,5.539999999999882,0.23802541791969212,1.902234051443019,18.0,66.0
1790783406.509475,0,missed B,6.832,1.4452,6.539999999999861,0.2935809734752465,1.8891281676781282,18.0,66.0
1790783406.7228096,0,grip capacity exceeded,11.112,2.6034,,,,18.0,66.0
1790783407.4359887,0,missed B,7.108,1.1598,6.959999999999852,0.31691430680857935,2.169687818529117,18.0,66.0
1790783407.8310237,0,no release,18.0,1.3332,,,,18.0,66.0
1790783408.249267,0,grip capacity exceeded,10.12,2.1183,,,,18.0,66.0
1790783408.6480675,0,missed B,1.302,0.8603,0.8599999999999817,0.9780254179196977,1.2768917644592128,18.0,66.0
1790783408.677032,0,slipped off A,9.792,1.2718,,,,18.0,66.0
1790783408.9688206,0,missed B,14.896,1.0949,14.51999999999969,0.7369143068085704,1.6771539516567933,18.0,66.0
1790783409.0107155,0,grip capacity exceeded,7.626,2.0364,,,,18.0,66.0
1790783411.0495481,0,hit wall,4.404,1.0117,4.319999999999908,0.1702476401419158,2.121302458529232,18.0,66.0
1790783411.1969993,0,hit wall,7.768,1.031,,,,18.0,66.0
1790783411.3371751,0,grip capacity exceeded,0.944,2.6558,,,,18.0,66.0
1790783411.6346514,0,grip capacity exceeded,10.412,2.1988,,,,18.0,66.0
1790783411.8313417,0,no release,18.0,1.1559,,,,18.0,66.0
1790783412.1097713,0,hit wall,7.654,1.6798,,,,18.0,66.0
1790783412.2097669,0,missed B,1.134,0.8722,0.7799999999999834,0.9735809734752533,1.0640298266752706,18.0,66.0
1790783412.5676053,0,hit wall,8.108,1.0402,,,,18.0,66.0
1790783412.975385,0,no release,18.0,1.6468,,,,18.0,66.0
1790783413.130106,0,missed B,6.72,1.1611,6.419999999999863,0.28691430680858,1.8582663855391102,18.0,66.0
1790783414.960948,0,hit wall,6.204,0.9617,,,,18.0,66.0
1790783416.263799,0,hit wall,12.814,1.1789,,,,18.0,66.0
1790783416.6439486,0,no release,18.0,1.8466,,,,18.0,66.0
1790783417.3713734,0,grip capacity exceeded,12.996,2.1402,,,,18.0,66.0
1790783418.6449175,0,missed B,3.386,0.9204,2.9199999999999378,0.09246986236413966,1.421089770439354,18.0,66.0
1790783418.967419,0,missed B,12.676,1.0343,12.439999999999735,0.6213587512530173,2.094821530482831,18.0,66.0
1790783418.9894223,0,grip capacity exceeded,9.816,2.075,,,,18.0,66.0
1790783418.9979382,0,missed B,17.462,1.1822,17.11999999999997,0.8813587512530303,1.5845568143166107,18.0,66.0
1790783419.6908674,0,no release,18.0,1.995,,,,18.0,66.0
1790783419.911401,0,hit wall,4.328,0.92,4.259999999999909,0.16691430680858252,2.1567580332611973,18.0,66.0
1790783420.6241882,0,missed B,2.992,0.921,2.4599999999999476,0.06691430680858465,1.203280998713796,18.0,66.0
1790783420.7756321,0,no release,18.0,1.609,,,,18.0,66.0
1790783420.9111767,0,missed B,6.402,0.9755,6.039999999999871,0.2658031956974693,1.9090091163672216,18.0,66.0
1790783423.2264156,0,hit wall,7.732,0.9554,,,,18.0,66.0
1790783423.7733998,0,no release,18.0,1.4548,,,,18.0,66.0
1790783423.8446221,0,hit wall,12.576,1.1543,,,,18.0,66.0
1790783424.771232,0,grip capacity exceeded,10.202,2.8474,,,,18.0,66.0
1790783425.1619856,0,no release,18.0,1.8352,,,,18.0,66.0
1790783425.3847747,0,no release,18.0,1.0891,,,,18.0,66.0
1790783426.866106,0,hit wall,7.09,1.0199,,,,18.0,66.0
1790783427.1530592,0,missed B,4.9,0.9109,4.639999999999901,0.18802541791969318,1.7564783419754177,18.0,66.0
1790783427.2336614,0,missed B,1.15,1.2449,0.6399999999999864,0.9658031956974757,1.22677948288247,18.0,66.0
1790783427.3639197,0,hit wall,14.624,1.6772,,,,18.0,66.0
1790783428.1346593,0,missed B,2.898,0.8755,2.4999999999999467,0.06913652903080683,1.3117885870766193,18.0,66.0
1790783428.2267272,0,no release,18.0,1.6009,,,,18.0,66.0
1790783428.3809452,0,grip capacity exceeded,6.42,2.9005,,,,18.0,66.0
1790783428.9904912,0,grip capacity exceeded,5.948,2.7888,,,,18.0,66.0
1790783429.6243353,0,no release,18.0,1.2567,,,,18.0,66.0
1790783429.761415,0,hit wall,12.218,1.2521,,,,18.0,66.0
1790783431.013673,0,hit wall,5.42,0.9657,5.299999999999887,0.22469208458635906,2.1045740389569105,18.0,66.0
1790783431.0313227,0,missed B,0.56,0.7144,0.17999999999999616,0.9402476401419206,1.1015237709151418,18.0,66.0
1790783431.0465667,0,missed B,1.164,0.9108,0.7199999999999847,0.97024764014192,1.1559207154644038,18.0,66.0
1790783431.0644088,0,grip capacity exceeded,0.054,2.0713,,,,18.0,66.0
1790783431.277996,0,no release,18.0,1.1419,,,,18.0,66.0
1790783431.390933,0,missed B,7.07,1.1399,6.819999999999855,0.3091365290308017,2.096372256418648,18.0,66.0
1790783431.7150416,0,hit wall,1.312,0.9031,1.1599999999999753,0.9946920845863639,1.7641070937132413,18.0,66.0
1790783432.6468835,0,missed B,11.372,1.1914,11.159999999999762,0.5502476401419076,2.2570097050480875,18.0,66.0
1790783433.8650873,0,no release,18.0,1.3539,,,,18.0,66.0
1790783436.5323648,0,no release,18.0,1.1519,,,,18.0,66.0
1790783437.5213914,0,no release,18.0,1.0514,,,,18.0,66.0
1790783437.5336623,0,no release,18.0,1.3362,,,,18.0,66.0
1790783437.566696,0,no release,18.0,1.2064,,,,18.0,66.0
1790783437.876725,0,no release,18.0,1.1325,,,,18.0,66.0
1790783438.130047,0,no release,18.0,1.1625,,,,18.0,66.0
1790783439.8498163,0,missed B,3.03,0.921,2.619999999999944,0.07580319569747335,1.6649248084341097,18.0,66.0
1790783440.1359396,0,no release,18.0,1.4293,,,,18.0,66.0
1790783441.3611662,0,no release,18.0,1.1886,,,,18.0,66.0
1790783444.0030746,0,hit wall,14.328,1.1983,,,,18.0,66.0
1790783444.0686772,0,no release,18.0,1.0995,,,,18.0,66.0
1790783444.9518468,0,missed B,8.306,1.1447,8.079999999999828,0.3791365290308002,2.2198695756225946,18.0,66.0
1790783445.080291,0,no release,18.0,1.2902,,,,18.0,66.0
1790783445.1235778,0,no release,18.0,1.2156,,,,18.0,66.0
1790783445.7194564,0,no release,18.0,1.0483,,,,18.0,66.0
1790783446.240274,0,missed B,1.762,0.9477,1.3999999999999702,0.00802541791969702,1.4997756802509512,18.0,66.0
1790783446.2910664,0,missed B,4.068,0.9398,3.6399999999999224,0.13246986236413882,1.41385888516305,18.0,66.0
1790783446.3565452,0,missed B,18.082,1.5784,17.64000000000005,0.9102476401419237,1.2202444668008123,18.0,66.0
1790783447.7467775,0,no release,18.0,1.1161,,,,18.0,66.0
1790783449.7723856,0,hit wall,11.984,1.0595,11.879999999999747,0.5902476401419068,2.447379143224799,18.0,66.0
1790783450.6120229,0,no release,18.0,1.1889,,,,18.0,66.0
1790783450.6633127,0,no release,18.0,1.2928,,,,18.0,66.0
1790783451.791935,0,hit wall,10.956,1.0824,,,,18.0,66.0
1790783452.7435997,0,no release,18.0,1.8903,,,,18.0,66.0
1790783452.928052,0,missed B,0.512,0.7089,0.05999999999999872,0.9335809734752541,1.189186278786527,18.0,66.0
1790783453.9973783,0,missed B,18.146,1.3669,17.740000000000066,0.9158031956974801,1.277386206841611,18.0,66.0
1790783454.0686889,0,no release,18.0,1.1877,,,,18.0,66.0
1790783454.3473966,0,no release,18.0,1.1469,,,,18.0,66.0
1790783457.2651813,0,no release,18.0,1.1377,,,,18.0,66.0
1790783457.9238718,0,missed B,17.368,1.0976,16.899999999999935,0.8691365290308062,1.4472480848622324,18.0,66.0
1790783458.1809382,0,no release,18.0,1.0523,,,,18.0,66.0
1790783458.3182526,0,no release,18.0,1.4519,,,,18.0,66.0
1790783458.3407705,0,grip capacity exceeded,1.352,2.0105,,,,18.0,66.0
1790783460.4077122,0,no release,18.0,1.9627,,,,18.0,66.0
1790783461.2517385,0,slipped off A,6.332,1.1949,,,,18.0,66.0
1790783461.4524727,0,no release,18.0,1.0996,,,,18.0,66.0
1790783461.5252385,0,no release,18.0,1.1752,,,,18.0,66.0
1790783461.7813077,0,no release,18.0,1.1437,,,,18.0,66.0
1790783464.686681,0,no release,18.0,1.2061,,,,18.0,66.0
1790783465.4491735,0,missed B,17.478,1.1714,17.11999999999997,0.8813587512530303,1.191139509728641,18.0,66.0
1790783465.734775,0,no release,18.0,1.049,,,,18.0,66.0
1790783466.2250252,0,slipped off A,12.468,1.0132,,,,18.0,66.0
1790783466.4908495,0,grip capacity exceeded,5.894,2.4445,,,,18.0,66.0
1790783466.7787166,0,missed B,17.96,1.4455,17.540000000000035,0.9046920845863673,1.3027396844961612,18.0,66.0
1790783468.6717448,0,no release,18.0,1.1129,,,,18.0,66.0
1790783468.9154735,0,no release,18.0,1.0509,,,,18.0,66.0
1790783469.177759,0,no release,18.0,1.0889,,,,18.0,66.0
1790783469.3292217,0,missed B,0.426,0.524,0.03999999999999915,0.9324698623641431,1.2362031030018388,18.0,66.0
1790783470.6172771,0,missed B,9.292,0.9577,9.019999999999808,0.4313587512530213,2.264801565094094,18.0,66.0
1790783470.755216,0,missed B,0.53,0.5571,0.03999999999999915,0.9324698623641431,1.2417578559930782,18.0,66.0
1790783472.3896618,0,missed B,8.286,1.0023,8.039999999999829,0.37691430680857807,2.172876122745592,18.0,66.0
1790783472.831055,0,no release,18.0,1.0848,,,,18.0,66.0
1790783473.1277342,0,no release,18.0,0.9807,,,,18.0,66.0
1790783473.2268896,0,missed B,11.872,0.9635,11.71999999999975,0.5813587512530182,2.4471526036027345,18.0,66.0
1790783473.616994,0,no release,18.0,1.068,,,,18.0,66.0
1790783473.9002874,0,no release,18.0,1.1367,,,,18.0,66.0
1790783476.667997,0,no release,18.0,1.0218,,,,18.0,66.0
1790783478.0537581,0,no release,18.0,1.125,,,,18.0,66.0
1790783478.6926973,0,no release,18.0,1.4926,,,,18.0,66.0
1790783479.105832,0,no release,18.0,1.3712,,,,18.0,66.0
1790783480.3863022,0,no release,18.0,1.0735,,,,18.0,66.0
1790783480.471246,0,no release,18.0,1.0323,,,,18.0,66.0
1790783480.848122,0,no release,18.0,1.1482,,,,18.0,66.0
1790783481.138832,0,no release,18.0,1.0116,,,,18.0,66.0
1790783481.225878,0,missed B,3.73,0.9152,3.339999999999929,0.1158031956974725,1.7796411235817784,18.0,66.0
1790783482.6179562,0,missed B,6.17,0.9851,5.8399999999998755,0.25469208458635845,1.8387388012443178,18.0,66.0
1790783482.8795028,0,no release,18.0,0.9835,,,,18.0,66.0
1790783485.3601909,0,no release,18.0,1.0733,,,,18.0,66.0
1790783486.0299017,0,no release,18.0,1.0863,,,,18.0,66.0
1790783486.210038,0,slipped off A,0.574,0.8603,,,,18.0,66.0
1790783486.4388454,0,hit wall,14.066,1.0566,13.959999999999702,0.70580319569746,2.2419591680576785,18.0,66.0
1790783486.5542533,0,hit wall,17.188,1.1458,17.019999999999953,0.8758031956974739,1.8120589044427664,18.0,66.0
1790783486.870163,0,no release,18.0,1.2264,,,,18.0,66.0
1790783488.597537,0,no release,18.0,1.01,,,,18.0,66.0
1790783490.1206188,0,no release,18.0,1.1377,,,,18.0,66.0
1790783490.3913224,0,no release,18.0,1.2481,,,,18.0,66.0
1790783492.924247,0,no release,18.0,1.1298,,,,18.0,66.0
1790783493.7656596,0,no release,18.0,1.0711,,,,18.0,66.0
1790783493.805548,0,hit wall,0.112,0.498,0.0,0.9302476401419209,1.9487136676096444,18.0,66.0
1790783494.0006955,0,no release,18.0,1.0346,,,,18.0,66.0
1790783494.109345,0,no release,18.0,1.1315,,,,18.0,66.0
1790783494.3734303,0,missed B,1.184,0.8931,0.7799999999999834,0.9735809734752533,1.1725510385192082,18.0,66.0
1790783494.4625342,0,no release,18.0,1.0853,,,,18.0,66.0
1790783495.1846354,0,no release,18.0,1.2706,,,,18.0,66.0
1790783497.1450186,0,slipped off A,6.084,0.9307,,,,18.0,66.0
1790783497.8339577,0,missed B,16.858,1.6691,16.53999999999988,0.8491365290308031,1.4629557519414964,18.0,66.0
1790783497.925778,0,no release,18.0,1.0287,,,,18.0,66.0
1790783498.714683,0,missed B,2.422,0.8869,1.9599999999999582,0.03913652903080747,1.1130960581629272,18.0,66.0
1790783499.708838,0,no release,18.0,1.136,,,,18.0,66.0
1790783501.3417552,0,slipped off A,12.632,0.9972,,,,18.0,66.0
1790783501.7096848,0,missed B,15.908,1.0995,15.539999999999722,0.7935809734752388,1.519130152389651,18.0,66.0
1790783501.7247396,0,no release,18.0,1.0664,,,,18.0,66.0
1790783502.2915747,0,no release,18.0,1.0112,,,,18.0,66.0
1790783503.9150856,0,no release,18.0,1.0072,,,,18.0,66.0
1790783505.6315644,0,no release,18.0,1.0302,,,,18.0,66.0
1790783506.3714852,0,missed B,17.388,1.0547,16.99999999999995,0.8746920845863626,1.7049338265276182,18.0,66.0
1790783506.8794744,0,missed B,5.702,0.9901,5.399999999999885,0.2302476401419145,1.8009051500169668,18.0,66.0
1790783507.6540506,0,no release,18.0,1.4025,,,,18.0,66.0
1790783508.1513016,0,no release,18.0,0.983,,,,18.0,66.0
1790783508.295688,0,hit wall,2.112,0.9054,2.0399999999999565,0.04358097347525182,1.9911789580943642,18.0,66.0
1790783508.497066,0,no release,18.0,1.324,,,,18.0,66.0
1790783508.5096915,0,no release,18.0,1.0346,,,,18.0,66.0
1790783510.0538163,0,no release,18.0,1.1331,,,,18.0,66.0
1790783510.3603125,0,missed B,3.394,0.9028,2.999999999999936,0.09691430680858401,1.5519089117402298,18.0,66.0
1790783511.3822165,0,missed B,5.92,1.1268,5.679999999999879,0.24580319569746972,1.9352607182865698,18.0,66.0
1790783511.845844,0,missed B,1.442,0.8942,0.9199999999999804,0.981358751253031,1.2151277882868938,18.0,66.0
1790783512.4058433,0,no release,18.0,1.0436,,,,18.0,66.0
1790783512.5383976,0,slipped off A,0.444,0.9249,,,,18.0,66.0
1790783514.0704336,0,no release,18.0,1.45,,,,18.0,66.0
1790783514.586641,0,no release,18.0,1.0546,,,,18.0,66.0
1790783515.256017,0,slipped off A,14.852,1.1629,,,,18.0,66.0
1790783515.4517238,0,missed B,13.662,1.0484,13.339999999999716,0.6713587512530163,1.956613247170918,18.0,66.0
1790783515.8558106,0,no release,18.0,1.1318,,,,18.0,66.0
1790783516.7214274,0,missed B,3.118,1.0342,2.7399999999999416,0.08246986236413988,1.1558751086355765,18.0,66.0
1790783516.9116597,0,no release,18.0,1.0253,,,,18.0,66.0
1790783518.3849347,0,missed B,9.058,1.152,8.91999999999981,0.4258031956974659,2.4179851576296167,18.0,66.0
1790783518.8127286,0,missed B,3.124,0.9439,2.7999999999999403,0.08580319569747313,1.1862123216105023,18.0,66.0
1790783519.5481734,0,missed B,3.494,0.9824,3.179999999999932,0.1069143068085838,1.6417181722921486,18.0,66.0
1790783519.5535827,0,no release,18.0,1.3489,,,,18.0,66.0
1790783520.230984,0,no release,18.0,1.1425,,,,18.0,66.0
1790783520.5866191,0,missed B,1.42,1.0987,1.0399999999999778,0.9880254179196974,1.2352078859559512,18.0,66.0
1790783520.6390884,0,no release,18.0,1.2961,,,,18.0,66.0
1790783520.9148345,0,missed B,1.246,1.1711,0.8799999999999812,0.9791365290308087,1.1880883218029008,18.0,66.0
1790783522.8780878,0,no release,18.0,1.1001,,,,18.0,66.0
1790783523.081094,0,no release,18.0,1.0386,,,,18.0,66.0
1790783524.630316,0,no release,18.0,1.0392,,,,18.0,66.0
1790783525.306381,0,missed B,11.73,0.9432,11.599999999999753,0.5746920845863516,2.2580017506495804,18.0,66.0
1790783525.353573,0,no release,18.0,1.012,,,,18.0,66.0
1790783525.368123,0,missed B,15.828,0.9788,15.479999999999713,0.790247640141905,1.5631305756521952,18.0,66.0
1790783527.1371157,0,no release,18.0,1.2178,,,,18.0,66.0
1790783528.6431684,0,no release,18.0,1.1329,,,,18.0,66.0
1790783529.3241367,0,no release,18.0,1.001,,,,18.0,66.0
1790783529.5042615,0,no release,18.0,1.0345,,,,18.0,66.0
1790783531.3923984,0,slipped off A,12.728,0.9665,,,,18.0,66.0
1790783532.2570932,0,no release,18.0,0.95,,,,18.0,66.0
1790783532.8800535,0,no release,18.0,1.0488,,,,18.0,66.0
1790783532.912256,0,no release,18.0,1.0849,,,,18.0,66.0
1790783533.37841,0,slipped off A,17.34,1.3539,,,,18.0,66.0
1790783533.4196985,0,missed B,12.496,0.9823,12.19999999999974,0.6080254179196842,2.2096152679344825,18.0,66.0
1790783536.9250796,0,no release,18.0,1.0059,,,,18.0,66.0
1790783537.12461,0,no release,18.0,1.0958,,,,18.0,66.0
1790783537.897459,0,no release,18.0,1.3005,,,,18.0,66.0
1790783539.786506,0,no release,18.0,1.1063,,,,18.0,66.0
1790783540.4435477,0,no release,18.0,1.081,,,,18.0,66.0
1790783540.4777417,0,no release,18.0,1.2212,,,,18.0,66.0
1790783540.9202414,0,no release,18.0,1.0293,,,,18.0,66.0
1790783540.9601984,0,no release,18.0,0.9786,,,,18.0,66.0
1790783543.3858387,0,missed B,4.5,1.0745,4.139999999999912,0.160247640141916,1.5510786308851,18.0,66.0
1790783543.4309168,0,slipped off A,0.11,1.0605,,,,18.0,66.0
1790783544.4530697,0,no release,18.0,0.9898,,,,18.0,66.0
1790783544.4829595,0,missed B,3.534,0.9574,3.139999999999933,0.10469208458636163,1.3293352568374235,18.0,66.0
1790783544.6269903,0,no release,18.0,1.0125,,,,18.0,66.0
1790783545.315746,0,slipped off A,2.23,0.9575,,,,18.0,66.0
1790783545.3851874,0,no release,18.0,1.0492,,,,18.0,66.0
1790783546.1375,0,missed B,2.464,0.8155,2.0799999999999557,0.04580319569747399,1.3554596435878863,18.0,66.0
1790783546.2318146,0,no release,18.0,1.1061,,,,18.0,66.0
1790783548.0848489,0,no release,18.0,1.2333,,,,18.0,66.0
1790783548.1023552,0,missed B,5.37,1.0437,5.019999999999893,0.20913652903080385,1.6097578195521731,18.0,66.0
1790783548.119303,0,no release,18.0,1.0488,,,,18.0,66.0
1790783548.2498937,0,missed B,0.568,0.7536,0.19999999999999574,0.9413587512530318,1.250252804587532,18.0,66.0
1790783548.5669768,0,no release,18.0,1.0122,,,,18.0,66.0
1790783549.2062461,0,missed B,3.668,0.9625,3.27999999999993,0.11246986236413924,1.69906007399593,18.0,66.0
1790783551.885861,0,no release,18.0,1.0385,,,,18.0,66.0
1790783551.9149187,0,no release,18.0,1.1076,,,,18.0,66.0
1790783553.461397,0,no release,18.0,1.0412,,,,18.0,66.0
1790783553.537513,0,no release,18.0,1.0801,,,,18.0,66.0
1790783554.183486,0,no release,18.0,0.9753,,,,18.0,66.0
1790783554.317259,0,no release,18.0,1.1095,,,,18.0,66.0
1790783555.4299827,0,missed B,8.724,0.9844,8.599999999999817,0.4080254179196885,2.3369473208016722,18.0,66.0
1790783555.6580265,0,no release,18.0,1.1416,,,,18.0,66.0
1790783555.8128922,0,missed B,4.476,0.9142,4.119999999999912,0.1591365290308049,1.3818738641983552,18.0,66.0
1790783556.260284,0,missed B,1.922,0.8432,1.4399999999999693,0.010247640141919194,1.2997386571471734,18.0,66.0
1790783556.3305862,0,no release,18.0,1.0574,,,,18.0,66.0
1790783557.178726,0,slipped off A,4.63,0.8626,,,,18.0,66.0
1790783558.033077,0,no release,18.0,1.0969,,,,18.0,66.0
1790783560.811276,0,no release,18.0,0.9338,,,,18.0,66.0
1790783561.575306,0,no release,18.0,1.0086,,,,18.0,66.0
1790783561.728271,0,no release,18.0,0.9361,,,,18.0,66.0
1790783561.754507,0,no release,18.0,1.2408,,,,18.0,66.0
1790783563.690636,0,no release,18.0,1.0708,,,,18.0,66.0
1790783563.7557962,0,no release,18.0,0.9894,,,,18.0,66.0
1790783564.6179307,0,no release,18.0,0.975,,,,18.0,66.0
1790783564.9337673,0,missed B,4.264,0.9004,3.9199999999999164,0.14802541791969404,1.4303242261774083,18.0,66.0
1790783565.5022745,0,no release,18.0,1.025,,,,18.0,66.0
1790783566.3155754,0,missed B,12.728,0.9968,12.559999999999732,0.6280254179196838,2.0538464510768404,18.0,66.0
1790783568.140091,0,no release,18.0,0.9956,,,,18.0,66.0
1790783569.010929,0,no release,18.0,0.986,,,,18.0,66.0
1790783569.0379953,0,no release,18.0,0.9869,,,,18.0,66.0
1790783569.9548008,0,missed B,11.89,1.085,11.599999999999753,0.5746920845863516,2.072219934486476,18.0,66.0
1790783569.9709818,0,no release,18.0,0.9893,,,,18.0,66.0
1790783571.8361194,0,no release,18.0,1.092,,,,18.0,66.0
1790783572.1577122,0,no release,18.0,1.0275,,,,18.0,66.0
1790783573.5662272,0,no release,18.0,0.9818,,,,18.0,66.0
1790783574.1702752,0,no release,18.0,1.0186,,,,18.0,66.0
1790783575.447837,0,missed B,0.662,0.6497,0.19999999999999574,0.9413587512530318,1.1375496887328853,18.0,66.0
1790783576.0310323,0,missed B,2.17,0.7764,1.7199999999999633,0.02580319569747442,1.1991285057869867,18.0,66.0
1790783576.1240044,0,no release,18.0,0.9941,,,,18.0,66.0
1790783576.1522155,0,no release,18.0,0.9738,,,,18.0,66.0
1790783576.9990041,0,no release,18.0,1.0424,,,,18.0,66.0
1790783577.018829,0,no release,18.0,1.0274,,,,18.0,66.0
1790783577.7863982,0,no release,18.0,0.9748,,,,18.0,66.0
1790783578.1146407,0,no release,18.0,0.9907,,,,18.0,66.0
1790783580.6627822,0,no release,18.0,1.0149,,,,18.0,66.0
1790783582.149483,0,no release,18.0,0.9678,,,,18.0,66.0
1790783583.3995678,0,no release,18.0,0.9428,,,,18.0,66.0
1790783583.4331772,0,no release,18.0,1.0073,,,,18.0,66.0
1790783583.9665656,0,missed B,2.298,0.9602,1.8599999999999604,0.03358097347525203,1.3081779054012277,18.0,66.0
1790783584.2648263,0,no release,18.0,1.0397,,,,18.0,66.0
1790783584.281138,0,no release,18.0,0.9301,,,,18.0,66.0
1790783584.8254855,0,slipped off A,2.074,0.9309,,,,18.0,66.0
1790783585.095449,0,no release,18.0,1.0703,,,,18.0,66.0
1790783585.4271138,0,no release,18.0,0.9637,,,,18.0,66.0
1790783587.8871183,0,no release,18.0,0.9816,,,,18.0,66.0
1790783589.3960798,0,no release,18.0,1.0234,,,,18.0,66.0
1790783589.426986,0,no release,18.0,0.91,,,,18.0,66.0
1790783589.9440234,0,no release,18.0,0.8966,,,,18.0,66.0
1790783591.3368506,0,no release,18.0,0.924,,,,18.0,66.0
1790783591.8474011,0,no release,18.0,0.9405,,,,18.0,66.0
1790783592.053428,0,no release,18.0,0.941,,,,18.0,66.0
1790783592.3294032,0,no release,18.0,1.1378,,,,18.0,66.0
1790783593.7758198,0,no release,18.0,1.0125,,,,18.0,66.0
1790783596.3543878,0,no release,18.0,0.9493,,,,18.0,66.0
1790783596.384556,0,no release,18.0,0.9579,,,,18.0,66.0
1790783596.8530736,0,missed B,7.44,0.9748,7.179999999999847,0.32913652903080126,1.7430248068652818,18.0,66.0
1790783596.9401,0,no release,18.0,0.9538,,,,18.0,66.0
1790783597.2981503,0,no release,18.0,0.9346,,,,18.0,66.0
1790783598.928,0,no release,18.0,0.9683,,,,18.0,66.0
1790783599.1439605,0,no release,18.0,1.0559,,,,18.0,66.0
1790783599.4107394,0,no release,18.0,0.9908,,,,18.0,66.0
1790783600.0828297,0,missed B,4.392,0.8599,3.9999999999999147,0.1524698623641384,1.316607945581071,18.0,66.0
1790783603.4906712,0,no release,18.0,0.9343,,,,18.0,66.0
1790783603.5138001,0,no release,18.0,1.0871,,,,18.0,66.0
1790783603.9525728,0,no release,18.0,0.9093,,,,18.0,66.0
1790783604.0442424,0,no release,18.0,0.9901,,,,18.0,66.0
1790783604.3983822,0,no release,18.0,0.9707,,,,18.0,66.0
1790783605.2757792,0,no release,18.0,1.0183,,,,18.0,66.0
1790783606.7397246,0,no release,18.0,0.9913,,,,18.0,66.0
1790783607.3884814,0,no release,18.0,0.893,,,,18.0,66.0
1790783610.9343631,0,no release,18.0,0.9479,,,,18.0,66.0
1790783610.961452,0,no release,18.0,0.9829,,,,18.0,66.0
1790783611.397114,0,no release,18.0,1.0239,,,,18.0,66.0
1790783611.4789903,0,no release,18.0,1.0402,,,,18.0,66.0
1790783611.764697,0,missed B,2.812,0.888,2.479999999999947,0.06802541791969574,1.4916531082622106,18.0,66.0
1790783611.8298,0,no release,18.0,1.6418,,,,18.0,66.0
1790783612.4280167,0,missed B,5.232,0.8875,4.859999999999896,0.20024764014191515,1.7557976447376813,18.0,66.0
1790783612.7038782,0,no release,18.0,0.9554,,,,18.0,66.0
1790783613.0408893,0,no release,18.0,0.9245,,,,18.0,66.0
1790783614.788386,0,no release,18.0,0.9417,,,,18.0,66.0
1790783615.3381712,0,missed B,6.262,0.8493,6.019999999999872,0.26469208458635823,1.864709727437558,18.0,66.0
1790783616.8636014,0,missed B,5.284,0.8773,5.039999999999893,0.21024764014191494,1.9341270555613423,18.0,66.0
1790783617.413273,0,hit wall,17.372,1.0738,17.239999999999988,0.888025417919698,1.8888512100589412,18.0,66.0
1790783618.6901028,0,no release,18.0,0.9912,,,,18.0,66.0
1790783618.9532793,0,no release,18.0,0.9745,,,,18.0,66.0
1790783619.0228076,0,no release,18.0,0.958,,,,18.0,66.0
1790783619.9002953,0,no release,18.0,1.0513,,,,18.0,66.0
1790783620.2030132,0,no release,18.0,1.0252,,,,18.0,66.0
1790783620.8056927,0,no release,18.0,0.9413,,,,18.0,66.0
1790783623.8587468,0,no release,18.0,0.9325,,,,18.0,66.0
1790783624.4360995,0,no release,18.0,0.9454,,,,18.0,66.0
1790783624.6917424,0,no release,18.0,0.964,,,,18.0,66.0
1790783624.9169106,0,missed B,3.83,1.0464,3.4999999999999254,0.1246920845863612,1.4606262409199002,18.0,66.0
1790783624.99183,0,no release,18.0,1.1904,,,,18.0,66.0
1790783625.054959,0,no release,18.0,0.9352,,,,18.0,66.0
1790783626.9603558,0,no release,18.0,0.97,,,,18.0,66.0
1790783627.2508042,0,no release,18.0,1.0293,,,,18.0,66.0
1790783627.890284,0,no release,18.0,0.9327,,,,18.0,66.0
1790783631.5555818,0,no release,18.0,0.9361,,,,18.0,66.0
1790783631.819877,0,no release,18.0,0.9848,,,,18.0,66.0
1790783632.0367913,0,no release,18.0,0.8874,,,,18.0,66.0
1790783632.1247466,0,no release,18.0,1.0096,,,,18.0,66.0
1790783632.193642,0,no release,18.0,1.0658,,,,18.0,66.0
1790783633.0725625,0,no release,18.0,0.9636,,,,18.0,66.0
1790783634.451315,0,no release,18.0,1.0692,,,,18.0,66.0
1790783634.998288,0,no release,18.0,0.966,,,,18.0,66.0
1790783638.535019,0,no release,18.0,1.1214,,,,18.0,66.0
1790783638.7581162,0,no release,18.0,1.2246,,,,18.0,66.0
1790783638.9634786,0,no release,18.0,0.9157,,,,18.0,66.0
1790783639.048706,0,no release,18.0,1.0808,,,,18.0,66.0
1790783639.1132123,0,no release,18.0,0.9395,,,,18.0,66.0
1790783640.0320938,0,no release,18.0,0.9979,,,,18.0,66.0
1790783640.3591616,0,no release,18.0,0.9897,,,,18.0,66.0
1790783640.7578332,0,missed B,7.608,0.9092,7.4799999999998406,0.3458031956974676,2.186000736974432,18.0,66.0
1790783642.179759,0,no release,18.0,0.98,,,,18.0,66.0
1790783646.2326713,0,no release,18.0,1.0063,,,,18.0,66.0
1790783646.4069216,0,no release,18.0,0.9762,,,,18.0,66.0
1790783646.4727223,0,no release,18.0,0.9659,,,,18.0,66.0
1790783646.5409305,0,no release,18.0,1.0015,,,,18.0,66.0
1790783647.3991559,0,no release,18.0,0.917,,,,18.0,66.0
1790783647.7335556,0,no release,18.0,0.9617,,,,18.0,66.0
1790783648.1426144,0,no release,18.0,1.0628,,,,18.0,66.0
1790783648.4267788,0,no release,18.0,1.0264,,,,18.0,66.0
1790783648.8621335,0,missed B,8.666,0.8709,8.519999999999818,0.40358097347524413,2.3472106478271857,18.0,66.0
1790783650.573228,0,missed B,6.352,0.9577,6.159999999999869,0.27246986236413584,1.9674952740188099,18.0,66.0
1790783652.1494527,0,missed B,15.922,0.914,15.65999999999974,0.8002476401419065,1.763282500665289,18.0,66.0
1790783652.3870096,0,no release,18.0,1.0302,,,,18.0,66.0
1790783652.6440103,0,no release,18.0,1.0513,,,,18.0,66.0
1790783654.6198556,0,no release,18.0,0.9854,,,,18.0,66.0
1790783655.3357751,0,no release,18.0,1.2109,,,,18.0,66.0
1790783655.6445978,0,no release,18.0,1.0243,,,,18.0,66.0
1790783656.0938804,0,no release,18.0,0.8888,,,,18.0,66.0
1790783656.7047434,0,no release,18.0,0.9401,,,,18.0,66.0
1790783659.4084728,0,no release,18.0,0.8849,,,,18.0,66.0
1790783659.6498597,0,no release,18.0,0.918,,,,18.0,66.0
1790783659.9309387,0,no release,18.0,1.278,,,,18.0,66.0
1790783660.7602057,0,no release,18.0,1.0125,,,,18.0,66.0
1790783662.6057668,0,no release,18.0,0.9594,,,,18.0,66.0
1790783662.9038274,0,no release,18.0,0.9366,,,,18.0,66.0
1790783663.3878217,0,no release,18.0,0.981,,,,18.0,66.0
1790783664.0247738,0,no release,18.0,0.9617,,,,18.0,66.0
1790783664.3033218,0,missed B,1.15,0.7851,0.7199999999999847,0.97024764014192,1.2268449408478712,18.0,66.0
1790783666.1963372,0,missed B,16.818,0.9153,16.439999999999863,0.8435809734752466,1.3846347624359947,18.0,66.0
1790783666.443563,0,missed B,0.83,0.8744,0.33999999999999275,0.9491365290308094,1.0412039749944244,18.0,66.0
1790783666.7968667,0,no release,18.0,1.7721,,,,18.0,66.0
1790783667.0882473,0,no release,18.0,0.9772,,,,18.0,66.0
1790783667.9712548,0,no release,18.0,1.0486,,,,18.0,66.0
1790783668.5204694,0,no release,18.0,0.9245,,,,18.0,66.0
1790783669.8927722,0,no release,18.0,0.942,,,,18.0,66.0
1790783670.3604324,0,no release,18.0,0.9712,,,,18.0,66.0
1790783671.3789597,0,no release,18.0,0.9518,,,,18.0,66.0
1790783672.3287618,0,no release,18.0,0.9052,,,,18.0,66.0
1790783673.795857,0,no release,18.0,1.0055,,,,18.0,66.0
1790783674.0686123,0,no release,18.0,0.9157,,,,18.0,66.0
1790783675.0353866,0,missed B,3.058,0.9037,2.579999999999945,0.07358097347525118,1.162691262911712,18.0,66.0
1790783675.0996485,0,no release,18.0,0.9606,,,,18.0,66.0
1790783675.172679,0,slipped off A,0.258,1.5648,,,,18.0,66.0
1790783675.667048,0,no release,18.0,1.1347,,,,18.0,66.0
1790783675.920236,0,no release,18.0,0.9623,,,,18.0,66.0
1790783676.31167,0,no release,18.0,0.9042,,,,18.0,66.0
1790783677.6468153,0,hit wall,3.36,0.8236,3.2999999999999297,0.11358097347525033,2.0845478327454585,18.0,66.0
1790783678.4404342,0,no release,18.0,1.0898,,,,18.0,66.0
1790783679.5521812,0,no release,18.0,0.9777,,,,18.0,66.0
1790783679.8214564,0,no release,18.0,0.9198,,,,18.0,66.0
1790783682.0116286,0,no release,18.0,1.0932,,,,18.0,66.0
1790783682.1465294,0,no release,18.0,1.0142,,,,18.0,66.0
1790783683.0286806,0,no release,18.0,0.9774,,,,18.0,66.0
1790783683.3999782,0,no release,18.0,0.9549,,,,18.0,66.0
1790783683.573485,0,no release,18.0,0.8844,,,,18.0,66.0
1790783685.4489,0,no release,18.0,0.9207,,,,18.0,66.0
1790783686.480936,0,no release,18.0,1.261,,,,18.0,66.0
1790783686.7784483,0,no release,18.0,0.9117,,,,18.0,66.0
1790783687.322764,0,missed B,16.052,0.9359,15.77999999999976,0.8069143068085742,1.5732788413955427,18.0,66.0
1790783689.083653,0,no release,18.0,1.4806,,,,18.0,66.0
1790783689.9063802,0,no release,18.0,0.8926,,,,18.0,66.0
1790783690.2959557,0,no release,18.0,1.0091,,,,18.0,66.0
1790783690.4807057,0,no release,18.0,0.9223,,,,18.0,66.0
1790783691.2767513,0,no release,18.0,0.9688,,,,18.0,66.0
1790783693.3741705,0,no release,18.0,0.9109,,,,18.0,66.0
1790783693.6656227,0,no release,18.0,1.0475,,,,18.0,66.0
1790783694.2325773,0,no release,18.0,0.9531,,,,18.0,66.0
1790783694.9033344,0,no release,18.0,0.9167,,,,18.0,66.0
1790783696.8682528,0,no release,18.0,1.0005,,,,18.0,66.0
1790783697.216796,0,no release,18.0,0.9886,,,,18.0,66.0
1790783697.2307253,0,missed B,1.698,0.7998,1.2599999999999731,0.0002476401419194079,1.3826898267907008,18.0,66.0
1790783697.3825912,0,no release,18.0,0.9806,,,,18.0,66.0
1790783698.157921,0,hit wall,3.322,0.898,3.1599999999999326,0.10580319569747271,1.7930489358175545,18.0,66.0
1790783698.1975799,0,no release,18.0,0.9731,,,,18.0,66.0
1790783699.2848434,0,no release,18.0,0.9658,,,,18.0,66.0
1790783700.6617157,0,no release,18.0,0.9332,,,,18.0,66.0
1790783701.1421616,0,no release,18.0,0.971,,,,18.0,66.0
1790783701.8919163,0,no release,18.0,0.9316,,,,18.0,66.0
1790783702.790907,0,missed B,3.084,0.9281,2.719999999999942,0.08135875125302879,1.4698133549843742,18.0,66.0
1790783704.3890622,0,no release,18.0,0.9292,,,,18.0,66.0
1790783704.5318913,0,no release,18.0,1.0273,,,,18.0,66.0
1790783705.221563,0,no release,18.0,0.9799,,,,18.0,66.0
1790783705.2575328,0,no release,18.0,0.9496,,,,18.0,66.0
1790783706.3896987,0,no release,18.0,1.04,,,,18.0,66.0
1790783706.7406843,0,no release,18.0,1.0221,,,,18.0,66.0
1790783708.4763207,0,no release,18.0,1.0222,,,,18.0,66.0
1790783709.9905925,0,no release,18.0,0.9583,,,,18.0,66.0
1790783710.494752,0,no release,18.0,0.9726,,,,18.0,66.0
1790783710.6673129,0,no release,18.0,0.9235,,,,18.0,66.0
1790783712.6186132,0,no release,18.0,0.8712,,,,18.0,66.0
1790783712.6568894,0,no release,18.0,0.997,,,,18.0,66.0
1790783713.714027,0,no release,18.0,1.0415,,,,18.0,66.0
1790783714.0500267,0,no release,18.0,1.0055,,,,18.0,66.0
1790783714.6406496,0,no release,18.0,0.8856,,,,18.0,66.0
1790783717.2087052,0,no release,18.0,0.9071,,,,18.0,66.0
1790783717.7260063,0,no release,18.0,1.0104,,,,18.0,66.0
1790783717.8988595,0,no release,18.0,1.0116,,,,18.0,66.0
1790783718.6880546,0,no release,18.0,0.8853,,,,18.0,66.0
1790783718.718814,0,grip capacity exceeded,0.116,2.0622,,,,18.0,66.0
1790783718.719417,0,no release,18.0,0.969,,,,18.0,66.0
1790783720.8085563,0,no release,18.0,1.051,,,,18.0,66.0
1790783721.1292884,0,no release,18.0,1.276,,,,18.0,66.0
1790783721.696122,0,no release,18.0,0.9233,,,,18.0,66.0
1790783724.278205,0,no release,18.0,0.9937,,,,18.0,66.0
1790783724.7655761,0,no release,18.0,1.1823,,,,18.0,66.0
1790783724.933992,0,no release,18.0,1.1614,,,,18.0,66.0
1790783725.7208364,0,no release,18.0,0.9288,,,,18.0,66.0
1790783725.8097425,0,missed B,18.334,0.9549,17.82000000000008,0.9202476401419253,1.2465004906340116,18.0,66.0
1790783726.5360703,0,missed B,17.176,0.9404,16.79999999999992,0.8635809734752498,1.3215412207263724,18.0,66.0
1790783728.1882079,0,no release,18.0,0.9023,,,,18.0,66.0
1790783728.7393188,0,no release,18.0,0.9721,,,,18.0,66.0
1790783730.225879,0,no release,18.0,1.089,,,,18.0,66.0
1790783731.858804,0,no release,18.0,1.012,,,,18.0,66.0
1790783732.0362077,0,no release,18.0,0.8915,,,,18.0,66.0
1790783732.7851663,0,no release,18.0,1.1317,,,,18.0,66.0
1790783732.880561,0,no release,18.0,0.9814,,,,18.0,66.0
1790783733.5773964,0,no release,18.0,1.0863,,,,18.0,66.0
1790783734.1486144,0,no release,18.0,0.9759,,,,18.0,66.0
1790783735.8814654,0,no release,18.0,0.9258,,,,18.0,66.0
1790783737.3027627,0,no release,18.0,0.9896,,,,18.0,66.0
1790783737.8060892,0,no release,18.0,0.9965,,,,18.0,66.0
1790783737.9901502,0,no release,18.0,0.9429,,,,18.0,66.0
1790783739.9090405,0,no release,18.0,0.9256,,,,18.0,66.0
1790783740.005163,0,no release,18.0,0.9268,,,,18.0,66.0
1790783740.6999705,0,no release,18.0,0.898,,,,18.0,66.0
1790783741.162343,0,no release,18.0,0.971,,,,18.0,66.0
1790783741.7864165,0,no release,18.0,1.0675,,,,18.0,66.0
1790783744.3858585,0,no release,18.0,0.9892,,,,18.0,66.0
1790783744.7938416,0,no release,18.0,0.9158,,,,18.0,66.0
1790783744.938308,0,no release,18.0,0.9467,,,,18.0,66.0
1790783745.7351658,0,no release,18.0,0.8931,,,,18.0,66.0
1790783745.8408,0,no release,18.0,0.9203,,,,18.0,66.0
1790783747.7547615,0,no release,18.0,1.0025,,,,18.0,66.0
1790783748.2515604,0,no release,18.0,1.2075,,,,18.0,66.0
1790783748.7362459,0,no release,18.0,0.9206,,,,18.0,66.0
1790783751.423733,0,no release,18.0,1.0531,,,,18.0,66.0
1790783751.8627229,0,no release,18.0,0.9031,,,,18.0,66.0
1790783752.0261235,0,no release,18.0,0.9016,,,,18.0,66.0
1790783752.7252066,0,no release,18.0,0.9673,,,,18.0,66.0
1790783752.8193855,0,no release,18.0,0.8946,,,,18.0,66.0
1790783753.4763503,0,missed B,17.44,1.0544,17.099999999999966,0.880247640141919,1.395149053394388,18.0,66.0
1790783755.2678664,0,no release,18.0,0.9166,,,,18.0,66.0
1790783755.7465503,0,no release,18.0,0.938,,,,18.0,66.0
1790783755.9486651,0,missed B,13.26,0.9345,12.959999999999724,0.6502476401419055,1.9229811490017716,18.0,66.0
1790783758.870249,0,no release,18.0,0.9361,,,,18.0,66.0
1790783759.0225625,0,no release,18.0,0.8871,,,,18.0,66.0
1790783759.6160262,0,no release,18.0,1.0005,,,,18.0,66.0
1790783759.6972697,0,no release,18.0,0.8802,,,,18.0,66.0
1790783760.321113,0,no release,18.0,0.8992,,,,18.0,66.0
1790783761.0315604,0,no release,18.0,0.9465,,,,18.0,66.0
1790783762.6820912,0,no release,18.0,0.8428,,,,18.0,66.0
1790783762.8471372,0,missed B,0.718,0.9498,0.25999999999999446,0.944692084586365,1.2222007796192154,18.0,66.0
1790783762.8612087,0,no release,18.0,0.9307,,,,18.0,66.0
1790783764.4463146,0,no release,18.0,0.8924,,,,18.0,66.0
1790783764.6198533,0,no release,18.0,0.9104,,,,18.0,66.0
1790783766.5400238,0,no release,18.0,0.9108,,,,18.0,66.0
1790783766.6142485,0,no release,18.0,0.8806,,,,18.0,66.0
1790783767.1617033,0,no release,18.0,0.8939,,,,18.0,66.0
1790783767.81854,0,no release,18.0,0.9973,,,,18.0,66.0
1790783768.6380484,0,no release,18.0,0.9453,,,,18.0,66.0
1790783768.659561,0,no release,18.0,0.84,,,,18.0,66.0
1790783771.477176,0,no release,18.0,0.9231,,,,18.0,66.0
1790783771.6537728,0,no release,18.0,0.9588,,,,18.0,66.0
1790783772.4199164,0,no release,18.0,0.8831,,,,18.0,66.0
1790783772.5119908,0,no release,18.0,0.9407,,,,18.0,66.0
1790783774.2131932,0,no release,18.0,0.9094,,,,18.0,66.0
1790783774.9231331,0,no release,18.0,1.0376,,,,18.0,66.0
1790783775.6377518,0,no release,18.0,0.8478,,,,18.0,66.0
1790783775.6539655,0,no release,18.0,1.0326,,,,18.0,66.0
1790783778.5325737,0,no release,18.0,0.848,,,,18.0,66.0
1790783778.706958,0,no release,18.0,0.8688,,,,18.0,66.0
1790783779.4365861,0,no release,18.0,0.9622,,,,18.0,66.0
1790783779.5218408,0,no release,18.0,0.9158,,,,18.0,66.0
1790783780.1703131,0,no release,18.0,0.8515,,,,18.0,66.0
1790783782.0087237,0,no release,18.0,0.9529,,,,18.0,66.0
1790783782.7638407,0,no release,18.0,0.8732,,,,18.0,66.0
1790783782.778236,0,no release,18.0,0.9762,,,,18.0,66.0
1790783785.7650983,0,no release,18.0,0.929,,,,18.0,66.0
1790783785.9520016,0,no release,18.0,0.8625,,,,18.0,66.0
1790783786.6996455,0,no release,18.0,0.957,,,,18.0,66.0
1790783786.7937062,0,no release,18.0,1.0868,,,,18.0,66.0
1790783787.38129,0,no release,18.0,0.9166,,,,18.0,66.0
1790783788.1669476,0,no release,18.0,0.8787,,,,18.0,66.0
1790783790.0845873,0,no release,18.0,0.87,,,,18.0,66.0
1790783790.1041787,0,no release,18.0,0.9043,,,,18.0,66.0
1790783791.9127216,0,no release,18.0,0.8192,,,,18.0,66.0
1790783792.0031106,0,grip capacity exceeded,0.264,2.3524,,,,18.0,66.0
1790783792.1016102,0,no release,18.0,0.945,,,,18.0,66.0
1790783793.9662237,0,no release,18.0,0.8709,,,,18.0,66.0
1790783794.0488458,0,no release,18.0,0.8871,,,,18.0,66.0
1790783794.6203742,0,no release,18.0,0.885,,,,18.0,66.0
1790783795.332263,0,no release,18.0,0.8739,,,,18.0,66.0
1790783796.1134472,0,no release,18.0,1.0289,,,,18.0,66.0
1790783796.128091,0,no release,18.0,0.8756,,,,18.0,66.0
1790783799.0849438,0,no release,18.0,0.9596,,,,18.0,66.0
1790783799.1734064,0,no release,18.0,0.8976,,,,18.0,66.0
1790783799.9106243,0,no release,18.0,0.888,,,,18.0,66.0
1790783799.9932203,0,no release,18.0,0.9313,,,,18.0,66.0
1790783801.759645,0,no release,18.0,0.9715,,,,18.0,66.0
1790783802.3777208,0,no release,18.0,0.9462,,,,18.0,66.0
1790783803.104465,0,no release,18.0,0.8828,,,,18.0,66.0
1790783803.1210043,0,no release,18.0,0.8396,,,,18.0,66.0
1790783806.0064435,0,no release,18.0,1.0505,,,,18.0,66.0
1790783806.096234,0,no release,18.0,0.8547,,,,18.0,66.0
1790783806.7775998,0,no release,18.0,0.7981,,,,18.0,66.0
1790783806.8608534,0,no release,18.0,0.8491,,,,18.0,66.0
1790783807.448761,0,no release,18.0,1.9786,,,,18.0,66.0
1790783809.270957,0,no release,18.0,0.9089,,,,18.0,66.0
1790783809.9487283,0,no release,18.0,0.8543,,,,18.0,66.0
1790783809.9629216,0,no release,18.0,0.8497,,,,18.0,66.0
1790783812.687421,0,no release,18.0,0.8657,,,,18.0,66.0
1790783812.7826514,0,no release,18.0,0.908,,,,18.0,66.0
1790783813.5191276,0,no release,18.0,0.8599,,,,18.0,66.0
1790783813.59836,0,no release,18.0,0.9183,,,,18.0,66.0
1790783814.0353165,0,no release,18.0,0.8937,,,,18.0,66.0
1790783814.6459959,0,no release,18.0,0.8969,,,,18.0,66.0
1790783816.535964,0,no release,18.0,0.8401,,,,18.0,66.0
1790783816.558932,0,no release,18.0,0.9018,,,,18.0,66.0
1790783818.0154886,0,no release,18.0,0.8823,,,,18.0,66.0
1790783818.0972397,0,no release,18.0,0.9596,,,,18.0,66.0
1790783819.9776983,0,no release,18.0,0.8385,,,,18.0,66.0
1790783820.0884721,0,no release,18.0,0.8809,,,,18.0,66.0
1790783820.684575,0,no release,18.0,0.886,,,,18.0,66.0
1790783821.1959069,0,missed B,14.658,0.8678,14.279999999999696,0.7235809734752373,1.6402041210489826,18.0,66.0
1790783821.2973886,0,no release,18.0,0.8642,,,,18.0,66.0
1790783821.3173509,0,grip capacity exceeded,0.086,2.0444,,,,18.0,66.0
1790783823.0920615,0,no release,18.0,0.9037,,,,18.0,66.0
1790783824.955044,0,no release,18.0,1.005,,,,18.0,66.0
1790783825.0248814,0,no release,18.0,1.0048,,,,18.0,66.0
1790783825.7104177,0,no release,18.0,0.8889,,,,18.0,66.0
1790783826.9010596,0,no release,18.0,1.1059,,,,18.0,66.0
1790783827.5662646,0,no release,18.0,0.9515,,,,18.0,66.0
1790783828.126706,0,no release,18.0,0.8409,,,,18.0,66.0
1790783828.2594652,0,no release,18.0,0.8892,,,,18.0,66.0
1790783828.848185,0,no release,18.0,0.8745,,,,18.0,66.0
1790783831.7170734,0,no release,18.0,0.9171,,,,18.0,66.0
1790783831.803708,0,no release,18.0,1.0579,,,,18.0,66.0
1790783832.479129,0,no release,18.0,0.9053,,,,18.0,66.0
1790783832.5628064,0,no release,18.0,1.0429,,,,18.0,66.0
1790783834.2402325,0,no release,18.0,0.9426,,,,18.0,66.0
1790783834.8381946,0,no release,18.0,0.9187,,,,18.0,66.0
1790783834.9946089,0,no release,18.0,0.9389,,,,18.0,66.0
1790783835.676589,0,no release,18.0,0.9143,,,,18.0,66.0
1790783838.6157296,0,no release,18.0,1.0194,,,,18.0,66.0
1790783838.7047136,0,no release,18.0,0.9971,,,,18.0,66.0
1790783839.4600875,0,no release,18.0,0.8888,,,,18.0,66.0
1790783839.5575063,0,no release,18.0,0.916,,,,18.0,66.0
1790783840.188423,0,no release,18.0,0.9034,,,,18.0,66.0
1790783840.732281,0,no release,18.0,0.9842,,,,18.0,66.0
1790783841.9612358,0,no release,18.0,0.9096,,,,18.0,66.0
1790783842.6691587,0,no release,18.0,0.9188,,,,18.0,66.0
1790783844.50795,0,no release,18.0,0.9254,,,,18.0,66.0
1790783844.5924435,0,no release,18.0,1.0202,,,,18.0,66.0
1790783846.5390239,0,no release,18.0,0.911,,,,18.0,66.0
1790783846.6499975,0,no release,18.0,1.1567,,,,18.0,66.0
1790783847.2861717,0,no release,18.0,0.8933,,,,18.0,66.0
1790783847.862266,0,no release,18.0,0.9092,,,,18.0,66.0
1790783848.0091088,0,no release,18.0,0.9211,,,,18.0,66.0
1790783849.7807019,0,no release,18.0,0.8808,,,,18.0,66.0
1790783851.097457,0,missed B,15.596,0.9256,15.319999999999688,0.7813587512530147,1.602070263963904,18.0,66.0
1790783851.8606389,0,no release,18.0,0.9361,,,,18.0,66.0
1790783853.7337022,0,no release,18.0,0.8958,,,,18.0,66.0
1790783853.8268669,0,no release,18.0,0.9107,,,,18.0,66.0
1790783854.4613526,0,no release,18.0,0.8638,,,,18.0,66.0
1790783855.058379,0,no release,18.0,0.9121,,,,18.0,66.0
1790783855.0780523,0,hit wall,0.052,0.498,0.0,0.9302476401419209,2.0662563065173822,18.0,66.0
1790783855.2119744,0,no release,18.0,0.8901,,,,18.0,66.0
1790783855.967232,0,no release,18.0,0.9641,,,,18.0,66.0
1790783858.3421044,0,no release,18.0,1.3553,,,,18.0,66.0
1790783859.086038,0,no release,18.0,1.0762,,,,18.0,66.0
1790783859.876677,0,no release,18.0,0.9072,,,,18.0,66.0
1790783859.974749,0,no release,18.0,1.0,,,,18.0,66.0
1790783861.6178038,0,no release,18.0,0.9333,,,,18.0,66.0
1790783862.235596,0,no release,18.0,1.0042,,,,18.0,66.0
1790783862.3642836,0,no release,18.0,0.9177,,,,18.0,66.0
1790783863.1251194,0,no release,18.0,0.8819,,,,18.0,66.0
1790783865.4825017,0,no release,18.0,0.9218,,,,18.0,66.0
1790783866.2922957,0,no release,18.0,1.133,,,,18.0,66.0
1790783867.0715134,0,no release,18.0,0.9608,,,,18.0,66.0
1790783867.165779,0,no release,18.0,1.1065,,,,18.0,66.0
1790783867.7673967,0,no release,18.0,0.8621,,,,18.0,66.0
1790783869.4001427,0,no release,18.0,0.8815,,,,18.0,66.0
1790783869.5489993,0,no release,18.0,0.8795,,,,18.0,66.0
1790783870.3081036,0,no release,18.0,0.9291,,,,18.0,66.0
1790783871.5353403,0,no release,18.0,0.9045,,,,18.0,66.0
1790783873.4147542,0,no release,18.0,0.9854,,,,18.0,66.0
1790783874.200127,0,no release,18.0,0.8982,,,,18.0,66.0
1790783874.2994125,0,no release,18.0,0.904,,,,18.0,66.0
1790783874.8998184,0,no release,18.0,0.8754,,,,18.0,66.0
1790783875.439635,0,no release,18.0,0.9283,,,,18.0,66.0
1790783875.5957308,0,no release,18.0,0.8488,,,,18.0,66.0
1790783877.4744248,0,no release,18.0,0.8492,,,,18.0,66.0
1790783878.635777,0,no release,18.0,0.8794,,,,18.0,66.0
1790783879.3779936,0,no release,18.0,0.9216,,,,18.0,66.0
1790783881.342426,0,no release,18.0,0.8568,,,,18.0,66.0
1790783881.3668067,0,grip capacity exceeded,0.08,2.0253,,,,18.0,66.0
1790783881.4372375,0,no release,18.0,0.8263,,,,18.0,66.0
1790783882.006828,0,no release,18.0,1.0315,,,,18.0,66.0
1790783882.508148,0,no release,18.0,0.8483,,,,18.0,66.0
1790783882.651014,0,no release,18.0,0.9162,,,,18.0,66.0
1790783883.4409285,0,no release,18.0,0.8874,,,,18.0,66.0
1790783885.7750123,0,no release,18.0,0.8858,,,,18.0,66.0
1790783886.448453,0,no release,18.0,0.8988,,,,18.0,66.0
1790783887.29046,0,no release,18.0,0.8478,,,,18.0,66.0
1790783887.3668017,0,no release,18.0,0.8695,,,,18.0,66.0
1790783889.2002537,0,no release,18.0,0.8486,,,,18.0,66.0
1790783889.6942413,0,no release,18.0,1.0815,,,,18.0,66.0
1790783889.8134346,0,no release,18.0,0.8141,,,,18.0,66.0
1790783890.5434518,0,no release,18.0,1.5366,,,,18.0,66.0
1790783893.0148654,0,no release,18.0,0.8975,,,,18.0,66.0
1790783893.670309,0,no release,18.0,0.8447,,,,18.0,66.0
1790783894.4885054,0,no release,18.0,0.939,,,,18.0,66.0
1790783894.57148,0,no release,18.0,0.9132,,,,18.0,66.0
1790783895.2263858,0,no release,18.0,0.9276,,,,18.0,66.0
1790783896.8819983,0,no release,18.0,0.8567,,,,18.0,66.0
1790783896.9949083,0,no release,18.0,0.8797,,,,18.0,66.0
1790783897.7022858,0,no release,18.0,1.0316,,,,18.0,66.0
1790783898.992758,0,no release,18.0,0.8525,,,,18.0,66.0
1790783900.7846446,0,no release,18.0,0.9025,,,,18.0,66.0
1790783901.5442286,0,no release,18.0,0.8123,,,,18.0,66.0
1790783901.6172554,0,no release,18.0,0.9382,,,,18.0,66.0
1790783902.270957,0,no release,18.0,0.9267,,,,18.0,66.0
1790783902.9131832,0,no release,18.0,0.9091,,,,18.0,66.0
1790783903.0544722,0,no release,18.0,0.9753,,,,18.0,66.0
1790783904.924762,0,no release,18.0,0.9908,,,,18.0,66.0
1790783906.2212389,0,no release,18.0,0.9275,,,,18.0,66.0
1790783907.0631652,0,no release,18.0,0.8674,,,,18.0,66.0
1790783908.885946,0,no release,18.0,0.937,,,,18.0,66.0
1790783908.9552765,0,no release,18.0,0.8566,,,,18.0,66.0
1790783909.611448,0,no release,18.0,0.8524,,,,18.0,66.0
1790783910.2780652,0,no release,18.0,0.8614,,,,18.0,66.0
1790783910.4171395,0,no release,18.0,0.9545,,,,18.0,66.0
1790783911.1838694,0,no release,18.0,0.8256,,,,18.0,66.0
1790783913.468594,0,no release,18.0,0.8775,,,,18.0,66.0
1790783914.274769,0,no release,18.0,0.9442,,,,18.0,66.0
1790783915.0462134,0,no release,18.0,0.8536,,,,18.0,66.0
1790783915.1196194,0,no release,18.0,0.8245,,,,18.0,66.0
1790783916.8873658,0,no release,18.0,0.8003,,,,18.0,66.0
1790783917.518356,0,no release,18.0,0.8978,,,,18.0,66.0
1790783917.6519318,0,no release,18.0,0.9134,,,,18.0,66.0
1790783918.3624456,0,no release,18.0,0.9063,,,,18.0,66.0
1790783920.7793558,0,no release,18.0,0.9339,,,,18.0,66.0
1790783921.5527928,0,no release,18.0,0.9532,,,,18.0,66.0
1790783922.370539,0,no release,18.0,0.942,,,,18.0,66.0
1790783922.4434924,0,no release,18.0,0.9125,,,,18.0,66.0
1790783923.0920703,0,no release,18.0,0.8114,,,,18.0,66.0
1790783924.7379122,0,no release,18.0,0.9612,,,,18.0,66.0
1790783924.8722177,0,no release,18.0,0.9065,,,,18.0,66.0
1790783925.5692935,0,no release,18.0,0.8055,,,,18.0,66.0
1790783926.8704464,0,no release,18.0,0.9388,,,,18.0,66.0
1790783926.8990402,0,grip capacity exceeded,0.102,2.4251,,,,18.0,66.0
1790783928.6214323,0,no release,18.0,0.8615,,,,18.0,66.0
1790783929.380043,0,no release,18.0,0.8752,,,,18.0,66.0
1790783929.4495022,0,no release,18.0,0.8551,,,,18.0,66.0
1790783930.094431,0,no release,18.0,0.801,,,,18.0,66.0
1790783930.6666827,0,no release,18.0,0.9029,,,,18.0,66.0
1790783930.8014607,0,no release,18.0,0.9017,,,,18.0,66.0
1790783932.512643,0,no release,18.0,0.842,,,,18.0,66.0
1790783933.7656276,0,no release,18.0,0.8656,,,,18.0,66.0
1790783934.5240993,0,no release,18.0,0.9649,,,,18.0,66.0
1790783936.2575827,0,no release,18.0,0.8494,,,,18.0,66.0
1790783936.3137088,0,no release,18.0,0.966,,,,18.0,66.0
1790783936.9269943,0,no release,18.0,0.9053,,,,18.0,66.0
1790783937.558708,0,no release,18.0,0.8933,,,,18.0,66.0
1790783937.701715,0,no release,18.0,0.9006,,,,18.0,66.0
1790783938.4383862,0,no release,18.0,0.9223,,,,18.0,66.0
1790783940.7723792,0,no release,18.0,0.9062,,,,18.0,66.0
1790783941.585704,0,no release,18.0,0.9807,,,,18.0,66.0
1790783942.3940506,0,no release,18.0,1.952,,,,18.0,66.0
1790783942.4667819,0,no release,18.0,0.9651,,,,18.0,66.0
1790783944.180448,0,no release,18.0,1.2261,,,,18.0,66.0
1790783944.8258634,0,no release,18.0,0.9422,,,,18.0,66.0
1790783944.9830759,0,no release,18.0,0.8175,,,,18.0,66.0
1790783945.781775,0,no release,18.0,0.8471,,,,18.0,66.0
1790783948.0744298,0,no release,18.0,0.9448,,,,18.0,66.0
1790783948.8258984,0,no release,18.0,0.8725,,,,18.0,66.0
1790783949.649191,0,no release,18.0,0.9128,,,,18.0,66.0
1790783949.7265868,0,no release,18.0,0.9545,,,,18.0,66.0
1790783950.204398,0,no release,18.0,0.8882,,,,18.0,66.0
1790783950.227071,0,hit wall,0.082,0.5328,0.019999999999999574,0.931358751253032,2.05616508304201,18.0,66.0
1790783950.3441093,0,grip capacity exceeded,0.552,3.0443,,,,18.0,66.0
1790783951.792524,0,no release,18.0,0.8283,,,,18.0,66.0
1790783951.9340754,0,no release,18.0,0.7938,,,,18.0,66.0
1790783952.7149434,0,no release,18.0,0.8966,,,,18.0,66.0
1790783953.8301835,0,no release,18.0,0.9638,,,,18.0,66.0
1790783955.5005531,0,no release,18.0,0.8794,,,,18.0,66.0
1790783956.3288362,0,no release,18.0,1.2923,,,,18.0,66.0
1790783956.4057379,0,no release,18.0,0.9408,,,,18.0,66.0
1790783956.525384,0,grip capacity exceeded,0.362,2.4071,,,,18.0,66.0
1790783956.6092017,0,grip capacity exceeded,0.276,2.2831,,,,18.0,66.0
1790783957.1899233,0,no release,18.0,0.9475,,,,18.0,66.0
1790783957.5217657,0,no release,18.0,0.8648,,,,18.0,66.0
1790783957.6241274,0,no release,18.0,0.9179,,,,18.0,66.0
1790783959.4316144,0,no release,18.0,0.9431,,,,18.0,66.0
1790783960.6941085,0,no release,18.0,1.0588,,,,18.0,66.0
1790783961.318914,0,no release,18.0,0.8965,,,,18.0,66.0
1790783963.2264585,0,no release,18.0,1.691,,,,18.0,66.0
1790783963.4816194,0,no release,18.0,0.868,,,,18.0,66.0
1790783964.049908,0,no release,18.0,0.8484,,,,18.0,66.0
1790783964.4144247,0,no release,18.0,1.5952,,,,18.0,66.0
1790783964.5451713,0,no release,18.0,0.8974,,,,18.0,66.0
1790783965.240425,0,no release,18.0,1.1112,,,,18.0,66.0
1790783967.562724,0,no release,18.0,0.9179,,,,18.0,66.0
1790783968.253354,0,no release,18.0,0.8373,,,,18.0,66.0
1790783969.0006316,0,no release,18.0,0.8809,,,,18.0,66.0
1790783970.3439624,0,no release,18.0,1.2611,,,,18.0,66.0
1790783970.8952663,0,no release,18.0,0.8315,,,,18.0,66.0
1790783971.252717,0,no release,18.0,1.2037,,,,18.0,66.0
1790783971.3874607,0,no release,18.0,0.8659,,,,18.0,66.0
1790783972.10747,0,no release,18.0,0.8096,,,,18.0,66.0
1790783974.3810825,0,no release,18.0,0.8616,,,,18.0,66.0
1790783974.4937313,0,missed B,0.48,0.5231,0.019999999999999574,0.931358751253032,1.202144686989534,18.0,66.0
1790783975.0378082,0,no release,18.0,0.8235,,,,18.0,66.0
1790783975.8739462,0,no release,18.0,1.5356,,,,18.0,66.0
1790783976.1235743,0,no release,18.0,1.1883,,,,18.0,66.0
1790783976.724678,0,no release,18.0,0.871,,,,18.0,66.0
1790783978.1883965,0,no release,18.0,0.932,,,,18.0,66.0
1790783978.312247,0,no release,18.0,0.8142,,,,18.0,66.0
1790783979.0894132,0,no release,18.0,0.9077,,,,18.0,66.0
1790783980.5479515,0,no release,18.0,0.9437,,,,18.0,66.0
1790783982.1124532,0,no release,18.0,0.7996,,,,18.0,66.0
1790783982.9595833,0,no release,18.0,0.8443,,,,18.0,66.0
1790783983.207672,0,no release,18.0,0.9121,,,,18.0,66.0
1790783983.8377964,0,no release,18.0,0.855,,,,18.0,66.0
1790783984.2781563,0,no release,18.0,0.9052,,,,18.0,66.0
1790783984.4311209,0,no release,18.0,0.9692,,,,18.0,66.0
1790783986.1860273,0,no release,18.0,0.9335,,,,18.0,66.0
1790783987.6316886,0,no release,18.0,0.8018,,,,18.0,66.0
1790783988.252663,0,no release,18.0,0.863,,,,18.0,66.0
1790783990.115228,0,no release,18.0,0.8257,,,,18.0,66.0
1790783990.3532183,0,no release,18.0,0.8547,,,,18.0,66.0
1790783990.389623,0,grip capacity exceeded,0.14,2.6201,,,,18.0,66.0
1790783990.9875124,0,no release,18.0,1.3431,,,,18.0,66.0
1790783991.3907833,0,no release,18.0,0.8938,,,,18.0,66.0
1790783991.5392694,0,no release,18.0,0.9168,,,,18.0,66.0
1790783992.3567593,0,no release,18.0,0.8591,,,,18.0,66.0
1790783994.7697096,0,no release,18.0,0.8845,,,,18.0,66.0
1790783995.4147446,0,no release,18.0,1.0983,,,,18.0,66.0
1790783996.2249763,0,no release,18.0,0.8446,,,,18.0,66.0
1790783997.5567117,0,no release,18.0,0.8542,,,,18.0,66.0
1790783998.0979843,0,no release,18.0,0.8478,,,,18.0,66.0
1790783998.511701,0,no release,18.0,0.8711,,,,18.0,66.0
1790783998.6609707,0,no release,18.0,0.8901,,,,18.0,66.0
1790783999.461205,0,no release,18.0,0.947,,,,18.0,66.0
1790784001.9182692,0,no release,18.0,0.8138,,,,18.0,66.0
1790784002.5146754,0,no release,18.0,0.8813,,,,18.0,66.0
1790784002.5506244,0,grip capacity exceeded,0.138,2.1364,,,,18.0,66.0
1790784003.3347983,0,no release,18.0,0.8095,,,,18.0,66.0
1790784003.6161563,0,no release,18.0,0.8539,,,,18.0,66.0
1790784005.2692213,0,no release,18.0,0.8965,,,,18.0,66.0
1790784005.6426933,0,no release,18.0,0.8147,,,,18.0,66.0
1790784005.7646873,0,no release,18.0,0.8908,,,,18.0,66.0
1790784006.5255682,0,no release,18.0,0.8457,,,,18.0,66.0
1790784007.9177682,0,no release,18.0,0.8104,,,,18.0,66.0
1790784009.6344752,0,no release,18.0,0.9419,,,,18.0,66.0
1790784010.3963826,0,no release,18.0,0.8723,,,,18.0,66.0
1790784010.6617715,0,no release,18.0,0.8956,,,,18.0,66.0
1790784011.195489,0,no release,18.0,0.8479,,,,18.0,66.0
1790784011.6502357,0,no release,18.0,0.8661,,,,18.0,66.0
1790784011.8087811,0,no release,18.0,0.8572,,,,18.0,66.0
1790784013.6675794,0,no release,18.0,0.878,,,,18.0,66.0
1790784014.9929008,0,no release,18.0,0.9271,,,,18.0,66.0
1790784015.6873145,0,no release,18.0,0.8773,,,,18.0,66.0
1790784017.5327146,0,no release,18.0,0.8936,,,,18.0,66.0
1790784017.7690272,0,no release,18.0,0.8607,,,,18.0,66.0
1790784018.2205753,0,no release,18.0,0.8544,,,,18.0,66.0
1790784018.6549716,0,no release,18.0,0.8361,,,,18.0,66.0
1790784018.8046317,0,no release,18.0,0.8332,,,,18.0,66.0
1790784019.6227868,0,no release,18.0,0.8196,,,,18.0,66.0
1790784021.9381688,0,no release,18.0,0.932,,,,18.0,66.0
1790784022.5368092,0,no release,18.0,1.1086,,,,18.0,66.0
1790784023.3710947,0,no release,18.0,0.8375,,,,18.0,66.0
1790784024.7958999,0,no release,18.0,0.8314,,,,18.0,66.0
1790784025.2911642,0,no release,18.0,0.9438,,,,18.0,66.0
1790784025.6002395,0,no release,18.0,0.9082,,,,18.0,66.0
1790784025.717926,0,no release,18.0,0.8257,,,,18.0,66.0
1790784026.458527,0,no release,18.0,0.8461,,,,18.0,66.0
1790784029.0271177,0,no release,18.0,0.8989,,,,18.0,66.0
1790784029.5377624,0,no release,18.0,1.4453,,,,18.0,66.0
1790784030.2510188,0,no release,18.0,0.8395,,,,18.0,66.0
1790784030.5566316,0,no release,18.0,0.8182,,,,18.0,66.0
1790784032.2865443,0,no release,18.0,0.8332,,,,18.0,66.0
1790784032.6787758,0,no release,18.0,0.938,,,,18.0,66.0
1790784032.80125,0,no release,18.0,0.8384,,,,18.0,66.0
1790784033.4416227,0,no release,18.0,0.8104,,,,18.0,66.0
1790784035.9801962,0,no release,18.0,0.8548,,,,18.0,66.0
1790784036.564847,0,no release,18.0,0.7821,,,,18.0,66.0
1790784036.7492123,0,missed B,11.386,0.8141,11.059999999999764,0.5446920845863522,1.8596546584127773,18.0,66.0
1790784037.2156346,0,no release,18.0,0.8179,,,,18.0,66.0
1790784037.474567,0,no release,18.0,0.853,,,,18.0,66.0
1790784038.0372543,0,no release,18.0,0.8426,,,,18.0,66.0
1790784038.6447937,0,no release,18.0,0.79,,,,18.0,66.0
1790784040.4481006,0,no release,18.0,0.8256,,,,18.0,66.0
1790784041.7802527,0,no release,18.0,0.855,,,,18.0,66.0
1790784042.4134488,0,no release,18.0,0.8709,,,,18.0,66.0
1790784043.6787179,0,no release,18.0,0.8576,,,,18.0,66.0
1790784044.2101722,0,no release,18.0,1.1142,,,,18.0,66.0
1790784044.5009744,0,no release,18.0,0.8293,,,,18.0,66.0
1790784045.049133,0,no release,18.0,0.9059,,,,18.0,66.0
1790784045.5528939,0,no release,18.0,0.8083,,,,18.0,66.0
1790784047.3477383,0,no release,18.0,0.8133,,,,18.0,66.0
1790784048.7805455,0,no release,18.0,0.8153,,,,18.0,66.0
1790784049.3555179,0,no release,18.0,0.9133,,,,18.0,66.0
1790784049.5554907,0,no release,18.0,0.8806,,,,18.0,66.0
1790784051.1559126,0,no release,18.0,0.8115,,,,18.0,66.0
1790784051.434778,0,no release,18.0,0.8038,,,,18.0,66.0
1790784052.0527413,0,no release,18.0,0.7982,,,,18.0,66.0
1790784052.5938425,0,no release,18.0,1.0487,,,,18.0,66.0
1790784053.292038,0,no release,18.0,0.8616,,,,18.0,66.0
1790784055.8944895,0,no release,18.0,0.9611,,,,18.0,66.0
1790784056.4954047,0,no release,18.0,0.882,,,,18.0,66.0
1790784056.6995213,0,no release,18.0,0.8049,,,,18.0,66.0
1790784057.2126236,0,no release,18.0,0.8278,,,,18.0,66.0
1790784057.4951203,0,no release,18.0,0.8288,,,,18.0,66.0
1790784059.2018998,0,no release,18.0,0.8225,,,,18.0,66.0
1790784059.793497,0,no release,18.0,0.8672,,,,18.0,66.0
1790784060.505751,0,no release,18.0,0.8457,,,,18.0,66.0
1790784062.9383512,0,no release,18.0,0.7879,,,,18.0,66.0
1790784063.6066842,0,no release,18.0,0.8279,,,,18.0,66.0
1790784063.820928,0,no release,18.0,0.8059,,,,18.0,66.0
1790784064.3328419,0,no release,18.0,0.857,,,,18.0,66.0
1790784064.5565147,0,no release,18.0,0.8302,,,,18.0,66.0
1790784065.0592957,0,no release,18.0,0.8393,,,,18.0,66.0
1790784066.6725976,0,no release,18.0,0.8233,,,,18.0,66.0
1790784067.4886372,0,no release,18.0,0.8456,,,,18.0,66.0
1790784068.7871916,0,no release,18.0,0.8394,,,,18.0,66.0
1790784070.5036511,0,no release,18.0,0.8668,,,,18.0,66.0
1790784070.7465148,0,no release,18.0,0.8639,,,,18.0,66.0
1790784071.3445926,0,no release,18.0,0.9932,,,,18.0,66.0
1790784071.6232533,0,no release,18.0,0.8359,,,,18.0,66.0
1790784072.141692,0,no release,18.0,1.3201,,,,18.0,66.0
1790784072.6077633,0,no release,18.0,1.991,,,,18.0,66.0
1790784074.3830378,0,no release,18.0,0.868,,,,18.0,66.0
1790784075.809226,0,no release,18.0,1.4475,,,,18.0,66.0
1790784076.359743,0,no release,18.0,0.8719,,,,18.0,66.0
1790784076.5510654,0,no release,18.0,0.8853,,,,18.0,66.0
1790784078.1585011,0,no release,18.0,0.9043,,,,18.0,66.0
1790784078.4806366,0,no release,18.0,0.9147,,,,18.0,66.0
1790784079.044266,0,no release,18.0,0.8399,,,,18.0,66.0
1790784079.0624733,0,grip capacity exceeded,0.058,2.5337,,,,18.0,66.0
1790784079.5661085,0,no release,18.0,0.8195,,,,18.0,66.0
1790784080.2156966,0,no release,18.0,0.9004,,,,18.0,66.0
1790784082.7489069,0,no release,18.0,0.8387,,,,18.0,66.0
1790784083.3624272,0,no release,18.0,0.8301,,,,18.0,66.0
1790784083.5686686,0,no release,18.0,0.8404,,,,18.0,66.0
1790784084.056602,0,no release,18.0,0.8444,,,,18.0,66.0
1790784084.3559313,0,no release,18.0,0.849,,,,18.0,66.0
1790784086.0899098,0,no release,18.0,0.8245,,,,18.0,66.0
1790784086.6301887,0,no release,18.0,0.857,,,,18.0,66.0
1790784087.3281202,0,missed B,17.996,0.8368,17.70000000000006,0.9135809734752576,1.4203155736571549,18.0,66.0
1790784089.8919127,0,no release,18.0,0.8831,,,,18.0,66.0
1790784090.5610826,0,no release,18.0,0.8906,,,,18.0,66.0
1790784090.7842774,0,no release,18.0,0.9501,,,,18.0,66.0
1790784091.3100498,0,no release,18.0,0.8051,,,,18.0,66.0
1790784091.6057916,0,no release,18.0,0.926,,,,18.0,66.0
1790784092.1811776,0,no release,18.0,0.8925,,,,18.0,66.0
1790784093.8100758,0,no release,18.0,0.9421,,,,18.0,66.0
1790784094.5857394,0,no release,18.0,0.8775,,,,18.0,66.0
1790784095.973991,0,no release,18.0,0.8562,,,,18.0,66.0
1790784096.170355,0,missed B,0.69,0.7559,0.33999999999999275,0.9491365290308094,1.168933062787211,18.0,66.0
1790784097.7739127,0,no release,18.0,0.9001,,,,18.0,66.0
1790784098.0010047,0,no release,18.0,0.8646,,,,18.0,66.0
1790784098.5848107,0,no release,18.0,0.8762,,,,18.0,66.0
1790784098.8904984,0,no release,18.0,0.8723,,,,18.0,66.0
1790784099.5170126,0,no release,18.0,0.8818,,,,18.0,66.0
1790784100.050384,0,no release,18.0,0.8594,,,,18.0,66.0
1790784101.9662347,0,no release,18.0,0.9232,,,,18.0,66.0
1790784103.5681908,0,no release,18.0,0.8385,,,,18.0,66.0
1790784104.0207334,0,no release,18.0,0.8615,,,,18.0,66.0
1790784104.2159975,0,no release,18.0,0.8509,,,,18.0,66.0
1790784105.8521907,0,no release,18.0,0.8467,,,,18.0,66.0
1790784106.1449356,0,no release,18.0,0.8532,,,,18.0,66.0
1790784106.7416203,0,no release,18.0,0.8752,,,,18.0,66.0
1790784107.2866292,0,no release,18.0,0.8734,,,,18.0,66.0
1790784107.387366,0,missed B,0.326,0.5328,0.019999999999999574,0.931358751253032,1.6007537315318674,18.0,66.0
1790784107.9863782,0,no release,18.0,0.8253,,,,18.0,66.0
1790784110.5840142,0,no release,18.0,0.8375,,,,18.0,66.0
1790784111.0571349,0,no release,18.0,0.8571,,,,18.0,66.0
1790784111.2585173,0,no release,18.0,0.8462,,,,18.0,66.0
1790784111.758431,0,no release,18.0,0.8466,,,,18.0,66.0
1790784112.034925,0,no release,18.0,0.8302,,,,18.0,66.0
1790784113.7025201,0,no release,18.0,0.8221,,,,18.0,66.0
1790784114.2999103,0,no release,18.0,0.8358,,,,18.0,66.0
1790784114.917418,0,no release,18.0,0.8306,,,,18.0,66.0
1790784117.580689,0,no release,18.0,0.8106,,,,18.0,66.0
1790784117.93786,0,missed B,1.316,0.7466,0.799999999999983,0.9746920845863644,1.171461452384255,18.0,66.0
1790784118.0048492,0,no release,18.0,0.8187,,,,18.0,66.0
1790784118.05355,0,missed B,0.44,0.6644,0.05999999999999872,0.9335809734752541,1.2128893394884661,18.0,66.0
1790784118.20092,0,no release,18.0,0.9312,,,,18.0,66.0
1790784118.70625,0,no release,18.0,0.8501,,,,18.0,66.0
1790784118.9822457,0,no release,18.0,0.8473,,,,18.0,66.0
1790784119.5734124,0,no release,18.0,0.8624,,,,18.0,66.0
1790784121.329404,0,no release,18.0,0.8516,,,,18.0,66.0
1790784121.9107225,0,no release,18.0,0.9213,,,,18.0,66.0
1790784123.3365843,0,missed B,5.126,0.8217,4.859999999999896,0.20024764014191515,1.503649979735097,18.0,66.0
1790784125.0416062,0,no release,18.0,1.0838,,,,18.0,66.0
1790784125.088364,0,no release,18.0,1.0738,,,,18.0,66.0
1790784125.2346952,0,no release,18.0,0.8039,,,,18.0,66.0
1790784125.723803,0,no release,18.0,0.9603,,,,18.0,66.0
1790784125.9834433,0,no release,18.0,0.7669,,,,18.0,66.0
1790784126.582755,0,no release,18.0,0.8829,,,,18.0,66.0
1790784127.2407143,0,no release,18.0,0.8573,,,,18.0,66.0
1790784130.1746492,0,no release,18.0,0.8533,,,,18.0,66.0
1790784130.8452215,0,no release,18.0,0.8631,,,,18.0,66.0
1790784130.8891768,0,no release,18.0,0.9425,,,,18.0,66.0
1790784131.044124,0,no release,18.0,0.8315,,,,18.0,66.0
1790784132.6487505,0,no release,18.0,0.854,,,,18.0,66.0
1790784132.6924238,0,hit wall,0.152,0.5328,0.019999999999999574,0.931358751253032,1.891176746107103,18.0,66.0
1790784132.906454,0,no release,18.0,0.9124,,,,18.0,66.0
1790784133.4005854,0,no release,18.0,0.8446,,,,18.0,66.0
1790784134.0615952,0,no release,18.0,0.8489,,,,18.0,66.0
1790784137.137205,0,no release,18.0,0.8369,,,,18.0,66.0
1790784137.7679253,0,no release,18.0,0.8964,,,,18.0,66.0
1790784137.815864,0,no release,18.0,0.8271,,,,18.0,66.0
1790784138.0005631,0,no release,18.0,0.8369,,,,18.0,66.0
1790784138.6035419,0,no release,18.0,0.8214,,,,18.0,66.0
1790784138.8316774,0,no release,18.0,0.9439,,,,18.0,66.0
1790784140.4410343,0,no release,18.0,0.8195,,,,18.0,66.0
1790784141.0583627,0,no release,18.0,0.8506,,,,18.0,66.0
1790784144.246565,0,no release,18.0,0.8365,,,,18.0,66.0
1790784144.8483555,0,no release,18.0,0.799,,,,18.0,66.0
1790784144.895954,0,no release,18.0,0.9501,,,,18.0,66.0
1790784145.066041,0,no release,18.0,0.8578,,,,18.0,66.0
1790784145.70075,0,no release,18.0,0.834,,,,18.0,66.0
1790784145.9748466,0,no release,18.0,0.8199,,,,18.0,66.0
1790784146.5719993,0,no release,18.0,0.8236,,,,18.0,66.0
1790784148.2714667,0,no release,18.0,0.8283,,,,18.0,66.0
1790784150.4501781,0,no release,18.0,0.7999,,,,18.0,66.0
1790784152.2594223,0,no release,18.0,0.7888,,,,18.0,66.0
1790784152.314866,0,no release,18.0,0.9109,,,,18.0,66.0
1790784152.493139,0,no release,18.0,0.8358,,,,18.0,66.0
1790784153.1399722,0,no release,18.0,0.9852,,,,18.0,66.0
1790784153.391524,0,no release,18.0,0.7605,,,,18.0,66.0
1790784153.9871314,0,no release,18.0,0.7802,,,,18.0,66.0
1790784154.5790966,0,no release,18.0,0.8762,,,,18.0,66.0
1790784157.769643,0,no release,18.0,0.8745,,,,18.0,66.0
1790784158.3491488,0,no release,18.0,0.8371,,,,18.0,66.0
1790784158.394735,0,no release,18.0,0.8162,,,,18.0,66.0
1790784158.4699547,0,slipped off A,0.312,0.8987,,,,18.0,66.0
1790784158.5325198,0,no release,18.0,0.8249,,,,18.0,66.0
1790784160.1878715,0,no release,18.0,0.8413,,,,18.0,66.0
1790784160.4530501,0,no release,18.0,0.8973,,,,18.0,66.0
1790784160.6706598,0,missed B,0.826,0.7942,0.4599999999999902,0.955803195697476,1.1269189322689062,18.0,66.0
1790784161.0309045,0,no release,18.0,0.8049,,,,18.0,66.0
1790784161.6450424,0,no release,18.0,0.8429,,,,18.0,66.0
1790784164.7210395,0,no release,18.0,0.8392,,,,18.0,66.0
1790784165.3533185,0,no release,18.0,0.776,,,,18.0,66.0
1790784165.4886363,0,no release,18.0,0.841,,,,18.0,66.0
1790784165.5685766,0,no release,18.0,0.8381,,,,18.0,66.0
1790784166.159661,0,no release,18.0,0.8125,,,,18.0,66.0
1790784167.7743716,0,no release,18.0,0.8728,,,,18.0,66.0
1790784168.132188,0,no release,18.0,0.8142,,,,18.0,66.0
1790784168.7554524,0,no release,18.0,0.7718,,,,18.0,66.0
1790784169.0466347,0,missed B,0.938,0.8125,0.4599999999999902,0.955803195697476,1.0737933805121038,18.0,66.0
1790784171.7748663,0,no release,18.0,0.8434,,,,18.0,66.0
1790784172.3661525,0,no release,18.0,0.8149,,,,18.0,66.0
1790784172.5139604,0,no release,18.0,0.8698,,,,18.0,66.0
1790784172.60363,0,no release,18.0,0.8853,,,,18.0,66.0
1790784173.2253616,0,no release,18.0,0.8808,,,,18.0,66.0
1790784173.6918526,0,no release,18.0,0.8416,,,,18.0,66.0
1790784174.0321906,0,no release,18.0,0.8809,,,,18.0,66.0
1790784175.9682279,0,no release,18.0,0.7857,,,,18.0,66.0
1790784177.8007216,0,no release,18.0,0.8371,,,,18.0,66.0
1790784179.5316617,0,no release,18.0,0.8209,,,,18.0,66.0
1790784179.65799,0,no release,18.0,0.9154,,,,18.0,66.0
1790784179.7313423,0,no release,18.0,0.774,,,,18.0,66.0
1790784180.3392081,0,no release,18.0,0.8823,,,,18.0,66.0
1790784180.831254,0,no release,18.0,1.7072,,,,18.0,66.0
1790784181.1832058,0,no release,18.0,0.8344,,,,18.0,66.0
1790784183.1329293,0,no release,18.0,0.8525,,,,18.0,66.0
1790784183.2756178,0,missed B,0.45,0.7434,0.09999999999999787,0.9358031956974764,1.232818897876031,18.0,66.0
1790784184.9989831,0,no release,18.0,0.8151,,,,18.0,66.0
1790784185.5504284,0,no release,18.0,0.8336,,,,18.0,66.0
1790784185.6907675,0,no release,18.0,0.8113,,,,18.0,66.0
1790784185.783083,0,no release,18.0,0.819,,,,18.0,66.0
1790784187.4436867,0,no release,18.0,1.2674,,,,18.0,66.0
1790784187.92668,0,no release,18.0,0.9492,,,,18.0,66.0
1790784188.3156803,0,no release,18.0,0.882,,,,18.0,66.0
1790784189.2599397,0,no release,18.0,0.8215,,,,18.0,66.0
1790784192.0055141,0,no release,18.0,0.8489,,,,18.0,66.0
1790784192.5873747,0,no release,18.0,0.8594,,,,18.0,66.0
1790784192.7323897,0,no release,18.0,0.89,,,,18.0,66.0
1790784192.8231604,0,no release,18.0,0.9027,,,,18.0,66.0
1790784193.3491337,0,no release,18.0,0.8338,,,,18.0,66.0
1790784194.897759,0,no release,18.0,0.8754,,,,18.0,66.0
1790784195.2591715,0,no release,18.0,0.8434,,,,18.0,66.0
1790784196.244299,0,no release,18.0,0.8362,,,,18.0,66.0
1790784198.909218,0,no release,18.0,0.9081,,,,18.0,66.0
1790784199.4852595,0,no release,18.0,0.9294,,,,18.0,66.0
1790784199.6306903,0,no release,18.0,0.8754,,,,18.0,66.0
1790784199.7062063,0,no release,18.0,0.8002,,,,18.0,66.0
1790784200.2838318,0,no release,18.0,0.973,,,,18.0,66.0
1790784200.7166831,0,no release,18.0,0.8348,,,,18.0,66.0
1790784201.0582526,0,no release,18.0,0.773,,,,18.0,66.0
1790784203.126271,0,no release,18.0,0.8256,,,,18.0,66.0
1790784204.7299588,0,no release,18.0,0.8592,,,,18.0,66.0
1790784206.4470239,0,no release,18.0,0.8196,,,,18.0,66.0
1790784206.5803845,0,no release,18.0,0.8792,,,,18.0,66.0
1790784206.648245,0,no release,18.0,0.8805,,,,18.0,66.0
1790784207.2412233,0,no release,18.0,0.8746,,,,18.0,66.0
1790784207.7337742,0,no release,18.0,0.8788,,,,18.0,66.0
1790784208.0718503,0,no release,18.0,0.8355,,,,18.0,66.0
1790784210.2492425,0,no release,18.0,0.8459,,,,18.0,66.0
1790784211.898107,0,no release,18.0,0.8522,,,,18.0,66.0
1790784212.0481153,0,missed B,0.52,0.8112,0.09999999999999787,0.9358031956974764,1.2130667789429415,18.0,66.0
1790784212.5476747,0,no release,18.0,0.7845,,,,18.0,66.0
1790784212.6797173,0,no release,18.0,0.7852,,,,18.0,66.0
1790784213.859546,0,no release,18.0,0.8554,,,,18.0,66.0
1790784214.4107692,0,no release,18.0,0.8622,,,,18.0,66.0
1790784214.857667,0,no release,18.0,0.874,,,,18.0,66.0
1790784215.2137275,0,no release,18.0,0.8566,,,,18.0,66.0
1790784216.253686,0,no release,18.0,0.9019,,,,18.0,66.0
1790784219.0479522,0,no release,18.0,0.9236,,,,18.0,66.0
1790784219.517291,0,no release,18.0,0.813,,,,18.0,66.0
1790784219.6573575,0,no release,18.0,0.7843,,,,18.0,66.0
1790784219.732935,0,no release,18.0,0.8159,,,,18.0,66.0
1790784220.2930465,0,no release,18.0,1.0302,,,,18.0,66.0
1790784221.8841681,0,no release,18.0,0.8252,,,,18.0,66.0
1790784222.2444057,0,no release,18.0,0.8747,,,,18.0,66.0
1790784223.286816,0,no release,18.0,0.795,,,,18.0,66.0
1790784226.2206337,0,no release,18.0,0.8891,,,,18.0,66.0
1790784226.6955576,0,no release,18.0,0.8391,,,,18.0,66.0
1790784226.8296733,0,no release,18.0,0.8544,,,,18.0,66.0
1790784226.8997166,0,no release,18.0,0.8225,,,,18.0,66.0
1790784227.4703383,0,no release,18.0,0.8441,,,,18.0,66.0
1790784227.9456909,0,no release,18.0,0.7806,,,,18.0,66.0
1790784229.390513,0,no release,18.0,0.8277,,,,18.0,66.0
1790784230.404995,0,no release,18.0,0.8467,,,,18.0,66.0
1790784233.2894602,0,no release,18.0,0.8926,,,,18.0,66.0
1790784233.7612298,0,no release,18.0,0.826,,,,18.0,66.0
1790784233.9028246,0,no release,18.0,0.8101,,,,18.0,66.0
1790784233.9765043,0,no release,18.0,0.8663,,,,18.0,66.0
1790784234.1944842,0,missed B,1.0,0.803,0.5199999999999889,0.9591365290308091,0.9499301767085647,18.0,66.0
1790784234.5797875,0,no release,18.0,0.8269,,,,18.0,66.0
1790784235.0481925,0,no release,18.0,0.7977,,,,18.0,66.0
1790784235.3877344,0,no release,18.0,0.8615,,,,18.0,66.0
1790784237.4637873,0,no release,18.0,0.8549,,,,18.0,66.0
1790784239.1809866,0,no release,18.0,0.8152,,,,18.0,66.0
1790784239.4701383,0,missed B,1.094,0.8153,0.5599999999999881,0.9613587512530314,1.1064079438994985,18.0,66.0
1790784239.631941,0,no release,18.0,0.7851,,,,18.0,66.0
1790784240.9798927,0,no release,18.0,0.7973,,,,18.0,66.0
1790784241.169702,0,no release,18.0,0.8063,,,,18.0,66.0
1790784241.5463655,0,no release,18.0,0.8684,,,,18.0,66.0
1790784242.0375416,0,no release,18.0,0.846,,,,18.0,66.0
1790784242.1236753,0,hit wall,0.334,0.8726,0.27999999999999403,0.9458031956974762,2.0492308727930704,18.0,66.0
1790784242.3734584,0,no release,18.0,0.8537,,,,18.0,66.0
1790784243.279782,0,no release,18.0,0.7804,,,,18.0,66.0
1790784246.4485726,0,no release,18.0,0.8123,,,,18.0,66.0
1790784246.6127143,0,no release,18.0,0.8661,,,,18.0,66.0
1790784246.7868977,0,no release,18.0,0.7688,,,,18.0,66.0
1790784246.9743946,0,no release,18.0,1.0907,,,,18.0,66.0
1790784248.4929771,0,no release,18.0,0.8746,,,,18.0,66.0
1790784249.0738735,0,no release,18.0,0.8149,,,,18.0,66.0
1790784249.3282053,0,no release,18.0,0.7782,,,,18.0,66.0
1790784250.3506122,0,no release,18.0,0.8195,,,,18.0,66.0
1790784250.5255175,0,missed B,0.664,0.8959,0.27999999999999403,0.9458031956974762,0.9099578377016465,18.0,66.0
1790784253.579443,0,no release,18.0,0.8088,,,,18.0,66.0
1790784253.7511227,0,no release,18.0,0.8146,,,,18.0,66.0
1790784253.9619613,0,no release,18.0,0.8896,,,,18.0,66.0
1790784254.1445258,0,no release,18.0,0.8127,,,,18.0,66.0
1790784254.5001373,0,no release,18.0,0.805,,,,18.0,66.0
1790784255.0832343,0,no release,18.0,0.9571,,,,18.0,66.0
1790784256.4431727,0,no release,18.0,0.7901,,,,18.0,66.0
1790784257.5487845,0,no release,18.0,0.8561,,,,18.0,66.0
1790784260.5504115,0,no release,18.0,0.7982,,,,18.0,66.0
1790784260.7133493,0,no release,18.0,0.8224,,,,18.0,66.0
1790784260.9137208,0,no release,18.0,0.8064,,,,18.0,66.0
1790784261.090054,0,no release,18.0,0.8147,,,,18.0,66.0
1790784261.465463,0,no release,18.0,0.8261,,,,18.0,66.0
1790784262.0440102,0,no release,18.0,0.8002,,,,18.0,66.0
1790784262.285456,0,no release,18.0,0.8431,,,,18.0,66.0
1790784264.499308,0,no release,18.0,0.7981,,,,18.0,66.0
1790784266.4686172,0,no release,18.0,0.8324,,,,18.0,66.0
1790784266.6687334,0,no release,18.0,0.8113,,,,18.0,66.0
1790784267.9545758,0,no release,18.0,0.817,,,,18.0,66.0
1790784268.12488,0,no release,18.0,0.8178,,,,18.0,66.0
1790784268.4617088,0,no release,18.0,0.832,,,,18.0,66.0
1790784269.0489633,0,no release,18.0,0.8396,,,,18.0,66.0
1790784269.3179967,0,no release,18.0,0.8877,,,,18.0,66.0
1790784271.5652869,0,no release,18.0,0.7476,,,,18.0,66.0
1790784271.6863832,0,missed B,0.452,0.9005,0.11999999999999744,0.9369143068085874,1.1155072547602247,18.0,66.0
1790784273.4120886,0,no release,18.0,0.9025,,,,18.0,66.0
1790784273.6005116,0,no release,18.0,0.824,,,,18.0,66.0
1790784273.8166008,0,no release,18.0,0.8346,,,,18.0,66.0
1790784274.0098493,0,no release,18.0,0.805,,,,18.0,66.0
1790784275.528685,0,no release,18.0,0.8597,,,,18.0,66.0
1790784276.0879247,0,no release,18.0,0.7934,,,,18.0,66.0
1790784276.3572378,0,no release,18.0,0.8799,,,,18.0,66.0
1790784277.7137015,0,no release,18.0,0.8193,,,,18.0,66.0
1790784280.6265554,0,no release,18.0,0.8176,,,,18.0,66.0
1790784280.8071992,0,no release,18.0,0.7886,,,,18.0,66.0
1790784281.015066,0,no release,18.0,0.7771,,,,18.0,66.0
1790784281.212883,0,no release,18.0,0.7961,,,,18.0,66.0
1790784281.5814772,0,no release,18.0,0.8241,,,,18.0,66.0
1790784282.1396239,0,no release,18.0,0.8153,,,,18.0,66.0
1790784283.4830685,0,no release,18.0,0.7892,,,,18.0,66.0
1790784284.7817142,0,no release,18.0,0.8164,,,,18.0,66.0
1790784287.6828227,0,no release,18.0,0.9548,,,,18.0,66.0
1790784287.8670108,0,no release,18.0,0.8524,,,,18.0,66.0
1790784288.09752,0,no release,18.0,0.8914,,,,18.0,66.0
1790784288.3028014,0,no release,18.0,0.8685,,,,18.0,66.0
1790784288.6640272,0,no release,18.0,0.9146,,,,18.0,66.0
1790784289.1934245,0,no release,18.0,0.8097,,,,18.0,66.0
1790784289.3496766,0,missed B,0.568,0.7682,0.09999999999999787,0.9358031956974764,1.1496531389483264,18.0,66.0
1790784289.4586213,0,no release,18.0,0.7886,,,,18.0,66.0
1790784291.9153967,0,no release,18.0,0.8136,,,,18.0,66.0
1790784293.6349282,0,no release,18.0,0.8514,,,,18.0,66.0
1790784294.9022093,0,no release,18.0,0.7778,,,,18.0,66.0
1790784295.1165984,0,no release,18.0,0.8446,,,,18.0,66.0
1790784295.3114243,0,no release,18.0,0.8826,,,,18.0,66.0
1790784295.6796787,0,no release,18.0,0.8081,,,,18.0,66.0
1790784296.3642073,0,no release,18.0,1.0551,,,,18.0,66.0
1790784296.456546,0,grip capacity exceeded,0.318,2.024,,,,18.0,66.0
1790784296.481668,0,no release,18.0,0.781,,,,18.0,66.0
1790784298.8722563,0,no release,18.0,0.8171,,,,18.0,66.0
1790784300.5861816,0,no release,18.0,0.8438,,,,18.0,66.0
1790784300.7590604,0,no release,18.0,0.8129,,,,18.0,66.0
1790784300.9733422,0,no release,18.0,0.8008,,,,18.0,66.0
1790784301.1959758,0,no release,18.0,0.7648,,,,18.0,66.0
1790784302.5620131,0,no release,18.0,0.7958,,,,18.0,66.0
1790784303.306162,0,no release,18.0,0.8679,,,,18.0,66.0
1790784303.3319628,0,no release,18.0,0.7722,,,,18.0,66.0
1790784304.572939,0,no release,18.0,1.1424,,,,18.0,66.0
1790784307.41507,0,no release,18.0,0.9114,,,,18.0,66.0
1790784307.57088,0,no release,18.0,0.8524,,,,18.0,66.0
1790784307.761941,0,no release,18.0,0.8137,,,,18.0,66.0
1790784307.9677243,0,no release,18.0,0.7953,,,,18.0,66.0
1790784308.355008,0,no release,18.0,0.8107,,,,18.0,66.0
1790784310.2137513,0,no release,18.0,0.7345,,,,18.0,66.0
1790784310.2321382,0,no release,18.0,0.7967,,,,18.0,66.0
1790784311.4544985,0,no release,18.0,0.7922,,,,18.0,66.0
1790784314.3937337,0,no release,18.0,0.7861,,,,18.0,66.0
1790784314.5459366,0,no release,18.0,0.7867,,,,18.0,66.0
1790784314.7388394,0,no release,18.0,0.767,,,,18.0,66.0
1790784314.9322257,0,no release,18.0,0.8101,,,,18.0,66.0
1790784315.3166738,0,no release,18.0,0.9014,,,,18.0,66.0
1790784315.479928,0,missed B,0.492,0.6541,0.05999999999999872,0.9335809734752541,1.1534799622810208,18.0,66.0
1790784316.1777563,0,no release,18.0,0.7673,,,,18.0,66.0
1790784316.2043667,0,no release,18.0,0.7692,,,,18.0,66.0
1790784318.5129886,0,no release,18.0,0.9087,,,,18.0,66.0
1790784320.3356683,0,no release,18.0,0.788,,,,18.0,66.0
1790784321.593544,0,no release,18.0,0.7548,,,,18.0,66.0
1790784321.7817876,0,no release,18.0,0.7879,,,,18.0,66.0
1790784321.959231,0,no release,18.0,0.8034,,,,18.0,66.0
1790784322.4607906,0,no release,18.0,0.7764,,,,18.0,66.0
1790784323.1306536,0,no release,18.0,0.7652,,,,18.0,66.0
1790784323.1551476,0,no release,18.0,0.7652,,,,18.0,66.0
1790784325.5708382,0,no release,18.0,0.7914,,,,18.0,66.0
1790784327.3405206,0,no release,18.0,0.7885,,,,18.0,66.0
1790784327.5057921,0,no release,18.0,0.7597,,,,18.0,66.0
1790784327.7245686,0,no release,18.0,0.8764,,,,18.0,66.0
1790784327.9229448,0,no release,18.0,0.8364,,,,18.0,66.0
1790784329.5879056,0,no release,18.0,0.813,,,,18.0,66.0
1790784330.2484365,0,no release,18.0,0.7888,,,,18.0,66.0
1790784330.2697146,0,no release,18.0,0.8189,,,,18.0,66.0
1790784331.5229568,0,no release,18.0,0.769,,,,18.0,66.0
1790784334.4682617,0,no release,18.0,0.82,,,,18.0,66.0
1790784334.637742,0,no release,18.0,0.7812,,,,18.0,66.0
1790784334.8348455,0,no release,18.0,0.8034,,,,18.0,66.0
1790784335.0409591,0,no release,18.0,0.8788,,,,18.0,66.0
1790784335.5768635,0,no release,18.0,0.7962,,,,18.0,66.0
1790784337.3560019,0,no release,18.0,0.8246,,,,18.0,66.0
1790784337.3810573,0,no release,18.0,0.8267,,,,18.0,66.0
1790784338.5735557,0,no release,18.0,0.7596,,,,18.0,66.0
1790784341.4346595,0,no release,18.0,0.7902,,,,18.0,66.0
1790784341.602089,0,no release,18.0,1.4464,,,,18.0,66.0
1790784341.7666628,0,no release,18.0,0.7617,,,,18.0,66.0
1790784341.9022288,0,no release,18.0,0.8241,,,,18.0,66.0
1790784342.3964772,0,no release,18.0,0.7959,,,,18.0,66.0
1790784343.071172,0,no release,18.0,0.845,,,,18.0,66.0
1790784343.089527,0,no release,18.0,0.8558,,,,18.0,66.0
1790784345.5044281,0,no release,18.0,0.8208,,,,18.0,66.0
1790784348.3220203,0,no release,18.0,0.8081,,,,18.0,66.0
1790784348.4932718,0,no release,18.0,0.7765,,,,18.0,66.0
1790784348.711697,0,no release,18.0,0.7562,,,,18.0,66.0
1790784348.882521,0,no release,18.0,0.8301,,,,18.0,66.0
1790784349.3600261,0,no release,18.0,0.7756,,,,18.0,66.0
1790784350.005706,0,no release,18.0,0.8045,,,,18.0,66.0
1790784350.0240183,0,no release,18.0,0.8275,,,,18.0,66.0
1790784352.4837635,0,no release,18.0,0.8094,,,,18.0,66.0
1790784354.194931,0,no release,18.0,0.8027,,,,18.0,66.0
1790784354.3565927,0,no release,18.0,0.7609,,,,18.0,66.0
1790784354.5919297,0,no release,18.0,0.8416,,,,18.0,66.0
1790784354.8198042,0,no release,18.0,0.796,,,,18.0,66.0
1790784356.4759514,0,no release,18.0,0.7767,,,,18.0,66.0
1790784357.179993,0,no release,18.0,0.7965,,,,18.0,66.0
1790784357.204024,0,no release,18.0,0.7922,,,,18.0,66.0
1790784358.4666197,0,no release,18.0,0.8237,,,,18.0,66.0
1790784361.4290926,0,no release,18.0,0.7895,,,,18.0,66.0
1790784361.585955,0,no release,18.0,0.852,,,,18.0,66.0
1790784361.805317,0,no release,18.0,0.7838,,,,18.0,66.0
1790784362.0110915,0,no release,18.0,0.7642,,,,18.0,66.0
1790784362.5678148,0,no release,18.0,0.8498,,,,18.0,66.0
1790784364.3959024,0,no release,18.0,0.7951,,,,18.0,66.0
1790784364.4272106,0,no release,18.0,0.7543,,,,18.0,66.0
1790784365.735814,0,no release,18.0,0.8221,,,,18.0,66.0
1790784368.7396436,0,no release,18.0,0.7609,,,,18.0,66.0
1790784368.9131896,0,no release,18.0,0.8018,,,,18.0,66.0
1790784369.127993,0,no release,18.0,0.7764,,,,18.0,66.0
1790784369.3325953,0,no release,18.0,0.8202,,,,18.0,66.0
1790784369.8205633,0,no release,18.0,0.7743,,,,18.0,66.0
1790784370.5015192,0,no release,18.0,0.8453,,,,18.0,66.0
1790784370.5260527,0,no release,18.0,0.79,,,,18.0,66.0
1790784373.0265517,0,no release,18.0,0.7745,,,,18.0,66.0
1790784375.8923953,0,no release,18.0,0.849,,,,18.0,66.0
1790784376.0842006,0,no release,18.0,0.7455,,,,18.0,66.0
1790784376.3095906,0,no release,18.0,0.783,,,,18.0,66.0
1790784376.5234995,0,no release,18.0,0.8128,,,,18.0,66.0
1790784377.0541227,0,no release,18.0,0.7952,,,,18.0,66.0
1790784377.6894565,0,no release,18.0,0.7797,,,,18.0,66.0
1790784377.7086966,0,no release,18.0,0.7878,,,,18.0,66.0
1790784377.8275032,0,missed B,0.432,0.706,0.0799999999999983,0.9346920845863652,1.1303114902240192,18.0,66.0
1790784380.1908278,0,no release,18.0,0.8032,,,,18.0,66.0
1790784381.8758147,0,no release,18.0,0.831,,,,18.0,66.0
1790784382.0463202,0,no release,18.0,0.7922,,,,18.0,66.0
1790784382.268483,0,no release,18.0,0.7349,,,,18.0,66.0
1790784383.6150646,0,no release,18.0,0.7436,,,,18.0,66.0
1790784384.1679711,0,no release,18.0,0.8387,,,,18.0,66.0
1790784384.82396,0,no release,18.0,0.7974,,,,18.0,66.0
1790784384.958694,0,no release,18.0,0.8427,,,,18.0,66.0
1790784385.1738956,0,missed B,1.41,0.7709,0.9599999999999795,0.9835809734752531,1.2058206973540044,18.0,66.0
1790784386.1144054,0,no release,18.0,0.8031,,,,18.0,66.0
1790784389.0385509,0,no release,18.0,0.8597,,,,18.0,66.0
1790784389.2066061,0,no release,18.0,0.8006,,,,18.0,66.0
1790784389.4179676,0,no release,18.0,0.846,,,,18.0,66.0
1790784389.6214516,0,no release,18.0,0.7856,,,,18.0,66.0
1790784390.102668,0,no release,18.0,0.8682,,,,18.0,66.0
1790784392.096825,0,no release,18.0,0.8243,,,,18.0,66.0
1790784392.1642044,0,grip capacity exceeded,0.25,2.0285,,,,18.0,66.0
1790784392.3210495,0,no release,18.0,0.7576,,,,18.0,66.0
1790784393.1898124,0,no release,18.0,1.9243,,,,18.0,66.0
1790784396.1238406,0,no release,18.0,0.8175,,,,18.0,66.0
1790784396.281426,0,no release,18.0,0.7678,,,,18.0,66.0
1790784396.4870846,0,no release,18.0,0.7515,,,,18.0,66.0
1790784396.6714125,0,no release,18.0,0.7927,,,,18.0,66.0
1790784397.1590772,0,no release,18.0,0.7689,,,,18.0,66.0
1790784399.1117475,0,no release,18.0,1.4217,,,,18.0,66.0
1790784399.2909493,0,no release,18.0,0.7959,,,,18.0,66.0
1790784400.234568,0,no release,18.0,0.756,,,,18.0,66.0
1790784403.0959194,0,no release,18.0,0.7945,,,,18.0,66.0
1790784403.2637868,0,no release,18.0,0.7734,,,,18.0,66.0
1790784403.4829812,0,no release,18.0,0.7721,,,,18.0,66.0
1790784403.695142,0,no release,18.0,0.7243,,,,18.0,66.0
1790784404.2567258,0,no release,18.0,0.7826,,,,18.0,66.0
1790784405.039258,0,no release,18.0,0.8376,,,,18.0,66.0
1790784405.2026908,0,no release,18.0,1.3152,,,,18.0,66.0
1790784407.3102262,0,no release,18.0,0.809,,,,18.0,66.0
1790784408.9834733,0,no release,18.0,0.784,,,,18.0,66.0
1790784409.1575792,0,no release,18.0,0.8412,,,,18.0,66.0
1790784409.377938,0,no release,18.0,0.7676,,,,18.0,66.0
1790784410.7061555,0,no release,18.0,0.7719,,,,18.0,66.0
1790784411.2656214,0,no release,18.0,0.7899,,,,18.0,66.0
1790784412.1020577,0,no release,18.0,0.7757,,,,18.0,66.0
1790784412.260856,0,no release,18.0,0.7488,,,,18.0,66.0
1790784413.1992152,0,no release,18.0,0.819,,,,18.0,66.0
1790784416.0732734,0,no release,18.0,0.858,,,,18.0,66.0
1790784416.2573192,0,no release,18.0,0.8099,,,,18.0,66.0
1790784416.4538167,0,no release,18.0,0.8029,,,,18.0,66.0
1790784416.6412609,0,no release,18.0,0.7561,,,,18.0,66.0
1790784417.124962,0,no release,18.0,0.7994,,,,18.0,66.0
1790784419.1313148,0,no release,18.0,0.8071,,,,18.0,66.0
1790784419.3050528,0,no release,18.0,0.7519,,,,18.0,66.0
1790784420.2538567,0,no release,18.0,0.7339,,,,18.0,66.0
1790784423.1995976,0,no release,18.0,0.7991,,,,18.0,66.0
1790784423.394529,0,no release,18.0,0.7746,,,,18.0,66.0
1790784423.5973916,0,no release,18.0,0.7674,,,,18.0,66.0
1790784423.7943394,0,no release,18.0,0.7707,,,,18.0,66.0
1790784424.286695,0,no release,18.0,0.7833,,,,18.0,66.0
1790784426.2064312,0,no release,18.0,0.8149,,,,18.0,66.0
1790784426.3936555,0,no release,18.0,0.7233,,,,18.0,66.0
1790784427.3813965,0,no release,18.0,0.7907,,,,18.0,66.0
1790784430.3288229,0,no release,18.0,0.7883,,,,18.0,66.0
1790784430.513838,0,no release,18.0,0.7664,,,,18.0,66.0
1790784430.7314541,0,no release,18.0,0.807,,,,18.0,66.0
1790784430.9189224,0,no release,18.0,0.8873,,,,18.0,66.0
1790784431.4142232,0,no release,18.0,0.8046,,,,18.0,66.0
1790784432.2310789,0,no release,18.0,0.7777,,,,18.0,66.0
1790784432.3916144,0,no release,18.0,0.7906,,,,18.0,66.0
1790784434.5175147,0,no release,18.0,0.7216,,,,18.0,66.0
1790784436.2904203,0,no release,18.0,0.8048,,,,18.0,66.0
1790784436.436759,0,no release,18.0,0.8053,,,,18.0,66.0
1790784437.7187402,0,no release,18.0,0.8336,,,,18.0,66.0
1790784437.9249816,0,no release,18.0,0.8118,,,,18.0,66.0
1790784438.4499476,0,no release,18.0,0.7919,,,,18.0,66.0
1790784439.237345,0,no release,18.0,0.8176,,,,18.0,66.0
1790784439.4449818,0,no release,18.0,0.8021,,,,18.0,66.0
1790784440.3035293,0,no release,18.0,0.7408,,,,18.0,66.0
1790784443.1892722,0,no release,18.0,0.7607,,,,18.0,66.0
1790784443.3665364,0,no release,18.0,0.8386,,,,18.0,66.0
1790784443.5585535,0,no release,18.0,0.7921,,,,18.0,66.0
1790784443.7358496,0,no release,18.0,0.8062,,,,18.0,66.0
1790784445.191618,0,no release,18.0,0.8411,,,,18.0,66.0
1790784446.0519047,0,no release,18.0,0.7687,,,,18.0,66.0
1790784446.2166286,0,no release,18.0,0.8611,,,,18.0,66.0
1790784447.180976,0,no release,18.0,0.9456,,,,18.0,66.0
1790784449.9650164,0,no release,18.0,0.8235,,,,18.0,66.0
1790784450.1369562,0,no release,18.0,0.8039,,,,18.0,66.0
1790784450.3470306,0,no release,18.0,0.7756,,,,18.0,66.0
1790784450.3691502,0,grip capacity exceeded,0.066,2.2948,,,,18.0,66.0
1790784450.5250316,0,no release,18.0,0.7374,,,,18.0,66.0
1790784451.0271285,0,no release,18.0,0.782,,,,18.0,66.0
1790784453.0413928,0,no release,18.0,0.7928,,,,18.0,66.0
1790784453.225993,0,no release,18.0,0.8067,,,,18.0,66.0
1790784454.1626441,0,no release,18.0,0.8837,,,,18.0,66.0
1790784457.0884933,0,no release,18.0,0.8262,,,,18.0,66.0
1790784457.2802353,0,no release,18.0,0.7747,,,,18.0,66.0
1790784457.5078008,0,no release,18.0,0.7651,,,,18.0,66.0
1790784457.667912,0,no release,18.0,0.9819,,,,18.0,66.0
1790784458.149625,0,no release,18.0,0.7646,,,,18.0,66.0
1790784459.0455017,0,no release,18.0,0.8182,,,,18.0,66.0
1790784459.2377098,0,no release,18.0,0.7483,,,,18.0,66.0
1790784461.436414,0,no release,18.0,0.8,,,,18.0,66.0
1790784463.230935,0,no release,18.0,0.8043,,,,18.0,66.0
1790784463.3813648,0,no release,18.0,0.7283,,,,18.0,66.0
1790784464.752093,0,no release,18.0,0.7885,,,,18.0,66.0
1790784464.9399683,0,no release,18.0,0.8228,,,,18.0,66.0
1790784465.4247782,0,no release,18.0,0.807,,,,18.0,66.0
1790784466.3208816,0,no release,18.0,0.8348,,,,18.0,66.0
1790784466.5099196,0,no release,18.0,0.8199,,,,18.0,66.0
1790784466.5912807,0,grip capacity exceeded,0.252,2.6501,,,,18.0,66.0
1790784468.6437953,0,no release,18.0,0.7454,,,,18.0,66.0
1790784470.5087924,0,no release,18.0,0.7743,,,,18.0,66.0
1790784470.712812,0,no release,18.0,0.7793,,,,18.0,66.0
1790784470.8043938,0,grip capacity exceeded,0.304,2.1441,,,,18.0,66.0
1790784470.9492314,0,no release,18.0,0.8188,,,,18.0,66.0
1790784470.9684327,0,grip capacity exceeded,0.07,3.0183,,,,18.0,66.0
1790784471.1066394,0,no release,18.0,0.7944,,,,18.0,66.0
1790784472.724112,0,no release,18.0,0.8318,,,,18.0,66.0
1790784473.6326723,0,no release,18.0,0.7734,,,,18.0,66.0
1790784473.8652344,0,no release,18.0,0.8176,,,,18.0,66.0
1790784474.7726786,0,no release,18.0,0.8176,,,,18.0,66.0
1790784477.7378457,0,no release,18.0,0.7697,,,,18.0,66.0
1790784477.983346,0,no release,18.0,0.9562,,,,18.0,66.0
1790784478.1534977,0,no release,18.0,0.9577,,,,18.0,66.0
1790784478.3136415,0,no release,18.0,0.7367,,,,18.0,66.0
1790784478.8950608,0,no release,18.0,0.7675,,,,18.0,66.0
1790784480.9426954,0,no release,18.0,0.7949,,,,18.0,66.0
1790784481.221049,0,no release,18.0,0.7543,,,,18.0,66.0
1790784482.0520637,0,no release,18.0,0.7466,,,,18.0,66.0
1790784485.0325015,0,no release,18.0,0.7398,,,,18.0,66.0
1790784485.2711794,0,no release,18.0,0.7914,,,,18.0,66.0
1790784485.4321206,0,no release,18.0,0.7765,,,,18.0,66.0
1790784485.5747073,0,no release,18.0,0.7831,,,,18.0,66.0
1790784486.1261132,0,no release,18.0,0.7697,,,,18.0,66.0
1790784487.0473537,0,no release,18.0,0.7627,,,,18.0,66.0
1790784487.263868,0,no release,18.0,0.7411,,,,18.0,66.0
1790784489.1722424,0,no release,18.0,0.7944,,,,18.0,66.0
1790784490.941897,0,no release,18.0,0.7634,,,,18.0,66.0
1790784492.3159733,0,no release,18.0,0.7791,,,,18.0,66.0
1790784492.4687266,0,no release,18.0,0.8361,,,,18.0,66.0
1790784492.6288886,0,no release,18.0,0.8118,,,,18.0,66.0
1790784493.165092,0,no release,18.0,0.8258,,,,18.0,66.0
1790784494.0984674,0,no release,18.0,0.7705,,,,18.0,66.0
1790784494.3244474,0,no release,18.0,0.8083,,,,18.0,66.0
1790784496.3155699,0,no release,18.0,0.7997,,,,18.0,66.0
1790784498.128194,0,no release,18.0,0.7769,,,,18.0,66.0
1790784498.4000986,0,no release,18.0,0.7927,,,,18.0,66.0
1790784498.5534837,0,no release,18.0,0.8281,,,,18.0,66.0
1790784498.7095323,0,no release,18.0,0.7769,,,,18.0,66.0
1790784500.2730088,0,no release,18.0,0.8322,,,,18.0,66.0
1790784501.1268187,0,no release,18.0,0.8088,,,,18.0,66.0
1790784501.3578734,0,no release,18.0,0.7705,,,,18.0,66.0
1790784502.2729425,0,no release,18.0,0.7869,,,,18.0,66.0
1790784505.0759408,0,no release,18.0,0.7691,,,,18.0,66.0
1790784505.3659494,0,no release,18.0,0.8376,,,,18.0,66.0
1790784505.5325913,0,no release,18.0,0.7777,,,,18.0,66.0
1790784505.6922433,0,no release,18.0,0.7952,,,,18.0,66.0
1790784506.1973457,0,no release,18.0,0.8054,,,,18.0,66.0
1790784508.13559,0,no release,18.0,0.7716,,,,18.0,66.0
1790784508.3648922,0,no release,18.0,0.7502,,,,18.0,66.0
1790784509.2740202,0,no release,18.0,0.851,,,,18.0,66.0
1790784512.0807066,0,no release,18.0,0.86,,,,18.0,66.0
1790784512.3528972,0,no release,18.0,0.806,,,,18.0,66.0
1790784512.5331998,0,no release,18.0,0.7393,,,,18.0,66.0
1790784512.701167,0,no release,18.0,0.7507,,,,18.0,66.0
1790784513.2600043,0,no release,18.0,0.7461,,,,18.0,66.0
1790784514.0995686,0,no release,18.0,0.7488,,,,18.0,66.0
1790784515.4201927,0,no release,18.0,0.8182,,,,18.0,66.0
1790784516.327479,0,no release,18.0,0.7491,,,,18.0,66.0
1790784518.1025846,0,no release,18.0,0.7805,,,,18.0,66.0
1790784519.4414022,0,no release,18.0,0.7871,,,,18.0,66.0
1790784519.6231112,0,no release,18.0,0.7574,,,,18.0,66.0
1790784519.7737505,0,no release,18.0,0.7988,,,,18.0,66.0
1790784520.284562,0,no release,18.0,0.7941,,,,18.0,66.0
1790784521.1929255,0,no release,18.0,0.7289,,,,18.0,66.0
1790784521.4298682,0,no release,18.0,0.7498,,,,18.0,66.0
1790784523.3457744,0,no release,18.0,0.7589,,,,18.0,66.0
1790784525.1174893,0,no release,18.0,0.7708,,,,18.0,66.0
1790784525.3812745,0,no release,18.0,1.1329,,,,18.0,66.0
1790784525.5444143,0,no release,18.0,0.7966,,,,18.0,66.0
1790784525.6798701,0,no release,18.0,0.7423,,,,18.0,66.0
1790784527.284882,0,no release,18.0,0.7923,,,,18.0,66.0
1790784527.6050737,0,missed B,5.326,0.7535,4.979999999999894,0.20691430680858167,1.5707499993875678,18.0,66.0
1790784528.10729,0,no release,18.0,0.7893,,,,18.0,66.0
1790784528.3665175,0,no release,18.0,0.7626,,,,18.0,66.0
1790784529.2559361,0,no release,18.0,0.7466,,,,18.0,66.0
1790784532.2772532,0,no release,18.0,0.8525,,,,18.0,66.0
1790784532.4598632,0,no release,18.0,0.7977,,,,18.0,66.0
1790784532.6069071,0,no release,18.0,0.771,,,,18.0,66.0
1790784533.0591145,0,no release,18.0,0.8023,,,,18.0,66.0
1790784534.5359068,0,no release,18.0,0.7491,,,,18.0,66.0
1790784535.0403893,0,no release,18.0,0.8057,,,,18.0,66.0
1790784535.297604,0,no release,18.0,0.7734,,,,18.0,66.0
1790784536.2303581,0,no release,18.0,0.7576,,,,18.0,66.0
1790784536.9050741,0,missed B,8.748,0.7776,8.619999999999816,0.40913652903079956,2.420643800232683,18.0,66.0
1790784539.3131382,0,no release,18.0,0.7264,,,,18.0,66.0
1790784539.491878,0,no release,18.0,0.7945,,,,18.0,66.0
1790784539.6465042,0,no release,18.0,0.7961,,,,18.0,66.0
1790784540.1565654,0,no release,18.0,0.7578,,,,18.0,66.0
1790784540.9865305,0,no release,18.0,0.7491,,,,18.0,66.0
1790784542.3330235,0,no release,18.0,0.8273,,,,18.0,66.0
1790784543.2217114,0,no release,18.0,0.7425,,,,18.0,66.0
1790784543.9073565,0,no release,18.0,0.7756,,,,18.0,66.0
1790784546.224552,0,no release,18.0,0.7658,,,,18.0,66.0
1790784546.39296,0,no release,18.0,0.7493,,,,18.0,66.0
1790784546.5409992,0,no release,18.0,0.7613,,,,18.0,66.0
1790784547.046015,0,no release,18.0,0.7697,,,,18.0,66.0
1790784547.8971581,0,no release,18.0,0.7506,,,,18.0,66.0
1790784548.1373038,0,no release,18.0,0.976,,,,18.0,66.0
1790784550.0913465,0,no release,18.0,0.7557,,,,18.0,66.0
1790784550.215376,0,missed B,0.468,0.6657,0.0799999999999983,0.9346920845863652,1.2382570218288886,18.0,66.0
1790784550.7948923,0,no release,18.0,1.0802,,,,18.0,66.0
1790784552.0822895,0,no release,18.0,0.8058,,,,18.0,66.0
1790784552.2397678,0,no release,18.0,0.7298,,,,18.0,66.0
1790784552.382257,0,no release,18.0,0.761,,,,18.0,66.0
1790784553.9741874,0,no release,18.0,0.7512,,,,18.0,66.0
1790784554.8504088,0,no release,18.0,0.8103,,,,18.0,66.0
1790784555.1120725,0,no release,18.0,0.7672,,,,18.0,66.0
1790784556.0298378,0,no release,18.0,0.7596,,,,18.0,66.0
1790784557.6887643,0,no release,18.0,0.8059,,,,18.0,66.0
1790784559.008387,0,no release,18.0,0.7606,,,,18.0,66.0
1790784559.1627383,0,no release,18.0,0.7513,,,,18.0,66.0
1790784559.2865167,0,no release,18.0,0.7588,,,,18.0,66.0
1790784559.8000355,0,no release,18.0,0.7951,,,,18.0,66.0
1790784561.340697,0,missed B,3.622,0.7557,3.179999999999932,0.1069143068085838,1.2941950815443486,18.0,66.0
1790784561.7177904,0,no release,18.0,0.7582,,,,18.0,66.0
1790784561.9769597,0,no release,18.0,0.8782,,,,18.0,66.0
1790784562.9605572,0,no release,18.0,0.8024,,,,18.0,66.0
1790784563.5799725,0,no release,18.0,0.8674,,,,18.0,66.0
1790784565.977606,0,no release,18.0,0.8029,,,,18.0,66.0
1790784566.1397383,0,no release,18.0,0.7764,,,,18.0,66.0
1790784566.8012223,0,no release,18.0,0.7774,,,,18.0,66.0
1790784567.2864733,0,no release,18.0,0.7547,,,,18.0,66.0
1790784567.7342265,0,no release,18.0,0.7785,,,,18.0,66.0
1790784569.1030924,0,no release,18.0,0.795,,,,18.0,66.0
1790784570.0563748,0,no release,18.0,0.7755,,,,18.0,66.0
1790784570.6403062,0,no release,18.0,0.7776,,,,18.0,66.0
1790784572.9972134,0,no release,18.0,0.8332,,,,18.0,66.0
1790784573.1499884,0,no release,18.0,0.7843,,,,18.0,66.0
1790784573.8227768,0,no release,18.0,0.8089,,,,18.0,66.0
1790784574.2931635,0,no release,18.0,0.8069,,,,18.0,66.0
1790784574.7300215,0,no release,18.0,0.7818,,,,18.0,66.0
1790784574.9439666,0,no release,18.0,0.8485,,,,18.0,66.0
1790784577.1656592,0,no release,18.0,0.7633,,,,18.0,66.0
1790784577.7686574,0,no release,18.0,0.7785,,,,18.0,66.0
1790784579.1444783,0,no release,18.0,0.768,,,,18.0,66.0
1790784579.321768,0,no release,18.0,0.7434,,,,18.0,66.0
1790784581.0833552,0,no release,18.0,0.7642,,,,18.0,66.0
1790784581.5732298,0,no release,18.0,0.8316,,,,18.0,66.0
1790784581.9702044,0,no release,18.0,0.7593,,,,18.0,66.0
1790784582.1896522,0,no release,18.0,0.7674,,,,18.0,66.0
1790784583.2155213,0,no release,18.0,0.7674,,,,18.0,66.0
1790784584.944575,0,no release,18.0,0.7426,,,,18.0,66.0
1790784586.2507842,0,no release,18.0,0.7861,,,,18.0,66.0
1790784586.422538,0,no release,18.0,0.7586,,,,18.0,66.0
1790784587.122756,0,no release,18.0,0.7754,,,,18.0,66.0
1790784588.805958,0,no release,18.0,0.8938,,,,18.0,66.0
1790784589.2165978,0,no release,18.0,0.8304,,,,18.0,66.0
1790784589.471585,0,no release,18.0,0.8085,,,,18.0,66.0
1790784590.0837998,0,missed B,9.0,0.8516,8.87999999999981,0.4235809734752437,2.3323420496509977,18.0,66.0
1790784590.43966,0,no release,18.0,0.7666,,,,18.0,66.0
1790784591.0837455,0,no release,18.0,0.7921,,,,18.0,66.0
1790784593.5055149,0,no release,18.0,0.7791,,,,18.0,66.0
1790784594.3499575,0,no release,18.0,0.7711,,,,18.0,66.0
1790784594.8404152,0,no release,18.0,0.7763,,,,18.0,66.0
1790784596.42449,0,no release,18.0,0.742,,,,18.0,66.0
1790784596.653929,0,no release,18.0,1.1539,,,,18.0,66.0
1790784597.2552302,0,no release,18.0,0.7846,,,,18.0,66.0
1790784597.6217694,0,no release,18.0,0.7815,,,,18.0,66.0
1790784598.1817648,0,no release,18.0,0.7762,,,,18.0,66.0
1790784600.6762457,0,no release,18.0,0.7947,,,,18.0,66.0
1790784601.499775,0,no release,18.0,0.7573,,,,18.0,66.0
1790784601.7302775,0,missed B,0.832,0.7278,0.4599999999999902,0.955803195697476,0.9378144405613756,18.0,66.0
1790784601.967765,0,no release,18.0,0.8035,,,,18.0,66.0
1790784602.3962204,0,no release,18.0,0.8493,,,,18.0,66.0
1790784602.6797316,0,no release,18.0,0.7822,,,,18.0,66.0
1790784604.4816241,0,no release,18.0,0.8231,,,,18.0,66.0
1790784604.8638644,0,no release,18.0,0.7613,,,,18.0,66.0
1790784605.4404142,0,no release,18.0,0.8053,,,,18.0,66.0
1790784606.8219705,0,no release,18.0,0.7724,,,,18.0,66.0
1790784608.9761665,0,no release,18.0,0.7198,,,,18.0,66.0
1790784609.218871,0,no release,18.0,0.7904,,,,18.0,66.0
1790784609.6178734,0,no release,18.0,0.8235,,,,18.0,66.0
1790784609.8646698,0,no release,18.0,0.8321,,,,18.0,66.0
1790784610.5658686,0,no release,18.0,0.7891,,,,18.0,66.0
1790784610.9671686,0,no release,18.0,0.9863,,,,18.0,66.0
1790784612.671438,0,no release,18.0,0.741,,,,18.0,66.0
1790784613.4141173,0,missed B,6.212,0.8414,5.899999999999874,0.2580254179196917,1.6452003007170966,18.0,66.0
1790784614.0318651,0,no release,18.0,0.7918,,,,18.0,66.0
1790784614.0597773,0,slipped off A,0.074,0.9017,,,,18.0,66.0
1790784614.2969508,0,missed B,12.546,0.7536,12.299999999999738,0.6135809734752397,2.029916387656504,18.0,66.0
1790784616.2485414,0,no release,18.0,0.8009,,,,18.0,66.0
1790784616.4926615,0,no release,18.0,0.8221,,,,18.0,66.0
1790784617.1614559,0,no release,18.0,0.7964,,,,18.0,66.0
1790784617.4407012,0,missed B,0.998,0.668,0.5799999999999876,0.9624698623641424,0.9628089699956083,18.0,66.0
1790784618.207992,0,no release,18.0,0.7436,,,,18.0,66.0
1790784618.8300705,0,no release,18.0,0.7691,,,,18.0,66.0
1790784620.700764,0,no release,18.0,0.8,,,,18.0,66.0
1790784621.2758124,0,no release,18.0,0.8314,,,,18.0,66.0
1790784621.4846308,0,no release,18.0,0.7994,,,,18.0,66.0
1790784622.2983673,0,no release,18.0,0.7905,,,,18.0,66.0
1790784622.5506997,0,no release,18.0,0.7627,,,,18.0,66.0
1790784624.621027,0,no release,18.0,0.768,,,,18.0,66.0
1790784625.3613844,0,no release,18.0,0.7707,,,,18.0,66.0
1790784625.9398096,0,no release,18.0,0.7556,,,,18.0,66.0
1790784626.6818178,0,no release,18.0,0.7769,,,,18.0,66.0
1790784628.4379427,0,no release,18.0,0.7543,,,,18.0,66.0
1790784628.6429389,0,no release,18.0,1.0136,,,,18.0,66.0
1790784629.4282017,0,no release,18.0,0.7698,,,,18.0,66.0
1790784629.6915777,0,no release,18.0,0.827,,,,18.0,66.0
1790784630.6380715,0,no release,18.0,0.7523,,,,18.0,66.0
1790784632.4755912,0,no release,18.0,0.8286,,,,18.0,66.0
1790784633.0178585,0,no release,18.0,0.8325,,,,18.0,66.0
1790784633.7381847,0,no release,18.0,0.7502,,,,18.0,66.0
1790784634.3437645,0,no release,18.0,1.2314,,,,18.0,66.0
1790784635.7036896,0,no release,18.0,0.7695,,,,18.0,66.0
1790784636.4729574,0,no release,18.0,0.8725,,,,18.0,66.0
1790784636.6811805,0,no release,18.0,0.8077,,,,18.0,66.0
1790784637.5197198,0,no release,18.0,0.8846,,,,18.0,66.0
1790784639.393348,0,no release,18.0,0.7781,,,,18.0,66.0
1790784639.998037,0,no release,18.0,0.8313,,,,18.0,66.0
1790784640.649668,0,no release,18.0,0.7468,,,,18.0,66.0
1790784641.1925113,0,no release,18.0,0.8236,,,,18.0,66.0
1790784641.409851,0,no release,18.0,0.8007,,,,18.0,66.0
1790784643.3834107,0,no release,18.0,0.7872,,,,18.0,66.0
1790784643.6422238,0,no release,18.0,0.8117,,,,18.0,66.0
1790784643.9253607,0,missed B,5.856,0.7988,5.61999999999988,0.24246986236413648,1.9246076712675357,18.0,66.0
1790784644.4119143,0,no release,18.0,0.7413,,,,18.0,66.0
1790784645.1037612,0,no release,18.0,0.8329,,,,18.0,66.0
1790784645.7241561,0,no release,18.0,0.7919,,,,18.0,66.0
1790784647.5575144,0,no release,18.0,0.7938,,,,18.0,66.0
1790784648.2606304,0,no release,18.0,0.814,,,,18.0,66.0
1790784649.0395813,0,no release,18.0,0.7904,,,,18.0,66.0
1790784649.3021514,0,no release,18.0,0.7643,,,,18.0,66.0
1790784650.781412,0,no release,18.0,0.8321,,,,18.0,66.0
1790784651.1794329,0,missed B,17.154,0.8003,16.79999999999992,0.8635809734752498,1.3092516847756053,18.0,66.0
1790784652.0021565,0,no release,18.0,0.8152,,,,18.0,66.0
1790784652.533438,0,no release,18.0,0.7544,,,,18.0,66.0
1790784654.4215567,0,no release,18.0,0.7652,,,,18.0,66.0
1790784655.2405891,0,no release,18.0,0.7941,,,,18.0,66.0
1790784656.006007,0,no release,18.0,0.7711,,,,18.0,66.0
1790784656.2290077,0,no release,18.0,0.8121,,,,18.0,66.0
1790784656.5353844,0,no release,18.0,0.767,,,,18.0,66.0
1790784656.9323142,0,no release,18.0,0.8194,,,,18.0,66.0
1790784659.0357964,0,no release,18.0,0.8223,,,,18.0,66.0
1790784659.6099017,0,no release,18.0,0.7523,,,,18.0,66.0
1790784660.2793984,0,no release,18.0,0.7928,,,,18.0,66.0
1790784662.2760565,0,no release,18.0,0.744,,,,18.0,66.0
1790784663.0800648,0,no release,18.0,0.8223,,,,18.0,66.0
1790784663.3378382,0,no release,18.0,0.8151,,,,18.0,66.0
1790784663.621662,0,no release,18.0,0.8537,,,,18.0,66.0
1790784663.9741783,0,no release,18.0,0.7551,,,,18.0,66.0
1790784666.0466883,0,no release,18.0,0.7865,,,,18.0,66.0
1790784666.639437,0,no release,18.0,0.8014,,,,18.0,66.0
1790784667.4125032,0,no release,18.0,0.8244,,,,18.0,66.0
1790784668.1949475,0,no release,18.0,0.823,,,,18.0,66.0
1790784670.137819,0,no release,18.0,0.8084,,,,18.0,66.0
1790784670.4143558,0,no release,18.0,0.7632,,,,18.0,66.0
1790784670.7257988,0,no release,18.0,0.8224,,,,18.0,66.0
1790784671.1196666,0,no release,18.0,0.8655,,,,18.0,66.0
1790784672.0075572,0,no release,18.0,0.7755,,,,18.0,66.0
1790784673.7649179,0,no release,18.0,0.8136,,,,18.0,66.0
1790784674.5190191,0,no release,18.0,0.8747,,,,18.0,66.0
1790784675.2881844,0,no release,18.0,0.7666,,,,18.0,66.0
1790784676.0671148,0,no release,18.0,0.7591,,,,18.0,66.0
1790784676.3093667,0,no release,18.0,0.8461,,,,18.0,66.0
1790784677.7331605,0,no release,18.0,0.8089,,,,18.0,66.0
1790784678.1783035,0,no release,18.0,0.7857,,,,18.0,66.0
1790784679.0999277,0,no release,18.0,0.8737,,,,18.0,66.0
1790784679.6255276,0,no release,18.0,0.794,,,,18.0,66.0
1790784681.4532316,0,no release,18.0,0.762,,,,18.0,66.0
1790784682.3227804,0,no release,18.0,0.7851,,,,18.0,66.0
1790784683.0722098,0,no release,18.0,0.7749,,,,18.0,66.0
1790784683.282382,0,no release,18.0,0.7845,,,,18.0,66.0
1790784683.5605328,0,no release,18.0,0.8321,,,,18.0,66.0
1790784683.9235458,0,no release,18.0,0.8389,,,,18.0,66.0
1790784686.0599976,0,no release,18.0,0.8342,,,,18.0,66.0
1790784686.6523652,0,no release,18.0,0.8867,,,,18.0,66.0
1790784687.2201762,0,no release,18.0,0.8168,,,,18.0,66.0
1790784689.0901814,0,no release,18.0,0.8291,,,,18.0,66.0
1790784689.961857,0,no release,18.0,0.785,,,,18.0,66.0
1790784690.2087042,0,no release,18.0,0.7814,,,,18.0,66.0
1790784690.4786441,0,no release,18.0,0.7758,,,,18.0,66.0
1790784690.785797,0,no release,18.0,0.7572,,,,18.0,66.0
1790784692.743454,0,no release,18.0,0.7471,,,,18.0,66.0
1790784693.4245412,0,no release,18.0,0.8029,,,,18.0,66.0
1790784694.1743548,0,no release,18.0,0.8003,,,,18.0,66.0
1790784694.8622606,0,no release,18.0,0.8639,,,,18.0,66.0
1790784696.7607944,0,no release,18.0,0.7727,,,,18.0,66.0
1790784697.0194547,0,no release,18.0,0.77,,,,18.0,66.0
1790784697.3296409,0,no release,18.0,0.8965,,,,18.0,66.0
1790784697.7186165,0,no release,18.0,0.8076,,,,18.0,66.0
1790784698.5980854,0,no release,18.0,0.8095,,,,18.0,66.0
1790784700.2639334,0,no release,18.0,0.7186,,,,18.0,66.0
1790784701.0413892,0,no release,18.0,0.7739,,,,18.0,66.0
1790784701.88107,0,no release,18.0,0.8335,,,,18.0,66.0
1790784702.6393592,0,no release,18.0,0.8451,,,,18.0,66.0
1790784702.8614192,0,no release,18.0,0.7514,,,,18.0,66.0
1790784704.3580472,0,no release,18.0,0.8402,,,,18.0,66.0
1790784704.7510014,0,no release,18.0,0.7661,,,,18.0,66.0
1790784705.7082129,0,no release,18.0,0.8652,,,,18.0,66.0
1790784706.3396916,0,no release,18.0,0.8055,,,,18.0,66.0
1790784708.1114526,0,no release,18.0,0.8344,,,,18.0,66.0
1790784708.9546154,0,no release,18.0,0.7752,,,,18.0,66.0
1790784709.83497,0,no release,18.0,0.8275,,,,18.0,66.0
1790784710.106464,0,no release,18.0,0.8079,,,,18.0,66.0
1790784710.3985596,0,no release,18.0,0.8505,,,,18.0,66.0
1790784711.941107,0,no release,18.0,0.8374,,,,18.0,66.0
1790784712.566178,0,missed B,8.892,0.8168,8.759999999999813,0.4169143068085772,2.4552791396523346,18.0,66.0
1790784712.9153154,0,no release,18.0,0.8441,,,,18.0,66.0
1790784713.5572996,0,no release,18.0,0.8549,,,,18.0,66.0
1790784714.340758,0,no release,18.0,0.774,,,,18.0,66.0
1790784717.1392922,0,no release,18.0,0.799,,,,18.0,66.0
1790784717.4247868,0,no release,18.0,0.8484,,,,18.0,66.0
1790784717.7651484,0,no release,18.0,0.803,,,,18.0,66.0
1790784718.1571732,0,no release,18.0,0.858,,,,18.0,66.0
1790784718.7849512,0,no release,18.0,0.7378,,,,18.0,66.0
1790784720.2957704,0,no release,18.0,0.8318,,,,18.0,66.0
1790784720.95432,0,no release,18.0,0.7931,,,,18.0,66.0
1790784721.6952286,0,no release,18.0,0.7742,,,,18.0,66.0
1790784724.3791714,0,no release,18.0,0.8909,,,,18.0,66.0
1790784724.6539698,0,no release,18.0,0.826,,,,18.0,66.0
1790784724.9792783,0,no release,18.0,0.8773,,,,18.0,66.0
1790784725.367147,0,no release,18.0,0.7449,,,,18.0,66.0
1790784725.9736717,0,no release,18.0,0.8456,,,,18.0,66.0
1790784726.2385812,0,no release,18.0,0.7624,,,,18.0,66.0
1790784727.799431,0,no release,18.0,0.7659,,,,18.0,66.0
1790784728.604023,0,no release,18.0,0.8039,,,,18.0,66.0
1790784730.062013,0,no release,18.0,0.7973,,,,18.0,66.0
1790784731.3184218,0,no release,18.0,0.8032,,,,18.0,66.0
1790784731.64229,0,no release,18.0,0.8709,,,,18.0,66.0
1790784732.035155,0,no release,18.0,0.7906,,,,18.0,66.0
1790784732.788192,0,no release,18.0,0.8727,,,,18.0,66.0
1790784733.1369634,0,no release,18.0,0.781,,,,18.0,66.0
1790784733.2932317,0,missed B,0.53,0.7887,0.13999999999999702,0.9380254179196985,1.2613775928636037,18.0,66.0
1790784733.7564375,0,no release,18.0,1.06,,,,18.0,66.0
1790784735.4834204,0,no release,18.0,0.7972,,,,18.0,66.0
1790784737.3664398,0,no release,18.0,0.7653,,,,18.0,66.0
1790784737.5888445,0,no release,18.0,0.8106,,,,18.0,66.0
1790784737.8457623,0,no release,18.0,0.7894,,,,18.0,66.0
1790784739.2976222,0,no release,18.0,0.8466,,,,18.0,66.0
1790784740.0373394,0,no release,18.0,0.799,,,,18.0,66.0
1790784740.5574584,0,no release,18.0,0.8412,,,,18.0,66.0
1790784741.0583816,0,no release,18.0,0.8058,,,,18.0,66.0
1790784741.7398856,0,no release,18.0,0.7868,,,,18.0,66.0
1790784744.6079257,0,no release,18.0,0.7954,,,,18.0,66.0
1790784744.866081,0,no release,18.0,0.7647,,,,18.0,66.0
1790784745.1735353,0,no release,18.0,0.7733,,,,18.0,66.0
1790784745.5341625,0,no release,18.0,0.7465,,,,18.0,66.0
1790784747.302131,0,no release,18.0,0.8042,,,,18.0,66.0
1790784747.8427029,0,no release,18.0,0.8222,,,,18.0,66.0
1790784748.3454852,0,no release,18.0,0.8631,,,,18.0,66.0
1790784749.1301699,0,no release,18.0,0.8069,,,,18.0,66.0
1790784752.054441,0,no release,18.0,0.8586,,,,18.0,66.0
1790784752.3335404,0,no release,18.0,0.8971,,,,18.0,66.0
1790784752.6313586,0,no release,18.0,0.7922,,,,18.0,66.0
1790784753.024101,0,no release,18.0,0.826,,,,18.0,66.0
1790784753.7191186,0,no release,18.0,0.7927,,,,18.0,66.0
1790784754.1233985,0,no release,18.0,0.7361,,,,18.0,66.0
1790784755.6965554,0,no release,18.0,0.8038,,,,18.0,66.0
1790784756.3707623,0,no release,18.0,0.7962,,,,18.0,66.0
1790784757.9931161,0,no release,18.0,0.8083,,,,18.0,66.0
1790784759.2976983,0,no release,18.0,0.8205,,,,18.0,66.0
1790784759.5758386,0,no release,18.0,0.7706,,,,18.0,66.0
1790784759.9604735,0,no release,18.0,0.8446,,,,18.0,66.0
1790784760.643231,0,no release,18.0,0.7422,,,,18.0,66.0
1790784761.1063554,0,no release,18.0,0.7758,,,,18.0,66.0
1790784761.5337434,0,no release,18.0,0.7914,,,,18.0,66.0
1790784763.2959394,0,no release,18.0,0.8024,,,,18.0,66.0
1790784765.0089562,0,no release,18.0,0.7839,,,,18.0,66.0
1790784765.254606,0,no release,18.0,0.8137,,,,18.0,66.0
1790784765.526497,0,no release,18.0,0.8807,,,,18.0,66.0
1790784766.9605348,0,no release,18.0,0.8104,,,,18.0,66.0
1790784767.6488256,0,no release,18.0,0.8045,,,,18.0,66.0
1790784768.129219,0,no release,18.0,0.8278,,,,18.0,66.0
1790784768.5895078,0,no release,18.0,0.8219,,,,18.0,66.0
1790784769.30611,0,no release,18.0,0.77,,,,18.0,66.0
1790784772.0520213,0,no release,18.0,0.7447,,,,18.0,66.0
1790784772.2882104,0,no release,18.0,0.7833,,,,18.0,66.0
1790784772.581662,0,no release,18.0,0.7496,,,,18.0,66.0
1790784772.9561474,0,no release,18.0,0.8309,,,,18.0,66.0
1790784774.6019099,0,no release,18.0,0.8064,,,,18.0,66.0
1790784775.0675972,0,no release,18.0,0.8397,,,,18.0,66.0
1790784775.517545,0,no release,18.0,0.7374,,,,18.0,66.0
1790784776.2416308,0,no release,18.0,0.822,,,,18.0,66.0
1790784778.952932,0,no release,18.0,0.7448,,,,18.0,66.0
1790784779.2303486,0,no release,18.0,0.8064,,,,18.0,66.0
1790784779.5406315,0,no release,18.0,0.7552,,,,18.0,66.0
1790784779.9392955,0,no release,18.0,0.8981,,,,18.0,66.0
1790784780.5308821,0,no release,18.0,0.7481,,,,18.0,66.0
1790784780.9105854,0,no release,18.0,0.7395,,,,18.0,66.0
1790784782.488527,0,no release,18.0,0.7786,,,,18.0,66.0
1790784783.2473772,0,no release,18.0,0.8404,,,,18.0,66.0
1790784784.6764498,0,no release,18.0,0.788,,,,18.0,66.0
1790784786.0215852,0,no release,18.0,0.7755,,,,18.0,66.0
1790784786.352832,0,no release,18.0,0.7571,,,,18.0,66.0
1790784786.8002045,0,no release,18.0,0.8197,,,,18.0,66.0
1790784787.4406228,0,no release,18.0,0.765,,,,18.0,66.0
1790784787.8273005,0,no release,18.0,0.7929,,,,18.0,66.0
1790784788.2010565,0,no release,18.0,0.8452,,,,18.0,66.0
1790784790.0343406,0,no release,18.0,1.1478,,,,18.0,66.0
1790784790.1134403,0,hit wall,0.22,0.6004,0.05999999999999872,0.9335809734752541,1.7328115753233055,18.0,66.0
1790784791.602428,0,no release,18.0,0.7368,,,,18.0,66.0
1790784791.822709,0,no release,18.0,0.7837,,,,18.0,66.0
1790784792.105875,0,no release,18.0,0.7784,,,,18.0,66.0
1790784793.6095898,0,no release,18.0,0.8219,,,,18.0,66.0
1790784794.310904,0,no release,18.0,0.7383,,,,18.0,66.0
1790784794.785318,0,no release,18.0,0.718,,,,18.0,66.0
1790784795.1682956,0,no release,18.0,0.8148,,,,18.0,66.0
1790784795.9026957,0,no release,18.0,0.7401,,,,18.0,66.0
1790784798.593992,0,no release,18.0,0.9008,,,,18.0,66.0
1790784798.8179023,0,no release,18.0,0.8415,,,,18.0,66.0
1790784799.1082952,0,no release,18.0,0.8305,,,,18.0,66.0
1790784799.500764,0,no release,18.0,0.7923,,,,18.0,66.0
1790784801.2772064,0,no release,18.0,0.7835,,,,18.0,66.0
1790784801.7909806,0,no release,18.0,0.7814,,,,18.0,66.0
1790784802.1845026,0,no release,18.0,0.7783,,,,18.0,66.0
1790784802.3560944,0,missed B,0.632,0.5868,0.09999999999999787,0.9358031956974764,1.1666427128838623,18.0,66.0
1790784802.9527462,0,no release,18.0,0.84,,,,18.0,66.0
1790784805.6351504,0,no release,18.0,0.7943,,,,18.0,66.0
1790784805.8726106,0,no release,18.0,0.711,,,,18.0,66.0
1790784806.1590016,0,no release,18.0,0.8115,,,,18.0,66.0
1790784806.5801206,0,no release,18.0,0.7687,,,,18.0,66.0
1790784806.6017463,0,grip capacity exceeded,0.074,2.0662,,,,18.0,66.0
1790784807.2234092,0,no release,18.0,0.754,,,,18.0,66.0
1790784808.8397212,0,no release,18.0,0.7769,,,,18.0,66.0
1790784809.4226086,0,no release,18.0,0.7161,,,,18.0,66.0
1790784810.0854967,0,no release,18.0,0.7955,,,,18.0,66.0
1790784812.8033557,0,no release,18.0,0.7482,,,,18.0,66.0
1790784813.0346074,0,no release,18.0,0.7754,,,,18.0,66.0
1790784813.3605833,0,no release,18.0,0.7624,,,,18.0,66.0
1790784813.8149345,0,no release,18.0,0.8043,,,,18.0,66.0
1790784814.5021448,0,no release,18.0,0.7091,,,,18.0,66.0
1790784814.9577794,0,no release,18.0,0.8316,,,,18.0,66.0
1790784815.6247988,0,no release,18.0,0.7924,,,,18.0,66.0
1790784817.2991912,0,no release,18.0,0.8572,,,,18.0,66.0
1790784818.9932806,0,no release,18.0,0.7736,,,,18.0,66.0
1790784819.260475,0,no release,18.0,0.7734,,,,18.0,66.0
1790784819.572767,0,no release,18.0,0.7896,,,,18.0,66.0
1790784821.0192628,0,no release,18.0,0.7704,,,,18.0,66.0
1790784821.745993,0,no release,18.0,0.7596,,,,18.0,66.0
1790784822.2146938,0,no release,18.0,0.7609,,,,18.0,66.0
1790784822.861957,0,no release,18.0,0.7293,,,,18.0,66.0
1790784823.5424516,0,no release,18.0,0.7996,,,,18.0,66.0
1790784826.2668393,0,no release,18.0,0.7327,,,,18.0,66.0
1790784826.5138521,0,no release,18.0,0.7447,,,,18.0,66.0
1790784826.842926,0,no release,18.0,0.7929,,,,18.0,66.0
1790784827.2962825,0,no release,18.0,0.7151,,,,18.0,66.0
1790784829.1203766,0,no release,18.0,0.8291,,,,18.0,66.0
1790784829.6164773,0,no release,18.0,0.7584,,,,18.0,66.0
1790784830.2242432,0,no release,18.0,0.8257,,,,18.0,66.0
1790784830.8743997,0,no release,18.0,0.7727,,,,18.0,66.0
1790784833.5902662,0,no release,18.0,0.7321,,,,18.0,66.0
1790784833.8345077,0,no release,18.0,0.8011,,,,18.0,66.0
1790784834.1428435,0,no release,18.0,0.7627,,,,18.0,66.0
1790784834.5489216,0,no release,18.0,0.7745,,,,18.0,66.0
1790784835.1488624,0,no release,18.0,0.7316,,,,18.0,66.0
1790784836.6476488,0,no release,18.0,0.8366,,,,18.0,66.0
1790784837.2647693,0,no release,18.0,0.7611,,,,18.0,66.0
1790784837.890588,0,no release,18.0,0.7793,,,,18.0,66.0
1790784837.919721,0,grip capacity exceeded,0.086,2.4616,,,,18.0,66.0
1790784840.5199034,0,no release,18.0,0.7092,,,,18.0,66.0
1790784840.6834137,0,missed B,0.51,0.6,0.11999999999999744,0.9369143068085874,1.2443789287336926,18.0,66.0
1790784840.7888193,0,no release,18.0,0.8026,,,,18.0,66.0
1790784841.0982008,0,no release,18.0,0.7435,,,,18.0,66.0
1790784841.4976096,0,no release,18.0,0.7412,,,,18.0,66.0
1790784842.1188323,0,no release,18.0,0.7493,,,,18.0,66.0
1790784842.151518,0,slipped off A,0.11,1.3024,,,,18.0,66.0
1790784842.5297847,0,no release,18.0,0.7501,,,,18.0,66.0
1790784844.2636461,0,no release,18.0,0.7311,,,,18.0,66.0
1790784844.9500132,0,no release,18.0,0.7378,,,,18.0,66.0
1790784846.644846,0,no release,18.0,0.787,,,,18.0,66.0
1790784846.7576303,0,no release,18.0,0.7801,,,,18.0,66.0
1790784848.1885552,0,no release,18.0,0.7419,,,,18.0,66.0
1790784848.6413038,0,no release,18.0,0.7887,,,,18.0,66.0
1790784849.29149,0,no release,18.0,0.7486,,,,18.0,66.0
1790784849.6962633,0,no release,18.0,0.7899,,,,18.0,66.0
1790784850.3502033,0,no release,18.0,0.8479,,,,18.0,66.0
1790784852.1371574,0,no release,18.0,0.7929,,,,18.0,66.0
1790784853.7581093,0,no release,18.0,0.8078,,,,18.0,66.0
1790784853.8605344,0,no release,18.0,0.8059,,,,18.0,66.0
1790784854.1818414,0,no release,18.0,0.7649,,,,18.0,66.0
1790784854.636768,0,no release,18.0,0.8336,,,,18.0,66.0
1790784856.4270136,0,no release,18.0,0.8703,,,,18.0,66.0
1790784856.779796,0,no release,18.0,0.7431,,,,18.0,66.0
1790784857.2900822,0,no release,18.0,0.893,,,,18.0,66.0
1790784857.9657028,0,no release,18.0,0.7648,,,,18.0,66.0
1790784860.751461,0,no release,18.0,0.8697,,,,18.0,66.0
1790784860.837303,0,no release,18.0,0.8363,,,,18.0,66.0
1790784861.1133065,0,no release,18.0,0.802,,,,18.0,66.0
1790784861.5527978,0,no release,18.0,0.7926,,,,18.0,66.0
1790784862.2549653,0,no release,18.0,0.8154,,,,18.0,66.0
1790784863.7533472,0,no release,18.0,0.7281,,,,18.0,66.0
1790784864.2986877,0,no release,18.0,0.8205,,,,18.0,66.0
1790784864.9202113,0,no release,18.0,0.7301,,,,18.0,66.0
1790784867.9815147,0,no release,18.0,0.7423,,,,18.0,66.0
1790784868.0838964,0,no release,18.0,0.7605,,,,18.0,66.0
1790784868.356374,0,no release,18.0,0.746,,,,18.0,66.0
1790784868.7945347,0,no release,18.0,0.7964,,,,18.0,66.0
1790784868.8310072,0,slipped off A,0.116,1.3826,,,,18.0,66.0
1790784869.5851574,0,no release,18.0,0.7323,,,,18.0,66.0
1790784870.1067982,0,no release,18.0,0.7335,,,,18.0,66.0
1790784871.9457679,0,no release,18.0,0.7626,,,,18.0,66.0
1790784872.6216097,0,no release,18.0,0.8308,,,,18.0,66.0
1790784874.5977259,0,no release,18.0,0.7849,,,,18.0,66.0
1790784874.7238162,0,no release,18.0,0.8027,,,,18.0,66.0
1790784876.109567,0,no release,18.0,0.7903,,,,18.0,66.0
1790784876.5916853,0,no release,18.0,0.7282,,,,18.0,66.0
1790784877.288594,0,no release,18.0,1.0905,,,,18.0,66.0
1790784877.8231084,0,no release,18.0,0.8285,,,,18.0,66.0
1790784878.5722897,0,no release,18.0,0.8329,,,,18.0,66.0
1790784880.41564,0,no release,18.0,0.779,,,,18.0,66.0
1790784882.3135855,0,no release,18.0,0.7463,,,,18.0,66.0
1790784882.4361575,0,no release,18.0,0.7435,,,,18.0,66.0
1790784882.7815132,0,no release,18.0,0.785,,,,18.0,66.0
1790784883.2495053,0,no release,18.0,0.8257,,,,18.0,66.0
1790784885.0733771,0,no release,18.0,0.7768,,,,18.0,66.0
1790784885.568685,0,no release,18.0,0.7405,,,,18.0,66.0
1790784886.306823,0,no release,18.0,0.7711,,,,18.0,66.0
1790784887.0545287,0,no release,18.0,0.8292,,,,18.0,66.0
1790784889.9985545,0,no release,18.0,1.2336,,,,18.0,66.0
1790784890.1232774,0,no release,18.0,0.7383,,,,18.0,66.0
1790784890.4954333,0,no release,18.0,0.7855,,,,18.0,66.0
1790784890.984673,0,no release,18.0,0.855,,,,18.0,66.0
1790784891.6518383,0,no release,18.0,0.866,,,,18.0,66.0
1790784893.145432,0,no release,18.0,0.7246,,,,18.0,66.0
1790784893.8417823,0,no release,18.0,0.8075,,,,18.0,66.0
1790784894.6173644,0,no release,18.0,0.7595,,,,18.0,66.0
1790784897.5274932,0,no release,18.0,0.7639,,,,18.0,66.0
1790784897.6324522,0,no release,18.0,0.7696,,,,18.0,66.0
1790784897.9833596,0,no release,18.0,0.8113,,,,18.0,66.0
1790784898.5064144,0,no release,18.0,0.744,,,,18.0,66.0
1790784899.137771,0,no release,18.0,0.7917,,,,18.0,66.0
1790784899.6242907,0,no release,18.0,0.768,,,,18.0,66.0
1790784901.4195712,0,no release,18.0,0.7896,,,,18.0,66.0
1790784902.137369,0,no release,18.0,0.7412,,,,18.0,66.0
1790784903.9634209,0,no release,18.0,0.7712,,,,18.0,66.0
1790784904.107632,0,no release,18.0,0.7613,,,,18.0,66.0
1790784905.5641844,0,no release,18.0,0.7975,,,,18.0,66.0
1790784906.0077453,0,no release,18.0,0.7699,,,,18.0,66.0
1790784906.649653,0,no release,18.0,0.7333,,,,18.0,66.0
1790784907.137161,0,no release,18.0,0.7637,,,,18.0,66.0
1790784907.9037695,0,no release,18.0,0.7542,,,,18.0,66.0
1790784909.7339535,0,no release,18.0,0.7659,,,,18.0,66.0
1790784911.5747554,0,no release,18.0,0.7486,,,,18.0,66.0
1790784911.703977,0,no release,18.0,0.8003,,,,18.0,66.0
1790784912.072869,0,no release,18.0,0.7132,,,,18.0,66.0
1790784912.5720344,0,no release,18.0,0.8256,,,,18.0,66.0
1790784914.2995865,0,no release,18.0,0.7482,,,,18.0,66.0
1790784914.7714062,0,no release,18.0,0.7819,,,,18.0,66.0
1790784915.5212843,0,no release,18.0,0.8678,,,,18.0,66.0
1790784916.2829466,0,no release,18.0,0.7325,,,,18.0,66.0
1790784919.220603,0,no release,18.0,0.8005,,,,18.0,66.0
1790784919.3510256,0,no release,18.0,0.7753,,,,18.0,66.0
1790784919.4291441,0,missed B,0.632,0.6674,0.2199999999999953,0.9424698623641429,1.1816644975978148,18.0,66.0
1790784919.7080631,0,no release,18.0,0.7733,,,,18.0,66.0
1790784920.250886,0,no release,18.0,0.7353,,,,18.0,66.0
1790784920.2805977,0,grip capacity exceeded,0.088,2.1234,,,,18.0,66.0
1790784921.0058048,0,no release,18.0,0.714,,,,18.0,66.0
1790784922.4144018,0,no release,18.0,0.7877,,,,18.0,66.0
1790784923.124206,0,no release,18.0,0.8095,,,,18.0,66.0
1790784923.9285338,0,no release,18.0,0.7623,,,,18.0,66.0
1790784927.017952,0,no release,18.0,0.7518,,,,18.0,66.0
1790784927.0922494,0,no release,18.0,0.767,,,,18.0,66.0
1790784927.362734,0,no release,18.0,0.7926,,,,18.0,66.0
1790784927.9168165,0,no release,18.0,0.7166,,,,18.0,66.0
1790784928.6464722,0,no release,18.0,0.7408,,,,18.0,66.0
1790784929.1808019,0,no release,18.0,0.8722,,,,18.0,66.0
1790784930.9347045,0,no release,18.0,0.7446,,,,18.0,66.0
1790784931.694181,0,no release,18.0,0.8137,,,,18.0,66.0
1790784934.7889717,0,no release,18.0,0.7583,,,,18.0,66.0
1790784934.8533242,0,no release,18.0,0.7874,,,,18.0,66.0
1790784935.1053436,0,no release,18.0,0.7543,,,,18.0,66.0
1790784935.6339514,0,no release,18.0,0.7273,,,,18.0,66.0
1790784936.3309414,0,no release,18.0,0.7316,,,,18.0,66.0
1790784936.8022265,0,no release,18.0,0.7176,,,,18.0,66.0
1790784937.5136354,0,no release,18.0,0.7518,,,,18.0,66.0
1790784939.2085676,0,no release,18.0,0.7897,,,,18.0,66.0
1790784941.2749124,0,no release,18.0,0.7739,,,,18.0,66.0
1790784941.338805,0,no release,18.0,0.7302,,,,18.0,66.0
1790784941.567995,0,no release,18.0,0.746,,,,18.0,66.0
1790784943.125882,0,no release,18.0,0.7046,,,,18.0,66.0
1790784943.715367,0,no release,18.0,0.7478,,,,18.0,66.0
1790784944.2284107,0,no release,18.0,0.7306,,,,18.0,66.0
1790784944.7802124,0,missed B,8.194,0.7094,7.95999999999983,0.3724698623641337,2.096537619703241,18.0,66.0
1790784944.957806,0,no release,18.0,0.8909,,,,18.0,66.0
1790784945.6063519,0,no release,18.0,0.7973,,,,18.0,66.0
1790784948.6265945,0,no release,18.0,0.7174,,,,18.0,66.0
1790784948.965282,0,no release,18.0,1.0071,,,,18.0,66.0
1790784949.4413698,0,no release,18.0,0.7223,,,,18.0,66.0
1790784951.2056358,0,no release,18.0,0.7629,,,,18.0,66.0
1790784951.6455,0,no release,18.0,0.7766,,,,18.0,66.0
1790784952.16907,0,no release,18.0,0.7348,,,,18.0,66.0
1790784952.3296003,0,no release,18.0,0.7369,,,,18.0,66.0
1790784953.0186377,0,no release,18.0,0.7542,,,,18.0,66.0
1790784956.036027,0,no release,18.0,0.7726,,,,18.0,66.0
1790784956.3304513,0,no release,18.0,0.7591,,,,18.0,66.0
1790784956.8006754,0,no release,18.0,0.7532,,,,18.0,66.0
1790784957.3926625,0,no release,18.0,0.7377,,,,18.0,66.0
1790784957.9096336,0,no release,18.0,0.7694,,,,18.0,66.0
1790784959.5591023,0,no release,18.0,0.7314,,,,18.0,66.0
1790784959.7002683,0,no release,18.0,0.7716,,,,18.0,66.0
1790784960.356228,0,no release,18.0,0.7863,,,,18.0,66.0
1790784963.4535186,0,no release,18.0,0.7973,,,,18.0,66.0
1790784963.7940912,0,no release,18.0,0.7657,,,,18.0,66.0
1790784964.289439,0,no release,18.0,0.777,,,,18.0,66.0
1790784964.8628078,0,no release,18.0,0.7183,,,,18.0,66.0
1790784965.2980561,0,no release,18.0,0.7261,,,,18.0,66.0
1790784965.8470154,0,no release,18.0,0.7731,,,,18.0,66.0
1790784966.032635,0,no release,18.0,0.7295,,,,18.0,66.0
1790784967.9184635,0,no release,18.0,0.7337,,,,18.0,66.0
1790784969.748985,0,no release,18.0,0.7629,,,,18.0,66.0
1790784970.0990434,0,no release,18.0,0.7652,,,,18.0,66.0
1790784971.7837808,0,no release,18.0,0.7356,,,,18.0,66.0
1790784972.409536,0,no release,18.0,0.7447,,,,18.0,66.0
1790784972.7778866,0,no release,18.0,1.2193,,,,18.0,66.0
1790784973.217258,0,no release,18.0,0.8012,,,,18.0,66.0
1790784973.3569028,0,no release,18.0,0.7508,,,,18.0,66.0
1790784974.0716386,0,no release,18.0,0.7491,,,,18.0,66.0
1790784977.074537,0,no release,18.0,0.714,,,,18.0,66.0
1790784977.362004,0,no release,18.0,0.7331,,,,18.0,66.0
1790784977.8861394,0,no release,18.0,0.7288,,,,18.0,66.0
1790784979.736704,0,no release,18.0,0.7535,,,,18.0,66.0
1790784980.2344878,0,no release,18.0,0.7126,,,,18.0,66.0
1790784980.7537205,0,no release,18.0,0.7759,,,,18.0,66.0
1790784980.8813043,0,no release,18.0,0.8067,,,,18.0,66.0
1790784981.4790044,0,no release,18.0,0.7981,,,,18.0,66.0
1790784984.6035445,0,no release,18.0,0.7821,,,,18.0,66.0
1790784984.905243,0,no release,18.0,0.7417,,,,18.0,66.0
1790784985.3712878,0,no release,18.0,0.8193,,,,18.0,66.0
1790784985.9895713,0,no release,18.0,0.752,,,,18.0,66.0
1790784986.4847205,0,no release,18.0,0.7388,,,,18.0,66.0
1790784988.203406,0,no release,18.0,0.7289,,,,18.0,66.0
1790784988.374486,0,no release,18.0,0.7795,,,,18.0,66.0
1790784989.055609,0,no release,18.0,0.7338,,,,18.0,66.0
1790784992.1523116,0,no release,18.0,0.6986,,,,18.0,66.0
1790784992.4875674,0,no release,18.0,0.7241,,,,18.0,66.0
1790784992.9711454,0,no release,18.0,0.7482,,,,18.0,66.0
1790784993.6805763,0,no release,18.0,0.7668,,,,18.0,66.0
1790784994.1328921,0,no release,18.0,0.7473,,,,18.0,66.0
1790784994.6386511,0,no release,18.0,0.7579,,,,18.0,66.0
1790784994.7867262,0,no release,18.0,0.7574,,,,18.0,66.0
1790784996.602203,0,no release,18.0,0.803,,,,18.0,66.0
1790784998.583754,0,no release,18.0,0.7756,,,,18.0,66.0
1790784998.8853817,0,no release,18.0,0.7188,,,,18.0,66.0
1790785000.4739854,0,no release,18.0,0.7711,,,,18.0,66.0
1790785001.1495132,0,no release,18.0,0.7308,,,,18.0,66.0
1790785001.6704092,0,no release,18.0,0.7406,,,,18.0,66.0
1790785002.2090595,0,no release,18.0,0.7312,,,,18.0,66.0
1790785002.3386676,0,no release,18.0,0.7244,,,,18.0,66.0
1790785002.966188,0,no release,18.0,0.7354,,,,18.0,66.0
1790785006.1264942,0,no release,18.0,0.7619,,,,18.0,66.0
1790785006.4512272,0,no release,18.0,0.8038,,,,18.0,66.0
1790785006.9335248,0,no release,18.0,0.8356,,,,18.0,66.0
1790785008.765769,0,no release,18.0,0.7632,,,,18.0,66.0
1790785009.2925646,0,no release,18.0,0.8046,,,,18.0,66.0
1790785009.852517,0,no release,18.0,0.7736,,,,18.0,66.0
1790785010.0269861,0,no release,18.0,0.79,,,,18.0,66.0
1790785010.743018,0,no release,18.0,0.7617,,,,18.0,66.0
1790785013.8311343,0,no release,18.0,0.7505,,,,18.0,66.0
1790785014.207879,0,no release,18.0,0.7616,,,,18.0,66.0
1790785014.7562182,0,no release,18.0,0.7289,,,,18.0,66.0
1790785015.3805466,0,no release,18.0,0.7585,,,,18.0,66.0
1790785015.7611482,0,no release,18.0,0.7351,,,,18.0,66.0
1790785017.4015677,0,no release,18.0,0.7796,,,,18.0,66.0
1790785017.5737932,0,no release,18.0,0.7919,,,,18.0,66.0
1790785018.3346386,0,no release,18.0,0.8049,,,,18.0,66.0
1790785021.3321364,0,no release,18.0,0.7152,,,,18.0,66.0
1790785021.6796713,0,no release,18.0,0.7541,,,,18.0,66.0
1790785022.2960932,0,no release,18.0,0.7187,,,,18.0,66.0
1790785023.0057175,0,no release,18.0,0.7372,,,,18.0,66.0
1790785023.440599,0,no release,18.0,0.7774,,,,18.0,66.0
1790785023.9027379,0,no release,18.0,0.7432,,,,18.0,66.0
1790785024.0355823,0,no release,18.0,0.7557,,,,18.0,66.0
1790785025.9189696,0,no release,18.0,0.7573,,,,18.0,66.0
1790785027.9929872,0,no release,18.0,0.7818,,,,18.0,66.0
1790785028.2707274,0,no release,18.0,0.7686,,,,18.0,66.0
1790785029.9483685,0,no release,18.0,0.7287,,,,18.0,66.0
1790785030.6965141,0,no release,18.0,0.7931,,,,18.0,66.0
1790785031.2210705,0,no release,18.0,0.7744,,,,18.0,66.0
1790785031.7931023,0,no release,18.0,0.7386,,,,18.0,66.0
1790785031.934304,0,no release,18.0,0.7696,,,,18.0,66.0
1790785032.540247,0,no release,18.0,0.7778,,,,18.0,66.0
1790785035.7069368,0,no release,18.0,0.7767,,,,18.0,66.0
1790785036.0732021,0,no release,18.0,0.756,,,,18.0,66.0
1790785036.5057154,0,no release,18.0,0.7731,,,,18.0,66.0
1790785038.2571898,0,no release,18.0,0.7747,,,,18.0,66.0
1790785038.7397618,0,no release,18.0,0.7437,,,,18.0,66.0
1790785039.2844512,0,no release,18.0,0.7134,,,,18.0,66.0
1790785039.4381897,0,no release,18.0,0.8281,,,,18.0,66.0
1790785040.1543975,0,no release,18.0,0.7255,,,,18.0,66.0
1790785043.2408707,0,no release,18.0,0.8286,,,,18.0,66.0
1790785043.54746,0,no release,18.0,0.7637,,,,18.0,66.0
1790785044.076421,0,no release,18.0,0.7618,,,,18.0,66.0
1790785044.7787056,0,no release,18.0,0.7746,,,,18.0,66.0
1790785046.3155696,0,no release,18.0,0.7226,,,,18.0,66.0
1790785046.877445,0,no release,18.0,0.7499,,,,18.0,66.0
1790785047.0294354,0,no release,18.0,0.7508,,,,18.0,66.0
1790785047.7402182,0,no release,18.0,0.7723,,,,18.0,66.0
1790785050.919846,0,no release,18.0,0.7606,,,,18.0,66.0
1790785051.2694898,0,no release,18.0,0.7835,,,,18.0,66.0
1790785051.8108222,0,no release,18.0,0.7473,,,,18.0,66.0
1790785052.4997938,0,no release,18.0,0.7252,,,,18.0,66.0
1790785053.032489,0,no release,18.0,0.7065,,,,18.0,66.0
1790785053.5652554,0,no release,18.0,0.7355,,,,18.0,66.0
1790785054.7650197,0,no release,18.0,0.7395,,,,18.0,66.0
1790785055.4843817,0,no release,18.0,0.7609,,,,18.0,66.0
1790785057.6502008,0,no release,18.0,0.7088,,,,18.0,66.0
1790785057.9654384,0,no release,18.0,0.7561,,,,18.0,66.0
1790785059.5956404,0,no release,18.0,0.7952,,,,18.0,66.0
1790785060.3172631,0,no release,18.0,0.7584,,,,18.0,66.0
1790785060.8037825,0,no release,18.0,0.7347,,,,18.0,66.0
1790785061.3990717,0,no release,18.0,0.7474,,,,18.0,66.0
1790785061.5630994,0,no release,18.0,0.7318,,,,18.0,66.0
1790785062.244218,0,no release,18.0,0.7068,,,,18.0,66.0
1790785065.49135,0,no release,18.0,0.7529,,,,18.0,66.0
1790785065.8394487,0,no release,18.0,0.7307,,,,18.0,66.0
1790785066.3142567,0,no release,18.0,1.0016,,,,18.0,66.0
1790785068.0705721,0,no release,18.0,0.7399,,,,18.0,66.0
1790785068.5848243,0,no release,18.0,0.7282,,,,18.0,66.0
1790785069.1499891,0,no release,18.0,0.7409,,,,18.0,66.0
1790785069.314609,0,no release,18.0,0.7947,,,,18.0,66.0
1790785070.027819,0,no release,18.0,0.7502,,,,18.0,66.0
1790785073.0269043,0,no release,18.0,0.7234,,,,18.0,66.0
1790785073.3829138,0,no release,18.0,0.7467,,,,18.0,66.0
1790785073.9292693,0,no release,18.0,0.7719,,,,18.0,66.0
1790785074.486137,0,no release,18.0,0.7922,,,,18.0,66.0
1790785075.9867952,0,no release,18.0,0.7631,,,,18.0,66.0
1790785076.5468495,0,no release,18.0,0.7693,,,,18.0,66.0
1790785076.700371,0,no release,18.0,0.7316,,,,18.0,66.0
1790785077.4530764,0,no release,18.0,0.8703,,,,18.0,66.0
1790785080.4113836,0,no release,18.0,0.7777,,,,18.0,66.0
1790785080.7819378,0,no release,18.0,0.7382,,,,18.0,66.0
1790785081.3055189,0,no release,18.0,0.7455,,,,18.0,66.0
1790785081.947444,0,no release,18.0,0.7686,,,,18.0,66.0
1790785082.4022768,0,no release,18.0,0.7152,,,,18.0,66.0
1790785082.9225755,0,no release,18.0,0.7595,,,,18.0,66.0
1790785084.1188314,0,no release,18.0,0.8123,,,,18.0,66.0
1790785084.8659914,0,no release,18.0,0.7481,,,,18.0,66.0
1790785086.7839751,0,no release,18.0,0.7533,,,,18.0,66.0
1790785088.1905158,0,no release,18.0,0.7644,,,,18.0,66.0
1790785088.738767,0,no release,18.0,0.7637,,,,18.0,66.0
1790785089.3924189,0,no release,18.0,0.8233,,,,18.0,66.0
1790785089.8519974,0,no release,18.0,0.7745,,,,18.0,66.0
1790785090.1541607,0,missed B,2.466,0.7733,2.019999999999957,0.04246986236414073,1.3131584498083149,18.0,66.0
1790785090.4254692,0,no release,18.0,0.7126,,,,18.0,66.0
1790785090.5896697,0,no release,18.0,0.8135,,,,18.0,66.0
1790785092.353336,0,no release,18.0,0.9166,,,,18.0,66.0
1790785094.274764,0,no release,18.0,0.7292,,,,18.0,66.0
1790785094.6079504,0,no release,18.0,0.7617,,,,18.0,66.0
1790785095.0953908,0,no release,18.0,0.7564,,,,18.0,66.0
1790785097.255968,0,no release,18.0,0.7091,,,,18.0,66.0
1790785097.528007,0,no release,18.0,0.7293,,,,18.0,66.0
1790785097.8019655,0,no release,18.0,0.7033,,,,18.0,66.0
1790785097.9537988,0,no release,18.0,0.7153,,,,18.0,66.0
1790785098.7101078,0,no release,18.0,0.7325,,,,18.0,66.0
1790785101.7260897,0,no release,18.0,0.7665,,,,18.0,66.0
1790785102.0862787,0,no release,18.0,0.754,,,,18.0,66.0
1790785102.6657887,0,no release,18.0,0.7917,,,,18.0,66.0
1790785104.90715,0,no release,18.0,0.7801,,,,18.0,66.0
1790785105.166693,0,no release,18.0,0.8131,,,,18.0,66.0
1790785105.464997,0,no release,18.0,0.7143,,,,18.0,66.0
1790785105.6403234,0,no release,18.0,0.7646,,,,18.0,66.0
1790785106.368028,0,no release,18.0,0.7128,,,,18.0,66.0
1790785106.9540315,0,missed B,1.73,0.6974,1.2599999999999731,0.0002476401419194079,1.2377704657841715,18.0,66.0
1790785109.4529455,0,no release,18.0,0.7388,,,,18.0,66.0
1790785109.8262854,0,no release,18.0,0.738,,,,18.0,66.0
1790785110.3746443,0,no release,18.0,0.7458,,,,18.0,66.0
1790785111.5487132,0,no release,18.0,0.7401,,,,18.0,66.0
1790785111.8029907,0,no release,18.0,0.7294,,,,18.0,66.0
1790785113.0968306,0,no release,18.0,0.7866,,,,18.0,66.0
1790785113.263477,0,no release,18.0,0.7456,,,,18.0,66.0
1790785114.598024,0,no release,18.0,0.7596,,,,18.0,66.0
1790785116.1150692,0,no release,18.0,0.7434,,,,18.0,66.0
1790785117.5755563,0,no release,18.0,0.7233,,,,18.0,66.0
1790785118.1164608,0,no release,18.0,0.8141,,,,18.0,66.0
1790785119.3477647,0,no release,18.0,0.7589,,,,18.0,66.0
1790785119.6420295,0,no release,18.0,0.8014,,,,18.0,66.0
1790785119.9227512,0,no release,18.0,0.7324,,,,18.0,66.0
1790785120.0701494,0,no release,18.0,0.7121,,,,18.0,66.0
1790785122.3928812,0,no release,18.0,0.7228,,,,18.0,66.0
1790785123.9287453,0,no release,18.0,0.7447,,,,18.0,66.0
1790785124.2082636,0,no release,18.0,0.7717,,,,18.0,66.0
1790785124.6524854,0,no release,18.0,0.708,,,,18.0,66.0
1790785127.0113378,0,no release,18.0,0.7712,,,,18.0,66.0
1790785127.3042536,0,no release,18.0,0.7841,,,,18.0,66.0
1790785127.587689,0,no release,18.0,0.7313,,,,18.0,66.0
1790785127.7430198,0,no release,18.0,0.7621,,,,18.0,66.0
1790785128.7854362,0,no release,18.0,0.7371,,,,18.0,66.0
1790785131.511206,0,no release,18.0,0.7144,,,,18.0,66.0
1790785131.8580184,0,no release,18.0,0.698,,,,18.0,66.0
1790785132.3168535,0,no release,18.0,0.8322,,,,18.0,66.0
1790785134.5575657,0,no release,18.0,0.7261,,,,18.0,66.0
1790785134.8445919,0,no release,18.0,0.7519,,,,18.0,66.0
1790785135.1304936,0,no release,18.0,0.7634,,,,18.0,66.0
1790785135.301671,0,no release,18.0,0.7623,,,,18.0,66.0
1790785136.4509435,0,no release,18.0,0.7879,,,,18.0,66.0
1790785139.0431197,0,no release,18.0,0.8373,,,,18.0,66.0
1790785139.3915553,0,no release,18.0,0.7224,,,,18.0,66.0
1790785139.8977306,0,no release,18.0,0.7455,,,,18.0,66.0
1790785140.9702327,0,no release,18.0,0.7549,,,,18.0,66.0
1790785141.2451315,0,no release,18.0,0.7333,,,,18.0,66.0
1790785142.639966,0,no release,18.0,0.7383,,,,18.0,66.0
1790785142.7918856,0,no release,18.0,0.7549,,,,18.0,66.0
1790785144.0059838,0,no release,18.0,0.8054,,,,18.0,66.0
1790785145.4744868,0,no release,18.0,0.7262,,,,18.0,66.0
1790785146.9116983,0,no release,18.0,0.7231,,,,18.0,66.0
1790785147.4309552,0,no release,18.0,0.7395,,,,18.0,66.0
1790785148.5453186,0,no release,18.0,0.7714,,,,18.0,66.0
1790785148.803008,0,no release,18.0,0.7544,,,,18.0,66.0
1790785149.0685225,0,no release,18.0,0.7377,,,,18.0,66.0
1790785149.2346964,0,no release,18.0,0.7243,,,,18.0,66.0
1790785151.5674934,0,no release,18.0,0.7374,,,,18.0,66.0
1790785153.0602071,0,no release,18.0,0.7309,,,,18.0,66.0
1790785153.3918328,0,no release,18.0,0.7825,,,,18.0,66.0
1790785155.0328767,0,no release,18.0,0.7313,,,,18.0,66.0
1790785156.0952082,0,no release,18.0,0.7235,,,,18.0,66.0
1790785156.3984137,0,no release,18.0,0.7787,,,,18.0,66.0
1790785156.6578982,0,no release,18.0,0.7375,,,,18.0,66.0
1790785156.8096411,0,no release,18.0,0.7542,,,,18.0,66.0
1790785159.3119733,0,no release,18.0,0.7563,,,,18.0,66.0
1790785160.807866,0,no release,18.0,0.9556,,,,18.0,66.0
1790785161.127857,0,no release,18.0,0.7385,,,,18.0,66.0
1790785161.6574228,0,no release,18.0,0.736,,,,18.0,66.0
1790785163.9061182,0,no release,18.0,0.7756,,,,18.0,66.0
1790785164.2052717,0,no release,18.0,0.761,,,,18.0,66.0
1790785164.5078423,0,no release,18.0,0.7252,,,,18.0,66.0
1790785164.6587954,0,no release,18.0,0.8704,,,,18.0,66.0
1790785165.9008071,0,no release,18.0,0.7619,,,,18.0,66.0
1790785168.5442488,0,no release,18.0,0.7465,,,,18.0,66.0
1790785168.9264657,0,no release,18.0,0.7225,,,,18.0,66.0
1790785169.4691823,0,no release,18.0,0.795,,,,18.0,66.0
1790785170.676876,0,no release,18.0,0.7205,,,,18.0,66.0
1790785170.9586756,0,no release,18.0,0.8975,,,,18.0,66.0
1790785172.326682,0,no release,18.0,0.8226,,,,18.0,66.0
1790785172.4845424,0,no release,18.0,0.7372,,,,18.0,66.0
1790785173.752816,0,no release,18.0,0.7426,,,,18.0,66.0
1790785176.3427947,0,no release,18.0,0.788,,,,18.0,66.0
1790785176.6848795,0,no release,18.0,0.7141,,,,18.0,66.0
1790785177.2319322,0,no release,18.0,0.7594,,,,18.0,66.0
1790785178.423999,0,no release,18.0,0.7216,,,,18.0,66.0
1790785178.7227714,0,no release,18.0,0.6919,,,,18.0,66.0
1790785179.014839,0,no release,18.0,0.7164,,,,18.0,66.0
1790785179.1671002,0,no release,18.0,0.7238,,,,18.0,66.0
1790785181.538711,0,no release,18.0,0.7278,,,,18.0,66.0
1790785183.0172338,0,no release,18.0,0.7718,,,,18.0,66.0
1790785183.3318517,0,no release,18.0,0.7563,,,,18.0,66.0
1790785184.9255013,0,no release,18.0,0.7252,,,,18.0,66.0
1790785186.023505,0,no release,18.0,0.7356,,,,18.0,66.0
1790785186.2886047,0,no release,18.0,0.7558,,,,18.0,66.0
1790785186.5690742,0,no release,18.0,0.7497,,,,18.0,66.0
1790785186.7247276,0,no release,18.0,0.8302,,,,18.0,66.0
1790785189.017511,0,no release,18.0,0.7375,,,,18.0,66.0
1790785190.4549308,0,no release,18.0,0.7503,,,,18.0,66.0
1790785190.7649813,0,no release,18.0,0.7267,,,,18.0,66.0
1790785191.234487,0,no release,18.0,0.7528,,,,18.0,66.0
1790785193.4388373,0,no release,18.0,0.7418,,,,18.0,66.0
1790785193.6922526,0,no release,18.0,0.7046,,,,18.0,66.0
1790785193.955836,0,no release,18.0,0.8221,,,,18.0,66.0
1790785194.1327806,0,no release,18.0,0.7283,,,,18.0,66.0
1790785195.2197008,0,no release,18.0,0.7471,,,,18.0,66.0
1790785197.8171415,0,no release,18.0,0.6953,,,,18.0,66.0
1790785198.1354592,0,no release,18.0,0.7453,,,,18.0,66.0
1790785198.602674,0,no release,18.0,0.7323,,,,18.0,66.0
1790785199.724631,0,no release,18.0,0.7479,,,,18.0,66.0
1790785201.106317,0,no release,18.0,0.7078,,,,18.0,66.0
1790785201.3673716,0,no release,18.0,0.7291,,,,18.0,66.0
1790785201.5212047,0,no release,18.0,0.7316,,,,18.0,66.0
1790785202.6521478,0,no release,18.0,0.7166,,,,18.0,66.0
1790785205.2230928,0,no release,18.0,0.6964,,,,18.0,66.0
1790785205.5732236,0,no release,18.0,0.7528,,,,18.0,66.0
1790785206.1134253,0,no release,18.0,0.7307,,,,18.0,66.0
1790785207.1296277,0,no release,18.0,0.7558,,,,18.0,66.0
1790785207.4021502,0,no release,18.0,0.7601,,,,18.0,66.0
1790785207.6944902,0,no release,18.0,0.7722,,,,18.0,66.0
1790785207.8742056,0,no release,18.0,0.7285,,,,18.0,66.0
1790785210.2880697,0,no release,18.0,0.7068,,,,18.0,66.0
1790785211.6216633,0,no release,18.0,0.783,,,,18.0,66.0
1790785211.9798925,0,no release,18.0,0.7807,,,,18.0,66.0
1790785213.6164384,0,no release,18.0,0.7049,,,,18.0,66.0
1790785214.6290746,0,no release,18.0,0.838,,,,18.0,66.0
1790785214.8802304,0,no release,18.0,0.7282,,,,18.0,66.0
1790785215.1338341,0,no release,18.0,0.7108,,,,18.0,66.0
1790785215.2709496,0,no release,18.0,0.7371,,,,18.0,66.0
1790785217.6727097,0,no release,18.0,0.7124,,,,18.0,66.0
1790785219.0141785,0,no release,18.0,0.7633,,,,18.0,66.0
1790785219.354724,0,no release,18.0,0.7989,,,,18.0,66.0
1790785219.8621037,0,no release,18.0,0.775,,,,18.0,66.0
1790785222.1344228,0,no release,18.0,0.7418,,,,18.0,66.0
1790785222.3651464,0,no release,18.0,0.7266,,,,18.0,66.0
1790785222.5824914,0,no release,18.0,0.7109,,,,18.0,66.0
1790785222.7368665,0,no release,18.0,0.6975,,,,18.0,66.0
1790785223.9381151,0,no release,18.0,0.6869,,,,18.0,66.0
1790785226.542909,0,no release,18.0,0.7365,,,,18.0,66.0
1790785226.844487,0,no release,18.0,0.7778,,,,18.0,66.0
1790785227.3353856,0,no release,18.0,0.796,,,,18.0,66.0
1790785228.4736469,0,no release,18.0,0.7426,,,,18.0,66.0
1790785229.881309,0,no release,18.0,0.7625,,,,18.0,66.0
1790785230.1176546,0,no release,18.0,0.7634,,,,18.0,66.0
1790785230.2529788,0,no release,18.0,0.7339,,,,18.0,66.0
1790785231.472744,0,no release,18.0,0.7131,,,,18.0,66.0
1790785234.0305667,0,no release,18.0,0.8445,,,,18.0,66.0
1790785234.3698602,0,no release,18.0,0.7337,,,,18.0,66.0
1790785234.924163,0,no release,18.0,0.725,,,,18.0,66.0
1790785236.0502594,0,no release,18.0,0.7328,,,,18.0,66.0
1790785236.3258977,0,no release,18.0,0.7061,,,,18.0,66.0
1790785236.6123047,0,no release,18.0,0.751,,,,18.0,66.0
1790785236.7633195,0,no release,18.0,0.7116,,,,18.0,66.0
1790785239.23944,0,no release,18.0,0.7382,,,,18.0,66.0
1790785240.748464,0,no release,18.0,0.7574,,,,18.0,66.0
1790785241.1115298,0,no release,18.0,0.7161,,,,18.0,66.0
1790785242.759621,0,no release,18.0,0.7092,,,,18.0,66.0
1790785243.9527893,0,no release,18.0,0.7002,,,,18.0,66.0
1790785244.2263925,0,no release,18.0,0.7274,,,,18.0,66.0
1790785244.5036125,0,no release,18.0,0.7373,,,,18.0,66.0
1790785244.67488,0,no release,18.0,0.774,,,,18.0,66.0
1790785247.1601856,0,no release,18.0,0.7224,,,,18.0,66.0
1790785248.701394,0,no release,18.0,0.7222,,,,18.0,66.0
1790785249.0618694,0,no release,18.0,0.7322,,,,18.0,66.0
1790785249.6031604,0,no release,18.0,0.7378,,,,18.0,66.0
1790785251.9437902,0,no release,18.0,0.7196,,,,18.0,66.0
1790785252.2069461,0,no release,18.0,0.7117,,,,18.0,66.0
1790785252.472018,0,no release,18.0,0.7306,,,,18.0,66.0
1790785252.6254728,0,no release,18.0,0.7345,,,,18.0,66.0
1790785253.8241053,0,no release,18.0,0.7153,,,,18.0,66.0
1790785256.3935552,0,no release,18.0,0.7318,,,,18.0,66.0
1790785256.739314,0,no release,18.0,0.7189,,,,18.0,66.0
1790785257.2598643,0,no release,18.0,0.7112,,,,18.0,66.0
1790785258.0159905,0,missed B,4.38,1.1991,3.979999999999915,0.1513587512530273,1.540707539725733,18.0,66.0
1790785258.2700043,0,missed B,0.892,1.0426,0.5399999999999885,0.9602476401419202,1.45886456517402,18.0,66.0
1790785258.3397214,0,no release,18.0,0.8058,,,,18.0,66.0
1790785259.724058,0,no release,18.0,0.7487,,,,18.0,66.0
1790785260.028852,0,no release,18.0,0.7208,,,,18.0,66.0
1790785260.1848028,0,no release,18.0,0.7078,,,,18.0,66.0
1790785261.447509,0,no release,18.0,0.7165,,,,18.0,66.0
1790785263.983473,0,no release,18.0,0.7933,,,,18.0,66.0
1790785264.8715138,0,no release,18.0,0.7275,,,,18.0,66.0
1790785265.9188547,0,no release,18.0,0.7799,,,,18.0,66.0
1790785265.992782,0,no release,18.0,0.713,,,,18.0,66.0
1790785266.2306826,0,no release,18.0,0.7417,,,,18.0,66.0
1790785266.4772651,0,no release,18.0,0.704,,,,18.0,66.0
1790785266.6340513,0,no release,18.0,0.7019,,,,18.0,66.0
1790785269.072395,0,no release,18.0,0.72,,,,18.0,66.0
1790785270.4493773,0,no release,18.0,0.7388,,,,18.0,66.0
1790785272.4537332,0,no release,18.0,0.7554,,,,18.0,66.0
1790785273.5354004,0,no release,18.0,0.707,,,,18.0,66.0
1790785273.617528,0,no release,18.0,0.725,,,,18.0,66.0
1790785273.8911371,0,no release,18.0,0.7529,,,,18.0,66.0
1790785274.1476188,0,no release,18.0,0.6827,,,,18.0,66.0
1790785274.2896953,0,no release,18.0,0.7451,,,,18.0,66.0
1790785276.6771588,0,no release,18.0,0.7414,,,,18.0,66.0
1790785278.168501,0,no release,18.0,0.7172,,,,18.0,66.0
1790785278.9506857,0,no release,18.0,0.701,,,,18.0,66.0
1790785281.167457,0,no release,18.0,0.798,,,,18.0,66.0
1790785281.2517562,0,no release,18.0,0.7043,,,,18.0,66.0
1790785281.5487185,0,no release,18.0,0.7168,,,,18.0,66.0
1790785281.7920082,0,no release,18.0,0.751,,,,18.0,66.0
1790785281.9273129,0,no release,18.0,0.7163,,,,18.0,66.0
1790785283.1414657,0,no release,18.0,0.7582,,,,18.0,66.0
1790785285.77262,0,no release,18.0,0.7753,,,,18.0,66.0
1790785286.6124892,0,no release,18.0,0.7249,,,,18.0,66.0
1790785288.7659912,0,no release,18.0,0.7105,,,,18.0,66.0
1790785288.857446,0,no release,18.0,0.7451,,,,18.0,66.0
1790785289.1608775,0,no release,18.0,0.765,,,,18.0,66.0
1790785289.4672627,0,missed B,0.804,1.6337,0.3799999999999919,0.9513587512530316,1.1143034909312057,18.0,66.0
1790785289.487542,0,no release,18.0,0.6875,,,,18.0,66.0
1790785289.6481745,0,no release,18.0,0.6996,,,,18.0,66.0
1790785290.8364522,0,no release,18.0,0.7611,,,,18.0,66.0
1790785293.486984,0,no release,18.0,0.7214,,,,18.0,66.0
1790785294.3353534,0,no release,18.0,0.7137,,,,18.0,66.0
1790785295.399688,0,no release,18.0,0.7404,,,,18.0,66.0
1790785295.4812524,0,no release,18.0,0.6955,,,,18.0,66.0
1790785296.02278,0,no release,18.0,0.7506,,,,18.0,66.0
1790785296.0389192,0,no release,18.0,0.7745,,,,18.0,66.0
1790785297.3758435,0,no release,18.0,0.7129,,,,18.0,66.0
1790785298.5917604,0,no release,18.0,0.7317,,,,18.0,66.0
1790785300.1317801,0,no release,18.0,0.7043,,,,18.0,66.0
1790785302.1961865,0,no release,18.0,0.7032,,,,18.0,66.0
1790785303.160401,0,no release,18.0,0.744,,,,18.0,66.0
1790785303.239913,0,no release,18.0,0.7047,,,,18.0,66.0
1790785303.8042514,0,no release,18.0,0.7214,,,,18.0,66.0
1790785303.8199146,0,no release,18.0,1.0063,,,,18.0,66.0
1790785303.9875503,0,no release,18.0,1.041,,,,18.0,66.0
1790785304.2669556,0,missed B,1.418,0.6826,0.9999999999999787,0.9858031956974753,1.2132595267170385,18.0,66.0
1790785306.3527098,0,no release,18.0,0.7423,,,,18.0,66.0
1790785307.7615817,0,no release,18.0,0.7381,,,,18.0,66.0
1790785308.6370916,0,no release,18.0,0.7083,,,,18.0,66.0
1790785310.8073494,0,no release,18.0,0.7018,,,,18.0,66.0
1790785310.889224,0,no release,18.0,0.6881,,,,18.0,66.0
1790785310.968906,0,slipped off A,0.29,0.9775,,,,18.0,66.0
1790785311.3972504,0,no release,18.0,0.737,,,,18.0,66.0
1790785311.5719795,0,no release,18.0,0.8331,,,,18.0,66.0
1790785311.8470268,0,no release,18.0,0.7178,,,,18.0,66.0
1790785312.8320339,0,no release,18.0,0.7105,,,,18.0,66.0
1790785315.4072013,0,no release,18.0,0.8858,,,,18.0,66.0
1790785316.3058515,0,no release,18.0,0.7593,,,,18.0,66.0
1790785318.5583627,0,no release,18.0,0.7403,,,,18.0,66.0
1790785318.7164757,0,no release,18.0,0.7696,,,,18.0,66.0
1790785319.1477513,0,no release,18.0,0.707,,,,18.0,66.0
1790785319.3222458,0,no release,18.0,0.7676,,,,18.0,66.0
1790785319.614929,0,no release,18.0,0.7254,,,,18.0,66.0
1790785320.6381607,0,no release,18.0,0.7025,,,,18.0,66.0
1790785323.3824775,0,no release,18.0,0.7609,,,,18.0,66.0
1790785324.2940574,0,no release,18.0,0.7219,,,,18.0,66.0
1790785325.4609656,0,no release,18.0,0.7709,,,,18.0,66.0
1790785325.6438987,0,no release,18.0,0.6965,,,,18.0,66.0
1790785326.0821478,0,no release,18.0,0.7018,,,,18.0,66.0
1790785327.3658364,0,no release,18.0,0.8909,,,,18.0,66.0
1790785327.6496272,0,no release,18.0,0.7125,,,,18.0,66.0
1790785328.651135,0,no release,18.0,0.7502,,,,18.0,66.0
1790785330.266205,0,no release,18.0,0.7382,,,,18.0,66.0
1790785332.5207922,0,no release,18.0,0.7391,,,,18.0,66.0
1790785334.4538517,0,no release,18.0,0.7491,,,,18.0,66.0
1790785334.8133676,0,no release,18.0,0.7284,,,,18.0,66.0
1790785335.8258266,0,no release,18.0,0.6931,,,,18.0,66.0
1790785336.194151,0,no release,18.0,0.892,,,,18.0,66.0
1790785336.7438543,0,no release,18.0,0.7437,,,,18.0,66.0
1790785340.87332,0,no release,18.0,0.749,,,,18.0,66.0
1790785343.8037264,0,no release,18.0,0.6972,,,,18.0,66.0
1790785345.2391074,0,no release,18.0,0.7414,,,,18.0,66.0
1790785348.1150692,0,no release,18.0,0.7168,,,,18.0,66.0
1790785348.402228,0,no release,18.0,0.7015,,,,18.0,66.0
1790785349.1069221,0,no release,18.0,0.7012,,,,18.0,66.0
1790785349.368507,0,no release,18.0,0.6991,,,,18.0,66.0
1790785349.8424084,0,no release,18.0,0.7655,,,,18.0,66.0
1790785351.3842452,0,no release,18.0,0.712,,,,18.0,66.0
1790785355.0900393,0,no release,18.0,0.7276,,,,18.0,66.0
1790785356.558744,0,no release,18.0,0.7862,,,,18.0,66.0
1790785359.6146748,0,no release,18.0,0.7105,,,,18.0,66.0
1790785359.8729954,0,no release,18.0,0.7481,,,,18.0,66.0
1790785360.601838,0,no release,18.0,0.6987,,,,18.0,66.0
1790785360.9281337,0,no release,18.0,0.7284,,,,18.0,66.0
1790785361.386371,0,no release,18.0,0.7134,,,,18.0,66.0
1790785363.0211349,0,no release,18.0,0.6747,,,,18.0,66.0
1790785366.7859,0,no release,18.0,0.7098,,,,18.0,66.0
1790785368.2440372,0,no release,18.0,0.6984,,,,18.0,66.0
1790785370.090633,0,no release,18.0,0.8531,,,,18.0,66.0
1790785370.3500512,0,no release,18.0,0.7632,,,,18.0,66.0
1790785372.2978623,0,no release,18.0,0.7682,,,,18.0,66.0
1790785372.6014078,0,no release,18.0,0.7219,,,,18.0,66.0
1790785373.0547767,0,no release,18.0,0.7037,,,,18.0,66.0
1790785374.7021341,0,no release,18.0,0.7395,,,,18.0,66.0
1790785377.1696694,0,no release,18.0,0.7593,,,,18.0,66.0
1790785379.7642715,0,no release,18.0,0.7871,,,,18.0,66.0
1790785381.6165254,0,no release,18.0,0.7351,,,,18.0,66.0
1790785381.8917942,0,no release,18.0,0.7628,,,,18.0,66.0
1790785382.6074553,0,no release,18.0,0.7427,,,,18.0,66.0
1790785382.8956525,0,no release,18.0,0.7402,,,,18.0,66.0
1790785383.3277154,0,no release,18.0,0.7433,,,,18.0,66.0
1790785386.288446,0,no release,18.0,0.7593,,,,18.0,66.0
1790785388.8009086,0,no release,18.0,0.6902,,,,18.0,66.0
1790785390.29881,0,no release,18.0,0.689,,,,18.0,66.0
1790785393.3964,0,no release,18.0,0.693,,,,18.0,66.0
1790785393.6962214,0,no release,18.0,0.7123,,,,18.0,66.0
1790785394.4043245,0,no release,18.0,0.6844,,,,18.0,66.0
1790785394.668089,0,no release,18.0,0.8282,,,,18.0,66.0
1790785395.158554,0,no release,18.0,0.7266,,,,18.0,66.0
1790785396.748275,0,no release,18.0,0.7594,,,,18.0,66.0
1790785400.4530752,0,no release,18.0,1.6503,,,,18.0,66.0
1790785401.9995863,0,no release,18.0,0.812,,,,18.0,66.0
1790785404.8956442,0,no release,18.0,1.5596,,,,18.0,66.0
1790785405.1755824,0,no release,18.0,0.6993,,,,18.0,66.0
1790785405.8616683,0,no release,18.0,0.7018,,,,18.0,66.0
1790785406.1087265,0,no release,18.0,0.7135,,,,18.0,66.0
1790785406.540541,0,no release,18.0,0.7854,,,,18.0,66.0
1790785408.1811562,0,no release,18.0,0.6954,,,,18.0,66.0
1790785411.7030869,0,no release,18.0,0.7125,,,,18.0,66.0
1790785413.0276258,0,no release,18.0,0.7552,,,,18.0,66.0
1790785414.841294,0,no release,18.0,0.7099,,,,18.0,66.0
1790785415.1097248,0,no release,18.0,0.769,,,,18.0,66.0
1790785416.8968377,0,no release,18.0,0.7122,,,,18.0,66.0
1790785417.1967313,0,no release,18.0,0.7391,,,,18.0,66.0
1790785417.674092,0,no release,18.0,0.6976,,,,18.0,66.0
1790785419.1773756,0,no release,18.0,0.7094,,,,18.0,66.0
1790785421.7659543,0,no release,18.0,0.7121,,,,18.0,66.0
1790785424.4248974,0,no release,18.0,0.7238,,,,18.0,66.0
1790785426.156214,0,no release,18.0,0.7025,,,,18.0,66.0
1790785426.4536486,0,no release,18.0,0.7462,,,,18.0,66.0
1790785427.1766958,0,no release,18.0,0.6861,,,,18.0,66.0
1790785427.464153,0,no release,18.0,0.8082,,,,18.0,66.0
1790785427.9514668,0,no release,18.0,1.7447,,,,18.0,66.0
1790785430.8373058,0,no release,18.0,0.8058,,,,18.0,66.0
1790785433.2898173,0,no release,18.0,0.7319,,,,18.0,66.0
1790785435.9744184,0,no release,18.0,0.749,,,,18.0,66.0
1790785437.7505364,0,no release,18.0,0.7188,,,,18.0,66.0
1790785438.0245588,0,no release,18.0,0.7258,,,,18.0,66.0
1790785438.7627518,0,no release,18.0,0.7049,,,,18.0,66.0
1790785439.0540884,0,no release,18.0,0.7458,,,,18.0,66.0
1790785439.535212,0,no release,18.0,0.7053,,,,18.0,66.0
1790785442.381166,0,no release,18.0,0.6915,,,,18.0,66.0
1790785444.8289528,0,no release,18.0,0.6955,,,,18.0,66.0
1790785446.2426746,0,no release,18.0,0.7209,,,,18.0,66.0
1790785449.157004,0,no release,18.0,0.7127,,,,18.0,66.0
1790785449.4212086,0,no release,18.0,0.8172,,,,18.0,66.0
1790785450.1878886,0,no release,18.0,0.7375,,,,18.0,66.0
1790785450.4527,0,no release,18.0,0.7398,,,,18.0,66.0
1790785450.8839788,0,no release,18.0,0.7406,,,,18.0,66.0
1790785452.493975,0,no release,18.0,0.6798,,,,18.0,66.0
1790785456.1350198,0,no release,18.0,0.7218,,,,18.0,66.0
1790785457.5070868,0,no release,18.0,0.7602,,,,18.0,66.0
1790785459.4095948,0,no release,18.0,0.7186,,,,18.0,66.0
1790785459.6786902,0,no release,18.0,0.7249,,,,18.0,66.0
1790785461.6624496,0,no release,18.0,0.6996,,,,18.0,66.0
1790785461.9515069,0,no release,18.0,0.6996,,,,18.0,66.0
1790785462.4157767,0,no release,18.0,0.7779,,,,18.0,66.0
1790785464.0515563,0,no release,18.0,0.8129,,,,18.0,66.0
1790785467.7317605,0,no release,18.0,0.7383,,,,18.0,66.0
1790785469.0920463,0,no release,18.0,0.8373,,,,18.0,66.0
1790785470.8531642,0,no release,18.0,0.7151,,,,18.0,66.0
1790785471.156856,0,no release,18.0,0.6717,,,,18.0,66.0
1790785471.8897913,0,no release,18.0,0.9496,,,,18.0,66.0
1790785472.21368,0,no release,18.0,0.7213,,,,18.0,66.0
1790785472.6822615,0,no release,18.0,0.6682,,,,18.0,66.0
1790785475.523614,0,no release,18.0,0.7043,,,,18.0,66.0
1790785478.0898874,0,no release,18.0,0.7189,,,,18.0,66.0
1790785480.7346413,0,no release,18.0,0.6937,,,,18.0,66.0
1790785482.6373706,0,no release,18.0,0.7386,,,,18.0,66.0
1790785482.8924184,0,no release,18.0,0.7309,,,,18.0,66.0
1790785483.5942912,0,no release,18.0,0.7482,,,,18.0,66.0
1790785483.9125092,0,no release,18.0,0.7328,,,,18.0,66.0
1790785484.376715,0,no release,18.0,0.7209,,,,18.0,66.0
1790785487.1398797,0,no release,18.0,0.7084,,,,18.0,66.0
1790785489.7474387,0,no release,18.0,0.6731,,,,18.0,66.0
1790785491.205575,0,no release,18.0,0.681,,,,18.0,66.0
1790785494.1270244,0,no release,18.0,0.7192,,,,18.0,66.0
1790785494.417223,0,no release,18.0,0.8192,,,,18.0,66.0
1790785495.220452,0,no release,18.0,0.7562,,,,18.0,66.0
1790785495.520421,0,no release,18.0,0.7638,,,,18.0,66.0
1790785495.9630466,0,no release,18.0,0.7637,,,,18.0,66.0
1790785497.6725624,0,no release,18.0,0.6922,,,,18.0,66.0
1790785501.3125796,0,no release,18.0,0.7123,,,,18.0,66.0
1790785502.7341266,0,no release,18.0,0.7737,,,,18.0,66.0
1790785504.481336,0,no release,18.0,1.1834,,,,18.0,66.0
1790785504.753476,0,no release,18.0,0.7736,,,,18.0,66.0
1790785506.6661172,0,no release,18.0,0.7213,,,,18.0,66.0
1790785506.9622698,0,no release,18.0,0.7508,,,,18.0,66.0
1790785507.4447203,0,no release,18.0,0.7855,,,,18.0,66.0
1790785509.1183014,0,no release,18.0,0.684,,,,18.0,66.0
1790785512.7383971,0,no release,18.0,0.7402,,,,18.0,66.0
1790785514.201817,0,no release,18.0,0.6941,,,,18.0,66.0
1790785515.8613052,0,no release,18.0,1.1482,,,,18.0,66.0
1790785516.133068,0,no release,18.0,0.735,,,,18.0,66.0
1790785516.8590226,0,no release,18.0,1.0971,,,,18.0,66.0
1790785517.1553676,0,no release,18.0,0.6955,,,,18.0,66.0
1790785518.782283,0,no release,18.0,0.8826,,,,18.0,66.0
1790785520.5024366,0,no release,18.0,0.6973,,,,18.0,66.0
1790785522.926112,0,no release,18.0,0.7119,,,,18.0,66.0
1790785525.6313865,0,no release,18.0,1.3144,,,,18.0,66.0
1790785527.3721106,0,no release,18.0,0.7157,,,,18.0,66.0
1790785527.6406891,0,no release,18.0,0.6845,,,,18.0,66.0
1790785528.2966096,0,no release,18.0,0.7653,,,,18.0,66.0
1790785528.570519,0,no release,18.0,0.6971,,,,18.0,66.0
1790785529.0077817,0,no release,18.0,0.6879,,,,18.0,66.0
1790785531.7817173,0,no release,18.0,0.6845,,,,18.0,66.0
1790785534.2586668,0,no release,18.0,0.6927,,,,18.0,66.0
1790785535.680487,0,no release,18.0,1.9233,,,,18.0,66.0
1790785538.5749326,0,no release,18.0,1.9568,,,,18.0,66.0
1790785538.8038104,0,slipped off A,0.45,1.1607,,,,18.0,66.0
1790785538.855301,0,no release,18.0,0.6881,,,,18.0,66.0
1790785539.6965358,0,no release,18.0,0.6949,,,,18.0,66.0
1790785539.9728076,0,no release,18.0,0.7108,,,,18.0,66.0
1790785540.3915558,0,no release,18.0,0.7666,,,,18.0,66.0
1790785542.0078378,0,no release,18.0,0.6791,,,,18.0,66.0
1790785545.7161274,0,no release,18.0,0.6702,,,,18.0,66.0
1790785547.0967748,0,no release,18.0,0.7029,,,,18.0,66.0
1790785549.1271436,0,no release,18.0,0.7393,,,,18.0,66.0
1790785550.3864055,0,no release,18.0,0.7103,,,,18.0,66.0
1790785551.1515663,0,no release,18.0,0.7129,,,,18.0,66.0
1790785551.4449785,0,no release,18.0,0.8401,,,,18.0,66.0
1790785551.9129653,0,no release,18.0,0.7592,,,,18.0,66.0
1790785553.4663963,0,no release,18.0,0.8049,,,,18.0,66.0
1790785557.0956588,0,no release,18.0,0.6971,,,,18.0,66.0
1790785558.4418607,0,no release,18.0,0.7286,,,,18.0,66.0
1790785560.3650422,0,no release,18.0,0.7033,,,,18.0,66.0
1790785560.406014,0,no release,18.0,0.7166,,,,18.0,66.0
1790785560.9975708,0,no release,18.0,1.2411,,,,18.0,66.0
1790785561.2855074,0,no release,18.0,0.8038,,,,18.0,66.0
1790785562.9765308,0,no release,18.0,0.7626,,,,18.0,66.0
1790785564.6182234,0,no release,18.0,0.6895,,,,18.0,66.0
1790785566.9527395,0,no release,18.0,0.7118,,,,18.0,66.0
1790785569.5532987,0,no release,18.0,0.6924,,,,18.0,66.0
1790785569.9845772,0,missed B,0.79,0.6717,0.3999999999999915,0.9524698623641427,1.0575723003858866,18.0,66.0
1790785570.1402938,0,grip capacity exceeded,0.37,2.0272,,,,18.0,66.0
1790785571.5590076,0,no release,18.0,0.7506,,,,18.0,66.0
1790785571.612727,0,no release,18.0,0.7253,,,,18.0,66.0
1790785572.255695,0,no release,18.0,1.9105,,,,18.0,66.0
1790785572.5592158,0,no release,18.0,0.7924,,,,18.0,66.0
1790785573.0516925,0,no release,18.0,0.7577,,,,18.0,66.0
1790785575.881759,0,no release,18.0,0.7029,,,,18.0,66.0
1790785578.2750735,0,no release,18.0,0.7281,,,,18.0,66.0
1790785580.5263212,0,no release,18.0,1.0472,,,,18.0,66.0
1790785583.0154195,0,no release,18.0,0.8412,,,,18.0,66.0
1790785583.0602784,0,no release,18.0,0.6719,,,,18.0,66.0
1790785583.6993372,0,no release,18.0,0.7007,,,,18.0,66.0
1790785583.936441,0,no release,18.0,0.6886,,,,18.0,66.0
1790785584.3911479,0,no release,18.0,0.7338,,,,18.0,66.0
1790785585.9675813,0,no release,18.0,0.7103,,,,18.0,66.0
1790785589.563421,0,no release,18.0,0.7085,,,,18.0,66.0
1790785591.4418128,0,no release,18.0,1.2354,,,,18.0,66.0
1790785594.0877302,0,no release,18.0,0.8015,,,,18.0,66.0
1790785594.130041,0,no release,18.0,0.7,,,,18.0,66.0
1790785594.8056917,0,no release,18.0,1.0474,,,,18.0,66.0
1790785595.0568655,0,no release,18.0,0.7064,,,,18.0,66.0
1790785595.48326,0,no release,18.0,0.7239,,,,18.0,66.0
1790785597.0417318,0,no release,18.0,1.0024,,,,18.0,66.0
1790785600.3811295,0,no release,18.0,0.7357,,,,18.0,66.0
1790785602.2709298,0,no release,18.0,1.5465,,,,18.0,66.0
1790785603.570835,0,no release,18.0,0.7171,,,,18.0,66.0
1790785603.6096065,0,no release,18.0,0.7318,,,,18.0,66.0
1790785604.0694556,0,missed B,12.834,0.6881,12.69999999999973,0.6358031956974615,2.30289625340125,18.0,66.0
1790785604.2617395,0,no release,18.0,0.7279,,,,18.0,66.0
1790785604.4651423,0,no release,18.0,0.6797,,,,18.0,66.0
1790785606.065433,0,no release,18.0,0.765,,,,18.0,66.0
1790785609.9346185,0,no release,18.0,0.681,,,,18.0,66.0
1790785612.933228,0,no release,18.0,0.7044,,,,18.0,66.0
1790785614.1967502,0,no release,18.0,0.6941,,,,18.0,66.0
1790785614.2420337,0,no release,18.0,0.7135,,,,18.0,66.0
1790785614.7110457,0,no release,18.0,0.7612,,,,18.0,66.0
1790785614.9295206,0,no release,18.0,0.7145,,,,18.0,66.0
1790785615.23793,0,no release,18.0,0.7021,,,,18.0,66.0
1790785615.7256048,0,no release,18.0,0.6956,,,,18.0,66.0
1790785620.7296104,0,no release,18.0,0.792,,,,18.0,66.0
1790785623.7707434,0,no release,18.0,0.7096,,,,18.0,66.0
1790785625.203993,0,no release,18.0,0.6836,,,,18.0,66.0
1790785625.2441142,0,no release,18.0,0.7346,,,,18.0,66.0
1790785625.6861484,0,no release,18.0,0.7179,,,,18.0,66.0
1790785625.901304,0,no release,18.0,0.7215,,,,18.0,66.0
1790785626.185559,0,no release,18.0,0.6987,,,,18.0,66.0
1790785626.5632207,0,no release,18.0,0.7081,,,,18.0,66.0
1790785631.4621499,0,no release,18.0,0.7164,,,,18.0,66.0
1790785633.3321328,0,no release,18.0,0.6836,,,,18.0,66.0
1790785635.859677,0,no release,18.0,0.7758,,,,18.0,66.0
1790785635.9238484,0,no release,18.0,0.7013,,,,18.0,66.0
1790785636.3498805,0,no release,18.0,0.6795,,,,18.0,66.0
1790785636.558552,0,no release,18.0,0.6942,,,,18.0,66.0
1790785636.824843,0,no release,18.0,0.7492,,,,18.0,66.0
1790785637.188742,0,no release,18.0,0.7259,,,,18.0,66.0
1790785641.8763783,0,no release,18.0,0.7072,,,,18.0,66.0
1790785643.7788029,0,no release,18.0,0.7164,,,,18.0,66.0
1790785645.0071187,0,no release,18.0,0.7467,,,,18.0,66.0
1790785645.0415015,0,no release,18.0,0.7305,,,,18.0,66.0
1790785645.4914496,0,no release,18.0,0.7033,,,,18.0,66.0
1790785645.7109563,0,no release,18.0,0.817,,,,18.0,66.0
1790785647.0975711,0,no release,18.0,0.7411,,,,18.0,66.0
1790785647.5040216,0,no release,18.0,0.7451,,,,18.0,66.0
1790785651.2091906,0,no release,18.0,0.6613,,,,18.0,66.0
1790785654.2849975,0,no release,18.0,0.7059,,,,18.0,66.0
1790785655.5195804,0,no release,18.0,0.7685,,,,18.0,66.0
1790785655.5696766,0,no release,18.0,0.7596,,,,18.0,66.0
1790785655.9688702,0,no release,18.0,0.7311,,,,18.0,66.0
1790785656.188075,0,no release,18.0,1.4295,,,,18.0,66.0
1790785656.4428797,0,no release,18.0,0.687,,,,18.0,66.0
1790785656.8293576,0,no release,18.0,0.6942,,,,18.0,66.0
1790785661.6658816,0,no release,18.0,0.6924,,,,18.0,66.0
1790785664.6830401,0,no release,18.0,0.7433,,,,18.0,66.0
1790785666.042054,0,no release,18.0,0.6914,,,,18.0,66.0
1790785666.0868232,0,no release,18.0,0.8366,,,,18.0,66.0
1790785666.492963,0,no release,18.0,0.7064,,,,18.0,66.0
1790785666.664502,0,no release,18.0,0.7356,,,,18.0,66.0
1790785666.8761115,0,no release,18.0,0.754,,,,18.0,66.0
1790785667.2232912,0,no release,18.0,0.8049,,,,18.0,66.0
1790785672.001588,0,no release,18.0,0.6919,,,,18.0,66.0
1790785673.8081713,0,no release,18.0,0.7008,,,,18.0,66.0
1790785676.3557904,0,no release,18.0,0.6692,,,,18.0,66.0
1790785676.3926878,0,no release,18.0,0.7602,,,,18.0,66.0
1790785676.834232,0,no release,18.0,0.6737,,,,18.0,66.0
1790785677.0877204,0,no release,18.0,0.7307,,,,18.0,66.0
1790785677.3879592,0,no release,18.0,0.7259,,,,18.0,66.0
1790785677.794966,0,no release,18.0,0.7466,,,,18.0,66.0
1790785682.7387357,0,no release,18.0,0.7636,,,,18.0,66.0
1790785684.5340538,0,no release,18.0,0.7166,,,,18.0,66.0
1790785685.9159184,0,no release,18.0,0.7325,,,,18.0,66.0
1790785685.9556673,0,no release,18.0,0.8137,,,,18.0,66.0
1790785686.4530385,0,no release,18.0,0.733,,,,18.0,66.0
1790785686.6636734,0,no release,18.0,0.7203,,,,18.0,66.0
1790785688.0769823,0,no release,18.0,0.7288,,,,18.0,66.0
1790785688.523148,0,no release,18.0,0.7374,,,,18.0,66.0
1790785692.341512,0,no release,18.0,0.7872,,,,18.0,66.0
1790785695.4083571,0,no release,18.0,0.7688,,,,18.0,66.0
1790785696.794129,0,no release,18.0,0.7434,,,,18.0,66.0
1790785696.8377242,0,no release,18.0,0.7507,,,,18.0,66.0
1790785697.288824,0,no release,18.0,0.7402,,,,18.0,66.0
1790785697.4853916,0,no release,18.0,0.8786,,,,18.0,66.0
1790785697.8049247,0,no release,18.0,0.7188,,,,18.0,66.0
1790785698.2288578,0,no release,18.0,0.6881,,,,18.0,66.0
1790785703.3352404,0,no release,18.0,0.7091,,,,18.0,66.0
1790785706.3899586,0,no release,18.0,0.7246,,,,18.0,66.0
1790785707.6620178,0,no release,18.0,0.7635,,,,18.0,66.0
1790785707.706207,0,no release,18.0,0.7357,,,,18.0,66.0
1790785708.1687586,0,no release,18.0,0.7167,,,,18.0,66.0
1790785708.385881,0,no release,18.0,0.718,,,,18.0,66.0
1790785708.6708915,0,no release,18.0,0.7037,,,,18.0,66.0
1790785709.1048548,0,no release,18.0,0.7457,,,,18.0,66.0
1790785714.1405246,0,no release,18.0,0.727,,,,18.0,66.0
1790785716.059843,0,no release,18.0,0.6796,,,,18.0,66.0
1790785718.477817,0,no release,18.0,0.7151,,,,18.0,66.0
1790785718.5094326,0,no release,18.0,0.6692,,,,18.0,66.0
1790785718.9195445,0,no release,18.0,0.7102,,,,18.0,66.0
1790785719.1047833,0,no release,18.0,0.6991,,,,18.0,66.0
1790785719.3602962,0,no release,18.0,0.6898,,,,18.0,66.0
1790785719.8097308,0,no release,18.0,0.7029,,,,18.0,66.0
1790785724.919952,0,no release,18.0,0.7648,,,,18.0,66.0
1790785726.8367722,0,no release,18.0,0.7265,,,,18.0,66.0
1790785728.2189646,0,no release,18.0,0.7279,,,,18.0,66.0
1790785728.2617786,0,no release,18.0,0.696,,,,18.0,66.0
1790785728.661639,0,no release,18.0,0.723,,,,18.0,66.0
1790785730.0572684,0,no release,18.0,0.7365,,,,18.0,66.0
1790785730.3318121,0,no release,18.0,0.7247,,,,18.0,66.0
1790785730.7243338,0,no release,18.0,0.7346,,,,18.0,66.0
1790785734.4486427,0,no release,18.0,0.6789,,,,18.0,66.0
1790785737.375068,0,no release,18.0,0.6993,,,,18.0,66.0
1790785738.6389258,0,no release,18.0,0.7224,,,,18.0,66.0
1790785738.6823685,0,no release,18.0,0.725,,,,18.0,66.0
1790785739.1484897,0,no release,18.0,0.7222,,,,18.0,66.0
1790785739.381032,0,no release,18.0,0.7052,,,,18.0,66.0
1790785739.635163,0,no release,18.0,0.7677,,,,18.0,66.0
1790785740.0204983,0,no release,18.0,0.6883,,,,18.0,66.0
1790785744.9513125,0,no release,18.0,0.6857,,,,18.0,66.0
1790785747.8803022,0,no release,18.0,0.7073,,,,18.0,66.0
1790785749.1816118,0,no release,18.0,0.7179,,,,18.0,66.0
1790785749.2249594,0,no release,18.0,0.7008,,,,18.0,66.0
1790785749.671321,0,no release,18.0,0.7655,,,,18.0,66.0
1790785749.8854454,0,no release,18.0,0.7033,,,,18.0,66.0
1790785750.185501,0,no release,18.0,0.6914,,,,18.0,66.0
1790785750.606187,0,no release,18.0,0.7079,,,,18.0,66.0
1790785755.3749988,0,no release,18.0,0.6909,,,,18.0,66.0
1790785757.1550112,0,no release,18.0,0.7378,,,,18.0,66.0
1790785759.602822,0,no release,18.0,0.7217,,,,18.0,66.0
1790785759.6427019,0,no release,18.0,0.7414,,,,18.0,66.0
1790785760.0627499,0,no release,18.0,0.7147,,,,18.0,66.0
1790785760.278005,0,no release,18.0,0.7287,,,,18.0,66.0
1790785760.5432389,0,no release,18.0,0.7284,,,,18.0,66.0
1790785760.9759376,0,no release,18.0,0.732,,,,18.0,66.0
1790785765.8044934,0,no release,18.0,0.8563,,,,18.0,66.0
1790785767.5833416,0,no release,18.0,0.6923,,,,18.0,66.0
1790785768.812454,0,no release,18.0,0.6996,,,,18.0,66.0
1790785768.8619955,0,no release,18.0,0.7607,,,,18.0,66.0
1790785770.4909942,0,no release,18.0,0.7198,,,,18.0,66.0
1790785770.7080204,0,no release,18.0,0.6891,,,,18.0,66.0
1790785770.973039,0,no release,18.0,0.6909,,,,18.0,66.0
1790785771.319582,0,no release,18.0,0.6711,,,,18.0,66.0
1790785774.9586992,0,no release,18.0,0.7433,,,,18.0,66.0
1790785777.9583192,0,no release,18.0,0.6847,,,,18.0,66.0
1790785779.196807,0,no release,18.0,0.7757,,,,18.0,66.0
1790785779.2367516,0,no release,18.0,0.6928,,,,18.0,66.0
1790785779.6484659,0,no release,18.0,0.9841,,,,18.0,66.0
1790785779.8869305,0,no release,18.0,0.6981,,,,18.0,66.0
1790785780.1952028,0,no release,18.0,0.7928,,,,18.0,66.0
1790785780.6043153,0,no release,18.0,0.7304,,,,18.0,66.0
1790785785.4759598,0,no release,18.0,0.7068,,,,18.0,66.0
1790785788.5729032,0,no release,18.0,0.7598,,,,18.0,66.0
1790785789.7090373,0,no release,18.0,0.7825,,,,18.0,66.0
1790785789.751607,0,no release,18.0,0.7003,,,,18.0,66.0
1790785790.1576762,0,no release,18.0,0.709,,,,18.0,66.0
1790785790.373006,0,no release,18.0,0.7276,,,,18.0,66.0
1790785790.6163075,0,no release,18.0,0.7444,,,,18.0,66.0
1790785791.027673,0,no release,18.0,0.7945,,,,18.0,66.0
1790785795.6901195,0,no release,18.0,0.6849,,,,18.0,66.0
1790785797.5096946,0,no release,18.0,0.7113,,,,18.0,66.0
1790785799.7203538,0,no release,18.0,0.6805,,,,18.0,66.0
1790785799.7646239,0,no release,18.0,0.6902,,,,18.0,66.0
1790785800.1557798,0,no release,18.0,0.7322,,,,18.0,66.0
1790785800.3339055,0,no release,18.0,0.7002,,,,18.0,66.0
1790785800.5596275,0,no release,18.0,0.6882,,,,18.0,66.0
1790785800.9283726,0,no release,18.0,0.6925,,,,18.0,66.0
1790785805.6797924,0,no release,18.0,0.6981,,,,18.0,66.0
1790785807.4277387,0,no release,18.0,0.7147,,,,18.0,66.0
1790785808.8563051,0,no release,18.0,0.734,,,,18.0,66.0
1790785808.9009228,0,no release,18.0,0.7099,,,,18.0,66.0
1790785810.5183556,0,no release,18.0,0.6955,,,,18.0,66.0
1790785810.726507,0,no release,18.0,0.7634,,,,18.0,66.0
1790785810.9724026,0,no release,18.0,0.7196,,,,18.0,66.0
1790785811.3642757,0,no release,18.0,0.7037,,,,18.0,66.0
1790785816.3151214,0,no release,18.0,0.7221,,,,18.0,66.0
1790785818.0754654,0,no release,18.0,1.0526,,,,18.0,66.0
1790785819.3289597,0,no release,18.0,0.7063,,,,18.0,66.0
1790785819.3702967,0,no release,18.0,0.6789,,,,18.0,66.0
1790785819.8198433,0,no release,18.0,0.6992,,,,18.0,66.0
1790785820.010836,0,no release,18.0,0.7795,,,,18.0,66.0
1790785820.2711308,0,no release,18.0,0.6835,,,,18.0,66.0
1790785820.6650689,0,no release,18.0,0.7055,,,,18.0,66.0
1790785825.536508,0,no release,18.0,0.66,,,,18.0,66.0
1790785828.5256748,0,no release,18.0,0.6999,,,,18.0,66.0
1790785829.7577143,0,no release,18.0,0.7158,,,,18.0,66.0
1790785829.7979734,0,no release,18.0,0.6752,,,,18.0,66.0
1790785830.2472796,0,no release,18.0,0.7047,,,,18.0,66.0
1790785830.4529545,0,no release,18.0,0.6721,,,,18.0,66.0
1790785830.7117674,0,no release,18.0,0.813,,,,18.0,66.0
1790785831.1665363,0,no release,18.0,0.782,,,,18.0,66.0
1790785836.0354018,0,no release,18.0,0.7043,,,,18.0,66.0
1790785838.0379682,0,no release,18.0,0.7124,,,,18.0,66.0
1790785840.5781786,0,no release,18.0,1.3459,,,,18.0,66.0
1790785840.6287837,0,no release,18.0,0.7859,,,,18.0,66.0
1790785841.0941548,0,no release,18.0,0.7654,,,,18.0,66.0
1790785841.296322,0,no release,18.0,0.7723,,,,18.0,66.0
1790785841.5469203,0,no release,18.0,0.7771,,,,18.0,66.0
1790785841.9940727,0,no release,18.0,0.7894,,,,18.0,66.0
1790785846.9384224,0,no release,18.0,0.6879,,,,18.0,66.0
1790785848.8584888,0,no release,18.0,0.6771,,,,18.0,66.0
1790785850.1167452,0,no release,18.0,0.6935,,,,18.0,66.0
1790785850.1534646,0,no release,18.0,0.6884,,,,18.0,66.0
1790785851.75939,0,no release,18.0,0.7322,,,,18.0,66.0
1790785851.968784,0,no release,18.0,0.7046,,,,18.0,66.0
1790785852.2077703,0,no release,18.0,0.7088,,,,18.0,66.0
1790785852.578036,0,no release,18.0,0.7311,,,,18.0,66.0
1790785857.464636,0,no release,18.0,0.6968,,,,18.0,66.0
1790785859.2298486,0,no release,18.0,0.6836,,,,18.0,66.0
1790785860.4901683,0,no release,18.0,0.8341,,,,18.0,66.0
1790785860.528839,0,no release,18.0,0.6795,,,,18.0,66.0
1790785860.9889157,0,no release,18.0,0.727,,,,18.0,66.0
1790785861.188819,0,no release,18.0,0.7512,,,,18.0,66.0
1790785861.4404671,0,no release,18.0,0.7598,,,,18.0,66.0
1790785862.9899004,0,no release,18.0,0.7481,,,,18.0,66.0
1790785866.6786067,0,no release,18.0,0.7124,,,,18.0,66.0
1790785869.659697,0,no release,18.0,0.6816,,,,18.0,66.0
1790785870.86071,0,no release,18.0,0.7274,,,,18.0,66.0
1790785870.896968,0,no release,18.0,0.6925,,,,18.0,66.0
1790785871.342978,0,no release,18.0,0.7075,,,,18.0,66.0
1790785871.5449421,0,no release,18.0,0.698,,,,18.0,66.0
1790785871.8169966,0,no release,18.0,0.6841,,,,18.0,66.0
1790785872.2062094,0,no release,18.0,0.7091,,,,18.0,66.0
1790785877.1059933,0,no release,18.0,0.7021,,,,18.0,66.0
1790785878.9981086,0,no release,18.0,0.6976,,,,18.0,66.0
1790785881.5017984,0,no release,18.0,0.7605,,,,18.0,66.0
1790785881.5411685,0,no release,18.0,0.6912,,,,18.0,66.0
1790785881.9622152,0,no release,18.0,0.8164,,,,18.0,66.0
1790785882.1684856,0,no release,18.0,0.7637,,,,18.0,66.0
1790785882.448956,0,no release,18.0,0.751,,,,18.0,66.0
1790785882.8907073,0,no release,18.0,0.977,,,,18.0,66.0
1790785887.8149602,0,no release,18.0,0.7044,,,,18.0,66.0
1790785889.5796354,0,no release,18.0,0.7588,,,,18.0,66.0
1790785892.1650717,0,no release,18.0,0.7743,,,,18.0,66.0
1790785892.214137,0,no release,18.0,0.6948,,,,18.0,66.0
1790785892.6608844,0,no release,18.0,0.713,,,,18.0,66.0
1790785892.8799107,0,no release,18.0,0.692,,,,18.0,66.0
1790785893.1361916,0,no release,18.0,0.7053,,,,18.0,66.0
1790785893.4838288,0,no release,18.0,0.6901,,,,18.0,66.0
1790785898.2006817,0,no release,18.0,0.7553,,,,18.0,66.0
1790785899.9241457,0,no release,18.0,0.6783,,,,18.0,66.0
1790785901.132222,0,no release,18.0,0.7029,,,,18.0,66.0
1790785901.168798,0,no release,18.0,0.7199,,,,18.0,66.0
1790785901.3412836,0,grip capacity exceeded,0.472,2.2455,,,,18.0,66.0
1790785901.5928733,0,no release,18.0,0.708,,,,18.0,66.0
1790785901.8122265,0,no release,18.0,0.7652,,,,18.0,66.0
1790785902.1096923,0,no release,18.0,0.7876,,,,18.0,66.0
1790785903.721777,0,no release,18.0,0.7134,,,,18.0,66.0
1790785907.4026923,0,no release,18.0,0.6783,,,,18.0,66.0
1790785910.3375485,0,no release,18.0,0.7028,,,,18.0,66.0
1790785911.6410494,0,no release,18.0,0.6747,,,,18.0,66.0
1790785911.8268766,0,no release,18.0,0.6863,,,,18.0,66.0
1790785912.0692403,0,no release,18.0,0.7111,,,,18.0,66.0
1790785912.2845478,0,no release,18.0,0.6882,,,,18.0,66.0
1790785912.5727887,0,no release,18.0,0.6674,,,,18.0,66.0
1790785913.0244317,0,no release,18.0,0.6759,,,,18.0,66.0
1790785917.779365,0,no release,18.0,0.7673,,,,18.0,66.0
1790785919.6192203,0,no release,18.0,0.7395,,,,18.0,66.0
1790785922.1193142,0,no release,18.0,0.726,,,,18.0,66.0
1790785922.2856367,0,no release,18.0,0.7348,,,,18.0,66.0
1790785922.5440655,0,no release,18.0,0.7104,,,,18.0,66.0
1790785922.736915,0,no release,18.0,0.7654,,,,18.0,66.0
1790785922.9997895,0,no release,18.0,0.6608,,,,18.0,66.0
1790785923.419493,0,no release,18.0,0.694,,,,18.0,66.0
1790785928.1676104,0,no release,18.0,0.7822,,,,18.0,66.0
1790785929.950359,0,no release,18.0,0.7024,,,,18.0,66.0
1790785932.3820233,0,no release,18.0,0.6932,,,,18.0,66.0
1790785932.523318,0,no release,18.0,0.7058,,,,18.0,66.0
1790785932.7635643,0,no release,18.0,0.6887,,,,18.0,66.0
1790785932.9532752,0,no release,18.0,0.7009,,,,18.0,66.0
1790785933.2015166,0,no release,18.0,0.7411,,,,18.0,66.0
1790785933.6181622,0,no release,18.0,0.7635,,,,18.0,66.0
1790785938.5687644,0,no release,18.0,0.6746,,,,18.0,66.0
1790785939.6149395,0,missed B,16.244,0.7029,15.939999999999785,0.8158031956974645,1.3567233221141508,18.0,66.0
1790785941.7566457,0,no release,18.0,0.7004,,,,18.0,66.0
1790785941.921286,0,no release,18.0,0.7391,,,,18.0,66.0
1790785942.1657736,0,no release,18.0,0.6716,,,,18.0,66.0
1790785942.3555944,0,no release,18.0,0.7302,,,,18.0,66.0
1790785942.600338,0,no release,18.0,0.7128,,,,18.0,66.0
1790785944.143931,0,no release,18.0,0.6898,,,,18.0,66.0
1790785947.8628085,0,no release,18.0,0.6992,,,,18.0,66.0
1790785949.9460435,0,no release,18.0,0.6856,,,,18.0,66.0
1790785952.0091677,0,no release,18.0,0.7209,,,,18.0,66.0
1790785952.2058575,0,no release,18.0,0.7059,,,,18.0,66.0
1790785952.492123,0,no release,18.0,0.7251,,,,18.0,66.0
1790785952.7279584,0,no release,18.0,0.7013,,,,18.0,66.0
1790785952.9738126,0,no release,18.0,0.6872,,,,18.0,66.0
1790785953.3987217,0,no release,18.0,0.6969,,,,18.0,66.0
1790785958.225538,0,no release,18.0,0.6921,,,,18.0,66.0
1790785959.2587304,0,no release,18.0,0.7768,,,,18.0,66.0
1790785962.4207234,0,no release,18.0,0.7278,,,,18.0,66.0
1790785962.5871913,0,no release,18.0,0.7817,,,,18.0,66.0
1790785962.8470783,0,no release,18.0,0.7016,,,,18.0,66.0
1790785963.0748367,0,no release,18.0,0.6808,,,,18.0,66.0
1790785963.374708,0,no release,18.0,0.6916,,,,18.0,66.0
1790785963.7919445,0,no release,18.0,0.8048,,,,18.0,66.0
1790785968.6230268,0,no release,18.0,0.7272,,,,18.0,66.0
1790785969.7219124,0,no release,18.0,0.7333,,,,18.0,66.0
1790785972.8928394,0,no release,18.0,0.6836,,,,18.0,66.0
1790785973.0478384,0,no release,18.0,0.7108,,,,18.0,66.0
1790785973.288205,0,no release,18.0,0.7167,,,,18.0,66.0
1790785973.502387,0,no release,18.0,0.6869,,,,18.0,66.0
1790785973.7542384,0,no release,18.0,0.6955,,,,18.0,66.0
1790785974.1977346,0,no release,18.0,0.6976,,,,18.0,66.0
1790785979.106623,0,no release,18.0,0.7321,,,,18.0,66.0
1790785980.0894766,0,no release,18.0,0.7319,,,,18.0,66.0
1790785982.1700742,0,no release,18.0,0.7638,,,,18.0,66.0
1790785982.370933,0,no release,18.0,0.6918,,,,18.0,66.0
1790785982.6337295,0,no release,18.0,0.7023,,,,18.0,66.0
1790785982.868964,0,no release,18.0,0.7194,,,,18.0,66.0
1790785984.3308854,0,no release,18.0,0.7164,,,,18.0,66.0
1790785984.717341,0,no release,18.0,0.7003,,,,18.0,66.0
1790785988.4875638,0,no release,18.0,0.7123,,,,18.0,66.0
1790785990.7161477,0,no release,18.0,0.7154,,,,18.0,66.0
1790785992.7756553,0,no release,18.0,0.7052,,,,18.0,66.0
1790785992.9477057,0,no release,18.0,0.9458,,,,18.0,66.0
1790785993.23274,0,no release,18.0,0.6922,,,,18.0,66.0
1790785993.4089065,0,no release,18.0,0.6975,,,,18.0,66.0
1790785993.6941936,0,no release,18.0,0.6981,,,,18.0,66.0
1790785994.1416414,0,no release,18.0,0.7144,,,,18.0,66.0
1790785998.9275544,0,no release,18.0,0.7785,,,,18.0,66.0
1790786000.0568202,0,no release,18.0,0.6919,,,,18.0,66.0
1790786003.2261574,0,no release,18.0,0.7157,,,,18.0,66.0
1790786003.4060903,0,no release,18.0,0.7607,,,,18.0,66.0
1790786003.6549475,0,no release,18.0,0.7516,,,,18.0,66.0
1790786003.8468194,0,no release,18.0,0.7205,,,,18.0,66.0
1790786004.1281466,0,no release,18.0,0.7441,,,,18.0,66.0
1790786004.560714,0,no release,18.0,0.6932,,,,18.0,66.0
1790786009.3857126,0,no release,18.0,0.7318,,,,18.0,66.0
1790786010.4946246,0,no release,18.0,0.6995,,,,18.0,66.0
1790786013.6670682,0,no release,18.0,0.6766,,,,18.0,66.0
1790786013.8311126,0,no release,18.0,0.7103,,,,18.0,66.0
1790786014.0879025,0,no release,18.0,0.7054,,,,18.0,66.0
1790786014.2670066,0,no release,18.0,0.7226,,,,18.0,66.0
1790786014.5400257,0,no release,18.0,0.6911,,,,18.0,66.0
1790786014.8835795,0,no release,18.0,0.6633,,,,18.0,66.0
1790786019.8397465,0,no release,18.0,0.7113,,,,18.0,66.0
1790786020.7688034,0,no release,18.0,0.7015,,,,18.0,66.0
1790786022.8739643,0,no release,18.0,0.8536,,,,18.0,66.0
1790786023.0478506,0,no release,18.0,0.7186,,,,18.0,66.0
1790786023.3294532,0,no release,18.0,0.7442,,,,18.0,66.0
1790786024.7250805,0,no release,18.0,0.6976,,,,18.0,66.0
1790786025.0208023,0,no release,18.0,0.6819,,,,18.0,66.0
1790786025.436249,0,no release,18.0,0.6858,,,,18.0,66.0
1790786029.0919287,0,no release,18.0,0.7719,,,,18.0,66.0
1790786031.2663774,0,no release,18.0,0.7638,,,,18.0,66.0
1790786033.2892754,0,no release,18.0,0.7052,,,,18.0,66.0
1790786033.469901,0,no release,18.0,0.7137,,,,18.0,66.0
1790786033.7902281,0,no release,18.0,0.723,,,,18.0,66.0
1790786034.0040228,0,no release,18.0,0.7144,,,,18.0,66.0
1790786034.2532337,0,no release,18.0,0.6979,,,,18.0,66.0
1790786034.6646566,0,no release,18.0,0.6919,,,,18.0,66.0
1790786039.4224837,0,no release,18.0,0.7299,,,,18.0,66.0
1790786040.459031,0,no release,18.0,0.7124,,,,18.0,66.0
1790786043.697042,0,no release,18.0,0.7174,,,,18.0,66.0
1790786043.8377638,0,no release,18.0,0.757,,,,18.0,66.0
1790786044.0461676,0,no release,18.0,0.7151,,,,18.0,66.0
1790786044.2409527,0,no release,18.0,1.5276,,,,18.0,66.0
1790786044.4949703,0,no release,18.0,0.6819,,,,18.0,66.0
1790786044.9498248,0,no release,18.0,0.7269,,,,18.0,66.0
1790786049.8055658,0,no release,18.0,0.7037,,,,18.0,66.0
1790786050.7638676,0,no release,18.0,0.7267,,,,18.0,66.0
1790786054.1131392,0,no release,18.0,0.6985,,,,18.0,66.0
1790786054.2772322,0,no release,18.0,0.6805,,,,18.0,66.0
1790786054.530947,0,no release,18.0,0.6728,,,,18.0,66.0
1790786054.7247171,0,no release,18.0,0.6884,,,,18.0,66.0
1790786054.9431438,0,no release,18.0,0.6942,,,,18.0,66.0
1790786055.3110144,0,no release,18.0,0.7039,,,,18.0,66.0
1790786060.169017,0,no release,18.0,0.6762,,,,18.0,66.0
1790786061.1257777,0,no release,18.0,0.7017,,,,18.0,66.0
1790786063.1917222,0,no release,18.0,0.7871,,,,18.0,66.0
1790786063.363139,0,no release,18.0,0.6734,,,,18.0,66.0
1790786063.6040494,0,no release,18.0,0.6941,,,,18.0,66.0
1790786064.884723,0,no release,18.0,0.6773,,,,18.0,66.0
1790786065.173213,0,no release,18.0,0.6846,,,,18.0,66.0
1790786065.600642,0,no release,18.0,0.7101,,,,18.0,66.0
1790786069.192892,0,no release,18.0,0.7458,,,,18.0,66.0
1790786071.4275916,0,no release,18.0,0.7054,,,,18.0,66.0
1790786073.4582512,0,no release,18.0,0.6846,,,,18.0,66.0
1790786073.6229844,0,no release,18.0,0.777,,,,18.0,66.0
1790786073.8793414,0,no release,18.0,0.7072,,,,18.0,66.0
1790786074.075425,0,no release,18.0,0.7037,,,,18.0,66.0
1790786074.325846,0,no release,18.0,0.7342,,,,18.0,66.0
1790786074.7166123,0,no release,18.0,0.726,,,,18.0,66.0
1790786079.5760875,0,no release,18.0,0.6898,,,,18.0,66.0
1790786080.5122442,0,no release,18.0,0.7447,,,,18.0,66.0
1790786083.8211815,0,no release,18.0,0.6902,,,,18.0,66.0
1790786084.0114467,0,no release,18.0,0.7139,,,,18.0,66.0
1790786084.2653916,0,no release,18.0,0.6739,,,,18.0,66.0
1790786084.4422133,0,no release,18.0,0.6761,,,,18.0,66.0
1790786084.693943,0,no release,18.0,0.7059,,,,18.0,66.0
1790786085.069115,0,no release,18.0,0.7797,,,,18.0,66.0
1790786089.8553572,0,no release,18.0,0.7823,,,,18.0,66.0
1790786090.7827067,0,no release,18.0,0.698,,,,18.0,66.0
1790786093.9759207,0,no release,18.0,0.6925,,,,18.0,66.0
1790786094.1356478,0,no release,18.0,0.7267,,,,18.0,66.0
1790786094.3982294,0,no release,18.0,0.6729,,,,18.0,66.0
1790786094.6372159,0,no release,18.0,0.6826,,,,18.0,66.0
1790786094.8212152,0,grip capacity exceeded,0.388,2.3158,,,,18.0,66.0
1790786094.920457,0,no release,18.0,0.6998,,,,18.0,66.0
1790786095.298764,0,no release,18.0,0.7086,,,,18.0,66.0
1790786099.92403,0,no release,18.0,0.668,,,,18.0,66.0
1790786100.4654255,0,missed B,12.148,0.6717,11.859999999999747,0.5891365290307957,2.0305573887909345,18.0,66.0
1790786100.9671662,0,no release,18.0,0.7583,,,,18.0,66.0
1790786103.0500488,0,no release,18.0,0.6993,,,,18.0,66.0
1790786104.428056,0,no release,18.0,0.6781,,,,18.0,66.0
1790786104.7963002,0,no release,18.0,0.715,,,,18.0,66.0
1790786104.8954957,0,no release,18.0,0.7,,,,18.0,66.0
1790786105.323228,0,no release,18.0,0.6878,,,,18.0,66.0
1790786109.9120777,0,no release,18.0,0.7251,,,,18.0,66.0
1790786110.4292023,0,no release,18.0,0.6788,,,,18.0,66.0
1790786111.0114644,0,no release,18.0,0.6797,,,,18.0,66.0
1790786113.2250693,0,no release,18.0,0.7148,,,,18.0,66.0
1790786113.3609548,0,slipped off A,0.37,0.9071,,,,18.0,66.0
1790786113.4435704,0,no release,18.0,0.66,,,,18.0,66.0
1790786113.808322,0,no release,18.0,0.7112,,,,18.0,66.0
1790786113.9013417,0,no release,18.0,0.6996,,,,18.0,66.0
1790786114.3235373,0,no release,18.0,0.6952,,,,18.0,66.0
1790786119.0378516,0,no release,18.0,0.7127,,,,18.0,66.0
1790786119.5429604,0,no release,18.0,0.7358,,,,18.0,66.0
1790786120.1052115,0,no release,18.0,0.7138,,,,18.0,66.0
1790786123.266147,0,hit wall,14.68,0.6667,14.599999999999689,0.7413587512530148,2.2414779103131792,18.0,66.0
1790786123.8001456,0,no release,18.0,0.7077,,,,18.0,66.0
1790786123.8775587,0,no release,18.0,0.7249,,,,18.0,66.0
1790786124.0214586,0,grip capacity exceeded,0.35,2.2565,,,,18.0,66.0
1790786124.2080672,0,no release,18.0,0.7123,,,,18.0,66.0
1790786124.2843704,0,no release,18.0,0.7125,,,,18.0,66.0
1790786129.609931,0,no release,18.0,0.7298,,,,18.0,66.0
1790786130.048795,0,no release,18.0,0.6953,,,,18.0,66.0
1790786130.5434766,0,no release,18.0,0.7041,,,,18.0,66.0
1790786133.5607903,0,no release,18.0,0.6882,,,,18.0,66.0
1790786134.1646066,0,no release,18.0,0.7084,,,,18.0,66.0
1790786134.4055772,0,no release,18.0,0.6637,,,,18.0,66.0
1790786134.62992,0,no release,18.0,0.6703,,,,18.0,66.0
1790786134.722802,0,no release,18.0,0.749,,,,18.0,66.0
1790786140.0180557,0,no release,18.0,0.7064,,,,18.0,66.0
1790786140.516099,0,no release,18.0,0.7199,,,,18.0,66.0
1790786141.0619755,0,no release,18.0,0.6981,,,,18.0,66.0
1790786142.9640942,0,no release,18.0,0.9265,,,,18.0,66.0
1790786144.6622312,0,no release,18.0,0.6936,,,,18.0,66.0
1790786144.9310288,0,no release,18.0,0.7259,,,,18.0,66.0
1790786144.956122,0,hit wall,1.772,0.7576,1.6999999999999638,0.024692084586363332,1.985010074047044,18.0,66.0
1790786145.2142699,0,no release,18.0,0.6424,,,,18.0,66.0
1790786145.3031886,0,no release,18.0,0.7236,,,,18.0,66.0
1790786150.632058,0,no release,18.0,0.7335,,,,18.0,66.0
1790786151.2034032,0,no release,18.0,0.699,,,,18.0,66.0
1790786151.7682767,0,no release,18.0,0.7169,,,,18.0,66.0
1790786152.7894804,0,missed B,14.302,0.6899,13.959999999999702,0.70580319569746,1.5829241521012547,18.0,66.0
1790786154.2076285,0,no release,18.0,0.6611,,,,18.0,66.0
1790786154.4377851,0,no release,18.0,0.7536,,,,18.0,66.0
1790786154.656063,0,no release,18.0,0.727,,,,18.0,66.0
1790786154.7227187,0,no release,18.0,0.7265,,,,18.0,66.0
1790786157.6633768,0,missed B,12.46,0.7235,12.119999999999742,0.6035809734752399,1.829177166487922,18.0,66.0
1790786160.725848,0,no release,18.0,0.7765,,,,18.0,66.0
1790786162.5056837,0,no release,18.0,0.7136,,,,18.0,66.0
1790786163.6136832,0,no release,18.0,0.7146,,,,18.0,66.0
1790786164.9849262,0,no release,18.0,0.7019,,,,18.0,66.0
1790786165.2572315,0,no release,18.0,0.6854,,,,18.0,66.0
1790786165.465324,0,no release,18.0,0.7282,,,,18.0,66.0
1790786165.5481396,0,no release,18.0,0.7057,,,,18.0,66.0
1790786168.328969,0,no release,18.0,0.7125,,,,18.0,66.0
1790786168.4816864,0,missed B,10.414,0.6763,10.259999999999781,0.5002476401419087,2.583177821926711,18.0,66.0
1790786168.6461985,0,slipped off A,0.33,1.0045,,,,18.0,66.0
1790786171.4871156,0,no release,18.0,0.6884,,,,18.0,66.0
1790786174.2597136,0,no release,18.0,1.0394,,,,18.0,66.0
1790786175.5940742,0,no release,18.0,0.7008,,,,18.0,66.0
1790786175.8239608,0,no release,18.0,0.6983,,,,18.0,66.0
1790786176.0437071,0,no release,18.0,0.7212,,,,18.0,66.0
1790786176.1276495,0,no release,18.0,0.6998,,,,18.0,66.0
1790786177.8055654,0,no release,18.0,0.7052,,,,18.0,66.0
1790786178.0735707,0,no release,18.0,0.6858,,,,18.0,66.0
1790786182.0394523,0,no release,18.0,0.6826,,,,18.0,66.0
1790786183.8399863,0,no release,18.0,0.7109,,,,18.0,66.0
1790786183.9681504,0,grip capacity exceeded,0.266,2.0148,,,,18.0,66.0
1790786186.5176814,0,no release,18.0,0.7725,,,,18.0,66.0
1790786186.759736,0,no release,18.0,0.7484,,,,18.0,66.0
1790786187.0036614,0,no release,18.0,0.7234,,,,18.0,66.0
1790786187.1050024,0,no release,18.0,0.7313,,,,18.0,66.0
1790786188.851028,0,no release,18.0,0.7217,,,,18.0,66.0
1790786189.1861713,0,no release,18.0,0.7102,,,,18.0,66.0
1790786193.2865067,0,no release,18.0,0.7103,,,,18.0,66.0
1790786195.4180315,0,no release,18.0,0.7241,,,,18.0,66.0
1790786196.8298059,0,no release,18.0,0.7295,,,,18.0,66.0
1790786197.1064885,0,no release,18.0,0.6834,,,,18.0,66.0
1790786197.385494,0,no release,18.0,0.7248,,,,18.0,66.0
1790786197.4652307,0,no release,18.0,0.8764,,,,18.0,66.0
1790786200.3451219,0,no release,18.0,0.6884,,,,18.0,66.0
1790786200.6773624,0,no release,18.0,0.701,,,,18.0,66.0
1790786203.8067331,0,no release,18.0,0.68,,,,18.0,66.0
1790786206.9468508,0,no release,18.0,0.7685,,,,18.0,66.0
1790786208.3956728,0,no release,18.0,0.6863,,,,18.0,66.0
1790786208.6785483,0,no release,18.0,0.6901,,,,18.0,66.0
1790786208.9345205,0,no release,18.0,0.7607,,,,18.0,66.0
1790786209.02613,0,no release,18.0,0.6978,,,,18.0,66.0
1790786211.8569267,0,no release,18.0,0.7262,,,,18.0,66.0
1790786212.17376,0,no release,18.0,0.6877,,,,18.0,66.0
1790786215.191724,0,no release,18.0,0.7286,,,,18.0,66.0
1790786218.3539677,0,no release,18.0,0.6921,,,,18.0,66.0
1790786219.7873356,0,no release,18.0,0.7346,,,,18.0,66.0
1790786220.0463643,0,no release,18.0,0.6777,,,,18.0,66.0
1790786220.3349278,0,no release,18.0,0.7069,,,,18.0,66.0
1790786220.4454343,0,no release,18.0,0.6669,,,,18.0,66.0
1790786222.1696527,0,no release,18.0,0.7468,,,,18.0,66.0
1790786222.4770737,0,no release,18.0,0.6934,,,,18.0,66.0
1790786226.7448032,0,no release,18.0,0.7329,,,,18.0,66.0
1790786228.7247515,0,no release,18.0,0.717,,,,18.0,66.0
1790786231.2572541,0,no release,18.0,0.6656,,,,18.0,66.0
1790786231.5360665,0,no release,18.0,0.7075,,,,18.0,66.0
1790786231.780618,0,no release,18.0,0.7749,,,,18.0,66.0
1790786231.873481,0,no release,18.0,0.679,,,,18.0,66.0
1790786233.7147355,0,no release,18.0,0.7382,,,,18.0,66.0
1790786234.0385332,0,no release,18.0,0.7061,,,,18.0,66.0
1790786238.2431486,0,no release,18.0,0.7348,,,,18.0,66.0
1790786240.1329618,0,no release,18.0,0.6912,,,,18.0,66.0
1790786241.4879434,0,no release,18.0,0.675,,,,18.0,66.0
1790786241.7537417,0,no release,18.0,0.6718,,,,18.0,66.0
1790786241.9916446,0,no release,18.0,0.6785,,,,18.0,66.0
1790786242.078846,0,no release,18.0,0.7514,,,,18.0,66.0
1790786245.1015232,0,no release,18.0,0.685,,,,18.0,66.0
1790786245.3938773,0,no release,18.0,0.7151,,,,18.0,66.0
1790786248.4150789,0,no release,18.0,0.7312,,,,18.0,66.0
1790786251.8045015,0,no release,18.0,0.7142,,,,18.0,66.0
1790786253.2334955,0,no release,18.0,0.7012,,,,18.0,66.0
1790786253.5044484,0,no release,18.0,0.7007,,,,18.0,66.0
1790786253.7614813,0,no release,18.0,0.7056,,,,18.0,66.0
1790786253.841106,0,no release,18.0,0.6788,,,,18.0,66.0
1790786256.8418975,0,no release,18.0,0.7031,,,,18.0,66.0
1790786257.1561508,0,no release,18.0,0.6668,,,,18.0,66.0
1790786260.238722,0,no release,18.0,0.6924,,,,18.0,66.0
1790786263.4574792,0,no release,18.0,0.7096,,,,18.0,66.0
1790786264.784149,0,no release,18.0,0.6882,,,,18.0,66.0
1790786265.1035492,0,no release,18.0,0.696,,,,18.0,66.0
1790786265.358669,0,no release,18.0,0.7372,,,,18.0,66.0
1790786265.4405718,0,no release,18.0,0.6767,,,,18.0,66.0
1790786267.1087449,0,no release,18.0,0.7244,,,,18.0,66.0
1790786267.432406,0,no release,18.0,0.7297,,,,18.0,66.0
1790786271.2994142,0,missed B,13.252,0.7064,12.959999999999724,0.6502476401419055,1.707432613210984,18.0,66.0
1790786271.7547414,0,no release,18.0,0.6957,,,,18.0,66.0
1790786276.261843,0,no release,18.0,0.6985,,,,18.0,66.0
1790786276.595641,0,no release,18.0,0.6703,,,,18.0,66.0
1790786276.8311124,0,no release,18.0,0.7437,,,,18.0,66.0
1790786276.9083164,0,no release,18.0,0.7491,,,,18.0,66.0
1790786278.5515482,0,no release,18.0,0.6948,,,,18.0,66.0
1790786278.8545768,0,no release,18.0,0.784,,,,18.0,66.0
1790786282.644406,0,no release,18.0,0.7072,,,,18.0,66.0
1790786283.1415617,0,no release,18.0,0.7581,,,,18.0,66.0
1790786286.1276789,0,missed B,12.632,0.6676,12.339999999999737,0.6158031956974619,2.0203201432567366,18.0,66.0
1790786286.1392205,0,no release,18.0,0.7076,,,,18.0,66.0
1790786286.3771882,0,no release,18.0,0.8042,,,,18.0,66.0
1790786286.5945647,0,no release,18.0,0.6848,,,,18.0,66.0
1790786287.850261,0,no release,18.0,0.7315,,,,18.0,66.0
1790786289.3915496,0,no release,18.0,0.7763,,,,18.0,66.0
1790786291.771463,0,no release,18.0,0.683,,,,18.0,66.0
1790786292.1873457,0,no release,18.0,0.6719,,,,18.0,66.0
1790786293.7735727,0,hit wall,12.49,0.717,12.419999999999735,0.6202476401419061,2.46011705261198,18.0,66.0
1790786296.1161008,0,no release,18.0,0.6631,,,,18.0,66.0
1790786296.347873,0,no release,18.0,0.6966,,,,18.0,66.0
1790786296.540082,0,no release,18.0,0.6643,,,,18.0,66.0
1790786296.6043181,0,no release,18.0,0.6988,,,,18.0,66.0
1790786299.085916,0,no release,18.0,0.6938,,,,18.0,66.0
1790786301.1108446,0,no release,18.0,0.6989,,,,18.0,66.0
1790786301.4353845,0,no release,18.0,0.7078,,,,18.0,66.0
1790786301.840845,0,no release,18.0,0.6955,,,,18.0,66.0
1790786304.9868798,0,no release,18.0,0.6979,,,,18.0,66.0
1790786305.2220633,0,no release,18.0,0.7437,,,,18.0,66.0
1790786305.370642,0,grip capacity exceeded,0.362,2.3845,,,,18.0,66.0
1790786305.4121635,0,no release,18.0,0.6901,,,,18.0,66.0
1790786305.4798877,0,no release,18.0,0.7534,,,,18.0,66.0
1790786306.7467268,0,no release,18.0,0.6687,,,,18.0,66.0
1790786309.8914835,0,no release,18.0,0.6832,,,,18.0,66.0
1790786310.2255762,0,no release,18.0,0.7873,,,,18.0,66.0
1790786310.6324172,0,no release,18.0,0.7403,,,,18.0,66.0
1790786313.743052,0,no release,18.0,0.6551,,,,18.0,66.0
1790786314.0929732,0,no release,18.0,0.6834,,,,18.0,66.0
1790786314.1382282,0,no release,18.0,0.7009,,,,18.0,66.0
1790786314.2065525,0,no release,18.0,0.7356,,,,18.0,66.0
1790786315.4842205,0,no release,18.0,0.6926,,,,18.0,66.0
1790786318.7167728,0,no release,18.0,0.6779,,,,18.0,66.0
1790786319.0923357,0,no release,18.0,0.683,,,,18.0,66.0
1790786319.527961,0,no release,18.0,0.7069,,,,18.0,66.0
1790786321.5059285,0,no release,18.0,0.677,,,,18.0,66.0
1790786322.9833956,0,no release,18.0,0.7741,,,,18.0,66.0
1790786323.0277982,0,no release,18.0,0.7097,,,,18.0,66.0
1790786323.092698,0,no release,18.0,0.6966,,,,18.0,66.0
1790786323.3740456,0,missed B,1.134,0.7373,0.6599999999999859,0.9669143068085868,1.2926170077678223,18.0,66.0
1790786324.3695445,0,no release,18.0,0.6895,,,,18.0,66.0
1790786326.5401967,0,no release,18.0,0.6834,,,,18.0,66.0
1790786328.0471528,0,no release,18.0,0.7496,,,,18.0,66.0
1790786328.431628,0,no release,18.0,0.7146,,,,18.0,66.0
1790786328.5769928,0,slipped off A,0.45,0.8801,,,,18.0,66.0
1790786330.3431094,0,no release,18.0,0.7334,,,,18.0,66.0
1790786330.733631,0,no release,18.0,0.6582,,,,18.0,66.0
1790786330.8056579,0,no release,18.0,0.7937,,,,18.0,66.0
1790786331.1157556,0,no release,18.0,0.6657,,,,18.0,66.0
1790786333.240885,0,no release,18.0,0.7064,,,,18.0,66.0
1790786335.2304182,0,no release,18.0,0.761,,,,18.0,66.0
1790786335.569504,0,no release,18.0,0.7047,,,,18.0,66.0
1790786336.1603494,0,no release,18.0,0.6696,,,,18.0,66.0
1790786339.0047436,0,no release,18.0,0.6874,,,,18.0,66.0
1790786339.3649914,0,no release,18.0,0.7342,,,,18.0,66.0
1790786339.431168,0,no release,18.0,0.7019,,,,18.0,66.0
1790786339.5451298,0,grip capacity exceeded,0.288,2.1918,,,,18.0,66.0
1790786339.7551887,0,no release,18.0,0.7309,,,,18.0,66.0
1790786340.6998196,0,no release,18.0,0.6658,,,,18.0,66.0
1790786343.8502948,0,no release,18.0,0.7009,,,,18.0,66.0
1790786344.1818154,0,no release,18.0,0.7227,,,,18.0,66.0
1790786344.7328308,0,no release,18.0,0.6991,,,,18.0,66.0
1790786347.6638234,0,no release,18.0,0.6878,,,,18.0,66.0
1790786348.0067194,0,no release,18.0,0.6801,,,,18.0,66.0
1790786348.184313,0,no release,18.0,0.7263,,,,18.0,66.0
1790786348.3909326,0,no release,18.0,0.8457,,,,18.0,66.0
1790786349.3309221,0,no release,18.0,0.7971,,,,18.0,66.0
1790786352.5032072,0,no release,18.0,0.7349,,,,18.0,66.0
1790786352.8299959,0,no release,18.0,0.6776,,,,18.0,66.0
1790786353.453351,0,no release,18.0,0.7157,,,,18.0,66.0
1790786355.157672,0,no release,18.0,0.7514,,,,18.0,66.0
1790786356.7272978,0,no release,18.0,0.7115,,,,18.0,66.0
1790786356.9021893,0,no release,18.0,0.7231,,,,18.0,66.0
1790786357.071415,0,no release,18.0,0.7379,,,,18.0,66.0
1790786358.018056,0,no release,18.0,0.7262,,,,18.0,66.0
1790786360.070132,0,no release,18.0,0.7642,,,,18.0,66.0
1790786361.5703614,0,no release,18.0,0.6855,,,,18.0,66.0
1790786362.0911586,0,no release,18.0,0.7004,,,,18.0,66.0
1790786363.8687403,0,no release,18.0,0.8288,,,,18.0,66.0
1790786364.24207,0,no release,18.0,0.6722,,,,18.0,66.0
1790786364.4088507,0,no release,18.0,0.8144,,,,18.0,66.0
1790786364.5969846,0,no release,18.0,0.7235,,,,18.0,66.0
1790786366.6237757,0,no release,18.0,0.7362,,,,18.0,66.0
1790786368.6372392,0,no release,18.0,0.7333,,,,18.0,66.0
1790786368.950696,0,no release,18.0,0.6879,,,,18.0,66.0
1790786369.4984055,0,no release,18.0,0.706,,,,18.0,66.0
1790786372.4360318,0,no release,18.0,0.6982,,,,18.0,66.0
1790786372.8644953,0,no release,18.0,0.733,,,,18.0,66.0
1790786373.0430305,0,no release,18.0,0.6878,,,,18.0,66.0
1790786373.253846,0,no release,18.0,0.7241,,,,18.0,66.0
1790786374.1900284,0,no release,18.0,0.6906,,,,18.0,66.0
1790786377.299291,0,no release,18.0,0.6897,,,,18.0,66.0
1790786377.645168,0,no release,18.0,0.6725,,,,18.0,66.0
1790786378.2261212,0,no release,18.0,0.6773,,,,18.0,66.0
1790786381.1953392,0,no release,18.0,0.7166,,,,18.0,66.0
1790786381.576065,0,no release,18.0,0.7,,,,18.0,66.0
1790786381.742676,0,no release,18.0,0.6628,,,,18.0,66.0
1790786381.936619,0,no release,18.0,0.6729,,,,18.0,66.0
1790786382.8945272,0,no release,18.0,0.7091,,,,18.0,66.0
1790786386.0444152,0,no release,18.0,0.7305,,,,18.0,66.0
1790786386.368293,0,no release,18.0,0.7264,,,,18.0,66.0
1790786386.9061258,0,no release,18.0,0.7491,,,,18.0,66.0
1790786388.710187,0,no release,18.0,0.6962,,,,18.0,66.0
1790786390.2868242,0,no release,18.0,1.339,,,,18.0,66.0
1790786390.4709632,0,no release,18.0,0.7549,,,,18.0,66.0
1790786390.6755748,0,no release,18.0,0.8332,,,,18.0,66.0
1790786391.591546,0,no release,18.0,0.7259,,,,18.0,66.0
1790786393.6021268,0,no release,18.0,0.7137,,,,18.0,66.0
1790786395.1033037,0,no release,18.0,0.6985,,,,18.0,66.0
1790786395.6513343,0,no release,18.0,0.6734,,,,18.0,66.0
1790786397.4453754,0,no release,18.0,0.7356,,,,18.0,66.0
1790786397.8049138,0,no release,18.0,0.7504,,,,18.0,66.0
1790786397.9467072,0,no release,18.0,0.7273,,,,18.0,66.0
1790786398.1281047,0,no release,18.0,0.7317,,,,18.0,66.0
1790786400.2068956,0,no release,18.0,0.6836,,,,18.0,66.0
1790786402.2438655,0,no release,18.0,0.6846,,,,18.0,66.0
1790786402.5519423,0,no release,18.0,0.6988,,,,18.0,66.0
1790786403.0857248,0,no release,18.0,0.7357,,,,18.0,66.0
1790786405.9375796,0,no release,18.0,0.6854,,,,18.0,66.0
1790786406.351221,0,no release,18.0,0.6803,,,,18.0,66.0
1790786406.514363,0,no release,18.0,0.699,,,,18.0,66.0
1790786406.6953475,0,no release,18.0,0.7122,,,,18.0,66.0
1790786407.6463373,0,no release,18.0,0.7377,,,,18.0,66.0
1790786410.807638,0,no release,18.0,0.7099,,,,18.0,66.0
1790786411.1426108,0,no release,18.0,0.7052,,,,18.0,66.0
1790786411.6735055,0,no release,18.0,0.6704,,,,18.0,66.0
1790786414.5391955,0,no release,18.0,0.6753,,,,18.0,66.0
1790786414.8992496,0,no release,18.0,0.7097,,,,18.0,66.0
1790786415.0574124,0,no release,18.0,0.6964,,,,18.0,66.0
1790786415.2537568,0,no release,18.0,0.8175,,,,18.0,66.0
1790786416.1786065,0,no release,18.0,0.7391,,,,18.0,66.0
1790786419.3262744,0,no release,18.0,0.7378,,,,18.0,66.0
1790786419.6437235,0,no release,18.0,0.7447,,,,18.0,66.0
1790786420.196389,0,no release,18.0,0.6679,,,,18.0,66.0
1790786423.0198975,0,no release,18.0,0.7154,,,,18.0,66.0
1790786423.4038212,0,no release,18.0,0.7007,,,,18.0,66.0
1790786423.5767796,0,no release,18.0,0.7448,,,,18.0,66.0
1790786423.7676582,0,no release,18.0,0.7096,,,,18.0,66.0
1790786424.7050936,0,no release,18.0,0.6899,,,,18.0,66.0
1790786427.8330932,0,no release,18.0,0.7021,,,,18.0,66.0
1790786428.1877575,0,no release,18.0,0.7001,,,,18.0,66.0
1790786428.7304406,0,no release,18.0,0.7444,,,,18.0,66.0
1790786430.4616299,0,no release,18.0,0.8188,,,,18.0,66.0
1790786430.8270788,0,no release,18.0,0.7052,,,,18.0,66.0
1790786430.9821777,0,no release,18.0,0.6787,,,,18.0,66.0
1790786431.164679,0,no release,18.0,0.818,,,,18.0,66.0
1790786433.298396,0,no release,18.0,0.7183,,,,18.0,66.0
1790786435.263441,0,no release,18.0,0.6738,,,,18.0,66.0
1790786435.584595,0,no release,18.0,0.668,,,,18.0,66.0
1790786437.23048,0,no release,18.0,0.6711,,,,18.0,66.0
1790786439.0246606,0,no release,18.0,0.7565,,,,18.0,66.0
1790786439.394947,0,no release,18.0,0.7251,,,,18.0,66.0
1790786439.5721934,0,no release,18.0,0.6903,,,,18.0,66.0
1790786439.7615092,0,no release,18.0,0.683,,,,18.0,66.0
1790786440.6522431,0,no release,18.0,0.6882,,,,18.0,66.0
1790786443.7564425,0,no release,18.0,0.6911,,,,18.0,66.0
1790786444.0769885,0,no release,18.0,0.6594,,,,18.0,66.0
1790786444.6161823,0,no release,18.0,0.6584,,,,18.0,66.0
1790786447.5363984,0,no release,18.0,0.6659,,,,18.0,66.0
1790786447.9055033,0,no release,18.0,0.7136,,,,18.0,66.0
1790786448.064066,0,no release,18.0,0.6906,,,,18.0,66.0
1790786448.2234707,0,no release,18.0,0.6575,,,,18.0,66.0
1790786449.172258,0,no release,18.0,0.659,,,,18.0,66.0
1790786452.31047,0,no release,18.0,0.663,,,,18.0,66.0
1790786452.6011105,0,no release,18.0,0.6903,,,,18.0,66.0
1790786453.096961,0,no release,18.0,0.7473,,,,18.0,66.0
1790786455.8837461,0,no release,18.0,0.7181,,,,18.0,66.0
1790786456.2952662,0,no release,18.0,0.6627,,,,18.0,66.0
1790786456.4856498,0,no release,18.0,0.6718,,,,18.0,66.0
1790786456.6766708,0,no release,18.0,0.691,,,,18.0,66.0
1790786457.5850337,0,no release,18.0,0.6979,,,,18.0,66.0
1790786460.6811907,0,no release,18.0,0.6702,,,,18.0,66.0
1790786461.0086186,0,no release,18.0,0.6905,,,,18.0,66.0
1790786461.5825381,0,no release,18.0,0.7097,,,,18.0,66.0
1790786463.2572002,0,no release,18.0,0.7115,,,,18.0,66.0
1790786463.669767,0,no release,18.0,0.6561,,,,18.0,66.0
1790786463.8387494,0,no release,18.0,0.6614,,,,18.0,66.0
1790786464.0331843,0,no release,18.0,0.653,,,,18.0,66.0
1790786466.2228723,0,no release,18.0,0.6611,,,,18.0,66.0
1790786468.249773,0,no release,18.0,0.6843,,,,18.0,66.0
1790786468.5577838,0,no release,18.0,0.739,,,,18.0,66.0
1790786470.2245648,0,no release,18.0,0.7794,,,,18.0,66.0
1790786472.0320792,0,no release,18.0,0.6648,,,,18.0,66.0
1790786472.4141197,0,no release,18.0,0.6726,,,,18.0,66.0
1790786472.5769696,0,no release,18.0,0.6556,,,,18.0,66.0
1790786472.8000717,0,no release,18.0,0.6862,,,,18.0,66.0
1790786474.907068,0,no release,18.0,0.6549,,,,18.0,66.0
1790786476.9978902,0,no release,18.0,0.6766,,,,18.0,66.0
1790786477.31899,0,no release,18.0,0.6488,,,,18.0,66.0
1790786477.9044108,0,no release,18.0,0.6744,,,,18.0,66.0
1790786480.8429487,0,no release,18.0,0.6586,,,,18.0,66.0
1790786481.2221375,0,no release,18.0,0.6899,,,,18.0,66.0
1790786481.39929,0,no release,18.0,0.7371,,,,18.0,66.0
1790786481.5833452,0,no release,18.0,0.6923,,,,18.0,66.0
1790786482.577614,0,no release,18.0,0.6963,,,,18.0,66.0
1790786485.8610504,0,no release,18.0,0.6647,,,,18.0,66.0
1790786486.1976776,0,no release,18.0,0.7087,,,,18.0,66.0
1790786486.7695522,0,no release,18.0,0.7281,,,,18.0,66.0
1790786489.6716666,0,no release,18.0,0.6704,,,,18.0,66.0
1790786490.0714943,0,no release,18.0,0.6858,,,,18.0,66.0
1790786490.2668328,0,no release,18.0,0.6499,,,,18.0,66.0
1790786490.4647527,0,no release,18.0,0.7163,,,,18.0,66.0
1790786491.4373846,0,no release,18.0,0.7044,,,,18.0,66.0
1790786494.7482448,0,no release,18.0,0.7135,,,,18.0,66.0
1790786495.0855079,0,no release,18.0,0.6779,,,,18.0,66.0
1790786495.6526792,0,no release,18.0,0.7048,,,,18.0,66.0
1790786497.4864895,0,no release,18.0,0.7302,,,,18.0,66.0
1790786497.8287103,0,no release,18.0,0.6825,,,,18.0,66.0
1790786497.9843583,0,no release,18.0,0.6981,,,,18.0,66.0
1790786499.3187902,0,no release,18.0,0.7216,,,,18.0,66.0
1790786500.3647254,0,no release,18.0,0.6792,,,,18.0,66.0
1790786502.3657486,0,no release,18.0,0.6605,,,,18.0,66.0
1790786502.6825686,0,no release,18.0,0.6539,,,,18.0,66.0
1790786504.3764575,0,no release,18.0,0.6826,,,,18.0,66.0
1790786506.1850326,0,no release,18.0,0.6615,,,,18.0,66.0
1790786506.5497663,0,no release,18.0,0.6728,,,,18.0,66.0
1790786506.725203,0,no release,18.0,0.6845,,,,18.0,66.0
1790786506.9122045,0,no release,18.0,0.6877,,,,18.0,66.0
1790786508.9614034,0,no release,18.0,0.7129,,,,18.0,66.0
1790786511.116728,0,no release,18.0,0.6767,,,,18.0,66.0
1790786511.4447606,0,no release,18.0,0.682,,,,18.0,66.0
1790786512.0281396,0,no release,18.0,0.7252,,,,18.0,66.0
