J,T,U,U_catch,U_ref,cap_cap_H,cap_cap_S,cap_cap_bound,cap_cap_catch,cap_cap_wait,cap_scale,dJ_dt0,d_f,d_s,effort,iters,k,lam_approach,lam_catch_geom,lam_catch_vel,lam_cone_A,lam_cone_B,lam_cone_C,lam_cone_impact,lam_duration,lam_flight_inv,lam_hook,lam_joint_range,lam_joint_speed,lam_rate,lam_settle,lam_torque,lam_wall,level,m,ok,p0,p1,p2,p3,p4,p5,p6,p7,p8,p9,phase,ref,rem_ref,rep,sens_mu_in,sens_mu_out,sens_qd_max,sens_tau_cap,sens_v_away_max,sens_v_rel_max,solve_s,stature,status,t0,t_in,tag,u0,u1,u2,u3,x0,x1,x2,x3,x4,x5,x6,x7,x8,x9
14.256452976635249,18.0,1.1972431972715218,1.197243203774374,1.214024150162041,8.48320942615714,0.14829354706045564,6.93133803780718e-10,1.3684970248167376,1.0599871893653314e-08,1.0,0.18573026622442795,0.47484159823504124,1.6629783576773116,2.279154124798393,65,105,1.7927997974603873,24.986070122778493,9.859263860910767e-09,0.009506610889405924,0.10309486085121283,0.0,1.4597687828942186e-05,0.18573028275478476,3.6068228280027225e-06,0.0,12.36463746338801,0.1631812267741907,2.9089661911729525,0.0,1.9948905194814017,122.537820460893,1.0,66.0,1,0.06166558075238844,0.029355126365443174,0.05765986840557078,0.053586039961897945,0.024745432524502876,0.025614419698243303,0.0185758286536038,0.018629138628579067,0.009206610772610774,0.0028231163805872467,0.1548520343441372,sol_stature1.70.pkl,1.7126633818055277,0,-0.014418050934159835,-1.6940001597164478e-06,0.0,-3.8259929411706732,0.0,0.0,99.2,1.7,Solve_Succeeded,20.78733661819447,3.996214557546235,stature1.70_k105_l1_r0,0.13388500368709486,-0.042258278826389925,-0.024500035221473707,0.2640081690614806,0.0680914982277479,0.048091498227747886,0.5046683132283896,0.4485217681154391,0.6287890491838029,-2.3504038269291465,-1.6879300745367578,0.926037317179976,-3.6871312101539737,-7.6018988937783
13.609331231026875,18.0,1.1191693117686632,1.119168903513654,1.1214108192990524,9.241154822671602,0.1296614955885512,4.526510787438939e-08,0.6291831857176078,4.497233542102604e-07,1.1,0.061663197965001505,0.46905108998735207,2.248178971206076,2.4140833601600056,52,90,1.7486304306698186,16.42034099877252,4.409006068759637e-07,0.0002746948513774851,0.28680294042906285,0.0,1.08571023335916,0.061663673355940564,9.820953766642944e-05,0.0,8.77892912702841,0.09426645548389166,2.0904183181682434,0.0,0.49182329446844614,52.7762447854474,0.0,66.0,1,-0.13309502814675642,-0.09597048057304353,-0.08990735538066412,-0.03604337210663315,0.006673737217852235,0.02022812811236766,0.015810324867834506,0.01818184127637183,0.004849579966052505,-0.0022904143320430248,0.1222243045487943,sol_cap_scale1.10.pkl,2.2999625181216956,0,-0.008541048984585645,-0.1834525688616875,0.0,-2.1774670930936515,0.0,0.0,102.6,1.75,Solve_Succeeded,20.200037481878297,3.44994377718254,cap_scale1.10_k090_l0_r0,0.15225746454077616,0.07299479713527168,-0.1560837705746725,-0.041350983785285345,0.18289310273700682,-0.023372215257768014,0.31382582550492344,0.6632278476879054,2.7799037238682764,0.9151086869282646,0.7121186926429046,0.18584418686524917,0.25455601586972515,-0.5569032818194122
13.569540225344902,18.0,1.1093548992602347,1.1093549081079852,1.11760507312265,9.086682135543722,0.15288794244954773,1.4022877962514423e-09,0.7604334919502888,2.772851502582554e-09,1.2,0.046273133126755774,0.4675586468043315,2.7625553470626922,2.472675141218758,86,75,1.403870317239843,16.238430925602714,5.126408969074349e-07,9.547388356791213e-06,0.42551575289911076,0.0,0.6848432304903427,0.04627313320496084,7.031968813684217e-07,0.0,8.44491698423087,0.0891348052849543,2.2621060749368334,0.0,0.32186371480029846,50.50832336873254,0.0,66.0,1,-0.0618608687351351,-0.048830953428204066,-0.05744462351268567,-0.041351983069174016,-0.002595702188744283,-0.03383111957355963,-0.017488438119341466,-0.028461833804800014,-0.011993087505918761,-0.005413654749009208,0.09117461983932766,sol_cap_scale1.20.pkl,2.8588568428920986,0,-0.008595769814835157,-0.2814741345000006,0.0,-1.8907909959624776,0.0,0.0,135.9,1.75,Solve_Succeeded,19.641143157107898,2.8588568428920986,cap_scale1.20_k075_l0_r0,0.285080859367188,0.05883226047869342,-0.10352393794520455,0.013515424760128566,-0.06633193357478684,-0.4557395880028774,-0.13192933355460448,-0.06466495976478097,0.592017452724293,-0.000452451304992798,-0.021322434615036367,-0.03976430786701797,3.2823163715040384,6.551229941338939
14.713237247384999,18.0,1.1604759837655212,1.1604759675534182,1.1672475100346422,7.825242040742036,0.36086553979788966,7.266164164323276e-09,1.8138923313459292,7.914976822307533e-08,0.9,0.03280542603455931,0.4737911323221753,3.8949393938402377,3.1034297032439273,146,45,1.8926151183901976,33.64473819147612,1.2264324320990827e-07,0.005443681921287577,0.8184257067138061,0.0,0.00011286960465166002,0.032805512905562745,2.0205829121051747e-05,0.0,16.570076988414844,0.2785951264553348,3.9308940367919316,0.0,7.805034210927938,217.1164306387748,0.0,66.0,1,0.05304364241196137,0.023412938129036606,0.10405890225504585,-0.10173074461510942,-0.022932560426570554,0.06899903226800337,0.04859302783956299,0.060102046477104244,0.012759470692950983,0.007277525109740837,0.028356000865514572,sol_cap_scale0.90.pkl,3.989591984788068,0,-0.015915916434116866,-0.5377124679724945,0.0,-10.399064947055995,0.0,0.0,188.1,1.75,Solve_Succeeded,18.510408015579262,1.709825136337745,cap_scale0.90_k045_l0_r0,0.2450208225766356,-0.19147424509429586,-0.09767458897662516,0.14721416909409485,0.2080222877414971,0.2073460318136438,0.3483458474691115,-1.490662916035509,-1.4898082287150873,0.15090038789993457,0.13576892140305905,-1.1396649742774578,-4.370099868432543,-4.2647134876307105
16.624828086786575,18.0,1.3183350098473798,1.3183341327892688,1.3314855336242684,8.299762663789874,0.0007228874436958234,1.0313839406601913e-07,1.6995125351387326,1.9857843205586995e-06,1.0,0.41697532503825063,0.47751968550070656,4.951215769128066,3.435400720078659,125,15,0.00338408799973159,29.479268678021437,1.3729749992725772e-06,0.0377594165675773,0.048349133695075396,0.0,0.0024470996544035638,0.4169788456865514,0.0013587416437004023,0.0,11.287954658542235,0.16700662647196607,1.5979154649980853,0.0,2.72914013101542,192.52292313557336,1.0,66.0,1,0.2108838173382,0.14694957600112998,0.12201460089382044,0.007628296039503932,0.03480994193304909,-0.11021285685657467,-0.0760212540934528,-0.10057239937721756,-0.04540884314703092,-0.010550859608592107,0.9618702841498753,sol_stature1.65.pkl,5.186334885302242,0,-0.014038583354484397,-0.0018495453067087248,0.0,-4.776642921586898,0.0,0.0,205.1,1.65,Solve_Succeeded,17.313665114697756,0.576259431700251,stature1.65_k015_l1_r0,0.2914911624840602,0.042055002422031994,-0.08452594522239794,0.08310305241905104,0.15262134935188953,-0.055425431442558085,-0.0320675582851328,0.09713946107389776,1.184325440659888,-1.3098006161941658,-1.5886796791175237,-0.15733254142684205,1.1716078586541847,3.253088384862237
13.47724818879238,18.0,1.1372804796818186,1.1372804634813813,1.1480808828989086,8.848878809469578,0.1326224734384985,4.3618353641074504e-09,1.018498662865938,4.985481630061435e-08,0.95,0.10437290248247034,0.47159789927242146,1.1443375020637505,2.099436147767211,124,120,1.3625780323005443,18.73269443122196,3.035899538814517e-08,0.04825935313443614,0.287304940422397,0.0,0.0006158586486989659,0.10437297108898944,6.133607585808347e-05,0.0,9.524289996608339,0.10936328606453867,2.681591259449088,0.0,1.8279973505289324,88.1698778598514,0.0,66.0,1,0.16553174536758278,0.30736862950183813,0.0710379132154478,0.034235737906210234,0.009100208232551362,-0.03601851741611088,0.027327450079055918,0.05272192878209947,0.023583742829191345,0.009410942018655532,0.18667655173661737,sol_cap_scale0.95.pkl,1.1398220687408864,0,-0.013533008411561204,-0.18286970171320502,0.0,-3.6883110249796487,0.0,0.0,124.7,1.75,Solve_Succeeded,21.360177931259113,4.559288274963546,cap_scale0.95_k120_l0_r0,0.5946097739344511,-0.35428916657165355,-0.14826230684549194,-0.06053393506253929,0.5780035657070114,-1.0870385684888613,-1.7331395482617202,-1.9859339817443253,-1.5691002537619152,-1.101601471574598,-7.127281085237896,-1.4433511222014916,5.024785185427719,0.28603304861154244
15.7074082992998,18.0,1.2996868762980645,1.2996867363805185,1.3314855336242684,8.272745403715142,0.041472908063298945,1.574181823822562e-08,1.6857813722523947,3.313841979050966e-07,1.0,0.37556016493819555,0.47803287614820267,2.5916769250851277,2.70520228949265,83,75,0.0005697473954673686,27.55892109549196,2.3570226363538583e-07,0.018569788007858842,0.1664011312353454,0.0,0.00045516951586681504,0.37556059393009594,9.974191709110102e-05,0.0,12.107997436720584,0.1679005860690055,2.4459693397143503,0.0,2.4386451330387064,166.59275979511008,1.0,66.0,1,0.036242994819856336,0.02509691646214031,-0.013310728205221702,-0.08757285502293351,-0.02557661548602341,-0.09940360179408915,-0.06392524579083914,-0.08944139824648019,-0.03271279823353568,-0.013974346544662848,0.08992793563881957,sol_stature1.65.pkl,2.881297158501245,0,-0.016415551527540338,-0.0687435251413647,0.0,-4.376315234575976,0.0,0.0,129.5,1.65,Solve_Succeeded,19.618702841498752,2.8812971585012477,stature1.65_k075_l1_r0,0.32918260164209595,0.03684057809940353,-0.17490166410248942,0.09327841242848597,0.11244303058118665,-0.3167164816996899,-0.10824399084690689,-0.49046987803921327,-0.1796443694146776,-0.1744910767389133,-1.1004398527112933,-0.5447385921222884,4.2486232433769295,7.242172920924693
13.149464356897345,18.0,1.080945082912387,1.0809239824887604,1.0898321772448765,8.83992617383183,0.10978805277385162,4.896970862475787e-06,1.0502400348536478,4.084151821031906e-05,1.0,0.06479713285482676,0.45688602776943243,1.7327917336483456,2.3355280504935885,82,105,1.378348412214293,16.609361874804037,2.1735786841161767e-05,0.036874986573126566,0.660441298517475,0.0,0.28938256985523986,0.0648439012159952,0.007015962315426833,0.0,8.460608876753469,0.10953522950501525,2.302573593268213,0.0,1.3359062107559379,66.28209508622655,1.0,66.0,1,-0.01824470312713577,-0.03652573073481253,-0.09322510556392402,-0.019990901654257407,-0.007275610224409138,0.06186011868283773,0.04449755964347748,0.055602472385873854,0.029785135027467442,0.011833800051553482,0.15295966809473388,sol_stature1.80.pkl,1.7467259742947876,0,-0.015413277254756889,-0.4369012064409377,0.0,-3.1260565353499556,0.0,0.0,108.8,1.8,Solve_Succeeded,20.75327402570521,4.075693940021171,stature1.80_k105_l1_r0,0.2747348531215506,-0.26197599831767665,-0.44244815246536073,0.019906325154345067,0.11409050506080892,0.0940905050608089,0.4692765256683614,0.12223199546050634,0.1762255118693522,-0.604510276753082,-0.1191345063962227,0.8677588841723648,-4.255115423126349,-6.9116695727766935
16.374464665280385,18.0,1.3158364112125258,1.315836349319673,1.3314855336242684,8.32259181848691,0.08252280791584621,1.1982162970913744e-08,1.5948898469849482,1.696387153532162e-07,1.0,0.01544688648928578,0.47742092692821514,4.788616637725825,3.211647922446658,199,15,0.0002526219227672515,30.566249096649248,6.115075953536757e-07,0.007314175827377838,0.7386742661870357,0.0,0.00012276834008426206,0.015447267419392034,9.112516034059844e-05,0.0,9.800325185410308,0.16901089179383127,0.9434741172157806,0.0,2.8022785213553925,178.04654732088366,0.0,66.0,1,-0.020898648208701503,-0.04242564356567161,-0.05996210761213924,-0.038780090344970104,0.016849205601748348,-0.05200133037213791,-0.03705015412161108,-0.048817411681749995,-0.02161608856279595,-0.003845725892280365,0.9618702841498753,sol_stature1.65.pkl,5.186334885302242,0,-0.009520364067980649,-0.604098636781629,0.0,-4.375563401575804,0.0,0.0,267.2,1.65,Solve_Succeeded,17.313665114697756,0.576259431700251,stature1.65_k015_l0_r0,0.24807633093475456,0.005522157779825972,-0.11988283433096757,0.02281640390985697,-0.04767504367929528,-0.15601810870489927,-0.04809307598505375,0.13059976501016698,1.3124892287822554,-0.3086042330065333,-0.8861960495498459,0.31199824925614655,1.3458470233517208,3.3046174281701775
13.568186510168413,18.0,1.1626848356453108,1.162684485555262,1.11760507312265,8.748216240785299,0.005873875393332968,5.035943151520404e-08,1.2459091251609782,7.076582783079097e-07,1.2,1.1913017498954501,0.45403987286750624,1.0858179955513794,1.9350450280135905,79,120,2.1728806718390206,20.08066926965065,4.5099566302923073e-07,0.8511734566573385,0.07483909595130417,0.0,4.5795204173540025,1.1913028488612847,0.00035679848030809887,0.0,14.278572070630563,0.15003854739189826,3.3722702467002295,0.0,2.1102863848817055,99.93955764655456,1.0,66.0,1,0.9799569812307558,2.568886819727249,1.9196389214491298,2.368919267832858,0.5630437215518839,0.06688957673700416,0.5496198210039187,0.6498707663058689,0.27007871243049236,0.14209589275311693,0.186469847935731,sol_cap_scale1.20.pkl,1.1435427371568387,0,-0.20557825224246284,-0.05254746955705097,0.0,-3.857115962701366,0.0,0.0,97.8,1.75,Solve_Succeeded,21.356457262843158,4.5741709486273585,cap_scale1.20_k120_l1_r0,0.41082295073113334,0.4694812329773854,-0.30249480438509674,-0.056489317128928795,0.7009716585252823,-0.878899866901945,-1.7119364759846647,-1.987068213587903,-1.5843938869522598,-0.0371724722578628,-6.306634147983739,-1.2181532877542958,6.265579087681621,1.9677798344102833
14.859405904732585,18.0,1.142181304291448,1.1421813144011947,1.11760507312265,8.574322322039064,0.42695833827852375,1.4611954925304807e-07,0.9987689595354146,1.4613468238739157e-07,1.2,0.3185289356968298,0.47973655759202305,6.112233351973048,3.4334684315026864,236,0,4.3284072352721415e-06,12.666181253062856,7.949487504462425e-06,0.0667365423481671,8.959729165166652e-05,0.0,2.8688528115210725,0.31853027602236744,2.116074654648128e-08,0.0,8.786392062212084,0.08906366904542286,2.685898588267832,0.0,0.2523732003063037,53.760572968122105,0.0,66.0,1,0.015527325703514405,0.018889054116261343,0.014440840124914313,0.005915344206003775,0.005303045774606638,0.06104764190267663,0.040859219041940266,0.059787504935837225,0.024436776021286608,0.008955608168275203,0.9323492396786555,sol_cap_scale1.20.pkl,5.717713685784197,0,-0.02044275645328181,7.739749471133752e-07,0.0,-2.0809545812203645,0.0,0.0,300.4,1.75,Solved_To_Acceptable_Level,16.7822863142158,0.0,cap_scale1.20_k000_l0_r0,0.33496013605872627,-0.18594341173979467,-0.12222907564125984,0.1216062936323697,3.147668607802189e-24,-3.578777937061851e-25,-1.6629033807663378e-27,-2.196188760135297e-27,-2.082542302685537e-24,2.3110326486583167e-23,-5.720670887908703e-24,-1.3634426767343342e-23,1.2846855439390817e-23,-1.080179973519975e-22
12.025350867799288,18.0,0.9927026131412057,0.9927002503076439,1.0085713870454343,8.92302750119114,0.4161105563441058,5.384600959953803e-07,0.6608579704936173,3.4333807412838623e-06,1.0,0.5647140585080166,0.43833796870967306,1.1763534552296158,2.090915059967686,115,120,11.708216990951126,28.699067526882246,1.8381705899467986e-06,0.17717448204462394,1.5394832709235786,0.0,20.416016197316083,0.5647180300736017,0.0007495583444228114,0.0,11.81896000643378,0.25194634151654005,6.0266040524928925,0.0,2.551472074015826,94.51336494390421,1.0,66.0,1,1.5518647368529992,1.7078751203492417,0.0797304746934607,0.5983670907189174,0.2194344271390287,0.32388768537690193,0.32443213922678804,0.3375702670834534,0.08010223247517621,0.07501961673045285,0.18591151678940696,sol_stature1.90.pkl,1.1535926977906703,0,-0.09134804983282377,-0.970128445268234,0.0,-5.275138129928403,0.0,0.0,111.8,1.9,Solve_Succeeded,21.346407302209325,4.614370791162674,stature1.90_k120_l1_r0,0.5712246178312105,0.5224880984227244,0.45454803236804314,-0.31583283162165027,0.18582533261440282,-0.2689395857924335,-1.7446068736536489,-2.336163214191874,-1.4347859681083608,-0.3867120278600362,-2.897315730729507,-2.7463736784243986,2.873083685277267,0.017813082585808715
12.612626565209828,18.0,1.0359911581805508,1.0359910106956973,1.054554439970034,8.121835736323098,0.2242957014244266,7.725298680517206e-08,1.6538679379436196,5.46762527901334e-07,1.0,0.052966828794984704,0.45290527458292934,1.726954483580139,2.248326336025454,102,105,1.044945206153279,16.275483835477637,2.5790520146312513e-07,0.03433185674042806,0.283644215112375,0.0,0.0007859745692562782,0.052967301615338074,8.964690739350132e-05,0.0,7.938081062331462,0.12129029063816174,2.3406190156573663,0.0,1.130074378418733,63.410317160323416,0.0,66.0,1,0.019135979447881566,-0.012758668657204675,-0.04311950125847091,-0.026661610530768785,-0.006760426542465462,0.05263366242468209,0.03727692532234104,0.04511998168415543,0.02793192672621941,0.011084251576449227,0.15372840241591035,sol_stature1.85.pkl,1.73288875651361,0,-0.007803260094392304,-0.17697255193661154,0.0,-2.89867372106852,0.0,0.0,118.4,1.85,Solve_Succeeded,20.767111243486386,4.043407098531759,stature1.85_k105_l0_r0,0.3240354459546139,-0.2913775813961455,-0.4590982899248676,0.026067611790887832,0.14383037206117322,0.14353523566130655,0.5391756746931495,-0.10982803791720289,-0.05473554629720307,-0.2860005396396324,-0.3318235478616673,0.7666491816363247,-5.983838025736915,-7.323460052236248
13.404770926336926,18.0,1.1164472489618844,1.1164472291496224,1.1214108192990524,9.217476005301734,0.09564892861582212,3.5991343547243547e-09,0.6868750270385137,3.538531562304629e-08,1.1,0.08617371434451927,0.46770743455903446,1.6522045082030565,2.2361411939935656,83,105,1.6933091263006612,16.9078386201904,3.380241640042433e-08,0.01539716205229934,0.23665182683843844,0.0,1.490683972468491,0.08617375586499212,5.544654940520106e-06,0.0,9.18104523711263,0.10082763709620259,2.2559720399873027,0.0,0.6690229470757583,57.36641047528602,1.0,66.0,1,-0.11172603782640009,-0.09596220325846411,-0.14499686618075722,-0.03699716294208516,-0.010293342212770758,0.05704480505889143,0.04129409731151289,0.052320916639476356,0.030658799011596065,0.012476105461973024,0.15416822841159572,sol_cap_scale1.10.pkl,1.72497188859127,0,-0.013576641457249862,-0.1306001594043949,0.0,-2.3011177550622546,0.0,0.0,112.1,1.75,Solve_Succeeded,20.775028111408723,4.0249344067129655,cap_scale1.10_k105_l1_r0,0.42430908582345594,-0.4773141335207838,-0.5944929823457575,-0.07561587223622844,0.030592100181574045,0.010592100181574027,0.44206684135997265,-0.060940478972175804,0.030311609156302488,-0.35018747130951655,-0.294879383488323,1.0045002143813018,-4.9937620916945775,-7.069455054075512
14.676589040306778,18.0,1.1269218223092183,1.1269218270550494,1.1214108192990524,8.832845258208893,0.23797493542454848,2.6607960134941407e-08,0.929228132561532,3.4058046807810016e-08,1.1,0.1791504945943499,0.47365563746883915,5.841469758946379,3.403474600351368,370,0,1.569062850694951e-05,13.571448225940928,4.296607748392095e-06,0.03554421319242382,3.505385078572739e-05,0.0,0.7472068194274962,0.17915148899748373,2.230673096909681e-06,0.0,7.854988120929518,0.07873374961977209,1.7570484886125843,0.0,0.4816869886294772,56.529417707039336,0.0,66.0,1,0.15188001416790792,0.07867395897773136,0.12628499475081786,0.04544250766816141,0.017873568359946572,0.03696728030629342,0.02458739993432537,0.03627087794257361,0.013697752479436557,0.004390166948732189,0.9305607613719865,sol_cap_scale1.10.pkl,5.7499062953042355,0,-0.008629349997442038,-4.956465896622857e-07,0.0,-2.2094609987220957,0.0,0.0,408.4,1.75,Solve_Succeeded,16.750093704695757,0.0,cap_scale1.10_k000_l0_r0,0.26154861382215777,-0.18815762157974586,-0.11638654562154334,0.13420549983022315,-2.0679515313825692e-25,-3.618915179919496e-25,1.1233379290347208e-27,0.0,4.911384887033602e-25,1.9367100047583978e-23,0.0,4.0182365701423723e-25,-2.2172276804775413e-25,-9.430136346598791e-24
13.303483357370286,18.0,1.0455569646076819,1.0455566174396647,1.054554439970034,8.65599555867732,0.25958038401420386,1.0898397217828198e-07,1.0844231728315716,7.71480276076659e-07,1.0,0.004602105949401726,0.4458773638644132,4.051239995426315,2.844067511162881,88,30,0.001121171632616166,14.046400716290556,1.2454573645878236e-06,0.0005450013433834757,1.0958825079840773,0.0,0.0006564607612984034,0.004602778161963447,0.00017790014371441771,0.0,8.670757404400774,0.09902733898058107,3.1838483946211444,0.0,0.9000652753042703,53.70881192211717,1.0,66.0,1,0.08772609338855798,0.026656247780365332,0.039900901450610184,0.029647505256740037,0.00987718801882706,0.005752174247447691,0.007295636066686397,0.008041757459378525,0.001002719089256099,-0.0015854203589612272,0.9932757397757612,sol_stature1.85.pkl,4.621036684036294,0,-0.004068660155424437,-0.7536579451431128,0.0,-2.761701619034921,0.0,0.0,178.2,1.85,Solve_Succeeded,17.878963315963702,1.1552591710090745,stature1.85_k030_l1_r0,0.20887279489366065,0.09028956615739955,-0.05706590915698314,0.10839621211930538,0.13036777795987486,-0.10905076233003454,0.049180969879816336,0.3791809698798163,1.4054919222825255,-1.2923016847331459,-0.4949646695589537,-0.12680164492182458,-2.1059505260027453,-5.5285532110445414
14.646429893427623,18.0,1.1457017117731498,1.1457014873594857,1.1480808828989086,8.582467677268891,0.20650420523474422,4.2642408657750316e-08,1.211027592767439,4.782780692762428e-07,0.95,0.0794459233521974,0.470702192443425,4.478959546945251,3.18486667882257,67,30,0.0006989904089790824,17.46588606678024,5.936774325285265e-07,0.0005956522983142078,0.5816379320957319,0.0,0.0006431400811463878,0.07944648230666647,0.0001216759463777928,0.0,9.066280327880868,0.08521705551979128,2.587835539425158,0.0,1.8692765288337112,89.1585796016414,1.0,66.0,1,-0.15125738914811585,-0.14085315034486837,-0.1513768377954502,-0.0631906823733087,0.012288629670586328,0.01065148125159508,0.00802399812419158,0.008094172282770673,0.0026311005099362247,-0.00013567195184035222,0.9967062069464697,sol_cap_scale0.95.pkl,4.559288274963545,0,-0.007026695139466928,-0.41093988437586976,0.0,-3.939306102544993,0.0,0.0,158.2,1.75,Solve_Succeeded,17.940711725036454,1.1398220687408873,cap_scale0.95_k030_l1_r0,0.14982172538915475,0.15699620745101833,-0.08174919962670292,0.1275943050504976,0.04383347948941174,-0.09810235884928228,0.0768281608790137,0.3309522524252715,1.7607565252043844,0.5364600688897099,0.8625611148587013,-0.28920629786020785,-0.8111029274818364,-6.132103247080587
15.721740875232797,18.0,1.377507609272302,1.3775075338271805,1.214024150162041,8.602640053796948,1.3843162935313316e-05,1.9671758928735616e-08,1.3973459807827107,1.4192916555273055e-07,1.0,7.415684864653481,0.45553552150479737,0.606477511414367,1.938456030693223,267,135,0.00026682090761339283,72.50877362634934,1.2897506351415008e-07,0.00969794689585485,0.1209983769657139,0.0,10.483060891656338,7.415685247226899,0.0001830457884608239,0.0,71.23890366821487,0.5679787646304914,28.328197645967823,0.0,7.758638375671217,408.76721916775864,1.0,66.0,1,37.96426714011926,15.579970747798042,9.68620824964762,1.5520064607085082,1.1550477137109443,-5.364099617898212,-4.928437334921685,-6.4856616004802286,-2.693484951466863,-1.0609423381818301,0.21828401144804566,sol_stature1.70.pkl,0.5708877939351753,0,-0.03894592641379564,-0.001160909892282348,0.0,-14.214765476362576,0.0,0.0,175.8,1.7,Solve_Succeeded,21.929112206064822,5.1379901454165875,stature1.70_k135_l1_r0,0.46957410618213324,-0.5013361221027178,0.2963810377693712,0.2128988650714593,-0.0019168954507398084,-0.8882163604287685,-1.1009531969285138,-1.2688449570726783,-1.247263958312608,-0.18791234960373515,2.021750658984857,3.68632931303536,3.1980273803736665,2.819713764216419
14.739568663234637,18.0,1.2035011806491793,1.2035011878654172,1.214024150162041,7.814386258973625,0.13984469988544043,4.448707525974387e-10,2.045769031692945,8.90850463592613e-09,1.0,-0.11027768991156547,0.4705405492261668,2.9245778382071705,2.6995137484009857,87,60,1.4614121689548853e-05,29.0663039739741,6.692294436179362e-09,0.036481769289617015,0.2044613011266839,0.0,9.18393502353059e-06,0.11027770553922982,1.7907800207604978e-06,0.0,11.921570567633864,0.22013618551384198,2.6865638087201287,0.0,3.3962833826945658,157.98570423411684,1.0,66.0,1,0.197410135740171,0.13505527171149628,0.159527279275942,-0.057144648994705005,-0.0194140052757619,-0.02842457003669095,-0.01991211707515821,-0.025764312520938554,0.0020385716953213564,-0.0008438645770556895,0.05970406868827441,sol_stature1.70.pkl,3.425326763611058,0,-0.020006179904603204,-0.08902421947924398,0.0,-5.314587141213962,0.0,0.0,149.9,1.7,Solve_Succeeded,19.07467323638894,2.2835511757407048,stature1.70_k060_l1_r0,-0.045001713088326296,0.19369118841627803,0.1147185835220446,0.16812051304891473,0.041173618482395605,-0.034003738884925624,-0.037795704871315644,-2.0837135594275957,-2.0637135594275957,0.11405941652354179,0.025195933906190016,1.1936336525962794,2.104195030071045,2.668302396879347
13.69454366260685,18.0,1.1193862756488153,1.1193861758594812,1.1214108192990524,9.242676786169962,0.11547994308614301,1.284374325492156e-08,0.6418432203492478,1.1936229221745348e-07,1.1,0.023456480632294403,0.4650819354282618,2.6787672989329865,2.4971799732012023,65,75,1.9513540458314989,17.110402012023258,1.484558237758168e-07,7.879823077244975e-05,0.41605693013539524,0.0,0.5031551030195212,0.023456583342571058,1.8455962529704197e-05,0.0,9.043854441642335,0.09577680347296721,2.098467741654144,0.0,0.503247486330069,53.77488028431135,1.0,66.0,1,-0.06724892976346604,-0.07129603626518155,-0.07804414077744538,-0.045027194433841886,-0.014016907879320232,-0.028786276904949958,-0.015372432444543073,-0.024886901673448956,-0.010920101634454893,-0.005064678637833198,0.09028038068599306,sol_cap_scale1.10.pkl,2.8749531476521177,0,-0.007958353897380243,-0.27739205522952604,0.0,-2.159320819632579,0.0,0.0,128.2,1.75,Solve_Succeeded,19.625046852347875,2.8749531476521177,cap_scale1.10_k075_l1_r0,0.2033517194491374,0.1073597902084052,-0.12002369231959877,0.11784252977840531,0.035806845815101324,-0.36638934957927183,-0.07581730654609017,0.07154600316595983,0.4918504238604551,0.44059873664151983,0.3098732458113628,-0.2114625580880244,3.279101652312992,5.413710826444698
14.294995358446377,18.0,1.130762497942567,1.1307610042315928,1.1214108192990524,9.280531194903109,0.20816592270945553,1.4143880434219726e-07,0.5113015426197745,1.1593736849247983e-06,1.1,0.023695938231312833,0.46672718448041356,4.359709406200571,2.9839783447150587,60,30,0.0014905773693595571,13.328844208057115,1.8590206943880919e-06,0.0010558413050268947,0.9336081926675484,0.0,0.0014854413076928964,0.023696744426349833,0.0002560611425556648,0.0,8.177265160977433,0.0741448618014579,2.4965943863615463,0.0,0.38077585070780606,46.22402636081874,1.0,66.0,1,-0.0881490209878312,-0.0979974049814013,-0.09085462788533945,-0.028044400947870522,0.010171626124117004,0.012196197737278558,0.0070024683919318615,0.009129530490621946,0.003154016273127403,0.0003893669992012142,0.9944486090975891,sol_cap_scale1.10.pkl,4.599925036243388,0,-0.00031166185029899666,-0.7169364677073498,0.0,-2.1342593067628943,0.0,0.0,160.3,1.75,Solve_Succeeded,17.900074963756605,1.1499812590608478,cap_scale1.10_k030_l1_r0,0.11900805255556188,0.12265774156854096,0.0048084646153177205,0.1473300752147868,0.11056471504965537,-0.016607818334501867,0.1141547273211157,0.4310049440998721,1.4708352337568815,0.3098163661078437,0.4572786661891436,-0.1762585724546619,-1.56447730291307,-4.367224729411559
14.714650270326851,18.0,1.1309905707710037,1.1309905848502562,1.130202162768657,8.885116372727056,0.26021254600162663,2.6169867200357762e-08,0.8547054765461423,2.6212893486772087e-08,1.05,0.055376043612314005,0.4712427024033152,5.742792075299379,3.4010677277588903,202,0,1.4606477715497672e-06,16.365725518181364,2.306171608463982e-06,0.0001633593091350936,0.5026323546376934,0.0,1.0693376775101207e-07,0.055376661447757054,1.2826434170786593e-08,0.0,9.248995664587039,0.09089588288341856,2.2919087105615974,0.0,1.0680236115070043,71.44023666822045,1.0,66.0,1,0.17317025237450007,0.10273830587737344,0.138409407885827,0.04803293414748466,0.01681186702701646,0.003132822862531438,0.0006510109831994123,0.0011710598883533131,-0.0025401980698264116,-0.0021072420345550685,0.9316638902940753,sol_cap_scale1.05.pkl,5.730049974706643,0,2.4682712812966725e-06,-0.38622102783666307,0.0,-2.940996662450854,0.0,0.0,279.6,1.75,Solve_Succeeded,16.769950025293355,0.0,cap_scale1.05_k000_l1_r0,0.1435734261012401,-0.03410002305698248,-0.012828821518656875,0.17242706370279418,0.015135457005981623,-0.02981498587642325,0.03377895493953136,0.07996668077694835,0.19993691003964756,-0.08820911722944046,-0.5204995476494798,-0.007096894681317455,-0.22304246955192342,-0.1804329587271116
13.432224776112042,18.0,1.107262237474845,1.1072618550793019,1.11760507312265,9.310313598833817,0.09712377086062167,4.287831045998005e-08,0.5925621817808551,4.055790348598683e-07,1.2,0.08358850147860902,0.46700110120688976,2.2869217719479202,2.3559661504885314,79,90,1.8004666107906022,16.39206990610857,2.481998602066781e-07,0.0044885389060169084,0.31274679997317534,0.0,2.401227137017622,0.08358892764210528,6.902984065483771e-05,0.0,8.712500401857685,0.09527767289736316,2.3365522824597096,0.0,0.28771891585315434,50.42511229353758,1.0,66.0,1,-0.16089685653059294,-0.0899443188246758,-0.08730486136821967,-0.03138495395566812,0.007793106127971752,0.01812500798169752,0.016172089363695668,0.014883793323651404,0.003686217444022105,-0.0020103005920041506,0.12293969587146217,sol_cap_scale1.20.pkl,2.2870854743136775,0,-0.0141575381129078,-0.1897954385287698,0.0,-1.879024405739787,0.0,0.0,123.0,1.75,Solve_Succeeded,20.21291452568632,3.4306282114705198,cap_scale1.20_k090_l1_r0,0.10655844508303805,0.14108455181514057,-0.08863440203012256,-0.09341592767585509,0.1415673865034704,-0.164137064956559,0.25992817783490463,0.5899281778349046,3.0035513923553934,1.968539795984696,1.0181816747156276,-0.5047327996285704,-0.6254447143820236,-1.856933883809129
13.744238803944132,18.0,1.1189078593683643,1.1189078688097063,1.1214108192990524,9.187694129513487,0.12285965792552685,9.591158823549647e-10,0.6894478105346927,1.5571429365573534e-09,1.1,0.03585551209667832,0.4670651683704375,2.786036836282578,2.5514347376863045,73,75,1.6421536077455106,16.819945230548125,1.5588653964680134e-07,4.908892657142124e-06,0.4204871248119476,0.0,0.530338752033582,0.035855507956798975,1.4182429114417915e-07,0.0,8.910619695557768,0.09282413382369903,2.2327413554622897,0.0,0.5399345352296097,55.29928293978549,0.0,66.0,1,-0.061502615849557685,-0.05581395490169775,-0.06414830791949123,-0.04429391808725999,-0.010055591092769066,-0.036590124463746355,-0.019953885052873214,-0.03106189791323056,-0.012647787919065104,-0.005652657477753805,0.09028038068599306,sol_cap_scale1.10.pkl,2.8749531476521177,0,-0.008693832240620968,-0.2762397717031774,0.0,-2.232045415857347,0.0,0.0,129.4,1.75,Solve_Succeeded,19.625046852347875,2.8749531476521177,cap_scale1.10_k075_l0_r0,0.28861737895047224,0.07076662748678222,-0.07362448085512563,0.05856479142334848,-0.06641128586551723,-0.42381178990130225,-0.14272470918797617,-0.09817085278601978,0.36007390848751847,-0.001542113153448731,0.07597096329683546,-0.2818709203909273,3.114841488539985,5.581430398504525
13.238591025870317,18.0,1.1076250625324564,1.1076250572311608,1.11760507312265,9.29730425984853,0.10137265351035825,1.8945397957300774e-09,0.6013231165381403,1.6174629090495308e-08,1.2,0.06875389055029267,0.46784227833068537,1.6887044437046945,2.1590085278095126,69,105,1.7307060953713131,16.313951179766356,3.1402958560944644e-08,1.0415960531298598e-05,0.22084868062143867,0.0,1.7674325159058284,0.06875390754946642,3.3021910854028197e-06,0.0,8.738650302130893,0.09594283704628041,2.2676956451564436,0.0,0.2820023018159864,49.396505462401734,0.0,66.0,1,0.05513940895648816,0.020519001877125315,-0.018125101605819594,0.014969521267928375,0.007633914545678088,0.03248478235632661,0.022944481928742988,0.025215023000599864,0.016878538489580798,0.00645160644596142,0.15470477190359647,sol_cap_scale1.20.pkl,1.7153141057352599,0,-0.01172528932828927,-0.12201190522369608,0.0,-1.790883805064474,0.0,0.0,103.7,1.75,Solve_Succeeded,20.784685894264737,4.002399580048937,cap_scale1.20_k105_l0_r0,0.24104581198818745,-0.19773267711642126,-0.3096143732448606,0.06296079648838349,0.12639580818294566,0.1263954222319483,0.5004492775760266,0.017686625167328954,0.11631180191723135,-0.3741727181649767,-0.3463588405957416,0.8787998831789845,-4.7911026854263765,-7.137291126647046
15.200298129547743,18.0,1.1608311648642646,1.1608308553742668,1.1672475100346422,7.765540508191447,0.4395378733453483,8.106200157769713e-08,1.7949204154804397,1.1210174921019888e-06,0.9,0.03704967153801801,0.47395355022856134,5.612441626028237,3.5864434402957075,741,0,1.0261366244870556,34.301628497720245,6.88352173064279e-07,0.012143488171283388,0.7583919374945884,0.0,0.0016069672717341245,0.03704876850044818,0.0003992304318087639,0.0,17.1609018305323,0.29681090913723296,4.508668596692285,0.0,8.654394986126185,234.65070777559765,0.0,66.0,1,0.21361516247340245,0.1476991729158669,0.20912403668885743,0.07945198209443365,0.030713705601674402,-0.004632804269873647,-0.003927662033365186,-0.0068549198342486555,-0.0048080952243917206,-0.0025733489096583092,0.9333657155134176,sol_cap_scale0.90.pkl,5.699417121125813,0,-0.01774883829580212,-0.4912340758589223,0.0,-11.400065635759619,0.0,0.0,671.0,1.75,Solve_Succeeded,16.800582879241517,0.0,cap_scale0.90_k000_l0_r0,-0.015299324136351877,0.19137056240884467,0.03991011097371597,0.25957573730712646,-1.10045965722741e-09,1.1005602809203282e-09,6.992390336995964e-14,1.100521008757081e-09,-1.1004975368907363e-09,2.374065995639923e-14,2.665488848078609e-14,3.221977846943886e-14,1.0329881010322151e-14,5.963867275005238e-15
12.659040740906999,18.0,1.082564335642667,1.0825628833491159,1.0898321772448765,8.947124710482813,0.13632015741326844,2.93914422116174e-07,0.9165523766930834,2.460376096357651e-06,1.0,0.05950348070731771,0.4602926326043467,0.5864635238782122,1.8301893567753844,80,135,1.4616341652716087,15.943786073345965,1.4009557837815912e-06,0.00047345227328800303,0.626195593759652,0.0,0.3275856332600362,0.05950760654777464,0.00044128413670713385,0.0,8.4807974381254,0.10130485808154684,2.0926597467762944,0.0,0.9140775981693665,53.41109296258131,0.0,66.0,1,0.36281784066777073,-0.014309057253656351,-0.02693218520396934,-0.0791100779989382,0.007029626793691417,-0.08935511076410246,-0.044307603474038566,-0.05382374954111533,-0.016966634620474968,-0.00663756774042417,0.21765322269824455,sol_stature1.80.pkl,0.5822419914315953,0,-0.004727806706773363,-0.43627358496907215,0.0,-2.2927970981166514,0.0,0.0,85.5,1.8,Solve_Succeeded,21.917758008568402,5.240177922884364,stature1.80_k135_l0_r0,0.9695270211448417,-0.10860430021366471,0.20472360055006159,0.15699742529584051,-0.06505189406521086,-0.8974803291841821,-0.942257878103824,-1.2418698577506613,-1.1194467162350323,-0.0021020369168088734,2.2961726964830507,3.0063600817225424,4.584037798089875,2.7936588219916847
27.238881001646988,18.0,2.5000623998880083,2.500091459404271,2.120433350825633,,,,,,1.0,,0.5314579075894753,0.5463886920352078,2.229027165693013,682,135,,,,,,,,,,,,,,,,,1.0,66.0,0,,,,,,,,,,,0.2166666663337199,sol_stature1.60.pkl,0.6000000059930422,0,,,,,,,720.4,1.6,Maximum_CpuTime_Exceeded,21.899999994006958,5.4000000539373865,stature1.60_k135_l1_r0,-0.0583506536772963,0.02778567636999262,0.2228144078203896,0.14891541246724246,0.07950457137067368,-0.9885886525383213,-1.12200346238615,-1.0788934003508504,-1.0588934003508503,0.3858375938776719,3.819349541192976,3.235182909565212,3.1512010931765606,3.5781479344432263
12.433806705077716,18.0,0.9906263477600993,0.9906263496556941,1.0085713870454343,7.884553832790306,0.4539644453543966,6.224973398382974e-09,1.6614817583796218,3.297570754610251e-08,1.0,0.06015189016251042,0.4471318181002196,2.813053763016634,2.522884609673505,82,75,2.181032677935031,15.910709853932872,1.341897874043297e-07,0.027026008688264547,0.5072250322292692,0.0,3.790530369890139e-05,0.06015216566657201,4.393582944927867e-06,0.0,8.759594422770268,0.1688503221393863,3.6989892664811563,0.0,0.8926101605754146,54.29137507697538,0.0,66.0,1,-0.04875810758572127,-0.05874888090013652,-0.07401580075775152,-0.03008890076156359,0.037322729186598055,-0.04887721110883466,-0.027522649484646205,-0.043901033786370953,-0.020254858592533214,-0.005812062353929514,0.08977879197351789,sol_stature1.90.pkl,2.8839817444766735,0,-0.005556227723941613,-0.3266713243417183,0.0,-3.057889719594496,0.0,0.0,133.8,1.9,Solve_Succeeded,19.616018255523322,2.883981744476671,stature1.90_k075_l0_r0,0.19615092118480634,0.24414333433089205,-0.0744591874992253,0.10318236855497148,-0.06300458126762139,-0.4236352986382907,-0.1670617046451252,0.15263283225975874,1.2486997865159946,0.0002114531517668115,0.38978728915718147,1.1723199174323309,2.080502204190149,7.474029361487069
27.557059790366132,18.0,2.499954886704882,2.499909529163615,1.1672475100346422,,,,,,0.9,,0.542726952108508,1.2341011236743078,2.5472789742979547,448,120,,,,,,,,,,,,,,,,,1.0,66.0,0,,,,,,,,,,,0.18667314311900934,sol_cap_scale0.90.pkl,1.1398834242251619,0,,,,,,,250.0,1.75,Infeasible_Problem_Detected,21.36011657614217,4.559533696900651,cap_scale0.90_k120_l1_r0,0.9999994424677742,-0.7481291778002255,-0.32118399466284264,-0.08787477545201143,0.4057915396609897,-1.098033992050935,-1.786765142041155,-1.9365748929534288,-1.5072169949287826,-1.825403959410557,-6.952065204608426,-1.178845976848253,4.6476139733893564,-0.6635272302900541
13.244775091004247,18.0,1.0815336559239495,1.0815333357566264,1.0898321772448765,8.914895768229588,0.11766814627545615,6.87366638138714e-08,0.9674354444942275,5.718796907602616e-07,1.0,0.09866704345413652,0.45838465772315323,2.274246234027322,2.425361141347902,76,90,1.5534801265419351,16.14913419330385,3.499091942639358e-07,0.03543227878757316,0.6269637032980581,0.0,0.7707473967659256,0.09866765983931033,7.961564453050651e-05,0.0,8.731374039681238,0.10705841777994737,2.0670661892698354,0.0,1.0274112779216173,59.947355868652,1.0,66.0,1,-0.1490962488023557,-0.09572595307997175,-0.09570241263461399,-0.031654330755871526,0.008429338782437644,0.010188992165853793,0.00991017364683364,0.005768595655449477,0.0004699681039213933,-0.0009784349647517924,0.12061289079297863,sol_stature1.80.pkl,2.328967965726382,0,-0.00672992335629414,-0.4554735279283341,0.0,-2.749196837146886,0.0,0.0,114.8,1.8,Solve_Succeeded,20.171032034273615,3.493451948589577,stature1.80_k090_l1_r0,0.09940400583519829,0.1270086423022904,-0.05939631125600223,-0.1305259181853599,0.2718906027668925,0.0045906338309292805,0.5491772351715559,0.8791772351715559,3.3810346133049083,1.315592846101222,0.8200490434242873,0.002434278075594404,-0.33860252052488415,-1.6865258658972524
17.70069742292913,18.0,1.4556223252183274,1.4556223063442193,2.120433350825633,7.63707593415197,2.4133462718478043e-05,1.1122024681426564e-08,2.3629009049548064,8.18623220825883e-08,1.0,0.2190927732240153,0.497122778589792,4.1431408268217895,3.1386336256888105,114,30,0.00014967388599389166,83.67291023369245,2.1370166559821855e-07,0.0016338094770896863,1.8163268617580792,0.0,4.628821933263829e-05,0.21909286609508538,6.270852194860778e-05,0.0,26.574893214771045,0.8854132422661029,7.615447691078492,0.0,20.892446316372105,721.9564817747396,1.0,66.0,1,-0.22017637324421654,-0.1860421559566881,-0.22673644752793773,-0.0627846655127024,0.01909552296142816,0.042959147393924674,0.030032050952543327,0.0410729733622203,0.017922385245434724,-0.004278308765701722,0.9833333306697587,sol_stature1.60.pkl,4.800000047944344,0,-0.013334704162599695,-1.578215364269819,0.0,-24.028682172366775,0.0,0.0,194.5,1.6,Solve_Succeeded,17.699999952055656,1.2000000119860843,stature1.60_k030_l1_r0,0.45396224997581036,-0.26762370606225816,-0.30970621127299836,-0.46899137660946993,-0.027475930226202205,-0.28486901448044316,0.06963105773656547,0.3772837642808333,2.9572837642808336,0.022025746800907853,0.3976215466816826,0.8100951912097183,0.9746301485222922,2.7147096092547383
17.617118085409672,18.0,1.447074700122873,1.4470747084033186,2.120433350825633,8.171675678608088,3.442024956544553e-06,9.489464041768562e-10,1.8283238029747209,5.222851687425982e-09,1.0,0.5776575577530385,0.4957752203087933,3.6080709772784574,3.139648198061204,146,45,6.984309849275731e-06,80.78097743133199,1.997535312967977e-08,0.005344038832799066,0.518302733436656,0.0,2.1361074195410356e-06,0.5776575645289717,4.070635344047126e-06,0.0,26.77729055981895,0.976919249917447,8.920338171722914,0.0,19.034593025971652,705.3716740050821,0.0,66.0,1,-0.05661951076269632,-0.0687870383726545,-0.14119468007142041,-0.004840556511214156,0.052055216344052295,0.09149490908681354,0.06476583143622193,0.08570236739340087,0.03658906798915408,0.009943583614320805,0.016666664336038965,sol_stature1.60.pkl,4.200000041951299,0,-0.01623064255019861,-0.38032364776125666,0.0,-22.50247130218908,0.0,0.0,186.9,1.6,Solve_Succeeded,18.2999999580487,1.80000001797913,stature1.60_k045_l0_r0,0.2545510375294036,-0.12997241233128207,-0.11220172406797814,0.2992938542534169,0.024923806648987197,-0.008281289387650893,0.1531957555794998,0.27295532342378176,0.8390212845468278,-0.14239189085115048,0.2986445805394,1.5723546267399626,-1.9149642242983935,-6.670520075473742
26.25549500001246,18.0,2.408965434864184,2.4089653760063188,2.120433350825633,4.864433806200518e-05,3.1487567837852766e-05,7.265955218149261e-06,9.999926763594328,3.6916502955909393e-07,1.0,13.115469501844021,0.5401645158011978,1.2039061166566487,2.1545382332183785,170,120,14.106633646261292,219.8940122417196,7.018098453910297e-07,2.476869813919362,0.09065019787506692,0.0,5.0103499759095345e-05,13.115470676215532,0.0033718536740906897,0.0,347.49420838271527,5.611543910451157,58.91556799802734,0.0,94.00843189724463,2582.9766550294917,1.0,66.0,1,0.20018386505149705,6.96148080415383,14.508214127207708,12.992523769458408,4.72982551303251,-0.8570321625434981,4.176007144845642,6.451993229817717,1.702166907914379,0.5237213011900587,0.18333333266743976,sol_stature1.60.pkl,1.2000000119860843,0,-0.2715073462189221,-0.15812438086456296,0.0,-108.66912525087015,0.0,0.0,119.2,1.6,Solve_Succeeded,21.299999988013916,4.800000047944344,stature1.60_k120_l1_r0,0.9999987840642371,-0.7823970232671548,-0.7364265423254529,-0.34231754588419117,0.6716777871320516,-1.1361168657929792,-1.2162248585708164,-2.14402929972072,-0.030697054404762225,-0.25692670195949363,-7.697801577630107,-2.3050793959704214,4.52656716762322,-3.4347517285594544
13.415273609780394,18.0,1.1160899702622333,1.1160899535264612,1.1214108192990524,9.201814089495574,0.11592521314247244,3.498902738328321e-09,0.6822606624313229,3.100325172912251e-08,1.1,0.061385151329751114,0.4694998006895031,1.696966109034771,2.2505395563305695,71,105,1.7774511484526618,16.705578300685872,2.219534599269618e-08,2.322859122853687e-05,0.28778622178853147,0.0,1.1396293847000354,0.06138518415230193,7.630528197327388e-06,0.0,9.054646015329434,0.09751567768804603,2.317970860076196,0.0,0.528515399702907,54.59638808759457,0.0,66.0,1,0.07232036409158057,0.029075600273646505,-0.00960806387125254,0.018299686343465443,0.005592740150459187,0.0361732216020315,0.025384363186648818,0.028544186964928258,0.018128173618382894,0.006720669862503538,0.15416822841159572,sol_cap_scale1.10.pkl,1.72497188859127,0,-0.009673040297564316,-0.1758963054663179,0.0,-2.1968616311994866,0.0,0.0,105.2,1.75,Solve_Succeeded,20.775028111408723,4.0249344067129655,cap_scale1.10_k105_l0_r0,0.21512745815549986,-0.1820933724125449,-0.3484805732226725,0.021401589943607226,0.12260717177916795,0.122594776847116,0.5015325882936605,0.05266180192084746,0.14386057254921047,-0.1418987975735154,-0.11621906542267439,0.9958186787574453,-4.9769001934089285,-7.04632723435186
13.086020224525441,18.0,1.0353612924656512,1.0353610429980995,1.054554439970034,8.153670325918998,0.21663146361557004,1.2020554918185595e-07,1.6296972389689228,8.511567026847961e-07,1.0,0.03653969354966227,0.4492031592343914,3.379473603395999,2.727734290551303,88,60,1.4392313059775872,17.068885389982615,3.822348667496975e-07,0.0005281643193803967,0.41073859997661044,0.0,0.001208394825442723,0.03654047940927803,0.00017151525956246583,0.0,8.317948299276408,0.126001313954972,2.322809505893266,0.0,1.1433557806862222,66.62771110720276,0.0,66.0,1,0.15552069343687713,0.10564034939192013,0.10524252810712847,-0.029933294726413807,-0.00917908282484655,-0.027582380505484307,-0.019462814734598603,-0.023765004198143983,0.004670792959869209,0.0005877221090759667,0.05745680483182092,sol_stature1.85.pkl,3.46577751302722,0,-0.009046356528065836,-0.23397451222998544,0.0,-2.9725987725128307,0.0,0.0,152.0,1.85,Solve_Succeeded,19.034222486972777,2.310518342018149,stature1.85_k060_l0_r0,0.06861722084319923,0.014955397551789205,-0.09480222758370956,0.041447161671271784,-0.04883022081133008,-0.06885505228648184,-0.06699563332989127,-2.0148060495986866,-1.8460241264525676,-0.4028715069740168,-0.8215515920349549,0.09981861311001505,2.2518021185739387,2.940503192461061
12.226671746021427,18.0,0.9843597327884533,0.9843562958195732,1.0085713870454343,9.220050344125536,0.41054458871502614,4.4975897270102263e-07,0.3694017948521594,2.8225448255122855e-06,1.0,0.027583447988080264,0.4464631641956396,2.4613050144220154,2.377660229865871,91,90,3.3203830755075274,14.038834647245812,1.257077614673243e-06,0.06262307845220383,1.3845784846098106,0.0,5.724422398617216,0.027585542137400467,0.0008968133656264452,0.0,7.942401495825962,0.17435736237281413,4.076620803128683,0.0,0.4701561873266712,34.667931249219585,1.0,66.0,1,-0.0640571117128509,-0.029190024081379766,0.0047021322132024205,0.003911144383099661,-0.0018081972966148474,0.022235004723227727,0.018278616288765537,0.018263000649601503,0.0058148883537396685,-0.0024496682279634883,0.12182303357881431,sol_stature1.90.pkl,2.307185395581338,0,-0.014182580916352364,-0.9507133315247084,0.0,-2.4608661101741562,0.0,0.0,119.9,1.9,Solve_Succeeded,20.192814604418658,3.4607780933720065,stature1.90_k090_l1_r0,0.10913127381482429,0.0750132296747967,-0.10541465390672755,0.05629986214161556,0.32554985535351383,0.10800954199093332,0.5142293549801085,0.7781441220251017,3.2034794265189293,2.644702210896777,1.8487150103996166,-0.15203995643183765,0.0783234592777503,-3.116850232112078
14.25354531754591,18.0,1.1553417587027945,1.1553416314137621,1.1672475100346422,8.386368189499182,0.23696490180986485,2.4527659938348228e-08,1.376666560697004,3.2328501550021187e-07,0.9,0.0930030576962805,0.47309151366698066,2.237135219356386,2.6947031589642774,84,90,2.2492065611382968,30.24580905559874,2.43134503341874e-07,0.03260057862098099,0.7664674480032045,0.0,0.0015846414425331426,0.09300337522130113,5.7385714217256626e-05,0.0,15.62301078298325,0.2494741478031343,3.737451835902699,0.0,6.360025095846133,185.19439737470168,1.0,66.0,1,-0.3076530867059984,-0.1928789829075027,-0.21054989437869018,-0.0803406149608528,0.011877355844112382,-0.01319628720784836,-0.005010514331056151,-0.018062771403997264,-0.009056357296350315,0.0010090280840353372,0.12334628621761132,sol_cap_scale0.90.pkl,2.2797668484503264,0,-0.01966868374100209,-0.5083179316225287,0.0,-8.85983258355117,0.0,0.0,116.0,1.75,Solve_Succeeded,20.220233151917004,3.4196502726754865,cap_scale0.90_k090_l1_r0,0.03933140667408627,0.2836995033459238,-0.011256989241876791,-0.14627629953831214,0.24032594844914812,-0.025442189576928453,0.4639690125805537,0.7939690125805536,3.2547173995717276,1.8924604129363147,1.074234337904263,-0.8764968376220769,-1.4862404421478166,-3.7626241938793976
12.389103666881661,18.0,1.035641688266911,1.0356402544252448,1.054554439970034,8.120919730934922,0.22647174115224042,6.758659680500592e-07,1.6526030578261333,4.7941453263879e-06,1.0,0.051660591075322546,0.4528233969061322,1.1664140444100912,2.028621912869642,89,120,0.8473018703213133,16.192461155785004,2.307022732646193e-06,0.046742922051320156,0.2823997627683831,0.0,0.00671419997137009,0.05166686771585643,0.000841802804386264,0.0,7.790190951117546,0.12257898351066793,2.377455497257639,0.0,1.1570306301716735,64.1557312371723,0.0,66.0,1,0.23386057626617177,0.2426667219405523,0.006788803319838398,0.009546571739639695,-0.004704135682605368,-0.021568339383165127,0.0021085737374692947,0.0432483086983747,0.019248772953909,0.007213101241714681,0.1858189349439401,sol_stature1.85.pkl,1.1552591710090745,0,-0.008678279596441811,-0.18094248043941094,0.0,-2.871114200201999,0.0,0.0,104.4,1.85,Solve_Succeeded,21.344740828990922,4.621036684036294,stature1.85_k120_l0_r0,0.47080112123378776,-0.38999684250916505,-0.04457337061606107,-0.026010411695157595,0.19564365824882118,-0.46674799260147815,-1.9704423045251378,-2.1924110974897157,-1.5772723981747732,-1.0383859636311095,-3.8024514366080933,-2.9602094904388503,4.294800923449149,0.4537891971889907
13.558563174693576,18.0,1.1369883883101208,1.1369791428516463,1.054554439970034,7.958326415915826,0.185470558438689,2.505610857945674e-06,1.856171887333602,2.863270102141085e-05,1.0,2.6088113493616643,0.4574541907358649,1.1449275041467606,2.177631893640708,141,120,4.086342702900064,30.438899591380725,1.7034192139928547e-05,2.057783601763929,0.1279732398483009,0.0,10.073897994548501,2.6088525651630956,0.020244296512672535,0.0,24.928037057371135,0.38127119611386645,7.253036518139924,0.0,9.568722411067895,236.37207706193377,1.0,66.0,1,5.906496664600277,7.136206776814264,-1.3920603529793123,4.235014360977121,0.9815172850072696,1.2426708510358915,1.3884176398675838,1.229737717231349,0.483419347475187,0.32720042539524147,0.1858189349439401,sol_stature1.85.pkl,1.1552591710090745,0,-0.4409148320778736,-0.003420831661766281,0.0,-12.590958097642206,0.0,0.0,113.8,1.85,Solve_Succeeded,21.344740828990922,4.621036684036294,stature1.85_k120_l1_r0,0.938571136553981,0.5793269851440377,0.05278301562354692,-0.33283653929197216,0.31369107283020514,-0.2580230818915139,-1.895732083018043,-2.1882582330486424,-1.6242587158387816,-0.5123407381352747,-3.2553919915618015,-3.1653655763397497,4.66152131808045,1.2459318901298984
13.510634593524138,18.0,1.123183512777902,1.1231825497263648,1.130202162768657,9.13203182823498,0.11501514283692629,1.1915038764495246e-07,0.7529516725133145,1.2370427470692707e-06,1.05,0.06804254327796012,0.46920884708997174,1.6994896933633918,2.2749454836250953,97,105,1.6490038652904402,17.186885507122327,6.968477014807286e-07,0.0010884975719365271,0.3088592805032475,0.0,0.8301232833896295,0.068044045298853,0.00026180967622354157,0.0,9.17286639669791,0.10130750769908749,2.183150828752746,0.0,0.794628736730642,61.78458970761837,0.0,66.0,1,0.07470148654408991,0.03373664806407725,-0.013082399370332978,0.015645884576964558,0.009384366853577747,0.03787106261765421,0.026742862435466183,0.030287544852375666,0.018056903532942654,0.0068294142394012755,0.15449916708822245,sol_cap_scale1.05.pkl,1.719014992411993,0,-0.009838288514582516,-0.18801840854368054,0.0,-2.4836052584331907,0.0,0.0,116.7,1.75,Solve_Succeeded,20.780985007588004,4.01103498229465,cap_scale1.05_k105_l0_r0,0.20436164857310662,-0.14946466605248143,-0.29179739413071965,0.07667058582709031,0.1150530843974448,0.11453495356218808,0.4952383495960153,0.10198782530054942,0.22152113769435086,-0.5574815955057736,-0.5166034533763532,1.0687665885453572,-4.672839048003936,-7.33819310344084
14.627135460648338,18.0,1.1977366919280947,1.1977367084236878,1.214024150162041,8.30446338929401,0.1448777168414001,1.436372859835216e-10,1.5506590360572357,1.3060968144226067e-09,1.0,0.12264932633305937,0.4751923327848545,2.755501205791112,2.644749827788746,107,75,1.3059009175634018,25.253884876967916,7.832066719637534e-09,0.008830056459461322,0.09468986452652164,0.0,1.6083989765682846e-06,0.12264936862369749,3.58054866841216e-07,0.0,11.922116908062529,0.16656074345213362,2.7131491671993513,0.0,2.143962435791626,126.43454717217192,0.0,66.0,1,-0.03494412181133069,-0.02747511531312692,-0.03615074459578445,-0.0464127616631284,-0.0004326786986307018,-0.04440516352193551,-0.024477031938946632,-0.03711008288299579,-0.01500926118670932,-0.0063510831362994175,0.09142005724022874,sol_stature1.70.pkl,2.85443896967588,0,-0.013276181041364594,-2.3687745392529973e-07,0.0,-4.074100064228914,0.0,0.0,147.3,1.7,Solve_Succeeded,19.645561030324117,2.8544389696758827,stature1.70_k075_l0_r0,0.3257626307536908,0.061374370179637185,-0.00036037983469097885,0.08626749122987577,-0.06796227293448566,-0.4381854070160377,-0.18503650165399185,-0.23855285209123755,0.3352093478605575,-5.549308169936666e-05,-0.3087135567093379,-0.14934907224261845,3.7778068132822047,6.955278330846382
13.865800587154943,18.0,1.1175193124226843,1.1175176806690086,1.1214108192990524,9.202849914843693,0.10103069888069795,2.0466780374451381e-07,0.6961171290907527,2.052139112480409e-06,1.1,0.04370069255331568,0.46557791769808204,3.281423350177971,2.6865135031595435,114,60,1.8489295717914167,17.34750619819735,1.1643441255858259e-06,0.004258192015039272,0.4001994575584165,0.0,0.7827436912580258,0.043702768057362916,0.0005995802334763026,0.0,9.175174937479895,0.09926087055087764,2.222940460957055,0.0,0.5783386964862585,58.20320291954684,0.0,66.0,1,0.13971843359150693,0.09320057880353023,0.09192935052576291,-0.01984535945922706,-0.008183000411624588,-0.025962537618285198,-0.018376707517067208,-0.023813825502156955,0.003937182943639355,0.0001313676666780942,0.058336456823191836,sol_cap_scale1.10.pkl,3.44994377718254,0,-0.010880529506897843,-0.2544484376902284,0.0,-2.2876784817240567,0.0,0.0,164.0,1.75,Solve_Succeeded,19.050056222817453,2.2999625181216956,cap_scale1.10_k060_l0_r0,0.008214027507138202,0.09579446124736028,0.007437124117879028,0.1934917457593049,0.006980633078816165,-0.020877834600731657,0.05173460176340127,-1.9748665876351343,-1.9102508779630882,-0.5518422742622922,-0.7901719549428045,0.1361905254340536,1.2119957846772174,1.7070730816298445
17.782142927246486,18.0,1.458721453556377,1.4587214607912395,2.120433350825633,7.627847212094292,6.914241979430541e-06,5.093250734101365e-09,2.3721490470904727,1.4010332472454809e-08,1.0,0.001731355561262809,0.5015944283641836,4.590166922632967,3.189265110584744,742,15,1.4757315715471588e-05,85.5509391265784,2.732152042596837e-07,0.1272478371793732,1.5510453043435166,0.0,4.798581059075832e-06,0.001731406388429156,7.991467812981372e-06,0.0,28.00743111611219,0.9449024037217483,8.1989710978564,0.0,22.58046672064247,742.2665609869231,0.0,66.0,1,-0.07431204518782897,-0.07789469885963429,-0.10329498854872546,-0.06466895421121995,-0.023064598371162134,-0.04209917018193433,-0.031358670009959136,-0.03671702212732416,-0.016102418297675912,-0.005607387599782432,0.9499999970034785,sol_stature1.60.pkl,5.4000000539373865,0,-0.03702860055471207,-1.301440695267486,0.0,-25.748917939865592,0.0,0.0,655.9,1.6,Solve_Succeeded,17.099999946062614,0.6000000059930422,stature1.60_k015_l0_r0,0.13990470997255347,0.02252914297605266,-0.1275964524593588,0.05925803409014325,0.038283915343169654,0.03600740397844643,-0.11915079571980461,-0.019358756572610825,0.08387345895865464,-0.5821014741250766,-0.45674644203507814,-0.5082008814274058,1.6842177486351213,3.7313504671246003
14.792271949060062,18.0,1.198181943325808,1.19818187222631,1.214024150162041,8.198229835419054,0.14904293517616177,8.983030540719119e-09,1.6527270184509735,2.0185066052910012e-07,1.0,0.07278512259037502,0.47518893791148803,3.281321887958413,2.805532293702568,108,60,0.8031940199088905,25.069719059502404,1.2686303418944634e-07,0.011723877704054605,0.09666584071953495,0.0,0.00025539730229855477,0.07278533122060035,5.342750326234499e-05,0.0,11.48382217685209,0.16014056669129345,2.6139229184823414,0.0,2.1777562754302244,128.28194099896496,0.0,66.0,1,0.13786390307017826,0.08949007935563999,0.08390528050657697,-0.02253368582330397,-0.008711060719176175,-0.025125371950525,-0.017987246704698392,-0.021411016233140408,0.004443964756311129,0.0005402933309998561,0.05970406868827441,sol_stature1.70.pkl,3.425326763611058,0,-0.014395503273444065,-4.915471148605321e-05,0.0,-4.107525235371764,0.0,0.0,155.6,1.7,Solve_Succeeded,19.07467323638894,2.2835511757407048,stature1.70_k060_l0_r0,0.015441126853404912,0.0796059663273214,-0.01701391382598559,0.1756116256658924,0.00917568808235572,0.0037531120324208163,-0.07751815780981333,-2.144074243248868,-2.131500606652187,-0.8014442790005383,-0.9307780788356043,0.34498702952846455,1.1082047433844509,1.277213716586453
13.843268277483565,18.0,1.1962224523536846,1.196222349193402,1.214024150162041,8.49755489341727,0.12080119143708966,1.193830055103698e-08,1.381643644558809,2.5847014731722704e-07,1.0,0.27392499816142407,0.4731760188492669,0.5683961461155256,1.876769182898602,86,135,1.8363333636019883,24.73586978267844,1.6505354554827596e-07,4.271277671213736e-05,0.10574942957786937,0.0,0.0003860456741119681,0.2739255443731398,0.00019675150524600156,0.0,12.364832413947404,0.16066529261041385,3.40061746047521,0.0,1.8056264326029605,109.32687533073972,0.0,66.0,1,1.521639037319063,0.410486445786906,0.2639694553934301,0.04750359935688649,0.05455637207504033,-0.2962248319190128,-0.2240293529468742,-0.28869539865952965,-0.11982894548563251,-0.04675285054746953,0.21828401144804566,sol_stature1.70.pkl,0.5708877939351753,0,-0.01328940162608494,-4.281577355187891e-05,0.0,-3.527818227226287,0.0,0.0,96.3,1.7,Solve_Succeeded,21.929112206064822,5.1379901454165875,stature1.70_k135_l0_r0,0.984593030651545,-0.14712564651543417,0.0778667519318626,0.0897687291215472,-0.06797005448020485,-0.9563374275351751,-1.0966985707561454,-1.2105955442638203,-1.1835055554141092,-0.0002760402831838573,2.6341420155752835,3.475435064066203,3.4212103965615204,2.9735646138608804
15.741011920527049,18.0,1.3027993241276155,1.3027992478094146,1.3314855336242684,8.267671397564236,0.05637834521671425,9.905423122372194e-09,1.675950052192074,2.138351142585444e-07,1.0,0.4107246570170784,0.4791477422787729,2.6863813332216124,2.7079794417817133,88,75,0.0003667035972097496,27.500228934397033,1.4762123019210438e-07,0.0029314498701855833,0.08746130667493592,0.0,0.00031674995413180976,0.4107249287610525,0.00010597387862960989,0.0,12.15129934933104,0.15831682160853824,2.3419929401808157,0.0,2.443694863995183,169.34863774223854,0.0,66.0,1,-0.0702268352964947,-0.04172707537655301,-0.08754163121555161,-0.08532211928613863,-0.02743218810526266,-0.05973287963620479,-0.034094467733584134,-0.049394352300137355,-0.016535260235082477,-0.0068708940494802,0.08992793563881957,sol_stature1.65.pkl,2.881297158501245,0,-0.012384952001948531,-0.00010300136472705781,0.0,-4.324277629672985,0.0,0.0,133.8,1.65,Solve_Succeeded,19.618702841498752,2.8812971585012477,stature1.65_k075_l0_r0,0.5152986536484219,-0.07155435400377591,-0.07743152653476507,0.0888148511469464,-0.0696361231414451,-0.486418086018708,-0.17035527029239791,-0.4916627528455351,-0.24798710584892836,-0.0013789289024385186,-0.9355537224249477,-0.23448204228404063,4.6012442424357545,6.498036314988637
12.691040635954142,18.0,0.9899588657105448,0.989958868041986,1.0085713870454343,7.866355172505216,0.44309331027590815,4.825462048385576e-09,1.6905514829052866,2.9227624542749865e-08,1.0,0.03582555537174273,0.44240106179099736,3.8112820663072493,2.7863780123708493,156,45,1.8823377063329483,16.170366635934155,1.7423025613621234e-08,1.9915116925886276e-05,0.5810164635144138,0.0,2.87665576451723e-05,0.03582558593706031,4.1102026925179014e-06,0.0,8.940956589629833,0.17193765357435917,3.731915569623945,0.0,0.9880232372277021,59.59266556144379,0.0,66.0,1,0.1381530431986034,0.0987641175200406,0.13896462363082282,-0.03282097517786587,-0.0090062455725026,0.016018144227457343,0.011229822935229523,0.01243098924100986,0.0010274367968058807,0.00021257004107390096,0.025690308762925242,sol_stature1.90.pkl,4.037574442267341,0,-0.006495944302749626,-0.35060178824793753,0.0,-3.1716920495319783,0.0,0.0,200.1,1.9,Solve_Succeeded,18.462425557732654,1.7303890466860032,stature1.90_k045_l0_r0,-0.05561576334655281,0.15159521192101588,0.1102672789356905,0.13950761302192183,0.23437322518669648,0.23435962905862848,0.21972990904789577,-1.8205149043312838,-1.8106423861469791,0.1631250974666737,0.1572859701626346,-1.7277175522275798,-3.005314255861124,-3.0338541171072526
13.155140283089333,18.0,1.0826517340867492,1.0826508468467642,1.0898321772448765,8.909189182797943,0.1360451377875054,1.8642784374843902e-07,0.9547639283667825,1.5643426986416995e-06,1.0,0.10524348180786973,0.4604048228575873,1.734888227086903,2.3248029135403616,90,105,1.4596640172061557,15.596014347753595,8.277611181642866e-07,0.06600623635586217,0.5360121869364676,0.0,0.8836953415705034,0.10524528426109049,0.0002444341921040025,0.0,8.540543607335028,0.10402959249764747,2.029025091541789,0.0,1.0485977736217238,57.24714224771191,0.0,66.0,1,-1.1421310714280868e-05,-0.0327274675364934,-0.0860128450999258,-0.032252922421193125,0.0016149598845402882,0.06402863261191805,0.04498043890232815,0.05766206545617879,0.031114734569193673,0.012699565154218972,0.15295966809473388,sol_stature1.80.pkl,1.7467259742947876,0,-0.006309019669730047,-0.4176086777097449,0.0,-2.8152392060650526,0.0,0.0,115.1,1.8,Solve_Succeeded,20.75327402570521,4.075693940021171,stature1.80_k105_l0_r0,0.3023063602902455,-0.25915178650152865,-0.3980625883661901,-0.008033553096238003,0.1485186762600498,0.14851446594060358,0.4833517530210618,0.07917799873115516,0.18465433868400805,-0.501013776535555,-0.5064157710362057,0.9419502038062916,-4.924393755146899,-7.159174875498067
13.255928941982,18.0,1.0816066920357916,1.0816064933257725,1.0898321772448765,8.898103219355509,0.1140789750632657,4.540915605251716e-08,0.9878173811408949,3.789082987431401e-07,1.0,0.11259498566709568,0.4572885676135545,2.243123941065746,2.4357291040335145,65,90,1.4580734804177886,16.167736907622256,2.011592756085008e-07,0.04128680062351636,0.6084341581985022,0.0,0.8086349936857872,0.11259547920653974,4.451228690937963e-05,0.0,8.769923000613126,0.10665990223925313,2.134875514451639,0.0,1.045400177641333,61.430748227635284,0.0,66.0,1,-0.16925977779834336,-0.10966158341277515,-0.11388026638800741,-0.04141605028830651,0.010926567698866048,0.010563845656789108,0.01022275589644638,0.005426321796749596,9.568238726714851e-05,-0.0009378883832714557,0.12061289079297863,sol_stature1.80.pkl,2.328967965726382,0,-0.007171521517055957,-0.4442223745089389,0.0,-2.815758971316492,0.0,0.0,111.7,1.8,Solve_Succeeded,20.171032034273615,3.493451948589577,stature1.80_k090_l0_r0,0.0697784993179373,0.16693074735859076,-0.09731787890960902,-0.15548231564962742,0.2373554457364126,-0.015971564982838554,0.49699575559683423,0.8444346251450559,3.329393404382281,1.1983888108293699,1.002881456031531,-0.19301373171662947,-0.0912973653654462,-1.2876639806387544
15.378965749007754,18.0,1.298938890461046,1.2989387283846099,1.3314855336242684,8.154614474390982,0.03384125795341937,1.9529596554250487e-08,1.8115438779693116,4.091865939680805e-07,1.0,0.5408326731707127,0.4782274167060976,1.6502359479957929,2.3832259153306175,81,105,0.0007191294655919895,28.008158392736092,3.048549043046201e-07,0.0659350182129538,0.0919266702026802,0.0,0.0005924282270222751,0.5408332756521148,0.00034851381155657216,0.0,12.96997831501872,0.20290148515556994,2.97943908641657,0.0,2.560411377998874,180.51380589543814,1.0,66.0,1,0.18896040629093197,0.11873838459102784,0.08432658150147347,0.0852796842972641,0.029491218344054035,0.030303239989787914,0.021666328059190682,0.019144008743112943,0.009489726514610709,0.0022465971067643542,0.1539567613832917,sol_stature1.65.pkl,1.7287782951007467,0,-0.026082925872393047,-8.505850980675092e-05,0.0,-4.440639234005987,0.0,0.0,108.8,1.65,Solve_Succeeded,20.77122170489925,4.033816021901746,stature1.65_k105_l1_r0,-0.03298418259826202,0.15851540981085782,-0.14900143214249234,0.2412566881273112,0.17074399722061773,0.1507439972206177,0.47600421332852627,0.3724950261320614,0.6467524885403816,-0.9234930599833138,-0.445562757746265,0.4133567758671877,-4.3149169919555534,-7.156348210229169
14.226182755717723,18.0,1.0520815647554607,1.0520815754130655,1.054554439970034,7.876975028643448,0.6160931544137255,3.698358879073297e-08,1.5069671035971368,3.846018873027106e-08,1.0,0.2105977405477302,0.4779396782911221,6.506800893931259,3.7001676481925414,197,0,3.983993234370872e-06,12.004387766554881,2.193659662362878e-06,0.06395029587699474,3.968607327846273e-05,0.0,3.714558306725795e-05,0.2105986069764393,6.199533200075415e-07,0.0,7.919135791808925,0.11318750276092406,2.810171134923596,0.0,1.0154996417202236,56.206444166608456,0.0,66.0,1,-0.04851684182149104,-0.05390129968458426,-0.057093359786818954,-0.01789212422564675,-0.002267035957754552,0.079130812118886,0.054636890392058664,0.0788094295615066,0.03450398931394071,0.013522828788109408,0.9290946747197015,sol_stature1.85.pkl,5.776295855045369,0,-0.011386117241804848,-2.8364510513279617e-06,0.0,-3.2442225318868076,0.0,0.0,274.5,1.85,Solve_Succeeded,16.723704144954628,0.0,stature1.85_k000_l0_r0,0.2805100223776362,-0.15110391861286707,-0.1360866688577234,0.14125950707147836,-1.0339757656912846e-25,0.0,-2.6505726415425997e-28,0.0,0.0,1.6376310630281281e-24,-2.21215530485697e-25,7.550345496051348e-26,3.6918690364343352e-28,-4.718050856382036e-25
14.90358969611569,18.0,1.156575027803596,1.1565749306878412,1.1672475100346422,8.288411913259841,0.25795745384560237,1.9896651725358002e-08,1.4536303585144448,2.533831880043925e-07,0.9,0.16225577489076992,0.4753400593652104,4.596359310377384,3.3324976111546256,143,30,2.1798693848295034,31.040212657074367,1.4419778720579563e-07,0.04107932612998263,0.7218043702730992,0.0,0.21793504899853788,0.16225606453457808,4.9680711185671753e-05,0.0,16.01368285301441,0.24029340850386155,3.7511384660587734,0.0,6.416490514632763,196.32477555445647,1.0,66.0,1,-0.16115579125793958,-0.14594733511147215,-0.16321919911300403,-0.06860100389345841,0.006353597018086263,0.011247013962247145,0.009300439957475759,0.010001382759983338,0.0027926081028728077,-0.0006944311145793829,0.9966925724148155,sol_cap_scale0.90.pkl,4.559533696900652,0,-0.02192614339128702,-0.46811065368269056,0.0,-8.976842652565766,0.0,0.0,209.0,1.75,Solve_Succeeded,17.94046630346668,1.139883424225161,cap_scale0.90_k030_l1_r0,0.16382061875911572,0.11249039626513722,-0.11659433877388911,0.1311295601706107,0.0012666480587623795,-0.14446468949303576,0.03502527723532432,0.344518392121198,1.6546665614754101,0.18123984437960722,1.4640467297521544,0.3773557694545561,0.10559090387063597,-5.016078184081759
14.987637716925883,18.0,1.3078303644160576,1.3078302304516578,1.3314855336242684,8.065759036150242,0.036964213215046865,2.2050784819408696e-08,1.8972763825389365,3.8992079821943026e-07,1.0,0.7327738552112655,0.4755742563710893,0.5698549738543612,1.9046363775282085,86,135,0.0006954167852711765,28.73290978792231,2.9335974022626504e-07,6.302834378081098e-05,0.08869323779650772,0.0,0.0005834298699112608,0.7327748037242889,0.00019241523084272393,0.0,13.7952125996375,0.21981881158861422,3.031756641985457,0.0,3.026048655148667,173.63037899512057,0.0,66.0,1,2.3449522159470075,0.47933431153964096,0.5964245072526153,0.23219408872964759,0.22281646493206256,-0.8725944251518163,-0.5385833932170943,-0.6280872143636543,-0.24586911309439435,-0.09429006583572984,0.21798558712776384,sol_stature1.65.pkl,0.5762594317002483,0,-0.01183035835913239,-6.236675314795227e-05,0.0,-4.615933551066622,0.0,0.0,92.8,1.65,Solve_Succeeded,21.92374056829975,5.186334885302244,stature1.65_k135_l0_r0,0.9999944358338005,-0.17510669013405006,0.08581379565714285,0.09260244678725851,-0.06969132636941283,-0.994580447711187,-1.1200824869236106,-1.2176191094506563,-1.1749000275784107,0.001600940283119047,2.796452168831137,3.374942481157456,3.588877884904571,2.844086398820047
15.536763857231888,18.0,1.2988574697890982,1.298857479873553,1.3314855336242684,8.212021784117521,0.039601386520997976,1.455373480275057e-11,1.7483769825875177,5.243293810227385e-09,1.0,0.4619052248535301,0.47901994618471616,2.1844623821229474,2.542279887712368,103,90,8.759429173687449e-06,27.844874661122812,1.0269622663156045e-08,0.023074896313660474,0.08959533214117861,0.0,7.103091505816788e-06,0.4619052323524208,3.12793429313546e-06,0.0,12.59357918924263,0.18357463280017045,2.7012481145831955,0.0,2.4693029905109087,174.80483625643254,0.0,66.0,1,-0.14329454248373338,-0.08811784470034667,-0.08739705118580737,-0.02641639611447636,0.006963758624759345,0.043012938700634655,0.031055429517756736,0.03950251044717709,0.013453663497598911,-0.004064676054670902,0.12194234851105554,sol_stature1.65.pkl,2.3050377268009976,0,-0.017659745246339113,-1.2190288807149782e-06,0.0,-4.367937530126623,0.0,0.0,127.2,1.65,Solve_Succeeded,20.194962273199,3.457556590201495,stature1.65_k090_l0_r0,0.22609373077705933,-0.0688584812481748,-0.09623807986599991,-0.008561636159691277,0.1676215483235497,-0.09459078228776278,0.4924540959257364,0.8408732454103864,3.1248422793223236,1.587030316605923,0.9334132359826214,0.43117649324937357,0.4984804634889974,0.6627907061876408
12.872612276427407,18.0,0.9987195610677325,0.9987195231918347,1.0085713870454343,8.021928351738403,0.3864674218981913,2.8616765045269165e-08,1.5916040209448319,1.7498627191627544e-07,1.0,0.07603321961527978,0.4446835825978081,4.185790569806779,2.880930678820123,109,30,4.322824496277732,17.446328879243424,8.275043518514134e-08,0.00012146316634359326,0.7370885169533096,0.0,0.0002831105004435353,0.07603380235227208,1.7946588600736084e-05,0.0,8.846764531561133,0.14407424558485626,3.098439779609364,0.0,0.8018221202484404,49.83891334296587,1.0,66.0,1,0.004680706672066326,-0.02551826779684921,-0.02245879618722538,0.019360045443664792,0.03973723805198034,0.038404978060679426,0.02822456278477224,0.03753446078679757,0.015175743209809113,0.0011497490777067406,0.9936460671576288,sol_stature1.90.pkl,4.614370791162677,0,-0.0035001322859379994,-0.4758799156138989,0.0,-2.833056516105199,0.0,0.0,194.2,1.9,Solve_Succeeded,17.88562920883732,1.1535926977906676,stature1.90_k030_l1_r0,0.19559136737318175,0.00819714673392851,-0.012994199009670731,0.17978724342157917,0.07414066580924711,0.0002989471849131897,0.0903504628266317,0.2770541574089981,1.153838415210069,-0.5912992442409313,0.20846822473674498,0.6822651000147197,-2.0296978610905154,-7.0755369908901695
13.122800584850184,18.0,1.0363735515895547,1.0363735482679095,1.054554439970034,8.270785542685353,0.19999925816592784,7.718355121623701e-09,1.5292151367612485,5.462968072378251e-08,1.0,0.04479535422077069,0.44506421419993253,3.2105339939305892,2.75394837246034,124,60,1.6727056521943946,17.426697384427346,2.7767590107457663e-08,4.0472191083439844e-05,0.6503137611282459,0.0,7.614803461883829e-05,0.04479539465570427,1.1111865416795735e-05,0.0,8.822858349189607,0.13312942742228343,2.4689653541053675,0.0,1.3999938715272462,68.86972873366621,1.0,66.0,1,0.2816974891817294,0.20266030393873885,0.24133412383909308,-0.05759791187356198,-0.016311027597605735,-0.03182091239988185,-0.022097486908576054,-0.030700139427962323,0.0009717059202894215,-0.001253180421697152,0.05745680483182092,sol_stature1.85.pkl,3.46577751302722,0,-0.008793253344544935,-0.4031233363453255,0.0,-3.3644822417270293,0.0,0.0,166.7,1.85,Solve_Succeeded,19.034222486972777,2.310518342018149,stature1.85_k060_l1_r0,-0.10347845700459046,0.24056915835197606,-0.0012681012427449934,0.09353543343506884,0.0479416357292652,-0.04580206125211907,0.06678027545947292,-1.9128137447551508,-1.8687159108689642,0.2383169124410615,-0.41534865941722166,0.14471641524633397,2.5896991850407276,3.1280173478471935
13.397942537836949,18.0,1.1081828590382388,1.1081825531810425,1.11760507312265,9.300343576182955,0.10099781214205845,3.456961835192312e-08,0.5986582570487532,3.1885366624217464e-07,1.2,0.08030126680824509,0.46742877713611,2.2279771461309648,2.312849330712167,64,90,1.9215641926846903,16.491961757719274,2.151828633701243e-07,0.00020307375171925706,0.1862855368978482,0.0,1.8911686025892127,0.08030162271273258,6.799285924797846e-05,0.0,8.759097974968164,0.09503563212450554,2.1608955006975954,0.0,0.27555477369075493,49.49762559956817,0.0,66.0,1,-0.12373653376750905,-0.08088650211765304,-0.07155473160997149,-0.02796968877124936,0.006896246306627677,0.017826004466568797,0.014906523375252998,0.014123671581770168,0.0032933673278352942,-0.0019357423492604188,0.12293969587146217,sol_cap_scale1.20.pkl,2.2870854743136775,0,-0.011124848577610816,-0.10165186533686858,0.0,-1.8125008807160308,0.0,0.0,119.3,1.75,Solve_Succeeded,20.21291452568632,3.4306282114705198,cap_scale1.20_k090_l0_r0,0.11122190961402104,0.09703224436796049,-0.14330275695377195,-0.09311264458892561,0.21998514565492092,-0.05035621983396211,0.4356135881890075,0.7791982844005562,3.123437017420718,1.1985988093259272,0.9502773220964977,-0.2923191991682162,-0.06735110908995597,-1.3206066261652194
15.404132288726679,18.0,1.2944716677445565,1.2944716745209797,1.3314855336242684,8.479190543745336,0.03702140704507172,2.5961780864247207e-10,1.483788042590921,6.843885950841387e-09,1.0,0.17529075073231035,0.4802821134847822,1.978089724576845,2.4539614914213344,139,90,1.1624696347805487e-05,27.61773868483519,4.879004085108326e-09,0.0018940455129597565,0.39528584741797024,0.0,7.631468143202176e-06,0.175290759992342,5.7628903451432286e-06,0.0,11.58831435747157,0.14516255920010512,2.3952463241748654,0.0,2.284003552601635,158.5129345446227,1.0,66.0,1,-0.0766178111197578,-0.0625103912105637,-0.036010225567323785,-0.005227409256869836,0.008418306120736217,0.031925676367350025,0.023541068517879196,0.028799475628516653,0.009684162197277678,-0.002733271006987203,0.12194234851105554,sol_stature1.65.pkl,2.3050377268009976,0,-0.012590115264868187,-0.2662610882544814,0.0,-4.033163665533082,0.0,0.0,142.7,1.65,Solve_Succeeded,20.194962273199,3.457556590201495,stature1.65_k090_l1_r0,0.13529922033213615,0.02495948689017483,-0.0419700501526336,-0.1147017519055414,0.32854146951602253,-0.033675846124711195,0.5463241538752888,0.8763241538752887,3.1250953606212275,0.4262952448985702,0.14782055960247242,-0.03365111862846881,-0.27390184813543555,-0.4221188516360517
15.349337075978335,18.0,1.2106946354657013,1.210694643589019,1.214024150162041,8.096235442430784,0.21609035391317505,1.2629024076908495e-08,1.6876817926960508,1.8138581935310314e-08,1.0,0.06153153722763863,0.4751702350481173,4.935120499636234,3.2375150299599946,320,15,8.874247841128962e-06,24.464905966178268,6.390764749167134e-07,0.07989372335885493,0.2933657640594816,0.0,6.630483276950985e-06,0.06153165674052038,2.6090387395803293e-06,0.0,10.975691774376973,0.13036526378346963,2.034085132918662,0.0,2.488654375092651,134.12450077525432,0.0,66.0,1,-0.013082814978694329,-0.024251069820571878,-0.033292458810153844,-0.024199190469517327,0.024962107660026794,-0.0467807229191678,-0.0326851088708061,-0.043585575705641706,-0.020121155649966013,-0.0007474135646292204,0.9645561030324118,sol_stature1.70.pkl,5.137990145416585,0,-0.02541645746394747,-0.1687912150002876,0.0,-4.3285839391799525,0.0,0.0,371.7,1.7,Solve_Succeeded,17.362009854583413,0.570887793935178,stature1.70_k015_l0_r0,0.13155193318312686,0.15235728573514168,-0.15917025041038485,-0.05038354636287026,-0.05752278810467852,-0.16018385797946988,-0.07598488449674931,0.2643190224331796,1.947072042036073,-0.13208902136638764,-0.6549718636613403,0.5797983396125314,0.8099460827560013,4.113611716559806
14.058243006457815,18.0,1.0526750806043619,1.0526750987077849,1.054554439970034,8.233963650442085,0.4399864773672239,3.779611676157927e-08,1.3260782633380417,4.0117510376939626e-08,1.0,0.08665958364058697,0.47141677811165505,6.107022314792437,3.527472707263411,396,0,4.804626132857695e-06,11.853044717180031,3.839337849524372e-06,0.00013357478066430934,0.5021177765212721,0.0,4.6401495511149175e-06,0.08666002677074004,7.375636015473758e-07,0.0,8.100455106947587,0.08510992738763082,2.3761763762512826,0.0,0.7760164565118166,45.02886183779439,1.0,66.0,1,0.16625555198153913,0.06970521992989893,0.1102282164595176,0.043093395699888036,0.015272507175067772,0.01174192023986813,0.00870564992317582,0.012221976311544234,0.004219877312214705,-0.00015590476977276927,0.9290946747197015,sol_stature1.85.pkl,5.776295855045369,0,-3.6280510886694106e-06,-0.35725771752502977,0.0,-2.7776602192667523,0.0,0.0,407.0,1.85,Solve_Succeeded,16.723704144954628,0.0,stature1.85_k000_l1_r0,0.2668741262615147,0.0004997235043439198,-0.010961743963784878,0.20769364152532543,0.015776125180680597,-0.08370045479029944,0.012186043997781807,0.06412280305141796,0.09036536546503719,-0.8188796299136588,-0.19640835433901646,-0.12354855158767962,-0.695817215083024,-0.8408677709276267
26.366235746892038,18.0,2.4414404006479495,2.4414404104821,2.120433350825633,1.1450482225510023e-07,6.539406177262286e-08,2.7659763833884625e-08,9.999999846889235,8.716442754914096e-10,1.0,29.69330572812484,0.5454770913087541,0.5742917201053155,1.9435200180773453,146,135,15.380652813252741,292.9672402332993,1.6991185037361645e-09,3.754100539250685e-07,0.13286834230400565,0.0,1.1277207511038264e-07,29.693305732404937,8.624804527376283e-06,0.0,452.6385148410574,6.4133438351814,96.30252642653875,0.0,88.29496374645684,2821.4680361281944,0.0,66.0,1,131.1458212306746,36.79104801959766,39.99884347747108,14.484218040465246,6.185276109739163,-18.969355819674337,-17.144287054956457,-23.145549100022706,-9.937210969595666,-3.8613739495867083,0.2166666663337199,sol_stature1.60.pkl,0.6000000059930422,0,-0.01669454311432981,-0.0010222991610144623,0.0,-109.83697867919994,0.0,0.0,100.2,1.6,Solve_Succeeded,21.899999994006958,5.4000000539373865,stature1.60_k135_l0_r0,0.9725120917847265,-0.13383342065749035,0.09027375961554406,0.06867507962683733,-0.0715801392253945,-1.1001492725691076,-1.199870619796585,-1.2646636229695982,-1.264663628942543,-0.00026781910244104304,3.2481546904696574,3.0497759432436506,3.0068984466717383,3.000957574654262
12.824608970637442,18.0,1.1080376325082963,1.10803728773816,1.11760507312265,9.272420976206972,0.08872830580783958,4.126494184747701e-08,0.6388502890889257,3.869843830580377e-07,1.2,0.17013442378350735,0.46635773873896136,0.5709853908737973,1.7413716328585764,67,135,1.9886531801663638,16.784405017507424,2.4210013706877987e-07,5.5485568060829734e-05,0.23006852104259665,0.0,3.2116671346598493,0.17013514172860064,9.492009706651977e-05,0.0,8.934949911411875,0.09986803705222967,2.4536385321544234,0.0,0.31141200703285193,48.01530376339057,0.0,66.0,1,0.6618981671889705,0.0556155700089249,0.10853237119512806,0.03200832808396276,0.052646268779949615,-0.16148953328243554,-0.10194900202322021,-0.1412627660324741,-0.06039180907729412,-0.023836108854851552,0.21823492396786529,sol_cap_scale1.20.pkl,0.5717713685784211,0,-0.014503799435586788,-0.13027595220988328,0.0,-1.6126919173807357,0.0,0.0,89.5,1.75,Solve_Succeeded,21.928228631421575,5.145942317205776,cap_scale1.20_k135_l0_r0,0.9196296119744728,-0.006883561252579281,0.1549644711067899,0.16302978085513523,-0.0664209607227002,-1.0413697174373466,-1.022065904266473,-1.0664525672923777,-0.9627174969161995,0.0005799499817120453,2.457517633686788,3.3301296123311586,3.8625193008590952,2.6639816387510664
14.343914729601831,18.0,1.1550980393411974,1.1550978506826564,1.1672475100346422,8.37912649202308,0.24036083055390162,3.963588667033848e-08,1.3805121145865569,5.230571448429573e-07,0.9,0.052026061480899485,0.47395578623437346,2.8097022915412646,2.7876183633690763,97,75,2.3248698093545537,30.829856761584406,3.395503320675007e-07,0.015206221435126063,0.7878491740474948,0.0,0.0018136782345608274,0.0520267884418568,0.00010494769601336929,0.0,15.820215214919454,0.25880616497434183,3.746246278384162,0.0,6.340229636774207,186.29833625257783,0.0,66.0,1,-0.014726791543099887,-0.03808120448636683,-0.017126693044410286,-0.018425979651941954,0.03174884876003458,-0.0577694276059538,-0.03184328537693478,-0.050589765314547216,-0.02300362786210284,-0.008453933819006939,0.0916828577669124,sol_cap_scale0.90.pkl,2.849708560562907,0,-0.016405959190644217,-0.5217290040200238,0.0,-8.751457657648894,0.0,0.0,138.2,1.75,Solve_Succeeded,19.650291439804423,2.849708560562906,cap_scale0.90_k075_l0_r0,0.30446731627804785,0.22089412248649037,0.030392010820698423,0.15849504341389314,-0.0663701744229192,-0.48803348671324553,-0.20939170860101397,0.0219619184875009,0.6450116388877104,-0.0027674638199349315,0.5085652549708473,0.34671849072801475,2.795353141243068,8.986743836471177
13.86343772003143,18.0,1.1410822965088947,1.1410820036665976,1.1480808828989086,8.917638711793456,0.13737401349037762,4.0391658882516546e-08,0.9449867603725655,4.737739541076283e-07,0.95,0.09451116396453743,0.4726081605735241,1.7449675590450962,2.448196476658895,66,105,1.5209911983911135,18.681742721947032,2.729685578119649e-07,0.030655010478379673,0.20970201056345764,0.0,0.4123094973112094,0.09451172723806814,0.00010335835720889381,0.0,9.758256438640862,0.10757436269244897,2.1118524172783664,0.0,1.7534892539462081,84.62980400377948,1.0,66.0,1,0.10674494583504421,0.06041311266830643,-0.0064810999697725875,0.0004949939287374975,-0.0004370176558721547,0.05316815588514923,0.03858366688183041,0.046214062643322736,0.02542237568524608,0.010280894496856307,0.15501482760492616,sol_cap_scale0.95.pkl,1.7097331031113283,0,-0.01314562115119827,-0.1179046534192681,0.0,-3.7223879704493483,0.0,0.0,103.0,1.75,Solve_Succeeded,20.79026689688867,3.989377240593104,cap_scale0.95_k105_l1_r0,0.20965633990473106,-0.16243141294746535,-0.3845511494721205,-0.04654310138747191,0.22505914938845928,0.17736285927787954,0.5400458239581937,0.07961708817561608,0.12758505386367391,-0.3785022811959373,-0.5628823162415459,1.2027993670533748,-4.318119457546075,-6.56764401756671
27.155693106830828,18.0,2.4915120168986786,1.8567744365636327,1.1480808828989086,,,,,,0.95,,0.4427174710791787,0.6399699614768295,2.231300606035463,449,135,,,,,,,,,,,,,,,,,1.0,66.0,0,,,,,,,,,,,0.21833827586830878,sol_cap_scale0.95.pkl,0.569911034370441,0,,,,,,,724.5,1.75,Maximum_CpuTime_Exceeded,21.930088965629558,5.129199309333991,cap_scale0.95_k135_l1_r0,0.30350131961691124,-0.35598255032268933,0.34352557703960235,0.1528593073915299,0.1006262626933183,-0.8079348018019632,-1.0143768741344008,-1.2246317336440211,-1.0684759399763142,-0.7108418578194082,2.0069203280399552,2.83655409188582,3.866580561099838,2.5285159560368182
12.584671605047289,18.0,1.035759428058165,1.0357594002156807,1.054554439970034,8.129422296297852,0.22038555526533318,1.8058499938671224e-08,1.6501920037870248,1.2628841413647238e-07,1.0,0.04105884623266371,0.4519706676399174,1.7073186105247355,2.222596523059016,117,105,1.246770747935304,16.650781391637576,5.475585118260115e-08,0.02403486020287469,0.32256287658181715,0.0,0.00018222366175611463,0.04105894466585487,2.179924173670219e-05,0.0,8.059966112905213,0.12267975785177564,2.3362496709893077,0.0,1.1284339976909032,63.983918267324675,1.0,66.0,1,0.019149607664833597,0.005259807598660674,-0.018608903581307203,-0.006175860225123022,-0.0018393567253827522,0.04878297076148931,0.03510939163962675,0.039138887179503805,0.025713373500959,0.010251863784877732,0.15372840241591035,sol_stature1.85.pkl,1.73288875651361,0,-0.008503899323373256,-0.19205140624369113,0.0,-2.8674542500986244,0.0,0.0,131.6,1.85,Solve_Succeeded,20.767111243486386,4.043407098531759,stature1.85_k105_l1_r0,0.2361772112207766,-0.19275299103426832,-0.4531375619443833,0.0460935847384608,0.1433984921892536,0.12339849218925358,0.5053242944228183,-0.1830287148123212,-0.1424220212118842,0.21371507166428627,-0.222489082056059,0.3651495592019257,-6.863638917566347,-8.184437242104869
15.077158596101407,18.0,1.315804314317918,1.3158043196993439,1.3314855336242684,7.937351787904331,0.0937864951148352,7.718302815203714e-10,1.9688617060160107,1.1736547460371081e-08,1.0,0.9047336077599328,0.4707694486170771,0.5342791843440444,1.9125016880262433,135,135,2.0657726531811074e-05,31.990030366290135,9.055698587333004e-09,0.002549505746903247,0.09578305580860239,0.0,1.5160811609577895e-05,0.9047336381755456,1.0876653638915082e-05,0.0,14.181864957098137,0.2516483982495487,3.3908328142174504,0.0,2.9658854637956313,170.13293253610414,1.0,66.0,1,7.348936388651254,0.7694830309108183,0.7168714803671025,-0.13201745675860746,0.030707054985797136,-0.6768970706015701,-0.7004007598165332,-0.9794755013687907,-0.41737104915253204,-0.16384460015864097,0.21798558712776384,sol_stature1.65.pkl,0.5762594317002483,0,-0.011405324193357177,-0.001286284063165465,0.0,-4.604367913062245,0.0,0.0,102.8,1.65,Solve_Succeeded,21.92374056829975,5.186334885302244,stature1.65_k135_l1_r0,-0.17777208684158288,0.18805090119545195,-0.282565559960607,-0.23197221543511742,0.09862437428183024,-0.9615686069922604,-1.017163534453875,-1.1594648475272828,-1.1394648475272828,1.1763388817708091,3.0399298204832337,3.3530896694923857,3.5493709362262353,3.5025230852442553
12.806823264977783,18.0,1.1075404092563577,1.1075385302025038,1.11760507312265,9.221829255278049,0.1503929286280591,2.1595225644142963e-07,0.6277755511538816,2.0490323619313743e-06,1.2,0.17537568806823917,0.4649220216432816,0.5021639006106224,1.7282326237063854,68,135,1.9591080326414763,16.73619546396383,1.1621949757417401e-06,0.0003567428423665319,0.25210558448139936,0.0,3.421879143349107,0.17537999231750487,0.00045405054564920735,0.0,8.855287720115872,0.10022547257017154,2.53060271541118,0.0,0.3263056494148753,44.547589078555745,1.0,66.0,1,1.309011767443946,-0.013590663893797626,-0.04815436124263348,-0.0731874124756641,0.013505510141794247,-0.14682846154013657,-0.11487855753863656,-0.16383361250345294,-0.07042345412912786,-0.029701694647807246,0.21823492396786529,sol_cap_scale1.20.pkl,0.5717713685784211,0,-0.015868984766948903,-0.1423198856249914,0.0,-1.6374340239184897,0.0,0.0,86.2,1.75,Solve_Succeeded,21.928228631421575,5.145942317205776,cap_scale1.20_k135_l1_r0,0.35162972128764464,0.4066616033071619,0.013482285517567529,0.24867432461913938,0.16499037579775055,-0.8753525411061046,-0.907644332808578,-0.9872288487983334,-0.8372469643973011,0.6812746223852053,3.33639192504343,3.473116461598753,4.425058995086981,3.230033902165261
14.045131958709629,18.0,1.1107429680773273,1.1107425164036862,1.11760507312265,9.085122561564745,0.17676156126160214,6.509805608372836e-08,0.7381152144492005,5.935762316487177e-07,1.2,0.09580949430155548,0.46821102370080037,4.476544959595007,2.934069125025979,97,30,0.0019828278692893267,14.527941669089895,7.580265088749629e-07,0.024050745384764056,0.4658762808862678,0.0,0.4299257252361096,0.09581015243938737,0.00017711321486331752,0.0,8.096174599520792,0.07899893687797477,2.5607390159790446,0.0,0.34632661133780807,52.0617467233605,0.0,66.0,1,-0.10336501430936403,-0.1015218276005136,-0.11020912540848785,-0.03872644909495661,0.0058712848533122005,0.005497943185562341,0.004394117919335233,0.00393232233688703,0.0012318013955415013,-0.0002174058485047113,0.9958793917429243,sol_cap_scale1.20.pkl,4.5741709486273585,0,-0.012504224018360455,-0.3123014514818424,0.0,-1.964265251900793,0.0,0.0,181.1,1.75,Solve_Succeeded,17.925829051372638,1.1435427371568387,cap_scale1.20_k030_l0_r0,0.12532602400745463,0.0643106439305208,-0.006639420101406797,0.12669332054608412,-0.009426038042910916,-0.11148646875316262,0.0374981468104408,0.2935241569383831,1.4869660818866022,0.21688748018501125,0.816625504552123,0.11383762283642657,-0.9335439791949697,-4.697018714927581
13.852350074545091,18.0,1.0885981082471339,1.0885980068950702,1.0898321772448765,8.862689616529666,0.21080930280948618,2.8132168359304577e-08,0.9265008487651183,1.978919830781977e-07,1.0,0.0610857929285806,0.4646651499447863,4.082491243733601,2.9624211775298983,108,45,0.00025563896621702423,13.479880097870744,1.4358229967761662e-06,0.00014655527133013857,0.7975374581233006,0.0,0.0004190846597185402,0.06108598603673335,3.6875756798597973e-05,0.0,8.321309932309914,0.08296360051399872,2.8397678877107886,0.0,0.8924529612132247,54.530444553779844,1.0,66.0,1,0.06062645859443244,0.02578270979441216,0.055885080026602536,-0.04498714727649546,-0.012617822377892593,0.03878665397382873,0.027313349078435988,0.03393107886016395,0.011374547658504014,0.0055440999334202545,0.023572558887712505,sol_stature1.80.pkl,4.075693940021172,0,-0.0016839105761383088,-0.5785488617176958,0.0,-2.8676910501133954,0.0,0.0,170.3,1.8,Solve_Succeeded,18.424306059978825,1.7467259742947867,stature1.80_k045_l1_r0,0.16974705307602048,-0.013821966213218378,0.0838633873127303,0.2774042869857297,0.3741661707960943,0.31989269778262786,0.4295184304386471,-1.0971792075110356,-1.0739787674522492,0.4167191593828763,0.14844238870787907,-0.33140007757645185,-3.875691374107134,-4.761493151700114
14.69593185341353,18.0,1.2010250556163775,1.2010250129343045,1.214024150162041,7.765325351270034,0.18944826810634408,9.300488111394912e-09,2.0452262018836347,1.6700285545220117e-07,1.0,0.0695806425985371,0.47386424462314986,2.7277110867955634,2.6808482571981203,80,75,0.0002884226293197174,29.09848563941295,2.6096908365772187e-07,0.006388926018935608,0.09574473018959626,0.0,0.00019383627578509232,0.06958082652878672,5.000197917979885e-05,0.0,12.432876712431774,0.22318157482054019,2.886846766771412,0.0,3.4705213118035148,165.91425999703088,1.0,66.0,1,0.027888449801028326,0.006054426574731452,0.0005195935829329411,-0.023363669834789595,0.013571194693426956,-0.06431042098356528,-0.039261808328024665,-0.05869776268406092,-0.025442276656718294,-0.01019320902045469,0.09142005724022874,sol_stature1.70.pkl,2.85443896967588,0,-0.013755748565388184,-3.677177961777474e-05,0.0,-5.514998496589424,0.0,0.0,122.4,1.7,Solve_Succeeded,19.645561030324117,2.8544389696758827,stature1.70_k075_l1_r0,0.17679732488456437,0.2016439782009081,-0.021043989861315535,0.06962618077469447,0.012396226081236,-0.3974899593076491,-0.16767010444395627,-0.12338768175159107,0.4315028343035242,-0.04350328123433839,-0.4649067492437319,-0.23323109423157112,2.776632247969157,6.064831746903048
13.808018836061214,18.0,1.094126328437118,1.09412577846322,1.0898321772448765,9.064998772517615,0.20827159661728262,8.963258459810822e-08,0.7267287799500639,7.56511983375361e-07,1.0,0.013451968213102926,0.45285506770419615,4.017824546397921,2.863092984621278,90,30,0.0010111418838358146,13.751645116886142,1.5662633944534757e-06,0.0005888749512820525,1.298993807968726,0.0,0.0006720593064116993,0.013452494462714848,0.0001854013203357513,0.0,8.724974900745147,0.0776866430357787,3.1018402458610184,0.0,0.8502482295016833,52.58803225224727,1.0,66.0,1,0.0563592557359518,0.009927642747376576,0.037792974079298595,0.02702226921986432,0.014227200589805221,0.01690748967233618,0.014214822339777286,0.016579995724655835,0.0060884413819647445,-0.0013859731434025639,0.9912257815859573,sol_stature1.80.pkl,4.657935931452767,0,-0.0015664388223633962,-0.9556505960614536,0.0,-2.7095287881593104,0.0,0.0,174.0,1.8,Solve_Succeeded,17.84206406854723,1.1644839828631923,stature1.80_k030_l1_r0,0.20116542490931777,0.07390154369184977,-0.176880410339291,0.012102630914739485,0.09441553234138618,-0.09987444457651733,0.10621709753277296,0.36429867865743787,1.6512154276719992,-0.897654193307688,-0.42342748081153736,-0.9704094482765909,-1.4377803278519248,-5.134328966230855
12.13734391618712,18.0,1.034269901538619,1.0342698804756638,1.054554439970034,8.153725542066272,0.2183316320883169,1.641468025523274e-08,1.6279426937596666,1.156122452857661e-07,1.0,0.04280294617230165,0.45134323610036914,0.5902061308785096,1.7904164016264612,97,135,1.3477496759063323,16.997284815745996,7.766585920619109e-08,2.415365960821145e-05,0.37971471768597886,0.0,0.0001836631185836794,0.042803148573976095,2.300328853972848e-05,0.0,8.166034676614515,0.13061241224215767,2.3495615629733906,0.0,1.0801650883238985,60.60607602023303,0.0,66.0,1,0.3994289361878944,0.029319853468551482,-0.019447229544122212,-0.0734004171160318,0.002026700072217347,-0.10287907518026485,-0.05372216623390462,-0.06524190355705893,-0.020239298344259707,-0.008520421488415844,0.21790946747197004,sol_stature1.85.pkl,0.5776295855045355,0,-0.008956559357463794,-0.21162961730323204,0.0,-2.483359425222578,0.0,0.0,93.8,1.85,Solve_Succeeded,21.92237041449546,5.198666269540833,stature1.85_k135_l0_r0,0.9846529775306514,-0.16718379588586632,0.03683071316204783,0.06404475579813067,-0.06389806958079867,-0.85144503228391,-0.8838481791794054,-1.1877447696356516,-1.0865813560764908,-0.00028393420565382324,1.522815279094203,3.198052338035144,4.439765439117854,3.235463628760377
13.688867019392285,18.0,1.1077748886968581,1.1077742757457707,1.11760507312265,9.260680300475952,0.10385354430676956,7.204234754254484e-08,0.6354654012347264,6.816263211015224e-07,1.2,0.03093493209277394,0.4648276924622275,3.2407368735775264,2.6075433932444763,55,60,1.7814228246789903,16.707218829105077,3.865744534002454e-07,0.0005942213779354517,0.35161076698412513,0.0,1.0982287394526582,0.030935605925236555,0.00015584448191451977,0.0,8.810770903170397,0.09337016615073641,2.3752947060076117,0.0,0.29323055057647684,50.8616184421953,1.0,66.0,1,0.11826232466993948,0.07379672539166404,0.06794362031862075,-0.025707935172694943,-0.012704859537782352,-0.03274384331665789,-0.022947726321724423,-0.028464249600555037,0.005146741364949173,0.00010824408484981629,0.05940954380719315,sol_cap_scale1.20.pkl,3.4306282114705198,0,-0.011064255437448501,-0.2168284915446466,0.0,-1.9029807839892285,0.0,0.0,122.8,1.75,Solve_Succeeded,19.069371788529477,2.2870854743136775,cap_scale1.20_k060_l1_r0,0.024175422172119616,0.08941901041288036,-0.04800838242719166,0.14468043068219347,0.058912862862505314,-0.007658210203207144,-0.027499051945177003,-2.0442177295288544,-1.9703958033597055,-0.6292336871471136,-0.659323615339324,0.2776532721116892,1.9266697716999097,2.512791958441927
15.987824491999762,18.0,1.3047566830005848,1.3047566341637928,1.3314855336242684,8.04878594269365,0.07770345899068419,6.508451100518398e-09,1.8735104565354144,1.469452318716667e-07,1.0,0.44937115721699183,0.47903910694593005,3.3362596034953014,2.9348378059366302,77,60,0.0002504269772356623,27.93619937054968,1.83776356589128e-07,0.06029406276643786,0.09171456968736165,0.0,0.00019841519241006452,0.4493713334891955,9.070677498163812e-05,0.0,11.929289387686248,0.19177489217918636,2.385687611504377,0.0,2.4809686990912376,177.344760890873,1.0,66.0,1,0.14141851462151378,0.0703998466052711,0.0633671709740289,-0.01688189011260174,-0.008896124591206988,-0.06911221424456507,-0.049552575418531086,-0.05523997476285787,0.009653476872579593,0.0015077707741761367,0.05791352276658341,sol_stature1.65.pkl,3.457556590201496,0,-0.02487861888788584,-4.452755605545511e-05,0.0,-4.433163701984969,0.0,0.0,143.3,1.65,Solve_Succeeded,19.0424434097985,2.3050377268009967,stature1.65_k060_l1_r0,0.18678364274230685,-0.021904848856255495,-0.06658552599507947,0.16260850530556195,0.06100987231257993,0.04100987231257991,-0.2659177212933497,-2.2991024270922376,-2.279102427092237,-1.9159632583056911,-1.893840295263828,-0.8830312594894637,-0.24384587587043327,0.027872652260537145
12.55705805013899,18.0,0.9877513165559588,0.9877506468758284,1.0085713870454343,9.14520493992592,0.4050966160637215,1.1101132948992951e-07,0.4496976331660394,6.994757273943669e-07,1.0,0.02352818455167616,0.44137474997156695,3.35788701643893,2.6747664181777537,83,60,3.782776138273177,15.492829826035532,3.6452731128276356e-07,0.00035692015695065055,1.5379714045929158,0.0,5.678020847921537,0.02352897067165908,0.0001177886466655164,0.0,8.3708367084762,0.18149389717704653,3.786559800406817,0.0,0.6208465587360803,41.16655901530492,0.0,66.0,1,0.08565328605085601,0.06913611360194143,0.04956271386731775,-0.04358458923944727,-0.013232771383334563,-0.0390669866244851,-0.02571354966553881,-0.03328951683064652,0.00386087118760841,0.0009338603939433519,0.057734550368221664,sol_stature1.90.pkl,3.4607780933720056,0,-0.01402591964861242,-1.0128973199584959,0.0,-2.7183195791161388,0.0,0.0,138.2,1.9,Solve_Succeeded,19.03922190662799,2.307185395581339,stature1.90_k060_l0_r0,0.19768027296595647,-0.045376272472732716,-0.10059683837263453,0.1056922133922558,-0.06301085088049041,-0.21329151795992726,0.010038660919022838,-1.8000721445678982,-1.8000045031015741,-0.0444414642789704,-1.4027361740841762,0.1437996408820013,3.1661909304423905,3.151998063173921
15.115070547283501,18.0,1.2032714322905158,1.2032710535601379,1.214024150162041,7.886915707432364,0.21226256403536958,4.963965347781553e-08,1.9008205639002291,1.1093982380223694e-06,1.0,0.010337461284612498,0.4750201908641412,4.334446142960046,3.0778139385993604,52,30,0.0017633290774811464,27.411220259804747,7.047939324715765e-07,0.007451183283952863,0.09936279368488268,0.0,0.0012429697336702572,0.010338456655484284,0.00039057844542671384,0.0,11.184270943376815,0.18704455601123626,2.2591882003783046,0.0,2.9473618362539002,149.53773966784507,0.0,66.0,1,-0.12118108357186724,-0.11950757305989435,-0.12167840171783974,-0.038174241658049037,0.019138873303171915,0.018319284568210224,0.013084026683969767,0.015650915836367626,0.0063702419723615285,-0.0007658151813759998,0.9962720915843659,sol_stature1.70.pkl,4.56710235148141,0,-0.014391445226776564,-0.0005878124242107988,0.0,-4.810764540870762,0.0,0.0,142.1,1.7,Solve_Succeeded,17.932897648518587,1.1417755878703524,stature1.70_k030_l0_r0,0.20646422003236933,0.04701101106449514,-0.2258031771025863,0.024908517009385397,-0.02600391017412153,-0.18502958888884005,0.07682636569707085,0.41777842210153365,2.1121908203727173,0.16759881517299244,0.7414504575664199,-0.24474749605219145,-0.5412552077148811,-4.391184650693092
13.63029834961745,18.0,1.1239142446198498,1.1239142395897022,1.130202162768657,9.15935590528454,0.11474485000416641,1.997098758445301e-09,0.7258994546289331,1.8651259057307793e-08,1.05,0.07010367853554103,0.4675581812430796,2.1651160643001734,2.3874359501816933,79,90,1.8441072882966896,17.39477652083996,1.957328691250721e-08,1.242560655320741e-05,0.3298942187807905,0.0,0.7842213304824046,0.07010370045113344,3.0009021929670116e-06,0.0,9.44759340622298,0.10127748088767018,2.1811739850934355,0.0,0.7543287939904093,61.12133904926581,1.0,66.0,1,-0.12729973998912736,-0.08714074291130301,-0.07261417637226318,-0.03111798685331152,0.009601359618544834,0.019403870154307355,0.015155366895896073,0.014951293107150529,0.003539510331308484,-0.0016066506493697791,0.12266555611762994,sol_cap_scale1.05.pkl,2.2920199898826583,0,-0.008948804719050137,-0.20827421587726733,0.0,-2.4647847080381293,0.0,0.0,117.3,1.75,Solve_Succeeded,20.20798001011734,3.4380299848239844,cap_scale1.05_k090_l1_r0,0.07617320871359665,0.09037124496269795,-0.1851781821822858,-0.2301651169302597,0.26675392348937466,0.05563438591080299,0.5416626641327762,0.8716626641327762,3.451662664132776,0.9079743294218492,0.6210711479316102,-0.6037291788476633,0.21115809085789394,-0.8514878642548397
14.545465423232674,18.0,1.1257214769108412,1.1257192621777887,1.11760507312265,8.633922164492882,0.2586950304982542,4.137140986795082e-07,1.1073781934863216,4.1772678671918955e-06,1.2,0.30410703979142073,0.473520788462282,5.551598015383077,3.283810029641644,116,15,0.00576178334228714,13.566978461581117,3.733185067956011e-06,0.09015588504506218,0.0023673054249541484,0.0,1.0056406737683343,0.30411038504550875,0.0016074397907562229,0.0,7.848320914589981,0.08056640716091983,2.430123738754674,0.0,0.37466399933061045,59.99946859427556,1.0,66.0,1,0.2122026081315114,0.12425246608167413,0.15680326145578144,0.05489300338606313,-0.004104134284442299,-0.011297813884128692,-0.007715154523358447,-0.011850752292252149,-0.0072667185703383565,-0.0036246788461977405,0.96411431571079,sol_cap_scale1.20.pkl,5.145942317205776,0,-0.022223458064238356,-0.001069238750531918,0.0,-2.1179898803173627,0.0,0.0,213.5,1.75,Solve_Succeeded,17.35405768279422,0.5717713685784211,cap_scale1.20_k015_l1_r0,0.3074455785866862,-0.16092360508574866,-0.16434304470961586,0.035211768643118105,-0.018350064522974323,-0.13231135387960358,-0.006455614180928736,0.27818370898643574,1.6779896254428164,-0.376448705118304,-0.5986223381036514,0.13537230714536289,0.6655259232743881,2.9444751229476935
13.426316924738634,18.0,1.0822706414215362,1.0822703562380072,1.0898321772448765,8.909610406089996,0.12371039984545763,6.244061758242673e-08,0.9666786109651067,5.201833892402002e-07,1.0,0.12713191758124678,0.45782718966162433,2.8173453620596316,2.5995999460907946,100,75,1.5237173256030538,15.980160314079923,2.7786151936101146e-07,0.05847905386731243,0.5751557708951074,0.0,1.046153572844389,0.12713244518590686,7.926240242531668e-05,0.0,8.808640543760713,0.10562722237995627,2.0329332922114416,0.0,1.024404953892526,60.16398649775477,0.0,66.0,1,-0.015583428096007993,-0.0300344327605799,-0.023793791456028803,-0.029616217883821645,0.02022391753675452,-0.05803071504212234,-0.0323434986911082,-0.05185529655993581,-0.022852512280528117,-0.008657442667469888,0.0882661134912232,sol_stature1.80.pkl,2.91120995715798,0,-0.0066975906197487235,-0.4396170462706993,0.0,-2.806269005626059,0.0,0.0,140.8,1.8,Solve_Succeeded,19.588790042842017,2.911209957157979,stature1.80_k075_l0_r0,0.2814608193626981,0.20281468851646056,0.038260761296943537,0.1346229581481992,-0.0649250879210827,-0.49204009456146314,-0.1785724472117841,-0.06252743260049203,0.6123196645368992,0.00240269751377973,0.04595550690167217,0.17202869687787672,3.190001748947671,6.512325708397791
15.988191850974543,18.0,1.3885895875955594,1.3885513786765902,1.3314855336242684,9.111827684035344,0.003764012118432058,6.0705545126501775e-06,0.8843746848450936,3.968955564237043e-05,1.0,10.334345673856504,0.46198842063251183,1.1364209923697457,2.09113550550891,159,120,0.07491972459002734,101.00706203349976,3.50719351572437e-05,3.311680155214755,0.17449271562241161,0.0,16.8247113717441,10.334425531330691,0.10020798508313454,0.0,92.61497914152575,0.8935900063224752,30.95604845608591,0.0,21.336803098601507,1065.3451799574193,1.0,66.0,1,4.486255650221484,10.38569058459734,19.42124549329315,16.320907205361866,4.099485673274227,-0.8431763014025614,4.050951170191971,5.952686113746416,2.2258429875921695,1.1629111688775873,0.18597117425552767,sol_stature1.65.pkl,1.1525188634004992,0,-0.6119873852729064,-0.007505065970181952,0.0,-29.029111984117318,0.0,0.0,110.8,1.65,Solve_Succeeded,21.347481136599498,4.6100754536019934,stature1.65_k120_l1_r0,0.9997137716317875,-0.5400557325875509,0.07577628671240816,-0.1567294612365497,0.8290679076857213,-1.0947158307283962,-1.450425154405507,-1.9482690206781645,-1.4079316769182848,-1.0019690976553495,-7.8225579164556205,-1.2759448599911982,4.81027159776562,-0.3582715410546955
13.835993840254874,18.0,1.1246468018940379,1.1246468017949658,1.130202162768657,9.132015738342984,0.12656866048978188,1.7682279965115721e-09,0.7414160700000182,1.3217816917494125e-08,1.05,0.034208685086970066,0.46774587621193414,2.7929294917592484,2.585718788592832,89,75,1.5821089049014048,17.242671634463463,2.6857739516431424e-07,1.1357148458433636e-05,0.45957235955037806,0.0,0.19604530827669336,0.03420869844736899,2.5625477477317167e-06,0.0,9.135152317982906,0.09516107111948766,2.1673148914483917,0.0,0.7869150754564427,61.31628945828276,0.0,66.0,1,-0.06998055145122158,-0.05963594767605148,-0.07436553410296212,-0.04882798484855205,-0.0016998745792907693,-0.03749889830981992,-0.020100118301720347,-0.031042245923798353,-0.012934837625007845,-0.005534371618126057,0.09083194514703763,sol_cap_scale1.05.pkl,2.86502498735332,0,-0.007332818557476224,-0.31042523822473816,0.0,-2.530343902361523,0.0,0.0,131.7,1.75,Solve_Succeeded,19.634975012646677,2.8650249873533227,cap_scale1.05_k075_l0_r0,0.32171318173304436,0.06749262243147273,-0.08483873793438955,0.023438171688135785,-0.06632193757919724,-0.4493651865826974,-0.16065096748507185,-0.08864416875858479,0.5992653484115944,0.0004900994247439386,-0.04895016439812991,0.011754862391616015,3.331417250159588,7.0043083549479395
12.526722312904566,18.0,0.9883104908736753,0.9883104061294634,1.0085713870454343,9.156784214834701,0.4109457377319397,1.4688900532023712e-08,0.43226994141924546,9.096017735211204e-08,1.0,0.031645222948440584,0.4428340482718445,2.8255376523410516,2.638397677439258,111,75,3.952940193916922,15.493061248898243,1.322443690777015e-07,0.02653464399592366,1.5452841542449371,0.0,5.844990317801357,0.03164547930041161,1.2209384984219291e-05,0.0,8.707641511979187,0.18279777327548102,4.002307426826194,0.0,0.8190562479779571,41.49107807799127,1.0,66.0,1,-0.03087625740484145,-0.049491972461033165,-0.07797228597292183,-0.03372021722885265,0.047837089752107424,-0.07682885010415486,-0.04703988719942655,-0.06661500516082863,-0.029232303296495003,-0.007245362887359712,0.08977879197351789,sol_stature1.90.pkl,2.8839817444766735,0,-0.019088325747469236,-1.0181300976689796,0.0,-3.1435298587330305,0.0,0.0,145.6,1.9,Solve_Succeeded,19.616018255523322,2.883981744476671,stature1.90_k075_l1_r0,0.2451139486414598,0.12921259996139156,-0.10365262085658104,0.15331556546685268,0.03716564437635003,-0.361273103545111,-0.18832530883008797,0.13827201875058037,1.1665938640764577,-0.5170772992020816,0.0882058730108754,0.5126947319202901,1.8576213526143492,6.4828551230547315
14.529572422375724,18.0,1.1580190865805524,1.1580190899873444,1.1672475100346422,8.298364624827464,0.2259478101363916,1.5155797172511858e-09,1.4756875466402566,1.907779494782586e-08,0.9,-0.007023273366920072,0.4677636497942786,3.1283572532233648,2.943781658020022,93,60,2.0343898707568413,32.393273575612795,2.089541815961744e-08,0.03890313506699879,1.119163610285281,0.0,2.3662025034802866e-05,0.007023290269741936,2.597168597167888e-06,0.0,16.469588406361826,0.2732076003532979,4.034285229357518,0.0,6.9757471797748,200.48011901890072,1.0,66.0,1,0.2612059521538554,0.18407043975095108,0.22296116764536453,-0.08812987313954912,-0.0267095450657821,-0.028706787183704695,-0.02057982887539164,-0.027104014504716074,0.00045585443317205677,-0.0015528251185227804,0.060019429316213485,sol_cap_scale0.90.pkl,3.4196502726754874,0,-0.021782967732554354,-0.7809581116295555,0.0,-9.540073498591513,0.0,0.0,140.2,1.75,Solve_Succeeded,19.080349727691843,2.2797668484503255,cap_scale0.90_k060_l1_r0,-0.09661239324691402,0.23969976666835166,0.14457017545200515,0.1348310542762724,-0.02123605443815542,-0.04123605443815542,-0.14175538786969163,-2.180863369506816,-2.1148600271302613,0.41261507921823437,-0.5617054719524108,1.2531913005133888,3.2558569690421777,3.934605390577115
13.332205417185937,18.0,1.0382461553283275,1.038245403683544,1.054554439970034,8.185603175643598,0.2750875126358704,3.3944144550870986e-07,1.5393065511843316,2.420044185703057e-06,1.0,0.07891902831070827,0.4569198247128298,4.093013800892276,2.945244433622265,122,45,0.0038996029264144107,14.311877641864687,1.1514949253668962e-06,0.09832766662303538,0.2513834667037105,0.0,0.0033784396130251563,0.07892113140989804,0.0005504696882927882,0.0,7.768479889950957,0.11615266695816341,2.699690366849585,0.0,1.103782014957646,61.23639346664306,1.0,66.0,1,0.04269417662999901,0.01318633144420317,0.07526489130429972,-0.08913861853756873,-0.023473244153903273,0.05538450585114902,0.041015674897514454,0.05075625957433169,0.008567965194860782,0.00538167494886137,0.025366272303790974,sol_stature1.85.pkl,4.043407098531759,0,-0.006618184508736943,-0.21092122543943675,0.0,-3.119437304942841,0.0,0.0,172.3,1.85,Solve_Succeeded,18.456592901468237,1.73288875651361,stature1.85_k045_l1_r0,0.21987794775054734,-0.007717075861075803,0.10268291860570387,0.18133191807036503,0.3904744374014003,0.26080347618885924,0.36528080781828565,-1.4533790785696357,-1.3861122954365042,0.585372374469995,0.9646509578366782,-0.8623164598008661,-4.272834990663252,-4.478238880496045
13.516900391639961,18.0,1.1092139903122744,1.1092137137347111,1.11760507312265,9.271106345742545,0.11351531087015074,3.197330820945757e-08,0.6153780096523427,3.012010862249169e-07,1.2,0.07608862274566583,0.46507957239652614,2.7108984188873095,2.42149960734206,76,75,1.769127567545834,16.715869267980416,3.976456361239031e-07,0.0001864564409870715,0.36027301864552996,0.0,1.3669428341571632,0.07608886001969208,6.84644401891542e-05,0.0,8.905011673676482,0.09447469017982629,2.3700312458307726,0.0,0.30323817716229906,51.44885728325995,1.0,66.0,1,-0.06803573610981888,-0.0650327137139731,-0.07252252831515252,-0.04179167496083952,-0.00678061935014171,-0.022909295508021114,-0.010995368819778828,-0.019529757014541856,-0.008169014157711088,-0.004552294333557623,0.09117461983932766,sol_cap_scale1.20.pkl,2.8588568428920986,0,-0.010402472945034684,-0.23062175352842296,0.0,-1.8540173116186698,0.0,0.0,127.0,1.75,Solve_Succeeded,19.641143157107898,2.8588568428920986,cap_scale1.20_k075_l1_r0,0.15511959061031305,0.13056346819206013,-0.16048169748153931,0.029738103489337524,-0.015893094780516648,-0.3953931438011809,-0.15458631643213777,-0.04716590666028757,0.7587294769051609,0.8031636781572584,0.5987643952109197,0.16316126636073575,3.376767740071198,6.023506132473204
14.633765406522167,18.0,1.131663918249717,1.1316637906909173,1.130202162768657,8.463329704528313,0.2519722253765793,5.784653454364968e-08,1.2846976448540393,3.3751835630325515e-07,1.05,0.2458207236932941,0.4743189481509349,5.274581409022102,3.312319917095782,312,15,0.00043028117272564734,15.55753171092474,2.8612848622575776e-06,0.10220993487786666,0.016827433966549607,0.0,1.4352594837635584,0.24582133338063047,0.0001536153385407073,0.0,8.747838589548975,0.08716543892153202,2.3448485883486585,0.0,1.074721464201291,75.0573869208964,0.0,66.0,1,0.1121642404288021,0.05563923511691718,0.08265792765072168,0.024634469304768945,0.01096412434800721,-0.04160433173278014,-0.028813262509003918,-0.03839324410842822,-0.017666111101554492,-0.0018444879609789367,0.9634975012646678,sol_cap_scale1.05.pkl,5.157044977235977,0,-0.02259749184205316,-0.0001046774910832438,0.0,-3.010465576947138,0.0,0.0,341.4,1.75,Solve_Succeeded,17.34295502276402,0.5730049974706652,cap_scale1.05_k015_l0_r0,0.2669850400672745,-0.005251210518838029,-0.19123733555438352,-0.019382640347741554,-0.0600971484185009,-0.18456889809546137,-0.0521199304096212,0.2715483161726419,1.9929387341746712,-0.10379196570148408,-0.5704972029373716,0.4752091275332822,0.899443977684024,3.7469302569389376
13.508575249893584,18.0,1.1533312177731063,1.1533308339953952,1.1672475100346422,8.32704737833619,0.19774967010322406,7.169034193262387e-08,1.4752019476565825,9.321443439741444e-07,0.9,0.23881781917185702,0.47240496060162346,0.5655421274408894,1.970590903532893,73,135,2.518262512869592,29.906643998849525,5.560872809515938e-07,0.04658190830168453,0.3661545974386499,0.0,0.7058431971997946,0.23881945012266684,0.0006943882880787188,0.0,15.359050486681893,0.26177534721828183,4.045735522345332,0.0,5.604023057142803,167.10032454325142,0.0,66.0,1,1.2918396941209327,0.4286467844011456,0.16662096409041144,-0.16806780143885516,0.015023875978231153,-0.2712666292637745,-0.19947586290842526,-0.24594199031008432,-0.09259147110431122,-0.037839946828335295,0.21833657156970826,sol_cap_scale0.90.pkl,0.5699417121125814,0,-0.014906611463692926,-0.23281077188920438,0.0,-7.674843679158488,0.0,0.0,82.1,1.75,Solve_Succeeded,21.93005828825475,5.1294754090132315,cap_scale0.90_k135_l0_r0,0.977941598177069,-0.2019678220818046,0.094736910908901,0.09403987828760045,-0.06642015449411377,-0.7769250110313747,-0.9873830486158374,-1.265014349548546,-1.1732493015981742,-0.00073486716640711,2.248982130792345,3.532263651515699,4.532067154342687,2.904640695121719
14.249716345434688,18.0,1.1387726801522047,1.138772633265605,1.1480808828989086,8.873403079885923,0.12857021035320337,8.389797984144307e-09,0.9980266044646596,9.688193163172741e-08,0.95,0.07811321987468833,0.47031226131281856,3.342133094452045,2.8568047005513333,159,60,1.3694832276478983,18.719728122954905,5.204227228166604e-08,0.005774462952876954,0.34686962378699027,0.0,0.00037399375959734025,0.07811332074128939,5.997201747531931e-05,0.0,9.793732740763005,0.1097108951993055,2.5753737933557828,0.0,1.7290682592377105,87.28162559402507,0.0,66.0,1,0.17370854387099244,0.1234031766572095,0.12310925165241221,-0.030280844299083527,-0.009419014760692228,-0.022833571361617837,-0.015838126762105092,-0.019196829905585647,0.00395383168703261,0.0005513779309225193,0.06002965520985231,sol_cap_scale0.95.pkl,3.4194662062226575,0,-0.010311509346539984,-0.21050440535749643,0.0,-3.758586099384996,0.0,0.0,177.2,1.75,Solve_Succeeded,19.08053379377734,2.2796441374817746,cap_scale0.95_k060_l0_r0,0.048166329329613275,0.008898774356667652,-0.0013564622074225,0.05027693135912748,-0.03831402762936223,-0.07714217011258015,-0.08660140699777207,-2.114576803551172,-2.061365780086227,-0.5770758290755122,-1.1359290608971704,0.4945928423852321,1.961982075027,2.329389189050898
13.898075715214253,18.0,1.1136131064896893,1.1136114105382202,1.11760507312265,9.14246751903337,0.20262589001047393,2.0498711814896235e-07,0.6549044384749566,1.9393727540207024e-06,1.2,0.02338607076349476,0.4674875983838516,3.879696746470094,2.758442285273751,119,45,0.0025915473335232303,14.53661063997326,2.0448397376565335e-06,0.0019751372420162405,0.6773961204202785,0.0,0.004572474727154783,0.02338780084246172,0.0008771774598495052,0.0,8.579805761363655,0.07555256214005907,2.7592716303525253,0.0,0.34885303692447583,50.419292727624615,1.0,66.0,1,0.08543138788359868,0.028494653960197493,0.04862703482966267,-0.016642577572056293,-0.0026206714634804972,0.026592093133041585,0.018189832046514823,0.020685311009291676,0.008651117290330723,0.0041936646967715725,0.02764446777505884,sol_cap_scale1.20.pkl,4.002399580048937,0,-0.006697291627634842,-0.4790835201432634,0.0,-1.9967933001886269,0.0,0.0,178.5,1.75,Solve_Succeeded,18.49760041995106,1.7153141057352599,cap_scale1.20_k045_l1_r0,0.206696627551917,-0.0980482366374267,0.054880042967639577,0.21246536327590018,0.24670285224037872,0.22670285224037873,0.42740329203223293,-1.266606126989259,-1.246606126989259,-0.575832159811951,0.17638259878634568,0.02134150894477328,-2.949843149620635,-3.246504325219842
14.330833222192165,18.0,1.197409948630773,1.1974099406677217,1.214024150162041,8.519045609677294,0.1431506562670774,1.775986103615322e-09,1.337803695934492,3.617295129118696e-08,1.0,0.2037611867592646,0.47463591321272575,1.6741691279447637,2.3516578937278174,90,105,1.8392171574135188,25.03660885450681,2.302100137611605e-08,0.020309604791072293,0.11127470346587118,0.0,5.113121512713965e-05,0.20376123179883326,9.726956765880277e-06,0.0,12.560836379443385,0.17127861558883717,3.0140099886538474,0.0,2.0122417045205983,123.23265142864439,0.0,66.0,1,0.04955677054783935,0.023115667377722842,-0.038789933731035196,0.028459375147393585,0.014731720836290126,0.042136521177757125,0.029876395843681184,0.03507068688280441,0.017592528404226215,0.006067075724272886,0.1548520343441372,sol_stature1.70.pkl,1.7126633818055277,0,-0.01797135531999721,-6.131508269941707e-06,0.0,-3.993117196499437,0.0,0.0,109.2,1.7,Solve_Succeeded,20.78733661819447,3.996214557546235,stature1.70_k105_l0_r0,0.1441692504451475,-0.08909197819055137,-0.20924952064770677,0.1481434002288244,0.11865848732901606,0.11863127380285914,0.45995430339608173,0.32513183303008913,0.5106981956561737,-0.8416538150461523,-0.7957675176842347,1.2463439367237352,-3.950042057667958,-7.422848943484899
16.12721017647184,18.0,1.304296548802962,1.3042961346604278,1.3314855336242684,8.518786505164035,0.11306647561820178,3.697475916523864e-08,1.3681462835206208,7.687623546616079e-07,1.0,0.18005002657655225,0.4780143982038516,4.215568832538929,3.079986374475752,94,30,0.0013076016160734646,27.48238712961212,8.280359504137108e-07,0.04482451662987956,0.744858543933459,0.0,0.0007731413677437118,0.1800510348084628,0.00042708907897536115,0.0,11.652934241152956,0.11548569241299798,2.1069979919416277,0.0,2.339208923207701,157.99999392863916,0.0,66.0,1,-0.15355482845665144,-0.13943594842445106,-0.15356378387169828,-0.044623417290991084,0.02020485151329483,0.02582704306233914,0.018311698666792692,0.023981480722027642,0.010863245339843012,-0.00012697759361755207,0.9938846970221112,sol_stature1.65.pkl,4.610075453601994,0,-0.022574037154408488,-0.5830071221579336,0.0,-4.155829741529502,0.0,0.0,175.8,1.65,Solve_Succeeded,17.889924546398003,1.1525188634004984,stature1.65_k030_l0_r0,0.29007360506823365,-0.05423924657212257,-0.2532384865279321,0.009340770732835785,-0.022490519809124535,-0.254587531740252,0.07238319467888685,0.4205099503512475,1.9879867512341158,0.3051343019722189,0.46157129172422684,-0.12393266304012283,-0.20997569607149943,-2.546537529628804
13.729128755412507,18.0,1.153320762437722,1.153320710311912,1.1672475100346422,8.303341082614192,0.23293515811834858,1.1571061039844954e-08,1.4637235982086825,1.4937170943614846e-07,0.9,0.13752341604658258,0.4731656218437769,1.1365133932108327,2.190872415563262,115,120,1.78398448153933,30.28667660966333,9.121689761766397e-08,0.030193446324006983,0.6696467680016632,0.0,0.0007381978100252633,0.13752363186515032,5.722611994078645e-05,0.0,15.3129383810507,0.25411815778036184,4.360419032269177,0.0,6.337233191840554,191.02905947948142,0.0,66.0,1,0.36457542873578125,0.369569628103128,0.11025821315061547,0.09798848527942378,0.02722241957168337,-0.031070723319664588,0.05235588752449353,0.08403626037417136,0.03714818323970859,0.01576779598287752,0.18667314311900934,sol_cap_scale0.90.pkl,1.1398834242251619,0,-0.020147925148525703,-0.42764088620673085,0.0,-8.736288184175375,0.0,0.0,111.0,1.75,Solve_Succeeded,21.36011657614217,4.559533696900651,cap_scale0.90_k120_l0_r0,0.6568471177049519,-0.33069920579042816,-0.1316852018082684,-0.09865718170083661,0.47233750701156246,-1.1481439232594948,-1.758409881435646,-1.9734294794340215,-1.5410353376226946,-1.2893882000541843,-6.529299471523868,-1.4133808894607733,4.926138758406395,-0.15073932533647091
17.464215548296995,18.0,1.4520218579332596,1.4520217840523972,2.120433350825633,7.918208911226341,3.936391808718922e-05,4.61504169521517e-08,2.081751580168815,1.906930843899183e-07,1.0,1.4960660117106876,0.4936930408566848,2.55727970585992,2.9339132096206186,142,75,0.0003852843041431984,100.32233711836119,1.7611805099900525e-07,0.04443830686937394,0.12944834954017817,0.0,0.0001135337052297126,1.4960662875458468,0.00023459251256822896,0.0,39.249892288862405,1.5264443801178729,12.756825519567315,0.0,24.966541461682105,931.227158945006,0.0,66.0,1,0.0010075436604423758,0.018301351689084994,-0.06296020335899485,-0.1923730777653401,-0.06955657056184453,-0.11548641847977709,-0.07239730392379778,-0.092794485425124,-0.005963265599650813,-0.0030794116500976743,0.0833333316685992,sol_stature1.60.pkl,3.0000000299652143,0,-0.02828039900074085,-6.315715533326199e-05,0.0,-29.39412803168901,0.0,0.0,157.6,1.6,Solve_Succeeded,19.499999970034786,3.0000000299652143,stature1.60_k075_l0_r0,0.8586545315240265,-0.4418363691498712,-0.6528603726098703,-0.028535684777168495,-0.07158004851248521,-0.42828160937975085,-0.20957748780304009,-1.4859192855206407,-1.4833805579681627,-0.0003363462858329363,-0.6473314147401223,0.061083017529795766,5.1796370434562995,5.063660811950914
15.559308086083416,18.0,1.210531330822285,1.2105312907752899,1.214024150162041,7.896637733364438,0.25437813007099175,2.5406825367469638e-08,1.8489838089280128,2.8600704224224806e-07,1.0,0.119626150554339,0.47506418205568807,5.551453804065446,3.448752605807107,236,0,0.00043048338725519054,24.804996962992263,1.100218240539896e-06,0.17122482011089432,0.08854008868297125,0.0,0.00033940061793308687,0.11962710768212069,0.00018915498862295,0.0,11.235699309889593,0.13679229957124225,2.244287732009356,0.0,2.6087492738514286,139.68551500914666,1.0,66.0,1,0.17840438929436608,0.11598964580657885,0.17453371321174524,0.0621994361870629,0.02348954185277295,0.008688378731790306,0.005614864632413546,0.00874829054100659,0.002125013414935376,-0.00017765612532648942,0.9328401144804574,sol_stature1.70.pkl,5.708877939351763,0,-0.041101088536060336,-0.0001012704404447787,0.0,-4.597453961966224,0.0,0.0,311.9,1.7,Solve_Succeeded,16.791122060648235,0.0,stature1.70_k000_l1_r0,0.053152850147937636,0.1036866432169615,-0.024804289797191237,0.17532253767234213,0.14596700977878185,0.12596700977878184,0.027860451653941742,-0.026640470377383506,-0.006640470377383509,0.2505469977292746,0.25281106552474186,0.1234828751019102,0.18440046773220298,1.061481073290369
14.209532053503954,18.0,1.1396358626156464,1.1396358084520186,1.130202162768657,9.21632272664024,0.21030196656960326,1.804137055638982e-08,0.573375810508144,7.346564051041623e-08,1.05,-0.028062084464411798,0.4670388234183516,3.7601570807228666,2.8090972360670134,157,45,8.108709159245444e-05,15.917592434126895,2.559910152298775e-06,5.619954618410719e-05,1.3762763277500518,0.0,4.98778642347055e-05,0.028062145778035886,1.7574288567953707e-05,0.0,10.437189096703918,0.08243643995255603,3.9877924881896925,0.0,0.8514995179308971,64.44964846819555,1.0,66.0,1,0.11668891591245688,0.05814129610579747,0.061899101865126684,0.019128945593719412,0.007228943183258309,-0.0030608697769996833,-0.003382616944643609,-0.007184215239668929,0.002419743992859034,0.0006068091995644315,0.0271647232058526,sol_cap_scale1.05.pkl,4.0110349822946505,0,-0.004089617187009484,-1.0422162147401843,0.0,-2.8625878047781845,0.0,0.0,188.8,1.75,Solve_Succeeded,18.488965017705347,1.7190149924119922,cap_scale1.05_k045_l1_r0,0.0932562659307374,0.09988347641432829,0.19619791541424203,0.32656977065083487,0.12437505065861851,0.08679531782147018,0.3096944921147996,-1.3147154911890926,-1.2024017814882093,-0.33761002001358364,-0.6564336389194593,-0.6966745029991607,-4.9989294079625655,-5.010539083558205
17.351345949088486,18.0,1.4511515603633334,1.4511510855976943,2.120433350825633,8.13274032613702,0.00020058801278707,2.3317087787771684e-07,1.8670583287817597,9.861484557456993e-07,1.0,0.9795795249886188,0.49435366455258695,2.5526064557014427,2.830786698444021,96,75,0.001983808527595539,85.7327293127885,8.769156989843276e-07,0.0285011461362776,0.11779424408444981,0.0,0.0005882208313609124,0.9795809418050431,0.0010692313344401623,0.0,30.002608229565148,1.1100752175310797,9.969912333264059,0.0,20.284477595700146,763.8232049590497,1.0,66.0,1,-0.18338872276917914,-0.13799153007818116,-0.23041221544439033,-0.08694529429300603,-0.03629348417628506,-0.05768476007469254,-0.028776021745338724,-0.039317364173085415,0.007914062218403116,0.002702052607022966,0.0833333316685992,sol_stature1.60.pkl,3.0000000299652143,0,-0.023156540695342512,-0.00031912972781708565,0.0,-23.969592429531406,0.0,0.0,131.0,1.6,Solve_Succeeded,19.499999970034786,3.0000000299652143,stature1.60_k075_l1_r0,0.7678749767217448,-0.35092264808008367,-0.9656126497299031,-0.13087932063687424,-0.026625120944620245,-0.45694913756390965,-0.21561211881758535,-1.4794849892966222,-1.4594849892966222,0.7202403737456642,-0.043579712350045874,0.24996681594154313,4.958905065261744,5.103132404743979
14.83498310356415,18.0,1.1004198271799959,1.1004193764809715,1.0898321772448765,7.857281833989689,0.3888340195692377,2.0589232735018388e-07,1.7538823835768313,1.5115880724083495e-06,1.0,0.4233706801565324,0.47516848695291786,6.59282300319313,3.825216451603546,173,0,0.00392756298642331,14.16910179010825,2.5001079749721485e-06,0.23641401898223033,0.0029729049506799004,0.0,0.024497529912901845,0.42337351672733725,0.0005680688031418079,0.0,9.065259503129706,0.10508392554534372,3.0544328344404077,0.0,1.697650646765256,84.62293654159103,1.0,66.0,1,-0.1815086847643982,-0.15104079945920337,-0.183441851549885,-0.07847759228845609,-0.021807088337446566,0.052246730587247124,0.035838304459625235,0.052485235040166105,0.023760446169246212,0.010137839185017898,0.9265322269824465,sol_stature1.80.pkl,5.822419914315959,0,-0.05033902819030553,-0.00043780594555789873,0.0,-4.091841440581355,0.0,0.0,256.9,1.8,Solve_Succeeded,16.67758008568404,0.0,stature1.80_k000_l1_r0,0.2766312802911017,-0.12943165720556926,-0.1858498746225872,0.12426919115958514,-0.024832288786893152,-0.059776881725431205,-0.03803161186767545,-0.09606220441452412,-0.07238167903735446,0.6808386335728823,0.3239079483417736,0.11855161536317263,0.909817584799388,0.8158523120206264
14.459237381366966,18.0,1.1940061141637746,1.1940056680547013,1.214024150162041,8.459716194648633,0.14766124048876028,4.585726786641295e-08,1.392621547344161,9.716541588688795e-07,1.0,0.2573514346596279,0.47401897591744035,2.3211685757856046,2.5120090893598075,152,90,1.2863100535369627,23.944692623851303,6.212218265585238e-07,0.04775657333762181,0.10814787828622882,0.0,0.0014279533134380262,0.257352557744643,0.0013481827309356565,0.0,11.998588325936872,0.1503755205750071,3.4795551379059235,0.0,1.9120785863277527,125.61377792818898,1.0,66.0,1,-0.1493029712143858,-0.09429429959566184,-0.09361597711807708,-0.032449515793604375,0.011137802246024843,0.01070668760325532,0.010112544219024643,0.007880056525399115,0.00146120866020274,-0.000950158386027807,0.12313604579218287,sol_stature1.70.pkl,2.2835511757407057,0,-0.022427616035094817,-0.0008984361997620013,0.0,-3.9324212407452404,0.0,0.0,148.4,1.7,Solve_Succeeded,20.21644882425929,3.425326763611057,stature1.70_k090_l1_r0,0.14421385907797682,0.03821977862104102,0.02673695355816021,-0.10305096106070377,0.18654221927549466,-0.04687606340704459,0.4241433819035868,0.7541433819035868,3.334143381903587,2.076150446173146,1.4275336428966596,0.1816221374342322,0.04639908297746089,0.35703583246168336
14.500701486460265,18.0,1.1519214864987177,1.1519213766154623,1.1672475100346422,8.292695332457445,0.23047833991543967,2.3828697707116743e-08,1.4768259973286653,3.064531463018757e-07,0.9,0.03523115656527259,0.472907086768754,3.3501052328505163,2.9752228411875956,149,60,2.219519224058894,31.538276099082807,1.8397343641662715e-07,0.015885509599030546,0.7470568162973836,0.0,0.0006180399137133743,0.03523147942466882,0.00023053433095178622,0.0,15.792241044926778,0.2724107056316847,4.221202504495114,0.0,6.664429803764705,197.24903269874076,0.0,66.0,1,0.18485066750394716,0.13263251820796887,0.11972450332172126,-0.025156136433292037,-0.0070999404243093055,-0.0193023925911694,-0.01307050875629535,-0.013420821904423917,0.005630063157947647,0.0015589082803704978,0.060019429316213485,sol_cap_scale0.90.pkl,3.4196502726754874,0,-0.016013359308149348,-0.4985236418205485,0.0,-9.21583409454332,0.0,0.0,169.4,1.75,Solve_Succeeded,19.080349727691843,2.2797668484503255,cap_scale0.90_k060_l0_r0,0.11761425660494813,-0.1021388081756145,-0.04960938562382916,0.018279456413538828,-0.03851267708592095,-0.08530323232768268,-0.19237934760788772,-2.2269452376717624,-2.1730687589978457,-0.6343471882683442,-1.3309989647561862,0.7872457080689774,2.221518567673,2.609829473628831
17.980706121944223,18.0,1.4666794469161488,1.4666794569220651,2.120433350825633,7.591096380264172,8.804654069746712e-06,1.4346812081750747e-08,2.4089001941829955,1.4360427660282124e-08,1.0,-0.05670785879656686,0.5023985783175031,5.14812485085511,3.3083506430340677,683,0,4.7643234711910027e-07,81.2782510390222,5.073977089160262e-08,0.08009887522618764,1.8210364069006806,0.0,9.618787224929652e-09,0.05670802089710506,3.161861947507276e-08,0.0,27.242255437508106,0.8563624893338406,7.881317954008008,0.0,21.126919582883737,696.3992170275291,0.0,66.0,1,0.1138368208031313,0.06643547939206991,0.09930356646547102,0.03298315021843909,0.011289247408253988,-0.02942638383646849,-0.02268270244703819,-0.030677621663733615,-0.014435306339820668,-0.006347132856322307,0.9166666633371984,sol_stature1.60.pkl,6.000000059930429,0,-0.027093718519089312,-1.5249608139500663,0.0,-24.203711475732543,0.0,0.0,654.3,1.6,Solved_To_Acceptable_Level,16.49999994006957,0.0,stature1.60_k000_l0_r0,-0.023903418756876807,0.216421606951186,0.07641588936916188,0.25310342194307367,3.554291694563791e-26,2.50416005753358e-26,-5.190951275387139e-28,0.0,0.0,1.5657943167552555e-24,-5.152407654817557e-25,-1.4986551447283367e-26,3.854312753151643e-27,0.0
14.141455470809525,18.0,1.142523613595972,1.1425236102919987,1.1480808828989086,8.859126520176824,0.17077695953070357,3.2627467677421865e-09,0.9700966171973727,3.1350115037148224e-08,0.95,0.04932910771138487,0.4716762446253953,2.814736363397128,2.7119755441875104,95,75,1.0372611638071016,18.2304493333772,2.03366730524733e-07,2.83857810412748e-05,0.3469555725170755,0.0,6.916493377270144e-05,0.04932915682637996,9.674638164433835e-06,0.0,9.585472890551957,0.09926062617141551,2.272136598697647,0.0,1.7322145280262846,83.4217075254081,0.0,66.0,1,-0.032442252596309874,-0.050902211056702985,-0.04557391415539145,-0.035592464969529045,0.014881129420711068,-0.05099485724380287,-0.02859278008659139,-0.04535067575413498,-0.020284441320052565,-0.007872509968767902,0.09169137934154353,sol_cap_scale0.95.pkl,2.8495551718522156,0,-0.008089828127305734,-0.218547853735177,0.0,-3.69164693351722,0.0,0.0,133.1,1.75,Solve_Succeeded,19.650444828147783,2.8495551718522165,cap_scale0.95_k075_l0_r0,0.26735562229245385,0.23753643588963352,-0.08658723823467968,0.05014224298703331,-0.06642002669405796,-0.4678818262840926,-0.19189767487935913,-0.015062217942801206,0.6048825497562805,-0.001349967554702088,0.3162904443236816,0.10470899026451114,3.0321910330736737,8.153892564081923
14.923631449206326,18.0,1.1487745531802904,1.148774296916779,1.130202162768657,8.666003235459511,0.24475686883510214,8.403009513251982e-08,1.089239582247367,5.19166558479484e-07,1.05,0.4352287973050972,0.47734043675698035,5.606041665821861,3.4306742645188972,245,15,0.0006658020652855118,13.982268691838534,4.33311039791626e-06,0.2695462680671447,0.017654239015202196,0.0,3.2793801364457993,0.435229618872744,0.0002050572127451834,0.0,9.672779972965731,0.09424080288276189,3.2276049997198397,0.0,0.8781534746174591,76.9549078925171,1.0,66.0,1,0.21090246172779914,0.13661905272942315,0.18316352768410213,0.07365062172618472,-0.01261784930801591,-0.0037791302441003,-0.0008550026218678928,-0.001888348024739629,-0.001583015137850946,-0.00383183104868944,0.9634975012646678,sol_cap_scale1.05.pkl,5.157044977235977,0,-0.05518383934233639,-0.00012751279019488474,0.0,-3.018430957508889,0.0,0.0,288.8,1.75,Solve_Succeeded,17.34295502276402,0.5730049974706652,cap_scale1.05_k015_l1_r0,0.30342185692748563,-0.09303061419834262,-0.1962731967430501,-0.04705849239235484,0.03351909573806191,-0.16852623695052688,-0.008856993409268633,0.2134016565943789,1.8911003729502933,-0.013590797365093665,-0.9732173956026866,0.19182303289408492,0.6121143076488365,3.636080824789946
11.678071190822443,18.0,0.9899039248865539,0.9899036223951665,1.0085713870454343,7.931051909475471,0.4115588067491979,1.9405255165068738e-07,1.6573878685026868,1.2189614973361883e-06,1.0,0.010746771303550243,0.4501683152747084,0.5813132836539273,1.7752366746885058,97,135,1.9671037345515945,15.55523800009954,6.892934382191717e-07,0.0004394556840091994,0.5220206418589536,0.0,0.001347402095186054,0.010748865800458094,0.00020084558107984324,0.0,8.501712977731888,0.16707883618534153,3.6625348589267688,0.0,0.7678941807750062,47.00853684290481,0.0,66.0,1,0.2983216898882786,-0.01982764325239292,-0.07790733493156865,-0.07968161019342022,-0.0075402727289060585,-0.06937938330733934,-0.027132520041878327,-0.03268459389793015,-0.006097031934037021,-0.0021709320381140765,0.21795575839470338,sol_stature1.90.pkl,0.5767963488953347,0,-0.004977934049806753,-0.32206811550575426,0.0,-2.523065060723005,0.0,0.0,90.3,1.9,Solve_Succeeded,21.92320365110466,5.19116714005801,stature1.90_k135_l0_r0,0.9955864318564107,-0.21133928615745345,0.19713837854840147,0.18783814431106632,-0.06296659779318299,-0.8266887161512356,-0.7678334896762024,-1.110666413960232,-1.0372535012696094,-0.00023795837752256375,1.1001789548483936,3.0439116825284116,4.940677257476156,3.703077858827112
14.258420006138865,18.0,1.1198282103253285,1.1198276209390312,1.1214108192990524,9.138059214448955,0.15258985243182377,7.258428206958442e-08,0.7093501296119633,7.298950087920027e-07,1.1,0.1876956708634053,0.46914358338051904,4.617820459628778,3.0558566152892315,175,30,1.1315479342711554,15.657553214883734,7.51508130896712e-07,0.02406163752866159,0.19725555466702396,0.0,1.6728930080145499,0.1876951491853317,0.0002567281936034853,0.0,8.584038191922778,0.09516334590629896,2.239295280833911,0.0,0.5607357165151309,59.201216575818705,0.0,66.0,1,-0.11401777360174596,-0.1145199429168201,-0.12061988600837213,-0.052087006876726134,-0.009734601534891774,-0.014346503422567419,-0.009551118440164468,-0.014952119824294964,-0.007516232620637197,-0.0018017918721342147,0.9944486090975891,sol_cap_scale1.10.pkl,4.599925036243388,0,-0.014065459826060858,-0.11301629949674354,0.0,-2.3067940728061243,0.0,0.0,232.1,1.75,Solve_Succeeded,17.900074963756605,1.1499812590608478,cap_scale1.10_k030_l0_r0,0.1005383039654835,0.16660794500344925,0.008466458018778206,0.18845844140236076,-0.006368932976042441,-0.10709906167438603,0.003112560524026812,0.2915259532835024,1.3473947488577085,0.07911684277987249,0.7019102878997333,0.20780187526159058,-0.5954760851347405,-3.73813695708061
14.012619996811038,18.0,1.0187953832299734,1.0187929398679054,1.0085713870454343,8.028780582075415,0.6761472705285505,1.0095020573411027e-06,1.2950644558880056,6.649193314539159e-06,1.0,0.2736553079865519,0.4824168507971746,6.928514640680233,3.819443226762246,119,0,0.007208066727442649,10.505149687343483,5.462436315393574e-06,0.11066629462939814,0.0037158552843969974,0.0,1.9567938809582572,0.2736563461042812,0.0012290388775258849,0.0,8.096549193779532,0.12027938089422152,2.6623131751968074,0.0,0.9513221094447819,49.46409986568197,1.0,66.0,1,-0.1883423554153911,-0.16682519430892967,-0.20590645310507952,-0.07767993947339784,-0.02450377195646573,0.03813170224735777,0.027092857009742267,0.039910529474110834,0.020178670823715415,0.008373174017843212,0.9295575839470361,sol_stature1.90.pkl,5.767963488953344,0,-0.009959141683141598,-0.06076861680331842,0.0,-3.1610432937594046,0.0,0.0,218.5,1.9,Solve_Succeeded,16.73203651104665,0.0,stature1.90_k000_l1_r0,0.25851768615828136,-0.0492475890162803,-0.1083555173835178,0.14491273138852218,0.09817291034078816,-0.004454210650687218,0.014036720028868797,-0.09899972920126814,-0.046718315592654665,0.5820458188929247,0.3364933060771965,0.19473345681505003,-0.028401090749909735,0.2636490391846642
15.070039863269693,18.0,1.2126525305654525,1.212650941126729,1.214024150162041,8.253396578382484,0.2076571223456428,1.3548107611497655e-07,1.538942484376202,3.661599775463085e-06,1.0,0.08951574533757437,0.4746944723786247,3.8072896751900234,2.939187516532259,82,45,0.005671504646632056,23.57444644380108,2.146694103320831e-06,0.0058470235601471915,0.49703484532200776,0.0,0.004442928238191447,0.08951965330154817,0.0012077496098590213,0.0,10.995640873933601,0.10478072782332559,2.364533088361291,0.0,2.2251586332572724,127.50735192191891,1.0,66.0,1,0.07118366934074039,0.028993786853327104,0.04811700189448056,-0.03125977755666595,-0.004550750545116979,0.04688784822457511,0.03219964194760194,0.037126630434724556,0.01585432430932969,0.007267223048878312,0.027988080136320273,sol_stature1.70.pkl,3.9962145575462324,0,-0.012493950171266201,-0.3395436373350203,0.0,-4.125262187462158,0.0,0.0,146.8,1.7,Solve_Succeeded,18.503785442453765,1.7126633818055303,stature1.70_k045_l1_r0,0.22534981266010726,-0.11263009468746271,-0.041232060916616076,0.23761640336855228,0.13487502912313565,0.11487502912313563,0.3849768575636917,-0.9668562308865979,-0.8536234904315211,0.37779775710549324,-0.04331430487325717,0.24154113754291298,-4.481657377083075,-5.376479906002815
17.548639600902806,18.0,1.4485934956422974,1.4485933936466762,2.120433350825633,8.243648334839733,5.073384142339804e-05,5.1097383151884175e-08,1.75630076572854,2.1641607192798456e-07,1.0,0.8680533018186029,0.49461387985264804,3.0499368600282954,3.0534964249750596,139,60,0.00043416124265978996,83.10514797812034,1.8958172330477168e-07,0.04263642961248098,0.11238340504545502,0.0,0.00013232797805248854,0.8680535994220081,0.0002756471123938273,0.0,30.05362509616939,1.1086531888348599,9.905542115156612,0.0,19.50592058200279,734.4964787160178,1.0,66.0,1,0.3979813643389088,0.2931700071146436,0.33987731882545286,-0.08566937350268297,-0.01754352991821987,0.034185456205258355,0.024637861462839666,0.031925655213788436,-0.00574593261111263,-0.0014337285393229034,0.049999998002319086,sol_stature1.60.pkl,3.6000000359582565,0,-0.023702400894376956,-0.0018004943272096412,0.0,-23.275028157330155,0.0,0.0,164.8,1.6,Solve_Succeeded,18.899999964041744,2.400000023972172,stature1.60_k060_l1_r0,-0.04461227309555004,0.2717787967411966,0.3687504154761722,0.3231441433881966,0.3690714314224663,0.34907143142246627,-0.27389354274307603,-2.3175693693189836,-2.2975693693189836,-0.03304775956512729,-0.16851677085534922,-1.8439265788789792,-1.7250289400419603,-1.469216670981262
14.3176489726146,18.0,1.1196677548406826,1.1196670271185942,1.11760507312265,9.032257862658108,0.24684046910413404,1.2160458761374096e-07,0.7209005643979037,9.509953212245727e-07,1.2,0.13232188782740614,0.4729901581386409,5.146520872120308,3.1175776934332013,119,15,0.00125844946770215,13.649546566415786,3.7206161604861213e-06,0.02673071066528222,0.0006614234937873289,0.0,0.8242788589808985,0.13232221913169964,0.0003218182047760449,0.0,7.695922193298623,0.08337049945490749,2.184770252914597,0.0,0.2230974833306417,50.283707976942964,0.0,66.0,1,0.06481539035129964,0.02777560919376426,0.02638121627995629,0.003079242087873526,0.016356056574747486,-0.04348002965773684,-0.029814169131464657,-0.041116140163790955,-0.01855068482593025,-0.0016254989599913938,0.96411431571079,sol_cap_scale1.20.pkl,5.145942317205776,0,-0.006899013320834354,-0.00027213907061714464,0.0,-1.8437938060110326,0.0,0.0,205.8,1.75,Solve_Succeeded,17.35405768279422,0.5717713685784211,cap_scale1.20_k015_l0_r0,0.2679963466188003,-0.09644283334784115,-0.15464798288746345,-0.009440631259255755,-0.05928820931663206,-0.19401003155621166,-0.046776042678580945,0.2513992489184718,1.745564199067432,-0.1492070737944447,-0.5557970042368412,0.34814964953055966,0.953855419938769,3.334524624580124
12.197379976040514,18.0,0.9965526084610689,0.9965519347196702,1.0085713870454343,7.6789707388879656,0.4700027749615321,4.4686281775293163e-07,1.8510231765539027,2.8601890195343264e-06,1.0,0.12421742363504247,0.4545281672320322,1.70930992645302,2.2271903698666358,158,105,3.8755615594741544,16.51900260815568,1.1670035931778585e-06,0.14831737401481412,0.20577406410918744,0.0,0.010515978502579742,0.12422033059386403,0.00044419059367561265,0.0,8.170274954341675,0.14979107424889945,3.2249783022532057,0.0,0.82095530467809,48.84732222808238,0.0,66.0,1,0.001079109754361141,-0.03529365132277256,0.0017936835195250908,-0.086989825776502,-0.029281248105194013,0.07279956830882944,0.051345596397625,0.06262504418738647,0.03712944686441431,0.015331933653889532,0.15386727518411072,sol_stature1.90.pkl,1.7303890466860024,0,-0.00345393241193264,-0.22417357009611713,0.0,-2.911886062689385,0.0,0.0,135.1,1.9,Solve_Succeeded,20.769610953313993,4.037574442267342,stature1.90_k105_l0_r0,0.44081293683828054,-0.41979959516646215,-0.5479568502935509,0.022470624921571942,0.16526653005288408,0.16526283393643132,0.5827964580945444,-0.4102826325867412,-0.3980943123714066,-0.2407047641963295,-0.26015453363593105,0.10409577391689116,-6.524214776733047,-7.061718461224413
25.510286820772095,18.0,2.3388492957837412,2.338849302794488,2.120433350825633,2.2146772687937235e-06,1.4093060964209918e-06,1.7286449825474679e-07,9.999996532274606,1.6606526250761072e-08,1.0,40.31156833151936,0.5304108160669565,1.1909017287472707,2.1095977329139015,110,120,20.650181291127236,426.08143909227675,3.010945039861987e-08,1.6963741345457193,0.13552713462581764,0.0,2.496412182101837e-06,40.311568383690634,9.560155388766656e-05,0.0,649.1489429387057,9.276025239114958,132.79724258898676,0.0,167.07700045889783,6041.102792686876,0.0,66.0,1,-0.25799644105673664,2.616207279622501,3.289170418781226,1.0169298150181476,0.2956319687364066,-0.029334563000143025,0.0989136749444106,0.14355339376319223,0.04251937115561404,0.010399287386179009,0.18333333266743976,sol_stature1.60.pkl,1.2000000119860843,0,-0.40821070443723706,-0.001063709012672589,0.0,-197.79162762041986,0.0,0.0,100.4,1.6,Solve_Succeeded,21.299999988013916,4.800000047944344,stature1.60_k120_l0_r0,0.9023459407576696,-0.5286537320220132,-0.5940140401221963,0.02096197123310781,0.639601416190603,-1.2021884713498823,-1.273081718352689,-2.096448078092543,-0.035711814380670434,-1.0689191952863513,-8.12511943612161,-2.555287705323131,4.828260708633684,-2.8743744796208794
11.841027519970599,18.0,0.9857506183755906,0.9857496013731148,1.0085713870454343,9.199245704153713,0.40752002276238847,1.4288505351845273e-07,0.39323323101250646,8.991663257715398e-07,1.0,-0.0008319122886606391,0.44354765985161126,1.1508871351684204,1.9787445289016246,112,120,3.4148085449017285,14.468964737115744,3.9528383808673054e-07,0.00022641485459041932,1.5514308447632923,0.0,5.220576931267129,0.0008329242754665961,0.00016737033358052057,0.0,8.059946374390625,0.17596304266011092,4.032820464310191,0.0,0.525659008555243,34.97128188026711,0.0,66.0,1,0.13052718850143638,0.1308261880108753,0.03518937041759149,-0.02141966859193142,-0.004236987519438008,-0.038290614985034194,-0.01948710321648576,0.028627708332049688,0.015628858114737364,0.004164134505168487,0.18591151678940696,sol_stature1.90.pkl,1.1535926977906703,0,-0.012977440032308534,-1.0192719556320138,0.0,-2.5314407940962136,0.0,0.0,105.4,1.9,Solve_Succeeded,21.346407302209325,4.614370791162674,stature1.90_k120_l0_r0,0.4461559582813593,-0.473092325469086,-0.20895546625832248,-0.11990411376442181,0.04743100567120029,-0.3752667287408636,-1.856053520933326,-2.4321712259789274,-1.567068354684126,-0.6339405501052964,-3.0001095789304184,-2.4180811207179556,3.967342783899029,0.9118768999153061
14.293027443750375,18.0,1.125515650448632,1.1255155309281564,1.130202162768657,9.019134219319607,0.14337414112998614,1.8233138840555444e-08,0.8374914310598364,1.8999506066477402e-07,1.05,0.07066096701964023,0.4660572942410846,4.436265765745286,3.033656455003313,149,30,1.1068763333393148,17.152110598175696,2.7748118447585726e-07,0.011029818916198204,0.5319303573253774,0.0,0.0010327128266763737,0.07066116576513186,5.396962868575341e-05,0.0,9.007166353587694,0.09263407144977275,2.396460418873073,0.0,0.9071943028242079,67.44387703386218,0.0,66.0,1,-0.12512844208362617,-0.1193544309949465,-0.1286994779993303,-0.044747518737151715,0.015203468088692449,0.014681503738574929,0.01089708276310216,0.012729992040890996,0.004847764678083959,-0.00031375783546196975,0.99533111223526,sol_cap_scale1.05.pkl,4.584039979765316,0,-0.010245423599490334,-0.35722131750367747,0.0,-2.7116517426249565,0.0,0.0,211.0,1.75,Solve_Succeeded,17.91596002023468,1.146009994941327,cap_scale1.05_k030_l0_r0,0.1634377682076063,0.06699715790949208,-0.13456576434007278,0.10064434697155969,-0.01979145158439396,-0.12261585173198099,0.045604122226260764,0.34733299647532484,1.748839987635931,0.1954457186798763,0.7793442591491873,-0.02709230527601302,-0.8324850944330606,-5.063645802327846
14.175903718903596,18.0,1.0923185164603526,1.0923180271442372,1.0898321772448765,8.672466621376884,0.27438783062031963,1.2253540187195467e-07,1.0531444443707,9.670920157581965e-07,1.0,0.10010757723733733,0.4721527533924532,4.81999538037174,3.2485693443901265,72,30,0.0012390414043335044,12.905409497326332,2.5616114315433367e-06,0.0010466653168449082,0.4254838407814245,0.0,0.04209398954517733,0.10010858621030365,0.00017490482950405104,0.0,8.063366448115952,0.08314592708576934,2.1852296658896924,0.0,0.98305678024319,52.361908952322054,0.0,66.0,1,-0.13156217159590508,-0.12580675486806067,-0.12734475665183445,-0.06009124821311861,-0.035790453350840655,-0.05339712180664715,-0.036681640726360334,-0.054238827640126025,-0.024864840394842425,-0.0019086795131230336,0.9912257815859573,sol_stature1.80.pkl,4.657935931452767,0,-0.00037307230975826,-0.31405257368394474,0.0,-2.971634788564643,0.0,0.0,158.8,1.8,Solve_Succeeded,17.84206406854723,1.1644839828631923,stature1.80_k030_l0_r0,0.06811229927100591,0.2425442772524413,0.05625179547706893,0.216519047918162,-0.0062246421381523835,-0.14939032735871335,0.04744198980488741,0.3612482280706863,1.715603827579199,0.21862906055981918,0.6672485288770443,-0.009178769574762413,-0.6778184060537262,-4.687154785782917
13.26204353848672,18.0,1.1363770827871493,1.1363770057746228,1.0898321772448765,8.857662315813835,0.3970273974792235,9.524994151178049e-09,0.7453101688326548,1.0834928930609701e-07,1.0,1.2339215883561585,0.45245221262353774,0.5408116721051236,1.8920890885688868,173,135,4.386946379439915,24.01754281551243,6.36008681959509e-08,0.09794735607924406,0.08867346004887376,0.0,13.430646130971372,1.2339218129021428,6.516674691922983e-05,0.0,15.72952943083706,0.20763098311473266,4.825515079488328,0.0,1.5581981212666645,76.97119455776163,1.0,66.0,1,8.773732354167382,1.4443474788847295,1.222675629999681,-0.7264978413634724,0.12505340433405604,-0.9718530788207018,-0.9590392470097993,-1.3343471695537097,-0.5528915923042687,-0.22456730696945879,0.21765322269824455,sol_stature1.80.pkl,0.5822419914315953,0,-0.03878479121644108,-0.07441758734267062,0.0,-3.704908022010112,0.0,0.0,123.9,1.8,Solve_Succeeded,21.917758008568402,5.240177922884364,stature1.80_k135_l1_r0,-0.33296866880631876,0.44509299781004946,-0.04141972286825384,0.0009366122537295218,0.14436881995492767,-0.7834855941743555,-0.863021704307576,-1.1175545582859674,-0.9720645545459277,1.177430156284602,2.5290799287482675,2.67839265338819,4.037667522422823,2.0645725327114954
14.2976823359864,18.0,1.1584345380655976,1.1584343945189821,1.1672475100346422,7.899803415100989,0.2554938193894704,3.816025079400878e-08,1.844702255427343,4.6769419635791367e-07,0.9,0.052554483712135135,0.47151025919462863,2.7421737215935402,2.708909627049379,78,75,2.3139194515389088,31.077097081665634,7.900343207614913e-07,0.0003552654493790686,0.682494493092218,0.0,0.0008041347517735676,0.052555048118706954,7.030042073293605e-05,0.0,14.48321666695132,0.2304380962139699,3.248047949693825,0.0,5.640217597299203,185.0448396984723,1.0,66.0,1,-0.04276010162866023,-0.07230733302070001,-0.07714624984070263,-0.0411731134797638,-0.005490269241833764,-0.026299444408853866,-0.012669269571119766,-0.022910904187283417,-0.0110888897280996,-0.005005004329863246,0.0916828577669124,sol_cap_scale0.90.pkl,2.849708560562907,0,-0.013880350970145758,-0.44052063138614567,0.0,-7.870021437871313,0.0,0.0,124.6,1.75,Solve_Succeeded,19.650291439804423,2.849708560562906,cap_scale0.90_k075_l1_r0,0.21812938365092724,0.20756064046556252,-0.13762611455476112,0.06793410735415091,0.08110833992786493,-0.3713381003952797,-0.11055136461964798,0.0890017576757774,0.6978822002848103,1.1107384935340976,0.8954808359724223,0.7137136841057325,3.1969960398162023,8.793557587174153
17.572133563771644,18.0,1.4815147933140367,1.4815125910979023,2.120433350825633,6.645809502156222,0.0014817871716573416,2.275983280748783e-06,3.3527031341237254,7.852509106777813e-06,1.0,3.7449397990229247,0.49174675414588315,2.0708060041168643,2.74442572134156,152,90,0.016336292511450832,157.78211395135094,7.31147001801073e-06,0.18172011654393835,0.14080406676954424,0.0,0.004570533139461038,3.7449523419624486,0.012215884641541405,0.0,63.35835306461,2.512766673063361,25.53384044041469,0.0,43.80155722553018,1603.7530696027231,0.0,66.0,1,-0.23514261115746907,-0.05939016877145741,-0.16917144088941194,-0.1116579125759584,-0.07020968867994763,0.2935027786999073,0.20380294907157775,0.29165864064743907,0.10532917171097533,-0.028369685229676464,0.11666666533487932,sol_stature1.60.pkl,2.400000023972172,0,-0.08278630777095929,-0.002864404209783785,0.0,-51.0178097579133,0.0,0.0,137.0,1.6,Solve_Succeeded,20.099999976027828,3.6000000359582565,stature1.60_k090_l0_r0,0.8244385528015316,-0.8945508649576315,-0.3110011759736585,-0.12517290779242282,-0.049705501453853135,-0.12324938316339878,0.46939229404953103,0.8172758261451473,3.248906087801276,0.45922812837184607,1.9719792286566653,2.35580326823614,2.4330637047022288,5.411853418585249
13.235747613565612,18.0,1.038364965122664,1.0383649289994208,1.054554439970034,8.06978189746614,0.2515317366323914,2.184254329327403e-08,1.6786861888600004,1.550047157280225e-07,1.0,0.058075794564507094,0.4529523793643981,3.8679703118330515,2.8477884673688276,144,45,2.7955904469545247,16.988002481887293,9.17881815135358e-08,9.792869403098587e-05,0.3667955466534692,0.0,0.00034275412054699406,0.05807592842847444,6.085880173716349e-05,0.0,8.097924926593612,0.11593518455143027,2.2890724677690675,0.0,1.0022825546108014,58.97623872553849,0.0,66.0,1,0.10534551415457168,0.0696445335429832,0.13073897717741428,-0.05549106390622144,-0.012029257221553895,0.05002163530003059,0.03522239406137218,0.041131189298913066,0.008140045766357159,0.004229049548901658,0.025366272303790974,sol_stature1.85.pkl,4.043407098531759,0,-0.006077372711445361,-0.22115059701400674,0.0,-2.9029745000352563,0.0,0.0,192.1,1.85,Solve_Succeeded,18.456592901468237,1.73288875651361,stature1.85_k045_l0_r0,0.09491982015330513,-0.0034534322235224312,0.014869585184407185,0.1825784508955591,0.18720191843053416,0.1871957330150705,0.351920927693135,-1.5205850587906222,-1.5195770315065193,0.09702598811691576,0.07158398929340878,-0.9964933120023914,-3.694755883959296,-3.580326386669004
16.018378432929836,18.0,1.307817884340451,1.3078173463127172,1.3314855336242684,8.272470675949696,0.08239467327737028,6.321884312266107e-08,1.645133530551691,1.1794723397328504e-06,1.0,0.21070381597568413,0.4775791911328085,3.702415446257621,2.9357020604612374,91,45,0.001999222684389701,30.056922955874686,7.853068448445218e-07,0.017656292208268812,0.8088420743942349,0.0,0.0011386279108552158,0.2107052443431151,0.0008649805412090982,0.0,11.611780997672913,0.1862127665480904,2.4386539491884216,0.0,2.82481062132228,182.67352044641362,0.0,66.0,1,0.058645528374376706,0.02549179834046979,0.05258499135817622,-0.02264696501528382,-0.0004661588037171247,0.06804642623630465,0.04742128863810486,0.05828247617339272,0.02536148400932556,0.010638063818468485,0.025899109894347443,sol_stature1.65.pkl,4.033816021901743,0,-0.01528351752728651,-0.6466197125225569,0.0,-4.713126044073991,0.0,0.0,155.7,1.65,Solve_Succeeded,18.466183978098254,1.7287782951007493,stature1.65_k045_l0_r0,0.15554527750153774,-0.06326200536468321,-0.11222144002258848,0.14503045930440334,0.14214025574912206,0.1418225723507935,0.36884481884115505,-0.7214252333852825,-0.5804569094176579,0.43584701311152535,0.48033050982937564,0.5066205142814468,-4.098377925464023,-5.1181464836346535
12.91273711794402,18.0,1.0852820282969413,1.0852818380459455,1.0898321772448765,8.470100468813097,0.1311346427110394,6.074881330696007e-08,1.3987643144102058,5.128564938360959e-07,1.0,0.3435387560676005,0.45596069628542774,1.1619730096395358,2.055365444334791,70,120,1.5343876381671864,16.272601219250934,2.3364624839181889e-07,0.30814198907676066,0.04657147528200166,0.0,1.805738101968111,0.34353922756935906,9.56425795481308e-05,0.0,8.402565217672974,0.1143409901877215,2.063016264447208,0.0,1.7439343092311392,70.46705019399408,1.0,66.0,1,0.49947120978107384,0.5222391254940826,0.25287932435708055,0.38066332076886805,0.08978761648795927,0.0636981247579091,0.1681997935264244,0.18586461891823855,0.05964832480643979,0.0390917063996391,0.1853064453964891,sol_stature1.80.pkl,1.1644839828631932,0,-0.04024023185514281,-0.09145031547623728,0.0,-3.429972599104444,0.0,0.0,95.5,1.8,Solve_Succeeded,21.335516017136804,4.657935931452766,stature1.80_k120_l1_r0,0.051668794899197464,0.5577620132359122,0.2892511135522098,-0.03231220419885404,0.5590473910551537,-0.9447312155721714,-1.6803893684033215,-2.160167861681976,-1.5287076284769294,0.6308956640441528,-5.983351543587041,-1.2354473114166682,4.154033410122595,-0.026097000635000533
13.64238599275155,18.0,1.1220500641426812,1.122049803246398,1.130202162768657,9.160694096505157,0.10214195006738616,3.301243485708691e-08,0.737163580511392,3.397872766982584e-07,1.05,0.08127826105220197,0.4694758254615184,2.2442401355631496,2.417643289782498,65,90,1.5284872636080464,16.876994943203897,1.7873600673843794e-07,0.010413558706434348,0.26757471562147433,0.0,1.0424829559889541,0.08127864946352878,6.941385305802066e-05,0.0,9.156283596386269,0.10070740110658827,2.3375799306369283,0.0,0.7724638186007895,61.36744160072725,0.0,66.0,1,-0.14466589913865308,-0.09150586831898584,-0.08454445695386298,-0.029963297191984546,0.009197771608529984,0.016685164066794694,0.014318043949211632,0.012488387355298048,0.002964108075620877,-0.0015254405179593211,0.12266555611762994,sol_cap_scale1.05.pkl,2.2920199898826583,0,-0.010095022332038205,-0.1639895147089579,0.0,-2.5115023459439096,0.0,0.0,112.8,1.75,Solve_Succeeded,20.20798001011734,3.4380299848239844,cap_scale1.05_k090_l0_r0,0.10414948433785547,0.10269450764334878,-0.06607311370358313,-0.10203614238112581,0.23114447291016998,-0.031118468155953323,0.4775488146876487,0.8157491807188955,3.354581659752618,1.353914552988117,1.0006380902953969,-0.413125235267281,-0.14766971632082854,-1.4237358839430792
13.979730905366825,18.0,1.1240677420743588,1.12406752438699,1.130202162768657,9.120438748902556,0.11429791816828244,2.86798619065834e-08,0.7652630056651526,2.984185784460752e-07,1.05,0.04480327316256627,0.46686865377147235,3.3118077716905585,2.7350260562884627,77,60,1.7102111731324274,17.509900976168208,1.498255244541046e-07,0.0003194967451116525,0.42732778843562547,0.0,0.29157647132525694,0.044803616734399795,5.9995330420047196e-05,0.0,9.331777872295708,0.09930302504845644,2.223605446439235,0.0,0.8261021560059205,63.63284031894882,0.0,66.0,1,0.1417678985662186,0.0903926497191775,0.08977301343782915,-0.025195984866845104,-0.009440611785299176,-0.02579996017397881,-0.01851464356828324,-0.02325560126977496,0.003816350810635075,0.00019967373368060055,0.058998334176445115,sol_cap_scale1.05.pkl,3.4380299848239853,0,-0.008666693544528592,-0.27779103980091985,0.0,-2.6028461271593906,0.0,0.0,141.2,1.75,Solve_Succeeded,19.061970015176012,2.2920199898826574,cap_scale1.05_k060_l0_r0,0.03826831529654539,0.08878283760062432,0.03929541933409402,0.21065582561067597,-0.02661610771757404,-0.047142676495045464,-0.004652557371739166,-2.0217707462082593,-1.9655360351943927,-0.5985707771630173,-0.89926957191817,0.28727674154222466,1.579260748298936,1.9724285332673126
27.389439328497428,18.0,2.491428852264704,1.6498908322200592,1.1480808828989086,,,,,,0.95,,0.5316852614954959,1.1286029845190004,2.468730287342452,257,120,,,,,,,,,,,,,,,,,1.0,66.0,0,,,,,,,,,,,0.18667655173661737,sol_cap_scale0.95.pkl,1.1398220687408864,0,,,,,,,139.9,1.75,Infeasible_Problem_Detected,21.360177931259113,4.559288274963546,cap_scale0.95_k120_l1_r0,-0.09154296879906199,0.1677614855841436,0.020059445812194945,0.3139950108125059,0.4702449583740531,-1.1054184521588688,-1.668469525331374,-1.85628074880757,-1.4573984888811813,-0.4937172999974373,-7.3627122782178365,-1.818332499218498,4.194955920243363,-0.6061455900732171
15.280847743649485,18.0,1.1638338021391812,1.1638337826496234,1.1672475100346422,7.6270573232323455,0.4649010584366775,2.058170025032494e-08,1.908041945836267,1.1176303041220212e-07,0.9,0.14986295371229133,0.4763174933289656,5.7972755971814145,3.637016913574118,245,0,0.00016365832965469418,32.56363970260996,1.1578323913820771e-06,0.03210243308227231,0.1173252953995716,0.0,0.00017915634694927034,0.14986312163897897,3.4459930187736735e-05,0.0,16.027843832710513,0.29205124026321666,4.427434034007805,0.0,8.930243478305847,237.42895046888094,1.0,66.0,1,0.1752613092470878,0.09796656464978802,0.12079665533564633,0.038597997457266435,0.014161875033882197,-0.02416875697675868,-0.018463850373157675,-0.023395205141981415,-0.010891032655895803,-0.004686745678772674,0.9333657155134176,sol_cap_scale0.90.pkl,5.699417121125813,0,-0.0183005948399044,-5.711125932848085e-05,0.0,-11.619743593610483,0.0,0.0,309.9,1.75,Solve_Succeeded,16.800582879241517,0.0,cap_scale0.90_k000_l1_r0,0.10708337202212216,0.11040036196555676,0.0005770108215350156,0.23164945083061303,-0.014297821250381162,-0.03429782125038116,-0.04222411414834963,-0.0037987540213016216,0.016201245978698375,-0.8650743596466356,-0.6508066103821883,-0.5061685884183889,0.01543142963364419,0.3942638148853367
13.982944067406429,18.0,1.1544362002238109,1.1544361962799439,1.1672475100346422,8.383992159142123,0.23345260985160615,2.4636856515820587e-09,1.3825551971114418,3.1342219429108324e-08,0.9,0.17493031659741465,0.47378519252918505,1.7230261863699443,2.4333324587689957,79,105,2.134321176727049,29.79832781405125,3.9092761194694544e-08,0.001298839706892333,0.5356506633473949,0.0,0.41344174169769715,0.1749303576881377,6.8271325002431205e-06,0.0,15.640224121751968,0.25679337063933705,4.089684884831153,0.0,5.994001592274167,184.18804093822698,1.0,66.0,1,0.13026900169452696,0.07767555389677379,0.021337510271942018,0.03954679967069604,0.008510294210396412,0.01911768696875773,0.013859102129827482,0.010202353930496691,0.009696781387374417,0.0038575556304838157,0.15500971466831043,sol_cap_scale0.90.pkl,1.7098251363377424,0,-0.014326218811041227,-0.3270458829095356,0.0,-8.355296567153523,0.0,0.0,108.0,1.75,Solve_Succeeded,20.790174864029588,3.9895919847880705,cap_scale0.90_k105_l1_r0,0.05168195503536037,0.06686182451388442,-0.3096726985738788,-0.030395811225121538,0.24561573952866295,0.22561573952866293,0.5497861315731055,0.06856563140138394,0.09580458622377253,-1.4527433973277377,-1.2226158553394977,0.6192649674325682,-5.872372087813967,-6.273290110372046
15.219745152478007,18.0,1.1728511727180218,1.1728512164226368,1.1672475100346422,8.192537459317915,0.38598116200111304,3.6836352814957755e-08,1.4214978842908117,3.706709314596127e-08,0.9,0.10683876725020015,0.4747061187463645,5.177075522202871,3.4858865413375066,387,15,1.2299853403319739e-06,26.705348859129096,2.668395473993968e-06,0.047370000865436704,0.5698043183365397,0.0,4.4171984606658895e-07,0.10683907499290586,7.634172735430721e-08,0.0,13.587510575262755,0.15965534394304032,3.5340939354828578,0.0,6.240436259075878,187.8000586793565,0.0,66.0,1,0.053686539773252405,0.03119855396711664,0.03171480315918643,0.008100320594746186,0.02054889439271568,-0.07215151642088105,-0.04832553972343735,-0.06920207072853037,-0.028610524662323476,0.003827630424706675,0.9650291439641165,sol_cap_scale0.90.pkl,5.129475409013232,0,-0.01930015717323367,-0.3850484876761213,0.0,-8.808426079323521,0.0,0.0,388.9,1.75,Solve_Succeeded,17.370524591354098,0.5699417121125805,cap_scale0.90_k015_l0_r0,0.1936525658988839,0.15485099874660407,-0.16468269559578302,-0.2114183317300904,-0.06559784546929416,-0.27536134591199596,0.02977613816521783,0.3789204023263005,2.5849923177708156,-0.029788210467579193,-0.816466238303156,0.9421165321531676,0.8969733512192097,4.309912897671496
13.303883361049515,18.0,1.1410954848530788,1.1410952304273037,1.1480808828989086,8.906425824300655,0.12357027063753578,3.582962468660907e-08,0.9700034479274764,4.2121844506856454e-07,0.95,0.13947279102300741,0.47141764331863456,0.575479346289825,1.8891377584501394,87,135,1.4930621293001098,18.716947936016997,2.3872828405015837e-07,0.011459653824455037,0.1401223539411071,0.0,0.7606291050803788,0.13947349904788436,9.18600533596496e-05,0.0,9.721032938917155,0.10934680434847428,2.2148989258204486,0.0,1.62073573733629,81.15530083838206,0.0,66.0,1,0.4550417038989023,-0.02351472223549972,-0.021319606995930204,-0.10288448587978775,0.020721080163816852,-0.19002363551521875,-0.10059483470132892,-0.10298624253085586,-0.030084354176323748,-0.012876038170766727,0.21833827586830878,sol_cap_scale0.95.pkl,0.569911034370441,0,-0.010366366362536208,-0.06189907993489908,0.0,-3.1298830450968973,0.0,0.0,88.7,1.75,Solve_Succeeded,21.930088965629558,5.129199309333991,cap_scale0.95_k135_l0_r0,0.9999660267899237,-0.19772931652484727,0.07490681107572551,0.06570666990921997,-0.0664177731073974,-0.8579053329380721,-1.0105558323961863,-1.278076028488681,-1.1545879772731646,-3.174255377046105e-05,2.6561076194724635,3.053528191831225,4.683474176592521,2.802380856756226
13.667850327266295,18.0,1.1075989248000024,1.1075987467642832,1.11760507312265,9.299165779210622,0.09185850635412705,2.071157048038239e-08,0.6089754978175609,1.9582057492593262e-07,1.2,0.04571011883906895,0.4644684430922158,3.2134140968724836,2.58815130217094,87,60,1.7976441946558868,16.65566235006782,1.3267952179836265e-07,0.0002472656352349795,0.2961988112899278,0.0,1.4351647161303627,0.04571031197954056,4.50393628543982e-05,0.0,8.908239661782476,0.0962604652255038,2.293817368381804,0.0,0.27271310765724566,50.56899203554898,0.0,66.0,1,0.1144351262476242,0.07294126895867944,0.06785810000940506,-0.022469527760577854,-0.010293843762196884,-0.03443167261427197,-0.024518225131353086,-0.031035760968464127,0.004240919341430228,6.056916399910988e-05,0.05940954380719315,sol_cap_scale1.20.pkl,3.4306282114705198,0,-0.01190820910165909,-0.17367150695456338,0.0,-1.86642320076296,0.0,0.0,147.5,1.75,Solve_Succeeded,19.069371788529477,2.2870854743136775,cap_scale1.20_k060_l0_r0,0.030133695626060265,0.07314841893709324,-0.013155425284345988,0.1913533355868572,-0.02613835728821136,-0.04703360472313408,0.027738090164114576,-1.9606345380335355,-1.9037370358576688,-0.5555873648550067,-0.815676765553234,0.20781072437023446,1.5369132594028743,1.9963229234715094
13.4405627702947,18.0,1.123334062166553,1.1233339851498518,1.130202162768657,9.11386621599467,0.10854045325702993,1.1218692459700666e-08,0.7775932039143939,1.1547509276640662e-07,1.05,0.13827941592252105,0.4688543146800898,1.6933607826569297,2.2034042017800886,63,105,1.6644688018024565,17.083437770249454,6.379008823050475e-08,0.029350101289822027,0.1673614981271039,0.0,1.5147928299704567,0.1382795562451624,2.404135794785922e-05,0.0,9.244904728029198,0.10122004657567582,2.2018887625221657,0.0,0.7830317707287242,63.99074544718992,1.0,66.0,1,0.11187707754219357,0.056330942650295764,0.006444017444094681,0.03312016356041127,0.018633056266443487,0.02274282705934928,0.016956189185929844,0.015087314196049688,0.010463829402523522,0.004234109948948118,0.15449916708822245,sol_cap_scale1.05.pkl,1.719014992411993,0,-0.0108678974239843,-0.1043339712834054,0.0,-2.3555499679870264,0.0,0.0,99.3,1.75,Solve_Succeeded,20.780985007588004,4.01103498229465,cap_scale1.05_k105_l1_r0,0.14425682302689308,-0.02604464916396015,-0.20454509021315692,0.09506907938471068,0.1694489491510794,0.122667858727384,0.4998926947570297,0.17110684471091453,0.23042658278518757,-1.652596308826169,-1.2998950653996506,0.7929676056042128,-5.027071619972828,-7.8360099340915195
13.807660109358844,18.0,1.1416975653996642,1.141695399757216,1.1480808828989086,8.88565163721732,0.14618346658556503,2.979055527981625e-07,0.9681610738144045,3.524171964440193e-06,0.95,0.08300171097985151,0.47094576907711255,1.6976597980478345,2.386527525292831,74,105,1.483506337694742,18.81955596197384,2.104943916240055e-06,0.0045702897679626665,0.3131328194934573,0.0,0.08342270672886475,0.08300588123183586,0.0006129532325367486,0.0,9.654857830781815,0.10857356638936343,2.100592608322014,0.0,1.6842467256005562,85.03291839215441,0.0,66.0,1,0.0948653151065539,0.042232683192735265,-0.0005081232519159339,0.0069152588090057015,0.0031609653207813238,0.04654804541539074,0.03275043981069613,0.038587530797895044,0.022264337157469945,0.008569670908525841,0.15501482760492616,sol_cap_scale0.95.pkl,1.7097331031113283,0,-0.00875817673476185,-0.19349662501432124,0.0,-3.557568904968687,0.0,0.0,99.4,1.75,Solve_Succeeded,20.79026689688867,3.989377240593104,cap_scale0.95_k105_l0_r0,0.22975875378856264,-0.16608046895552905,-0.3211944379810205,0.05891700692412964,0.12678877898691063,0.12678595295532402,0.5182956740067308,0.07030288595239392,0.15313280599116666,-0.7329769118133929,-0.7048564606045258,1.025202807194707,-5.133378777540029,-6.944714522905651
14.44095437707232,18.0,1.1943070058279048,1.1943069856163426,1.214024150162041,8.37279137537434,0.15151762157466256,3.253803354486874e-09,1.475690931001282,6.877435431796802e-08,1.0,0.15628646484024628,0.4751721014647649,2.211947207790486,2.492028168414224,83,90,1.5210452657387756,24.40635454475509,4.3823540224506395e-08,0.019647142903992675,0.10420097320940773,0.0,9.730489060993659e-05,0.15628653046949348,7.164104885945449e-05,0.0,11.785423707696959,0.14809522494801097,3.0275333892712863,0.0,1.9054068052734692,120.68633714165028,0.0,66.0,1,-0.14305933767718393,-0.08958266316097065,-0.08270137902804375,-0.026423942218967284,0.009339530098807773,0.01408964571494955,0.012297765512311628,0.010203940361452352,0.0022909733620850316,-0.0012488728490742502,0.12313604579218287,sol_stature1.70.pkl,2.2835511757407057,0,-0.01697888871003101,-1.5927913984027637e-05,0.0,-3.862715001223853,0.0,0.0,117.1,1.7,Solve_Succeeded,20.21644882425929,3.425326763611057,stature1.70_k090_l0_r0,0.13976024778764168,0.05911569708382174,-0.02851201375389157,-0.06999024694305372,0.1992698375123594,-0.04262566368573163,0.5054579912362106,0.8528013057570777,3.4229897160988827,1.6002280658485684,0.8807034353676885,-0.1563577695005108,-0.04848926603324145,-0.5446876798239516
17.899080401212323,18.0,1.450192247235862,1.4501921469644437,2.120433350825633,7.698502864444846,8.811204747170578e-05,6.052942809174835e-08,2.3014087931889566,2.8456972537131444e-07,1.0,0.08346752165215346,0.4987095894016771,4.719795646735763,3.390249398897935,331,15,0.0005604115589866647,79.82644100262311,7.186418335904071e-07,0.05751544462208907,1.851196913510079,0.0,0.00017567549896361964,0.08346706298513488,0.0003445830009353578,0.0,25.77103944370615,0.8446089536335862,8.15540599992273,0.0,19.94837546814623,686.8863753989168,1.0,66.0,1,0.056904594122467365,-0.010821131025268988,-0.030924290218524438,-0.04683116678730347,-0.01621511761524467,-0.08220789450020004,-0.059884098123665755,-0.07395199179457633,-0.03205450700131218,-0.01151636768298477,0.9499999970034785,sol_stature1.60.pkl,5.4000000539373865,0,-0.02514803397092485,-1.600032792997396,0.0,-23.244766741976083,0.0,0.0,359.4,1.6,Solve_Succeeded,17.099999946062614,0.6000000059930422,stature1.60_k015_l1_r0,0.19102666077270178,0.025927903228775452,-0.051560320298372576,0.1304193816995267,0.13543860362336424,0.11543860362336424,-0.0362699213303322,0.058321532090876205,0.16715017806373617,-2.2243037400382883,-1.147378432821746,-1.0224069931070483,0.608228957763064,1.7887034717609183
15.168297120817053,18.0,1.3090816215822476,1.3090816132523488,1.3314855336242684,8.049272651827462,0.05313613775062746,2.386256965366133e-09,1.897591166525078,4.599522591740767e-08,1.0,0.69826274681169,0.4758214639174392,1.1466115878391048,2.0722921497134323,67,120,8.097245265703434e-05,28.647520823481244,4.4324349605146763e-08,0.16050491680904672,0.08672531083054974,0.0,6.75746621106588e-05,0.698262825155447,1.638751769788243e-05,0.0,13.731417005369828,0.21228849648417153,2.8958097757981625,0.0,2.695799471903909,191.59286341733068,0.0,66.0,1,0.04456490893300518,0.3813559071032692,0.1607098793725269,0.03990612504774647,0.01721290897018835,-0.04146686127214172,0.027483675848590104,0.04648898482658054,0.020969854797440846,0.007826427837883983,0.18597117425552767,sol_stature1.65.pkl,1.1525188634004992,0,-0.046608860112283976,-7.320062098462887e-06,0.0,-4.487901965339092,0.0,0.0,88.0,1.65,Solve_Succeeded,21.347481136599498,4.6100754536019934,stature1.65_k120_l0_r0,0.7433116305923364,-0.39575272305229525,-0.18771413908123624,-0.01921343107887274,0.7375528575796708,-1.1470073841847248,-1.4996253167477234,-1.9695490395309811,-1.3243481820659546,-1.6286170827468183,-8.386843409899488,-1.563545247609565,4.575412917499673,-0.8615203750220102
13.46477382847425,18.0,1.1402751332017453,1.1402750216739086,1.130202162768657,8.97702368411653,0.046419894378648734,1.705247716290914e-08,0.9765562079393236,1.9619318786076566e-07,1.05,0.6796842590261373,0.45101485337115654,1.1485455263560418,2.057497461293093,102,120,2.107279448690399,18.42720160772957,1.1279994853759727e-07,0.2399764518133517,0.06060498421390909,0.0,3.532003240767048,0.679684513747323,4.1783919767184734e-05,0.0,11.556094791070192,0.13012173154082082,2.888162211531168,0.0,0.8042111227794606,82.7568560908878,1.0,66.0,1,0.0342321875534697,1.4785872910273832,1.1093890989886035,0.9190745098022278,0.24418827755024933,-0.07225051651284724,0.19944949956182378,0.30203821517656876,0.13154739929106,0.059825799658273116,0.18633277805881499,sol_cap_scale1.05.pkl,1.1460099949413278,0,-0.046072034900847054,-0.07962821216929293,0.0,-2.6914126906413323,0.0,0.0,102.5,1.75,Solve_Succeeded,21.35399000505867,4.584039979765315,cap_scale1.05_k120_l1_r0,0.9999886468777124,-0.46396125244255343,-0.37440209949828723,-0.07016087864251751,0.6504510713619145,-0.872821444311066,-1.6577211122435087,-1.8713627482072817,-1.415757194527854,-0.6323849961414434,-7.637238338633996,-1.7852352367361342,5.922919177263226,1.6095138927459984
21.185116337313495,18.0,1.8593993305865635,1.859399339525931,2.120433350825633,1.2268661964488528e-06,1.1767741189225972e-06,1.0916717328334822e-08,9.999997599208235,8.068164992597818e-09,1.0,21.316882770492604,0.5003431437313148,1.6990539610236564,2.5759351172836062,152,105,2.5897878073912472e-05,405.1032306824165,1.055139240180683e-08,0.06979885532639889,0.14434014408804796,0.0,2.7228097071829246e-06,21.316882788655732,7.45404453469823e-05,0.0,318.0075553809282,6.116230968773195,104.82044303905978,0.0,134.9200422660999,4906.412827270719,0.0,66.0,1,5.937050159850385,4.26670994679401,4.403677666449684,2.028062477056399,0.24731424417941084,0.021953793727436898,0.016459761405396536,-0.04586056794230812,-0.03456651984200461,-0.021534691252080886,0.14999999900115946,sol_stature1.60.pkl,1.80000001797913,0,-0.03591618774067268,-0.0010593482280952015,0.0,-159.87183079683504,0.0,0.0,131.1,1.6,Solve_Succeeded,20.69999998202087,4.200000041951299,stature1.60_k105_l0_r0,-0.23722572270031164,0.749130170593581,0.0960221574913133,0.5909328073452719,0.39756438759612356,0.3379585116210182,0.43142788575515534,0.7798324385422546,1.3693715952182446,-1.2437973496878152,-0.6774225288167761,-0.28722413000348274,-0.49233811788621556,-5.134530087254176
14.783138557352029,18.0,1.1482581737498505,1.148258181225157,1.1480808828989086,8.552596334178855,0.2787311363199225,5.102684357134847e-09,1.1686898167488102,9.586665515150947e-09,0.95,0.01205853699256798,0.47038732650646675,4.99419586466144,3.295823340386268,251,15,7.796761118759633e-06,18.232041429161846,1.1411972639658322e-06,0.00011156680250145909,0.601920188868072,0.0,6.2702979965869446e-06,0.012058670748431604,1.3437439406337618e-06,0.0,9.63134566138117,0.09573855514167925,2.8325783903190347,0.0,1.996541605266422,94.94242975783672,1.0,66.0,1,-0.04093493192389349,-0.038447337087692504,-0.05557399334894939,-0.027921486141285517,0.023238210753368405,-0.04464711916359758,-0.029035681529508802,-0.04195774256660832,-0.01938352509312402,-1.8542196022062988e-05,0.9650444828147783,sol_cap_scale0.95.pkl,5.12919930933399,0,-0.005550054469343505,-0.43424444139491675,0.0,-4.132756720344915,0.0,0.0,305.4,1.75,Solve_Succeeded,17.37080069066601,0.5699110343704419,cap_scale0.95_k015_l1_r0,0.18206322518697976,0.13318619893288855,-0.15846897984388864,-0.08828494671989422,-0.026292549098387172,-0.2640384640361753,-0.008765702315269314,0.32123429768473066,2.1366294714243836,0.20221671556892276,-0.5082987077214476,0.966515420660476,0.9328083623878559,3.9833407369880383
14.523231504430804,18.0,1.1494261455588204,1.1494261259411216,1.1480808828989086,8.629100319205579,0.2019363836292046,1.0237562045925536e-08,1.168963761215171,6.799245387827265e-08,0.95,0.04720255765795165,0.47057573049578566,3.9083316178144005,3.024750112706233,127,45,9.006469632319799e-05,17.9465599907088,1.3002896556122745e-06,6.134416944667798e-05,0.6748013584063318,0.0,8.484653430351261e-05,0.04720262920273806,1.3920036489049716e-05,0.0,9.454231060180122,0.09146576169923507,2.9192029837127444,0.0,1.7775669383487651,93.1514584966728,1.0,66.0,1,0.16573794335337413,0.09669823395840375,0.09881331310976728,0.0209806172208556,0.011817162218559042,-0.01391062989364969,-0.011273889604920631,-0.016633781078130173,-0.0011849711466961723,-0.00031368128537403095,0.028367931078160897,sol_cap_scale0.95.pkl,3.989377240593103,0,-0.006866314074464019,-0.4813520057830765,0.0,-3.881813906255069,0.0,0.0,178.3,1.75,Solve_Succeeded,18.510622759406896,1.7097331031113292,cap_scale0.95_k045_l1_r0,-0.009084671064165375,0.22022401287420426,0.22063110373428163,0.3426637170279447,0.37695825083124523,0.3569582508312452,0.4370026544765099,-1.257498832321013,-1.237498832321013,-0.4235657421594724,-0.5922855899003666,-1.1538206201962466,-4.507651526229732,-4.973881345121951
27.135840254559092,18.0,2.4907885116364374,0.7157900642379857,1.1672475100346422,,,,,,0.9,,0.4181773411310162,0.6558499509802845,2.21809210591615,298,135,,,,,,,,,,,,,,,,,1.0,66.0,0,,,,,,,,,,,0.21833657156970826,sol_cap_scale0.90.pkl,0.5699417121125814,0,,,,,,,103.1,1.75,Infeasible_Problem_Detected,21.93005828825475,5.1294754090132315,cap_scale0.90_k135_l1_r0,0.9999976665923684,-0.99267045496378,-0.02325709229882364,0.08140963050342015,0.021605826769865555,-0.6842583261839426,-1.0157160051824,-1.3322633425893087,-1.199815911011497,-1.1468371242454882,1.3028832469871634,3.1303432487046203,4.531106060669191,2.842744147118529
14.484335080658274,18.0,1.0953089584363485,1.0953089710415083,1.0898321772448765,8.157594986495868,0.38644552558063316,3.682763277477776e-08,1.4559833664922903,4.557354192692601e-08,1.0,0.26327399383024686,0.4730574066712744,5.751217663914385,3.5258182298773915,94,15,1.7517228248864493e-05,14.255457991665583,2.977779501823922e-06,0.12309355437128265,4.032738145762561e-05,0.0,0.00011222214472288737,0.2632744681621441,2.093358954122432e-06,0.0,8.59021490758375,0.09631364949273746,2.6745406676039947,0.0,1.2919050334225002,72.99616767436308,0.0,66.0,1,0.24282447035769697,0.13343580206963448,0.21440545334312405,0.08714451341079366,-0.02448082047581506,0.01828235513725627,0.013195016654166345,0.020423556610891385,0.007540962071996464,-0.004145905443140201,0.9588790042842018,sol_stature1.80.pkl,5.240177922884365,0,-0.021717700876518944,-1.367136417159876e-06,0.0,-3.493324743255917,0.0,0.0,187.5,1.8,Solve_Succeeded,17.259822077115633,0.5822419914315944,stature1.80_k015_l0_r0,0.42000781644376645,-0.19768753241359743,-0.23768565440083808,0.03688515442403456,-0.06089142069253041,-0.2206076005797817,-0.03062899254366879,0.27465429126541757,1.8311508997752957,-0.11506551698571572,-0.5068534672752861,0.3526361395299811,0.9017170332918223,3.5540227989717437
12.77446756840229,18.0,1.0363521753555358,1.0363520689025603,1.054554439970034,8.175443812818596,0.215041194383643,5.850143711275259e-08,1.6095145254212888,4.0750316355284724e-07,1.0,0.03713261519844196,0.4523659891533473,2.2826407518030813,2.407010112680238,64,90,2.0643101133438817,17.11864975087552,2.430571593035179e-07,0.0001837577527908114,0.35076396806931864,0.0,0.0007521958339681888,0.03713308585280433,5.7378926121860595e-05,0.0,8.189438777282756,0.12068229879013109,2.0833123346411355,0.0,1.0599870944682155,61.289364860460765,0.0,66.0,1,-0.15419157473797074,-0.1063688137864637,-0.09304282332944591,-0.04063181670456171,0.00611153053145661,0.009989789920547927,0.01002683550772169,0.005980589504359698,-0.0007346656865241916,-0.0012438358466032539,0.12163786988788042,sol_stature1.85.pkl,2.310518342018149,0,-0.00740733962250556,-0.20319584702023172,0.0,-2.800908616022525,0.0,0.0,113.8,1.85,Solve_Succeeded,20.189481657981847,3.46577751302722,stature1.85_k090_l0_r0,0.06778951461296381,0.2133020248697423,-0.11706829022147146,-0.1074897980494962,0.29951445103490726,0.030700975738056472,0.46937501711591295,0.8186054775926931,3.2652630970023826,1.0761262112355536,1.2084637617471168,-0.524795496288305,-0.4418476801315015,-2.7992397027942943
15.300914670352444,18.0,1.1677223799483651,1.1677223902623235,1.130202162768657,8.35616270058602,0.3861507134742793,3.047186126342154e-07,1.2577211864758566,3.047334093435877e-07,1.05,0.3565710127724107,0.482659267469894,6.123118249230768,3.6191642754419675,183,0,5.314434543109704e-06,13.107069208239132,2.4899727458012534e-06,0.0003978210720958519,0.00014136646035064278,0.0,2.642559668806672,0.35657287336669935,1.62700570044559e-08,0.0,9.074964561332239,0.07333192902487819,2.175765067140077,0.0,0.8109339345295996,68.05275976419915,0.0,66.0,1,0.06338717482484407,-0.0039053796972585157,0.021790820554164127,0.009150308588019055,0.0058793530477651585,0.07812152112104305,0.05116655192120329,0.07500655065251878,0.03118611412031409,0.011198288183789226,0.9316638902940753,sol_cap_scale1.05.pkl,5.730049974706643,0,-0.005808793527774114,2.1719437948948375e-06,0.0,-2.8746801256105226,0.0,0.0,258.8,1.75,Solved_To_Acceptable_Level,16.769950025293355,0.0,cap_scale1.05_k000_l0_r0,0.3746730627341478,-0.29332010023107913,-0.17366835713082812,0.12162298077071641,-4.437234769171367e-23,2.8553585014366055e-24,-3.9284526035855084e-26,5.276373265433287e-28,0.0,-1.5717402281314999e-22,-1.4987529973153214e-22,-6.346442987718278e-24,4.212033825464162e-26,0.0
27.445121521033926,18.0,2.4999514755325976,2.499902670006117,1.214024150162041,,,,,,1.0,,0.5122041022798347,1.257182500613009,2.436917819086516,243,120,,,,,,,,,,,,,,,,,1.0,66.0,0,,,,,,,,,,,0.18656802289609134,sol_stature1.70.pkl,1.1417755878703533,0,,,,,,,152.9,1.7,Infeasible_Problem_Detected,21.358224412129644,4.5671023514814095,stature1.70_k120_l1_r0,0.9999997185930241,-0.884800107268855,-0.768105247295137,-0.154624373866527,0.8356177638636604,-0.9646959409198486,-1.519039160337801,-1.9581801284598441,-1.3272807501089696,-1.8906126538385783,-8.945410563191693,-1.9214638033543738,5.066759871848342,-0.11585706491835923
17.53587762197893,18.0,1.4522363945618377,1.452236403795717,2.120433350825633,8.121703024029399,2.311529206197106e-06,8.012438125669446e-10,1.8782969833591705,2.889169351675706e-09,1.0,0.9096352835545429,0.4950116118696683,3.104590987807795,3.005234650145667,117,60,3.4087430119250277e-06,86.50076730854283,3.0170205531942786e-08,0.010479869021413133,0.11721476195456285,0.0,1.0081585238101389e-06,0.909635288155254,1.3227684630982602e-06,0.0,30.444015877063556,1.1267179913305916,10.426071491189134,0.0,20.612144630574694,770.9839571842502,0.0,66.0,1,0.2922235081882187,0.20870507246973716,0.1845257078874621,-0.05857355329464767,-0.020191867107643365,-0.018199587275635178,-0.013252702451580296,-0.02208938825949659,-0.003255422987487276,-0.0033985250282563884,0.049999998002319086,sol_stature1.60.pkl,3.6000000359582565,0,-0.01832962259328342,-7.963192837678557e-07,0.0,-24.49718124455808,0.0,0.0,162.4,1.6,Solve_Succeeded,18.899999964041744,2.400000023972172,stature1.60_k060_l0_r0,-0.26374790034725276,0.5675371391766503,0.5994485808351864,0.35124045380285335,0.3189252274325835,0.31892473237543895,-0.3333073485378421,-2.433224683753526,-2.4332234242833426,-0.26541408615534634,-0.2649656116216614,-2.497231545302348,-2.5054220038362764,-2.467618727460811
14.139598580287558,18.0,1.0971247968586175,1.0971230413258002,1.0898321772448765,8.936102242992215,0.26329338757735865,3.218918123060687e-07,0.8006014754389466,2.526378140132981e-06,1.0,0.05548079740127077,0.46271272464368873,4.948027718793294,3.1648095583292832,86,15,0.0032147163468758694,12.935038996075214,4.975947457133863e-06,0.0022804868207083563,0.8071602758405846,0.0,0.003754780430298559,0.05547455960255177,0.0005553896680358581,0.0,8.221652219130277,0.08254580678035597,2.4675072029365968,0.0,0.7411590968859857,50.12296591102814,1.0,66.0,1,-0.057798955766966253,-0.06028866603364359,-0.06166098120409775,-0.019577921953553217,-0.006562800083143245,0.008776466677746522,0.0052264141443102395,0.008910349461192896,0.003606944328768474,-0.001404148552307039,0.9588790042842018,sol_stature1.80.pkl,5.240177922884365,0,-0.0006513404186736349,-0.598729128029545,0.0,-2.6272052410067577,0.0,0.0,193.1,1.8,Solve_Succeeded,17.259822077115633,0.5822419914315944,stature1.80_k015_l1_r0,0.23819633164212112,-0.06693053224978675,-0.2676717101481943,-0.09427321144437084,0.022716776884561238,-0.12154403395431432,-0.01359579476453044,0.29011808185317783,1.9423568368169604,1.419712479472004,0.22691160220649897,0.859584624815477,1.7707753600340446,4.4760929076551985
13.394240514629702,18.0,1.150951240822081,1.150951046530676,1.1214108192990524,9.087451690123997,0.28896306986658954,1.7955716906470117e-08,0.6235850108028177,2.0958940214116785e-07,1.1,-0.9639283579544669,0.49784930946955647,0.5536632388378538,1.8795915270120829,90,135,0.8969510259675522,17.791581038390472,2.3158865316698308e-07,3.0401837742595044e-05,1.4576030943726592,0.0,9.484943015522544e-05,0.963928704816464,0.00015743910778598933,0.0,10.493308465550323,0.06361352279485462,3.346647555962212,0.0,1.4007230611602226,71.13810853938584,1.0,66.0,1,-5.758284172218034,-1.2333837035538546,-0.7791099866687642,-0.05182596498826531,-0.16454976983392247,0.555965591293268,0.7301995774279849,1.0933229748960618,0.4891793829989325,0.19363890359992222,0.21805607613719818,sol_cap_scale1.10.pkl,0.5749906295304257,0,-0.01107705501342271,-0.9886565535479614,0.0,-2.885734761035137,0.0,0.0,95.3,1.75,Solve_Succeeded,21.925009370469567,5.17491566577381,cap_scale1.10_k135_l1_r0,0.9999974758536143,-0.7369001239290425,0.44304399291043944,0.5536572565972323,0.04633566995559124,-0.9772061687389031,-0.9950114828394028,-1.0427524309285954,-0.932799999316077,0.5295031383885092,2.9823906142578935,3.990566331012773,4.345958226195131,3.321814449608211
14.10588418250495,18.0,1.0527936726754057,1.0527932399608158,1.054554439970034,7.841758849337496,0.6000225600032016,2.4107235387889847e-07,1.55821684175755,1.453703298476301e-06,1.0,0.26330532513995325,0.47744879833190973,6.0615609157169725,3.5729754443317967,69,15,0.0016528401833963288,12.140863565284796,4.126497078077202e-06,0.012416017968152117,0.0008018120806625375,0.0,0.08868403846472439,0.2633065637979546,0.00042769311753316575,0.0,7.983538098088826,0.11211790060512548,2.537834824419093,0.0,1.0239013037928522,58.52277309932914,1.0,66.0,1,0.19509639725799038,0.1004122877484638,0.1485450163898052,0.06512157120984906,-0.02695944904078248,0.01678755377084655,0.014043236355367543,0.01840457363511536,0.007777632442809552,-0.005000177749684048,0.9611852072477313,sol_stature1.85.pkl,5.198666269540833,0,-0.0023428460052246866,-0.00043931249230135205,0.0,-3.1611502942970984,0.0,0.0,176.3,1.85,Solve_Succeeded,17.301333730459163,0.5776295855045355,stature1.85_k015_l1_r0,0.39391935397488087,-0.1389108406076831,-0.21453135962786923,-0.04117525648374836,0.021381417595368046,-0.24122236804304475,0.03595746569935986,0.2530694621442885,2.057214467858039,-0.8925607238615721,-0.8324461188336029,-0.15608999137922208,0.9256703004066925,3.15124757744307
14.835952418020838,18.0,1.1571314363199228,1.1571313628586626,1.1672475100346422,8.238433839145028,0.22636077381233993,1.5455065424332536e-08,1.5352051650040737,2.0641750198243458e-07,0.9,0.04887966500225864,0.47119359967647567,4.403112022296494,3.2593521627760986,164,30,1.7524454415518858,32.95520237454044,1.2051906874527528e-07,0.0002386960879377303,1.0136565528348975,0.0,0.0003101542553648956,0.048879884840252665,5.2993815960250503e-05,0.0,16.66986839190141,0.2760492938476245,4.190501781667073,0.0,7.17995738901191,210.5985061404955,0.0,66.0,1,-0.18063737780739833,-0.1534239554590184,-0.17478531229030903,-0.06330474447021796,0.028552133368987084,0.027619512138045584,0.020392503034479474,0.024028707516007414,0.008896680474781258,-0.00031628820868796054,0.9966925724148155,sol_cap_scale0.90.pkl,4.559533696900652,0,-0.013454789110822374,-0.7032169433572625,0.0,-9.787439394359454,0.0,0.0,223.9,1.75,Solve_Succeeded,17.94046630346668,1.139883424225161,cap_scale0.90_k030_l0_r0,0.12997843945839666,0.1247874228889769,-0.23167868173670247,0.03704599164151604,-0.002759801427923279,-0.1371799874289735,0.08030162471092019,0.41244854991076235,1.7880654863221261,0.268833526264074,1.0405683450819778,-0.2982872115229132,-0.8025184020719556,-6.442011017800796
15.10174814108567,18.0,1.1482665395468046,1.148266513328135,1.1480808828989086,8.48605222773121,0.23629489840897008,1.5514655876050022e-08,1.2776607653966294,8.526555127217535e-08,0.95,0.280984620751777,0.47142058076889365,5.889510970263248,3.6132313281937845,631,0,0.6973214514027871,18.102779159243244,2.487505843210047e-07,0.14935499273263098,0.0377358606794304,0.0,0.9093774071985837,0.2809848611628328,3.884559077297902e-05,0.0,9.653488046899621,0.1179661269333039,2.1778449239965854,0.0,2.21292871836209,103.6300671655808,0.0,66.0,1,0.1616941839830498,0.10049105977958449,0.16138559058275434,0.06314012161944232,0.027502019215933468,0.04846517338380919,0.03367346501753672,0.04750377811452494,0.01919289335638447,0.006736850665606485,0.9333827586830871,sol_cap_scale0.95.pkl,5.699110343704432,0,-0.031744867464049094,-2.397325489899746e-05,0.0,-4.358690167798411,0.0,0.0,579.4,1.75,Solve_Succeeded,16.800889656295567,0.0,cap_scale0.95_k000_l0_r0,0.17283968537445749,-0.04590616744753309,-0.10858427093824752,0.1639225434143598,-1.5199443755661884e-23,0.0,9.48841896799833e-27,0.0,0.0,1.478024938151468e-23,-7.0257214396431665e-25,-5.801093770378068e-25,-1.931131495981037e-26,1.657251611462785e-24
15.101207304061912,18.0,1.209423601927224,1.2094224538061111,1.214024150162041,8.190440268681572,0.24604175427126013,1.0049773138772841e-07,1.563515156348904,2.7143182786727644e-06,1.0,-0.043383901157238586,0.47353374021899225,4.199331833236774,3.002788818704986,83,30,0.004248698079465071,24.892395015302338,1.9025426723035417e-06,0.0031780795310818073,0.7605338943639885,0.0,0.002681452096446971,0.04338661079585939,0.0012750816937531972,0.0,11.204738257112165,0.13668573689091362,2.7681239907071924,0.0,2.359631444338656,128.10879604971575,1.0,66.0,1,-0.0106158198925465,-0.041452312675314594,-0.01701569208136138,0.004675851995565928,0.00938006826178962,0.017324901766098758,0.01381151734035644,0.017699979905815323,0.007191362902455165,-0.0022192594596588486,0.9962720915843659,sol_stature1.70.pkl,4.56710235148141,0,-0.014622043874140097,-0.5379183275391943,0.0,-4.247410076788508,0.0,0.0,171.4,1.7,Solve_Succeeded,17.932897648518587,1.1417755878703524,stature1.70_k030_l1_r0,0.2527160955865442,0.02568824976957618,-0.20568276968736052,0.11149769795476615,0.22821370380503006,0.011742587083986622,0.19927208209088737,0.5292720820908874,2.25217243948635,-0.19219331786672847,0.4730135606241166,-0.5701153078659826,-0.5346521778288528,-4.957139332611319
14.978489980779612,18.0,1.1504585378670134,1.1504585478653642,1.11760507312265,8.864994902189922,0.43793929698454637,1.93689860310236e-07,0.6971096590330097,1.9370487866137358e-07,1.2,0.3025713670584607,0.48422657311256084,6.21571654829197,3.469693459951426,201,0,4.049193050825868e-06,12.899509543714494,5.584390296360122e-06,0.07350775648907384,0.00011680403823247335,0.0,8.379359638731348,0.30257217822594257,2.7002706919182574e-08,0.0,6.3421684757664485,0.08284078020840674,4.09878035787,0.0,0.276183982338656,58.3297971380575,1.0,66.0,1,0.025397101983262907,-0.009406025249678762,-0.004150594015624165,-0.002832667342170796,0.0005650879833677902,0.04732186374433254,0.031188808971302325,0.047492114752423306,0.020524599335526948,0.007452984308042816,0.9323492396786555,sol_cap_scale1.20.pkl,5.717713685784197,0,-0.03400537111495552,-3.894971577392353e-06,0.0,-2.3519732520157888,0.0,0.0,275.3,1.75,Solved_To_Acceptable_Level,16.7822863142158,0.0,cap_scale1.20_k000_l1_r0,0.2679626642842601,-0.15619006970503285,-0.08954931988969222,0.13780428423322383,0.12541188292589703,0.10541188292589702,-0.0029560742970777573,-0.032001203765939665,-0.012001203765939668,-0.15471512613409238,-0.22470596341556845,-0.18781884910087476,0.2852971999706384,0.6757171170841905
15.453531749403354,18.0,1.2071419722222152,1.2071418000864793,1.214024150162041,8.5071592158477,0.23966923779314825,1.816794201355795e-08,1.253171140714063,3.832642755376734e-07,1.0,-0.01141923266445925,0.473780132952692,5.53092484233191,3.3772539214676702,718,0,0.0006872042855454491,25.320357788879036,9.393519726727028e-07,0.06115269617628298,0.8418159710217267,0.0,0.0004378433813148083,0.011419627099643821,0.00018976106686385144,0.0,10.771848635246808,0.13295851323592855,3.6178778134170644,0.0,2.500516192945043,136.67360477658536,0.0,66.0,1,0.1334118367319196,0.0866890752589856,0.12927455176308345,0.0472925506813323,0.01858878359470196,0.0002855780816592711,-0.000694316094836984,-0.0009960448218152352,-0.001743793849801505,-0.0013850869041295124,0.9328401144804574,sol_stature1.70.pkl,5.708877939351763,0,-0.02282171375013891,-0.6112514546956661,0.0,-4.650183956801573,0.0,0.0,665.2,1.7,Solve_Succeeded,16.791122060648235,0.0,stature1.70_k000_l0_r0,0.028367068062146016,0.12886580332087258,0.0005915626867357399,0.21825312947722095,0.0,0.0,7.956987268955642e-27,0.0,2.1002632740604218e-26,5.134360908540719e-24,2.0819500801520843e-23,5.108657009931644e-24,-1.3080238254937682e-26,6.439847701896514e-24
14.018681685682237,18.0,1.1101766103399995,1.110176592797645,1.11760507312265,9.02436445335985,0.16810266989391465,5.88464118033851e-09,0.8075343899191029,4.064520244860575e-08,1.2,0.07605220415218905,0.466113650495933,4.420430449757416,2.9134306808618766,119,30,1.2579313981043903,16.423506722252814,6.808291065983333e-07,0.004264205683894655,0.4486022024117535,0.0,0.28191750521847353,0.07605232006233333,1.1335297673447231e-05,0.0,8.487475373359606,0.08903970177701957,2.26645213102064,0.0,0.3323236525460815,53.32119605904677,1.0,66.0,1,-0.09976495680243055,-0.09623217201820806,-0.10266294104271134,-0.032898265477219364,0.013630451031540536,0.017779462603479932,0.012583198432730784,0.015433821179320677,0.006348189262874814,0.0002222850578266758,0.9958793917429243,sol_cap_scale1.20.pkl,4.5741709486273585,0,-0.0095385965349594,-0.2945744982448865,0.0,-1.9180036696027447,0.0,0.0,202.6,1.75,Solve_Succeeded,17.925829051372638,1.1435427371568387,cap_scale1.20_k030_l1_r0,0.16672688475764888,-0.001282659904870806,-0.03461263761226164,0.12873896057452508,-0.027343379223253847,-0.10308914784765262,0.07841179299603322,0.3203189123193216,1.5267481208782814,0.3860539381222319,0.7180576831469012,0.18405759934242674,-0.7632590234952431,-4.605310382298183
14.141707838131854,18.0,1.124756485390589,1.1247525694338911,1.1214108192990524,8.863993864696091,0.2227932553959388,5.954343017109711e-07,0.9132061374079022,6.134201394804619e-06,1.1,0.08353726936806262,0.47032790575113814,3.942967358806832,2.890526162141327,52,45,0.008923131138626266,13.984157894398837,4.290481241857251e-06,0.005366263482322066,0.25115813685783595,0.0,0.3574300612819768,0.08354311292426685,0.004310864861280198,0.0,7.661119643193409,0.07590268391344905,2.3007151761987497,0.0,0.4917465330441548,53.50504891528279,0.0,66.0,1,0.02378090815329425,-0.026816148236935573,-0.014266083247899415,-0.03876380081634187,-0.009479557323034356,0.047624272623153725,0.03161895376334404,0.03815571987693549,0.01699801837684522,0.007906422401291949,0.02639253296039041,sol_cap_scale1.10.pkl,4.0249344067129655,0,-0.0023406902170854914,-0.1900124191090121,0.0,-2.2825258885686748,0.0,0.0,135.9,1.75,Solve_Succeeded,18.475065593287027,1.72497188859127,cap_scale1.10_k045_l0_r0,0.3756414193893902,-0.29033701245906623,-0.05585428306024066,0.23172493747789868,0.15105687312037328,0.15072838309674047,0.384098334539752,-1.0798582522676832,-1.0775498463843258,0.08174564851941768,0.06198448060654755,0.1912072438804385,-3.5479334459930385,-3.671137509765417
15.562679010977964,18.0,1.17469476254284,1.1746944821517502,1.1672475100346422,7.705308733342328,0.35654682443030206,6.74186183788674e-08,1.9381434633801913,8.986190416195111e-07,0.9,0.779160198222877,0.4745898043441522,5.528640714174527,3.8086547504755153,175,15,2.880012716332392,30.284234242604498,1.156893559077628e-06,0.03165499751026217,0.09554039888863536,0.0,4.606229905713209,0.7791600873363205,0.00032644442598085693,0.0,18.087450645559272,0.27821622541661145,4.603725640063415,0.0,8.163175708467772,230.3182792101989,1.0,66.0,1,0.3788300497437383,0.26305164274167575,0.31699558274067063,0.10248169013621541,-0.024729252601668295,-0.009911977049086185,-0.004900273569641074,-0.010684202663665153,-0.007082027537743238,-0.0017019665554134642,0.9650291439641165,sol_cap_scale0.90.pkl,5.129475409013232,0,-0.027257995361478396,-0.0002536501717448713,0.0,-11.364702302360307,0.0,0.0,250.8,1.75,Solve_Succeeded,17.370524591354098,0.5699417121125805,cap_scale0.90_k015_l1_r0,0.17795446533488013,0.1792369794191277,-0.15176192289316842,-0.14234246088517138,0.01640531153797932,-0.16717207407612922,0.06777729553471275,0.3977772955347127,2.5740945672726987,-0.6761752927525891,-1.594441172372247,0.06071257989450729,0.6489585504813984,4.59004249176642
14.838694745063902,18.0,1.147627359212839,1.1476274017807546,1.1480808828989086,8.502449485700861,0.23663207315307672,3.440886780454587e-09,1.2609361817099338,5.706604580181511e-09,0.95,0.0784690503993816,0.4728285750007892,5.105675897543619,3.357495659130125,519,15,4.238336394801673e-06,18.037029370380587,1.2768882290821524e-06,0.037393994868849416,0.36944297551118793,0.0,4.366191333871294e-06,0.07846923553206084,9.864087056066671e-07,0.0,9.42712812176362,0.09352772300656804,2.851861542190963,0.0,2.0537226428835127,96.31802185302782,0.0,66.0,1,0.020545579129144727,0.00881308818190169,0.0006726035686063436,-0.005524182637653901,0.02573643112334669,-0.06253096726297719,-0.041918242593418385,-0.06004845051676001,-0.025544602559127758,0.0021345446192898502,0.9650444828147783,sol_cap_scale0.95.pkl,5.12919930933399,0,-0.014357318303201921,-0.23986275375809973,0.0,-4.252470416225541,0.0,0.0,503.7,1.75,Solve_Succeeded,17.37080069066601,0.5699110343704419,cap_scale0.95_k015_l0_r0,0.13295434867501743,0.20778213193993336,-0.15253909797310897,-0.12450243705851756,-0.0635855907026193,-0.22913596839341757,-0.012087600810082548,0.33790753960043185,2.379639222707449,-0.07706027278620395,-0.6833237964497983,0.8016684586091426,0.8267796030750557,4.129543173663646
15.283042613589043,18.0,1.2159291899858466,1.215929251122314,1.214024150162041,8.190687497709082,0.2688107558725666,1.3430644688276411e-08,1.5405043476013982,4.19514185515414e-08,1.0,-0.0837354659283506,0.4708759387584481,4.731569099472623,3.1195114659168173,143,15,4.558564931142065e-05,24.25864135289371,1.2905781024578191e-06,5.153440356011656e-05,1.0916981268619739,0.0,2.6368586522793765e-05,0.08373569732224216,1.102695551836928e-05,0.0,11.178983855087267,0.10428275398090785,2.2880304500164392,0.0,2.2439313883797523,123.8622188376701,1.0,66.0,1,-0.050147419386349916,-0.052799440482060415,-0.056133328034494764,-0.018332219378009787,-0.0007637190288021758,0.0011882301378355218,0.0007387212160228459,0.0024048610165392256,0.00018694239117086824,-0.001206172262834674,0.9645561030324118,sol_stature1.70.pkl,5.137990145416585,0,-0.011329487284434402,-0.8328211934380114,0.0,-4.021861330917238,0.0,0.0,223.1,1.7,Solve_Succeeded,17.362009854583413,0.570887793935178,stature1.70_k015_l1_r0,0.19686897086827526,-0.03011923357308405,-0.23259222327468324,-0.0827356369307166,0.008131640035576912,-0.09463901119269943,-0.020754494009965256,0.3092455059900347,1.9325228397499983,0.73505470936755,0.26240367709902057,1.058862987939126,1.3238626118519534,4.6751483745492095
14.008938376579573,18.0,1.1950447757017175,1.1950445809304293,1.214024150162041,8.478718377949669,0.12762993955034815,2.034106843861541e-08,1.3936512246308939,4.374830809391071e-07,1.0,0.27169489488164555,0.47319457914976565,1.1391977708787175,2.0528364543084967,118,120,1.950313412591022,24.96766392701496,2.7980027604412973e-07,0.10195768565372024,0.10703729000171061,0.0,0.0006614256862781881,0.2716955375601553,0.0006245400211963335,0.0,12.479500138778528,0.15824239554601585,3.4172226775726533,0.0,2.0042219208787033,126.77896452834841,0.0,66.0,1,0.090822950984073,0.25215435508855294,0.04062848186376527,-0.0009400623703896579,-0.003137676752708219,-0.03147891343814884,0.01905389316632203,0.03535336937334054,0.015881788396177203,0.006135165723269177,0.18656802289609134,sol_stature1.70.pkl,1.1417755878703533,0,-0.03267684965779101,-0.00047839711040865973,0.0,-3.953268602908099,0.0,0.0,105.1,1.7,Solve_Succeeded,21.358224412129644,4.5671023514814095,stature1.70_k120_l0_r0,0.5021194922150517,-0.3426229971282739,-0.1495153294157786,-0.0975792899864152,0.7406739443353745,-1.1062111788300109,-1.5639955930818008,-2.0591108748538027,-1.4444792020688866,-1.0815938337490536,-7.93859185081884,-1.4956350656722237,5.2251387548930985,-0.19130328460805818
17.541471556454606,18.0,1.4469304487257069,1.4469303881283446,2.120433350825633,8.0225169376022,3.9862947025165175e-05,3.486465980751229e-08,1.9774430790283186,1.5415748940141645e-07,1.0,0.41965444138927793,0.49576023539927977,3.5933577854782586,3.065385332209537,109,45,0.00030543833052926775,77.15903179022939,1.4906388542458815e-07,0.0002453740549245176,1.186631677529897,0.0,9.371486142892577e-05,0.41965464180071643,0.00017292015215094377,0.0,25.773652370069495,0.8884155927025416,8.997174970792909,0.0,17.89217409707871,660.2388620960054,1.0,66.0,1,-0.03825678123008478,-0.04034819643487651,-0.10566645021528116,0.02074860055531202,0.056844061838410474,0.08969573300839136,0.06482588375946036,0.08314812351979552,0.03473989054526034,0.008713157860411958,0.016666664336038965,sol_stature1.60.pkl,4.200000041951299,0,-0.013016741851588956,-1.0089281741057414,0.0,-21.26503156941562,0.0,0.0,171.0,1.6,Solve_Succeeded,18.2999999580487,1.80000001797913,stature1.60_k045_l1_r0,0.22191632396293787,-0.06484689878189398,-0.07927871281983825,0.373595658902528,0.06908210621209726,-0.06736467222906473,0.18931330950331388,0.34423749475507953,0.9372534201938658,0.1334266945195319,-0.565318818380294,1.601261611339291,-2.192704153342575,-6.578816390006606
14.973115715110572,18.0,1.1208774101998724,1.1208774202155094,1.0898321772448765,8.50885341712811,0.4509514163984351,2.7378006644601995e-07,1.0402393569053026,2.73795530038562e-07,1.0,0.3559605581553822,0.4817731090009411,6.437667842981083,3.759772010936697,112,0,4.317590745735519e-06,12.050038255767792,8.74250308068461e-06,0.00040221425802938504,0.0001600204678497618,0.0,4.167193528453151,0.3559616617168639,7.281143754593379e-09,0.0,8.915863006285267,0.06556804797070835,2.2115771503013244,0.0,1.20899059999957,65.47321945283272,0.0,66.0,1,-0.05936495827251878,-0.08977885809708562,-0.09933005419572709,-0.03365278284410709,-0.00813260461920435,0.08017831676048445,0.05402253313009909,0.0781201682732465,0.03444931044537816,0.013289760557218887,0.9265322269824465,sol_stature1.80.pkl,5.822419914315959,0,-0.009018957083364828,-7.587056397111496e-06,0.0,-3.4311777493768725,0.0,0.0,211.5,1.8,Solved_To_Acceptable_Level,16.67758008568404,0.0,stature1.80_k000_l0_r0,0.34369823027569074,-0.2709305825841368,-0.15842167845281183,0.1252376339191672,-1.1166938269465874e-23,2.0679515313825692e-25,-6.916732416977832e-27,0.0,0.0,7.761608757356777e-24,4.782036942126323e-24,-5.412216898540318e-25,8.065313894979625e-27,-2.198441746880608e-24
15.40660744451085,18.0,1.2998774290686983,1.299869995896354,1.3314855336242684,8.160131177998029,0.03304523825417343,8.601054665544906e-07,1.806806812628871,1.763122188916341e-05,1.0,0.5750392768749157,0.4771816288511981,1.661712127092313,2.400872879748334,82,105,0.0313906876749158,28.252702753852986,1.3099547292549065e-05,0.08045759067931707,0.1174398730288514,0.0,0.025421350760911676,0.5750653455202658,0.018002495596933902,0.0,13.078670312993678,0.21208790056004562,3.141813774186889,0.0,2.622706976187331,183.84171021207536,0.0,66.0,1,0.12576507925731215,0.07974892931507273,0.020639296181730507,0.06786284650324803,0.029406396290030046,0.042893677307730055,0.03064864106348816,0.03445424427069681,0.015288791970436732,0.004432651969255816,0.1539567613832917,sol_stature1.65.pkl,1.7287782951007467,0,-0.027977970389673274,-0.02418893557574598,0.0,-4.564175037593123,0.0,0.0,104.5,1.65,Solve_Succeeded,20.77122170489925,4.033816021901746,stature1.65_k105_l0_r0,0.040916015950875746,0.009799806781214358,-0.1579404842578722,0.3591409382758081,0.1785816924374404,0.16590007703429374,0.4584570293612026,0.4725407396463065,0.7919017414547044,-0.9370728238377805,-0.6054009664009434,0.7916413631873273,-3.4896761960732534,-6.597456585720849
12.763702248314443,18.0,1.0355341326194911,1.035534116893778,1.054554439970034,8.131298411002032,0.21522314092007708,1.4051613514875669e-08,1.653478337639737,9.574559972488655e-08,1.0,0.03745107582264391,0.450143010794591,2.262521441354712,2.4041082692576587,90,90,1.3217512617589435,16.98017491169396,8.472850220940641e-08,6.117834385531635e-05,0.3687265603106401,0.0,0.00013280907093062794,0.037451177049212254,1.4723594163864781e-05,0.0,8.202341349503707,0.12457369107900766,2.252411432839755,0.0,1.1595156623493903,65.44607315080619,1.0,66.0,1,-0.18847596007510084,-0.11028846264792203,-0.1050731693371093,-0.04404613166909247,0.007133023801615815,0.00847925513669511,0.00858261589985472,0.0008404282111345723,-0.002091459544275846,-0.0007147214496001909,0.12163786988788042,sol_stature1.85.pkl,2.310518342018149,0,-0.009090085450190936,-0.20417629156294237,0.0,-2.9347154884762725,0.0,0.0,118.3,1.85,Solve_Succeeded,20.189481657981847,3.46577751302722,stature1.85_k090_l1_r0,-0.011300832771720951,0.2642820735115537,-0.07955016682784882,-0.10054353403057892,0.23583947072546152,0.02338892449933838,0.49279935508411776,0.8227993550841177,3.1987718391111164,1.8184250329437313,0.873659590229378,-1.0343712518843362,-0.620460286550738,-3.3082966219422802
14.914145568664548,18.0,1.200358465102807,1.2003584539144503,1.214024150162041,7.750633651153128,0.19033828077566087,3.833933252810495e-09,2.0590279862239527,7.742602427150045e-08,1.0,-0.022793477240483286,0.47460536357473904,3.7830819945350047,2.905533779557853,183,45,0.00012362039409425637,28.833006000235773,9.94711145739101e-08,0.03862960105305357,0.09254287003378357,0.0,8.69979276293384e-05,0.022793557335664415,2.4366623608508e-05,0.0,12.083344508258438,0.21924086550408697,2.800649493973469,0.0,3.355531347142523,160.5967919041587,0.0,66.0,1,0.061940462524762825,0.034475690457956426,0.058731392758837875,-0.025369820936744718,-0.0070194655902143036,0.043822743741917684,0.03070148676531758,0.036495397879855423,0.014361646579239447,0.005986542338277295,0.027988080136320273,sol_stature1.70.pkl,3.9962145575462324,0,-0.01964100943909427,-2.3334066987304877e-05,0.0,-5.326638125416487,0.0,0.0,205.1,1.7,Solve_Succeeded,18.503785442453765,1.7126633818055303,stature1.70_k045_l0_r0,0.11945073936956467,-0.010693157403546217,0.007363903706792134,0.24891177148306687,0.1762385345188221,0.1762147590771891,0.3730704956863881,-1.0261657328646052,-0.992456494148517,0.11683672726308374,0.11411709483012526,0.24841416572704944,-3.964230690249703,-4.669917255153975
13.687469569057571,18.0,1.009299331968351,1.0092992844526667,1.0085713870454343,7.902802420661553,0.7501012215978832,6.028040685968518e-08,1.347110556887482,2.049623101769237e-07,1.0,0.1497605405659818,0.46935977227676545,6.312175332532381,3.5898390557878335,354,0,0.00019480102097806787,10.36742246148593,3.657546422536149e-06,0.0002736920782388596,0.21170494147959498,0.0,0.0003415462956233255,0.14976287558423698,2.6221767424832295e-05,0.0,7.443454042631846,0.12367572539337265,2.6591884247258877,0.0,0.7139174461001441,39.85569432563169,0.0,66.0,1,0.1079732967899641,0.046117201958671646,0.09660533465048915,0.04011342512051114,0.019293615463136956,0.08753004747731548,0.060170729085916176,0.0868461034094096,0.03614780624412154,0.013398932164517336,0.9295575839470361,sol_stature1.90.pkl,5.767963488953344,0,-4.362060273924249e-05,-0.14427518460111688,0.0,-2.9327149720030685,0.0,0.0,384.2,1.9,Solve_Succeeded,16.73203651104665,0.0,stature1.90_k000_l0_r0,0.27537991585424887,-0.18401916422259287,-0.14291087404419328,0.1411730604234944,-1.3390792666799375e-19,-2.0414817517808723e-21,-4.8549958473509555e-23,1.137373342260413e-24,0.0,-4.451921566860727e-20,-1.2771255545877724e-19,-2.3909694733346164e-21,1.3459664861065114e-21,7.767925758175897e-19
14.074145117680066,18.0,1.1280532351662174,1.1280530857787572,1.1214108192990524,9.139789866752109,0.19912185383975287,3.864300633241471e-08,0.6610879996707967,2.2120492192349197e-07,1.1,0.014010090930667027,0.4666808854526928,3.7831046088458917,2.7901191239095207,102,45,0.0002769573245489616,14.093120754827128,2.663857732158989e-06,0.00017136105689898048,0.6983238184943682,0.0,0.0009175520238097665,0.014010335713793294,4.570723704685619e-05,0.0,8.269372387045552,0.07320487595218271,2.661984288171935,0.0,0.4381800736198818,51.193707412608056,1.0,66.0,1,0.13606852194743335,0.05011037076778545,0.056742162326661676,0.018969308359834063,0.004827904748081301,0.002438710369046101,-0.000570594817242934,-0.0030599953575783764,0.004341969038029617,0.001048233174618706,0.02639253296039041,sol_cap_scale1.10.pkl,4.0249344067129655,0,-6.449021647614337e-05,-0.5334598931915844,0.0,-2.181354018122668,0.0,0.0,169.2,1.75,Solve_Succeeded,18.475065593287027,1.72497188859127,cap_scale1.10_k045_l1_r0,0.17629105638379108,-0.012209873923071171,0.14952590325596435,0.3273978948972428,0.14069072450063289,0.1206907245006329,0.3129341553005628,-1.1738574265145232,-1.1538574265145232,-0.7275405438701927,-0.2505783306705953,-0.23241703590361926,-4.557944680330051,-4.90843979927902
13.516525571182424,18.0,1.0140617698108465,1.0140615636312662,1.0085713870454343,8.235580796016858,0.6444255673326083,1.24479542909429e-07,1.1199938040903958,6.047240275453974e-07,1.0,0.0957491863193616,0.46565688870617067,5.524082423458346,3.3714200792397606,197,15,0.0006149922664408643,10.446560907103299,4.215982587041792e-06,0.0004701621475871857,0.5480207388922274,0.0,0.0011074011537306266,0.09574925453648282,9.185540372410771e-05,0.0,7.846081153018259,0.10891939412991015,2.5785339681698254,0.0,0.6597551343469111,37.895189272069665,0.0,66.0,1,0.18003284342129688,0.10601986757193237,0.14405520547689918,0.049441002660829195,0.0031776406697026235,-0.06304348227574577,-0.042201445065357446,-0.05954592626140956,-0.02586655900657605,0.0005130597409216495,0.9616018255523326,sol_stature1.90.pkl,5.191167140058009,0,-0.00013186196175757973,-0.37458346435898693,0.0,-2.811176793583124,0.0,0.0,260.5,1.9,Solve_Succeeded,17.308832859941987,0.5767963488953356,stature1.90_k015_l0_r0,0.26696010038751516,0.019369067519751475,-0.17313620504809069,-0.06007045039668336,-0.06300499155204276,-0.2521350151555564,0.0016407121019139652,0.35084673454971754,2.338531307946451,0.001782376447364536,-0.4862457719391462,0.5766811921908346,0.6391273721497516,3.143006267999775
12.210436906270978,18.0,0.9869377292432521,0.9869376872357193,1.0085713870454343,9.195357809464397,0.38872926465633545,7.77725053116774e-09,0.4159128697195453,4.822545037653733e-08,1.0,0.015209405201775099,0.44276728365445694,2.249128130963652,2.3363744566768108,83,90,3.6817065558916147,15.097299428063295,2.428811294821844e-08,1.8184611232679902e-05,1.5435405639914708,0.0,5.7051514810309545,0.015209452507424106,9.055953759126586e-06,0.0,8.377916901462347,0.17874203866585936,3.879330587966166,0.0,0.5588067711299085,37.35883793780457,0.0,66.0,1,-0.11795901034736601,-0.07354851007187048,-0.05712312838286109,-0.020238092037402993,0.0032349574489770445,0.017750101107756714,0.015006106150983628,0.01099463800742112,0.0018282058280565206,-0.0017987589199535135,0.12182303357881431,sol_stature1.90.pkl,2.307185395581338,0,-0.014053457323502105,-1.0152695988620015,0.0,-2.5945308506208087,0.0,0.0,119.5,1.9,Solve_Succeeded,20.192814604418658,3.4607780933720065,stature1.90_k090_l0_r0,0.015998067108075772,0.22313875695515048,-0.06899546290233327,-0.07716259206283121,0.29310790906994166,0.07434061842920557,0.4996229125040517,0.8479408746028986,3.1868921142103104,1.1807996572807429,1.0101896237267298,-0.764892342073205,-0.7433002031899278,-3.878951223114505
14.655122245218733,18.0,1.145556712577509,1.14555579303128,1.1480808828989086,8.55888286740707,0.19109446825456564,1.608527105284471e-07,1.2500205676302356,1.9332204110786877e-06,0.95,0.11305486288605862,0.47048324940725966,4.491900224829729,3.1948372226093196,88,30,0.0027946286706185056,17.579963760913607,1.1589257730500391e-06,0.014920071824098893,0.5954581619183165,0.0,0.0028160336596627904,0.113056492354529,0.0005679849706745727,0.0,9.149664451096953,0.08880959306265186,2.6385619358392174,0.0,1.9164988054829257,91.43387165088188,0.0,66.0,1,-0.156920681290996,-0.15058435414923643,-0.15752404311123241,-0.0656311591436088,0.009179993663096435,0.0064164185651234065,0.005035234692322687,0.003677463425483065,0.00010229249638976621,-0.0002983182928399237,0.9967062069464697,sol_cap_scale0.95.pkl,4.559288274963545,0,-0.01149358427451252,-0.40956039384201887,0.0,-3.9980893363642385,0.0,0.0,169.3,1.75,Solve_Succeeded,17.940711725036454,1.1398220687408873,cap_scale0.95_k030_l0_r0,0.16716582854632567,0.148919275207364,-0.0844055456307864,0.15949579537090042,-0.014502549098573077,-0.1355642817190388,0.07277400851844806,0.39303119800795927,1.804732505177008,0.22448445095765995,0.9335397396634242,-0.17269313330273245,-0.8619307632800502,-6.032520222658904
15.844737548386535,18.0,1.3000122126516103,1.3000105711988514,1.3314855336242684,8.309002764582667,0.08729500044599767,1.6975317405334925e-07,1.6036989294880637,3.4749210376244813e-06,1.0,0.3177401830651315,0.4795492621733651,3.1894589364083523,2.8394021661167606,57,60,0.005966475642319885,27.353973198499872,2.57921852599195e-06,0.007672979028867546,0.22081152557117278,0.0,0.004612692868566822,0.3177445125430136,0.0017264631104946103,0.0,11.745572677471129,0.15390723955269658,2.17472529426708,0.0,2.3045576727736674,163.63477431717484,0.0,66.0,1,0.19412062075663838,0.12786974836627538,0.13365396990029876,-0.04417618925460744,-0.013474228750592182,-0.033179563707054695,-0.023936347294379545,-0.028098346886629044,0.0032315135361409455,-0.0003204136797406821,0.05791352276658341,sol_stature1.65.pkl,3.457556590201496,0,-0.013659550406517262,-0.1161415019117381,0.0,-4.160836846953529,0.0,0.0,122.3,1.65,Solve_Succeeded,19.0424434097985,2.3050377268009967,stature1.65_k060_l0_r0,-0.03468885248480638,0.1645486845772147,0.12946248440149777,0.1662847996263058,0.12369421259681929,0.12282176728074015,-0.2519502978530402,-2.339679828266455,-2.3117227656940886,-0.7425456975335557,-0.7557310191995106,-0.3618117469945845,-0.03384931584275247,0.4143976749153995
13.386178054637318,18.0,1.0827882407330867,1.082788248441812,1.0898321772448765,8.97462793685034,0.13344905210659527,9.226367684586919e-10,0.8919237728445376,4.1915183110974045e-09,1.0,0.06181176220007408,0.45782051563181286,2.809111395222422,2.5543549073423266,106,75,1.3912123047239076,15.834220892336399,1.1748574476441675e-07,0.04539171032786887,0.7141717303497795,0.0,0.29293278947751855,0.0618117716709142,5.353238274590679e-07,0.0,8.681603313078597,0.10202600134494587,2.1677674905278193,0.0,0.9782130498383032,57.54599858052675,1.0,66.0,1,-0.047595789076600274,-0.060068747028984355,-0.052157566696803145,-0.03544467978178173,-0.005411729051913446,-0.026877078427091795,-0.011785170755645863,-0.02268182277983189,-0.010253007586525064,-0.005135298782761654,0.0882661134912232,sol_stature1.80.pkl,2.91120995715798,0,-0.005217938355262706,-0.530453670955983,0.0,-2.6855595843707922,0.0,0.0,142.4,1.8,Solve_Succeeded,19.588790042842017,2.911209957157979,stature1.80_k075_l1_r0,0.19918771051845896,0.19826093405342807,-0.040985872093647964,0.15771247856572215,0.003990336941531031,-0.49483689303800293,-0.18503325101179854,-0.06438017619425186,0.5846762967064738,1.0874642504182808,0.4209533754924529,-0.05634630303357718,2.945768289581136,6.821741446672716
13.958559633851275,18.0,1.117539385246629,1.1175386195042387,1.11760507312265,8.883355620432305,0.23016450706006764,1.3997571356459283e-07,0.8864785038291451,1.2067113548229602e-06,1.2,0.05762886519189567,0.4700694500513687,3.867481011001319,2.7798401555385643,75,45,0.0015938724272313357,14.21181906403376,3.595197325863276e-06,0.0010238416469569138,0.40533786599588206,0.0,0.4986391442836063,0.05763008334773262,0.0004267615614207224,0.0,8.000198069087903,0.0766026751483887,2.6600787599584654,0.0,0.29215649301510876,49.870174582817356,0.0,66.0,1,0.06731626561506622,0.006312756442863633,0.02291996227694988,-0.024007994693806083,-0.0068487170447526675,0.03501023352326592,0.022704476842963076,0.02681580152224877,0.011821385112696281,0.00513720557453554,0.02764446777505884,sol_cap_scale1.20.pkl,4.002399580048937,0,-0.0014519980741758722,-0.30575940111385064,0.0,-1.9735953376643487,0.0,0.0,149.2,1.75,Solve_Succeeded,18.49760041995106,1.7153141057352599,cap_scale1.20_k045_l0_r0,0.3305062483992755,-0.24542025478530466,0.00931716369867911,0.2469068916633052,0.1704022817148623,0.17040185199427602,0.3801508430060708,-1.2407708133760695,-1.239608860491274,-0.09326155605418147,-0.09421001216729838,0.022721450633893955,-3.482681376583868,-3.5567470161857737
14.353495600434126,18.0,1.1248776119135575,1.1248768566522755,1.130202162768657,9.098514908356908,0.14750400722266924,9.380758134911267e-08,0.7539800101378329,9.79793964452959e-07,1.05,0.12943048069176513,0.4712726689713683,4.625476091386656,3.1006857430174946,104,30,1.529693603083219,16.803280003886364,7.725298466092641e-07,0.002725826343700802,0.2713530601190397,0.0,1.1368906037712219,0.12943142361172733,0.00025200872813985203,0.0,9.208041965141646,0.0980097770894105,2.1470957226970144,0.0,0.793146759679243,64.24974598666451,1.0,66.0,1,-0.10440563854579474,-0.08597065656860972,-0.0816804053355966,-0.038033861543041475,0.012008174377672856,0.03006240924157782,0.022303288169157012,0.02831580620944673,0.0099912382219772,-0.0005188580665476547,0.99533111223526,sol_cap_scale1.05.pkl,4.584039979765316,0,-0.0097514989162408,-0.16670711613187136,0.0,-2.582041728108591,0.0,0.0,180.5,1.75,Solve_Succeeded,17.91596002023468,1.146009994941327,cap_scale1.05_k030_l1_r0,0.14332470302117042,0.07142174702344857,-0.0675672489436407,0.13905657673192132,0.04026779079973311,-0.08311810352659468,0.03944960518126134,0.2967136492092417,1.683975698565775,1.2753543631559177,1.5635816687806083,0.5526115687765702,0.47789630426756924,-3.6372748026918034
16.0885703743808,18.0,1.3058225940070012,1.3058220468241621,1.3314855336242684,8.70113021889504,0.094174682647798,4.504172032679872e-08,1.2046942496347017,8.901325522529454e-07,1.0,0.06445427873882911,0.47736131569715146,4.1410921334446025,3.026117141419559,73,30,0.001518351178164789,28.315441557398536,8.963696664337233e-07,0.07771709378193202,1.009641544783167,0.0,0.0007767398516089819,0.06445555881357355,0.0005077606833691172,0.0,11.768484770302383,0.10160447510919292,2.176029372773332,0.0,2.515245396138017,160.39073941442192,1.0,66.0,1,-0.10898695918934424,-0.11069987001550663,-0.11062091940563532,-0.02358655002226842,0.01683397081365301,0.025743998066624935,0.018551266331326904,0.024171079886377574,0.011325872929398585,-0.0003492326418121014,0.9938846970221112,sol_stature1.65.pkl,4.610075453601994,0,-0.027716301523882405,-0.8215834093716714,0.0,-4.290100161411606,0.0,0.0,161.5,1.65,Solve_Succeeded,17.889924546398003,1.1525188634004984,stature1.65_k030_l1_r0,0.2849259232533241,-0.06140178004536008,-0.2848939860352301,-0.024821241236421085,0.0029858487952306723,-0.192542912486031,0.10541511565491868,0.43541511565491864,1.9632909293232554,-0.15863350594731174,0.3537793136731643,-0.30693143490837616,-0.20550633810126384,-2.2552506644870283
14.491449058022228,18.0,1.1479517959009602,1.1479516874685514,1.1480808828989086,8.58828970358485,0.2089526710050742,2.7524216606190717e-08,1.2027572933008415,3.0093380686133025e-07,0.95,0.02497605167949844,0.4706403790062459,3.9004870169881833,3.0074267718662955,140,45,0.0004227595535130354,17.70648350828029,1.02412293009086e-06,0.020265734311496926,0.7293345451406141,0.0,0.00037022001488648716,0.02497635433603625,7.281032023931593e-05,0.0,9.379758205263991,0.08637127332973511,2.8249136371849715,0.0,1.9505592448788769,90.41428825449583,0.0,66.0,1,0.054893497734032085,0.019334974596065126,0.0626206258488679,-0.06563600527589553,-0.01384025902326456,0.05425336702243559,0.03780792226315379,0.046258250942469936,0.01296231095778504,0.0069391660649394775,0.028367931078160897,sol_cap_scale0.95.pkl,3.989377240593103,0,-0.012591268574518498,-0.5131317507610209,0.0,-4.049961938695309,0.0,0.0,184.1,1.75,Solve_Succeeded,18.510622759406896,1.7097331031113292,cap_scale0.95_k045_l0_r0,0.23366719720582554,-0.1576412811367903,-0.07644009926191146,0.19545669037115668,0.19520593278134962,0.19502263529979388,0.3656533897272021,-1.3674995284617022,-1.3674953549016946,-0.021715185150790937,-0.04699180583193106,-0.47240278514132755,-3.954378166924454,-3.9915828641651045
13.87123887939012,18.0,1.124630421267097,1.1246303939229074,1.130202162768657,9.138166883800844,0.10892965100105796,4.596504597243512e-09,0.752903412887494,4.7651080862640224e-08,1.05,0.1569677452941099,0.4646026079149097,2.668838310437432,2.620338795575335,119,75,1.7791471264784298,17.646562007963006,3.4926878099614357e-08,0.057099437087893154,0.28279163894389814,0.0,1.2460443556747889,0.15696777984337656,7.96139655062298e-06,0.0,9.97809032732462,0.1101800432389942,2.374825648773827,0.0,1.422289284061871,70.47436110545858,1.0,66.0,1,0.12302666871737025,0.07216336887924182,0.06480959268406729,-0.0036091329496585577,0.07275061654347272,-0.13702767475898747,-0.0879015285069696,-0.12713351109764573,-0.0543780740824909,-0.017782257990646966,0.09083194514703763,sol_cap_scale1.05.pkl,2.86502498735332,0,-0.023824924490702937,-0.16694582152232815,0.0,-3.3184296878948274,0.0,0.0,148.4,1.75,Solve_Succeeded,19.634975012646677,2.8650249873533227,cap_scale1.05_k075_l1_r0,0.20237891607841266,0.18227923213107416,0.013346377955341352,0.12522375080382675,0.06967915558310706,-0.3616088309075855,-0.10314656667658796,-0.009662473577311495,0.7031390276681332,-0.7143791139586939,-0.2639090879469074,-0.1329886097301044,3.0585287672573047,5.969784692599242
14.729556696106515,18.0,1.1374949488181585,1.1374942905715757,1.1214108192990524,8.585636910262945,0.28205321927675586,1.6077278998530902e-07,1.1323083445531688,1.314679098246852e-06,1.1,0.37893470490623454,0.47440102121733363,5.553699704510599,3.349634655676171,167,15,0.0017529110805886768,14.140415232376494,2.3024758576666115e-06,0.22371314013782514,0.010982792825666948,0.0,2.0559238194994456,0.3789366320910967,0.0005311284537216103,0.0,8.785795989703495,0.08999472010367493,2.7903303126405152,0.0,0.7205544615068916,71.78115247116034,0.0,66.0,1,0.1964610037039037,0.10249073074358406,0.16241552296317538,0.05814781325450339,-0.002103054281828772,-0.003165647705085144,-0.001807379864895124,-0.001122703639776861,-0.001477770501523889,-0.003470196431242179,0.9625046852347877,sol_cap_scale1.10.pkl,5.174915665773813,0,-0.04282933301215697,-0.00032490593111211526,0.0,-2.6607033910293247,0.0,0.0,245.8,1.75,Solve_Succeeded,17.32508433422618,0.5749906295304221,cap_scale1.10_k015_l0_r0,0.3672341289695469,-0.14926536459322434,-0.16552157225681668,0.07317352673757616,-0.05312754139493429,-0.18754478295933963,-0.030661631493533,0.18466072940836423,1.407672218931004,-0.2364404509914661,-0.3991188992837159,0.13821924134716965,1.0002950360963485,2.7820844454403977
15.550067742734951,18.0,1.1842868013675578,1.1842868113589264,1.1480808828989086,8.720266390741171,0.3179438423187344,2.3628256111141352e-07,0.9618138782537973,2.3629716637800813e-07,0.95,0.42452377310974004,0.4802851900336438,6.0293753285839795,3.7021079530028516,218,0,3.7170641154240907e-06,15.128157174192886,9.089169841007066e-06,0.02635930602746113,0.00010378933433878132,0.0,4.88797212647339,0.42452483227979715,1.358913716320138e-08,0.0,9.812012751556528,0.05765701334271678,2.85987010533555,0.0,1.9840270832183626,98.75793685780233,1.0,66.0,1,0.16547798964286736,0.09103785449576443,0.12760281488295352,0.052313610859598896,0.013543972196464835,0.051168952117145595,0.03435450823480614,0.04923857190362419,0.02001796251541485,0.00540370920417706,0.9333827586830871,sol_cap_scale0.95.pkl,5.699110343704432,0,-0.016064719202472637,4.675675559839668e-06,0.0,-4.336898190498998,0.0,0.0,285.8,1.75,Solved_To_Acceptable_Level,16.800889656295567,0.0,cap_scale0.95_k000_l1_r0,0.32060188358156827,-0.14147560804144174,-0.17496139650733572,0.09616430972378603,0.07908696437877298,0.0012720403907415488,-0.01946831137712635,0.03180674271407814,0.05180674271407815,0.13609038570125187,-0.5681765330959974,-0.4884893398904545,-0.6412902567478467,0.3796793534005857
14.354841193105909,18.0,1.1275656508252878,1.1275656558305196,1.1214108192990524,9.032170499793386,0.21894388759335848,1.4944022343595826e-08,0.7489125920171638,2.2020280942711405e-08,1.1,0.044585214892525614,0.4678159700640316,4.876114473998367,3.0759127164843223,107,15,1.2311723964388744e-05,14.534752542635736,3.146733502334536e-06,0.0001248011333211048,0.38202424619775305,0.0,1.2408598908505353e-05,0.04458550968223709,1.7974824098332462e-06,0.0,8.16070994429583,0.0779648956354559,2.328278329303494,0.0,0.4489890751240083,54.383552836328505,1.0,66.0,1,-0.042755150337876184,-0.05572664995560776,-0.050395963006301316,-0.0198730207422368,-0.003961134044491385,0.0008188522958226786,0.00019523503660429014,0.0004904569768522988,-1.0462241560287543e-05,-0.0009483964134103007,0.9625046852347877,sol_cap_scale1.10.pkl,5.174915665773813,0,-6.953687055361169e-06,-0.2924125887281907,0.0,-2.1400265936391314,0.0,0.0,204.5,1.75,Solve_Succeeded,17.32508433422618,0.5749906295304221,cap_scale1.10_k015_l1_r0,0.22334900806306465,-0.06764658736741426,-0.20666672037454775,-0.022467681251983358,-0.013984533393607744,-0.1323215298211721,0.002247578462262069,0.29269497568404834,1.458910004090533,0.8033507607686965,0.7804577009204116,0.5052882363316612,1.5837520164614047,3.696847209744208
13.91166623732056,18.0,1.1246549693603238,1.1246549379282702,1.130202162768657,9.131574117363682,0.10705633742918037,5.227120617468012e-09,0.7613694852387778,5.472474049261313e-08,1.05,0.019744740711116912,0.46150228551935885,2.989247135869937,2.660574896942286,121,60,1.7702230640033274,18.00768014866617,3.9353811054935307e-08,0.026385173363349307,0.5469666054984504,0.0,0.00017505767597917547,0.019744798403996913,8.6444003491263e-06,0.0,9.758885155413013,0.1041909777332292,2.40376893071713,0.0,1.0119393577324511,65.32670415625402,1.0,66.0,1,0.13271206025820356,0.09679816279724196,0.10708780359856973,-0.03922807615976723,-0.016784649853255854,-0.04365256783633387,-0.030948460153359756,-0.04023867781782818,0.002069409265250831,-0.0014213938731655997,0.058998334176445115,sol_cap_scale1.05.pkl,3.4380299848239853,0,-0.014485990571106036,-0.3639875768633376,0.0,-2.8431120872850757,0.0,0.0,161.0,1.75,Solve_Succeeded,19.061970015176012,2.2920199898826574,cap_scale1.05_k060_l1_r0,-0.0660431009764172,0.17499755053611002,-0.018445581180626364,0.17115846979088614,0.00770382842671186,-0.012296171573288148,0.04708221370545548,-1.893087101110075,-1.8199052805790934,0.2606143851669518,-0.3624922204565012,0.33370101091463156,1.6166721466843201,2.0595244593744986
13.000693546565246,18.0,1.0412825390354714,1.0412818463213611,1.054554439970034,8.173889029700668,0.28597150448641806,3.0161047730482926e-07,1.5401370005122732,2.161247398996371e-06,1.0,0.07157847271344257,0.45838019941082986,2.8503256704838322,2.5836975760075935,71,75,0.0034343304378169513,13.69869361683648,1.0495254516623043e-06,0.15606571784172854,0.10706236779228055,0.0,0.0031174448892594383,0.07158050663283626,0.0003283693368421716,0.0,7.420913832835864,0.10344849156218829,2.58842991464685,0.0,0.9432543026031046,54.41520616022662,0.0,66.0,1,-0.03954927804948764,-0.05667965028823555,-0.042309586337928765,-0.028131763334828287,0.026001402906027007,-0.04791796596355938,-0.025082367101032687,-0.04198261985144294,-0.019018463349162087,-0.006766133246238283,0.08954733735985067,sol_stature1.85.pkl,2.8881479275226845,0,-0.0058530548045082524,-0.15704040771934225,0.0,-2.8245444279188723,0.0,0.0,125.7,1.85,Solve_Succeeded,19.611852072477312,2.8881479275226845,stature1.85_k075_l0_r0,0.2827105131134002,0.22236596841874895,-0.10872949653579388,0.058489224418210486,-0.06389971742728463,-0.5081993575915458,-0.1640795395849595,0.08303787529146886,0.90796093721901,-0.00775049861823301,0.5699562846768248,0.2947660488934562,2.647487945698493,7.934017213132416
13.03601820955825,18.0,1.1107136549621437,1.1107135805763484,1.11760507312265,9.021993015831917,0.15407417026532763,1.5661781608212456e-08,0.8239334500335421,1.242429136533404e-07,1.2,0.14717397552020836,0.4686425245436402,1.143744656763085,1.9259209307280196,68,120,1.4357492598385433,16.21548898030874,5.334119870015211e-07,7.746658425214302e-05,0.1884830583630722,0.0,1.81884041629759,0.14717410880444157,3.413376584969349e-05,0.0,8.383680393198228,0.09467734959486866,2.153820101660531,0.0,0.34505224135846224,52.753553005324235,0.0,66.0,1,0.04413119884131669,0.3637229775016687,0.19099975747957726,0.14629986365640507,0.04393272010442722,-0.028754761133613384,0.03844200347112667,0.06310976932460143,0.02704363063698107,0.01235789081585833,0.186469847935731,sol_cap_scale1.20.pkl,1.1435427371568387,0,-0.009118383632883049,-0.11479924461757947,0.0,-1.7866573015814904,0.0,0.0,92.5,1.75,Solve_Succeeded,21.356457262843158,4.5741709486273585,cap_scale1.20_k120_l0_r0,0.5754923337406996,-0.3356152117192131,0.012008634241447607,-0.013905693911951374,0.6682096675911168,-0.9162994116317668,-1.7471537976201856,-2.020200707908732,-1.5783836948900731,-0.4333010442984391,-7.1243638382469285,-1.7701404542760348,5.284976584902423,0.837512609045144
12.210252925980262,18.0,1.006572721662563,1.00657269602816,1.0085713870454343,8.51211435900849,0.6012538415794848,3.694714680087225e-08,0.8866316791185488,1.1358269008009682e-07,1.0,0.029536547858513635,0.45560239708406125,1.628914452148337,2.1406506626627944,169,105,0.00010556882378440391,10.931985829695416,2.7621784824846605e-06,3.4739846038619825e-05,1.084167966889338,0.0,8.315105333444312e-05,0.029536631999361688,1.593482598541644e-05,0.0,8.245612736984306,0.12034815864641303,4.0147647743829555,0.0,0.48934972815880773,34.30817496553814,1.0,66.0,1,0.11642592126741293,0.06617188343535368,0.04291049569653006,0.07193869218106631,0.026085429887855716,0.0017191034129172464,0.0002270217750968653,-0.01048959827941239,0.005407395379881249,0.002726866752192802,0.15386727518411072,sol_stature1.90.pkl,1.7303890466860024,0,-3.097268688986596e-05,-0.7365638361005763,0.0,-2.4701799215005673,0.0,0.0,143.1,1.9,Solve_Succeeded,20.769610953313993,4.037574442267342,stature1.90_k105_l1_r0,0.17594508609200535,-0.05170200600420246,-0.2683236280373239,0.1908584128775443,0.0008215911334296111,-0.019178408866570407,0.5058852643056079,-0.5044855175815056,-0.4844855175815056,-0.26010582565038676,-1.0352825701100699,-0.5609453836283496,-8.002032587761246,-8.449615122290876
14.157190343833872,18.0,1.1519361754115232,1.1519359536916556,1.1672475100346422,8.417452584382286,0.22815685618179568,4.1693561619663534e-08,1.3543899816950302,5.359920186555422e-07,0.9,0.051273323782760484,0.47364776391936586,2.2482928838447522,2.632027812997833,76,90,1.9898708630036848,30.563652426969306,3.3032830598074383e-07,0.006635573674816201,0.7870995451514621,0.0,0.00132365476082787,0.05127395406928668,0.00035956065566416134,0.0,15.476693830801125,0.25983584817488614,4.338805926371847,0.0,6.306282107786386,189.38569222220707,0.0,66.0,1,-0.19406749937459306,-0.12600493800822915,-0.1171382369674771,-0.04103553378828096,0.008835156256337549,0.001148790101801078,0.0033617604953303055,-0.0028297028787315406,-0.0027425263959745256,-0.00019528892190439191,0.12334628621761132,sol_cap_scale0.90.pkl,2.2797668484503264,0,-0.01326683478488521,-0.5362930224710344,0.0,-8.798316134325281,0.0,0.0,112.3,1.75,Solve_Succeeded,20.220233151917004,3.4196502726754865,cap_scale0.90_k090_l0_r0,0.09178395920751004,0.12295740128045571,-0.0014079555720420522,-0.029812159712188722,0.29526779849812057,0.0935157524923547,0.5800665907771361,0.9278562811828597,3.366347858068369,1.6822822669326105,1.1093318230441613,-0.7805221691188624,-0.8007105944278183,-3.488636085280673
13.940704580142944,18.0,1.1401250371734912,1.1401250444004174,1.1480808828989086,8.919696411827351,0.134652464285124,1.2117229314442266e-09,0.9456511097978291,1.2744670150388385e-08,0.95,0.07690931253835191,0.4712701296885849,2.246657367941807,2.534793523753036,77,90,1.492402093001238,18.717585971101485,3.352726554448399e-08,0.003821359008694931,0.31421294962797863,0.0,5.255626141282513e-05,0.07690948527304348,3.726930105900369e-06,0.0,9.79357462517604,0.11095362946941967,2.3331070228387505,0.0,1.66525325670066,83.8203960049266,0.0,66.0,1,-0.1681807395699206,-0.10870790304777088,-0.0964151846351387,-0.03196892159879715,0.008362335645775619,0.007899017072507897,0.008087961971641553,0.0038831235116156136,-0.0002460254384439867,-0.0007747493245166932,0.12335310347323475,sol_cap_scale0.95.pkl,2.2796441374817737,0,-0.0094842533780288,-0.18745519615057385,0.0,-3.5785091766319264,0.0,0.0,115.1,1.75,Solve_Succeeded,20.220355862518225,3.4194662062226584,cap_scale0.95_k090_l0_r0,0.10811659356731876,0.11170100726788973,-0.08031629366740614,-0.07295774601458199,0.2568514749769754,0.03355929706514915,0.5378808061971697,0.886811648892608,3.4067618737688536,1.5738369210684562,1.02449232761802,-0.5697974458258298,-0.6071084735396614,-2.4468575848122383
13.2450413578499,18.0,1.123784842301165,1.1237834910345266,1.130202162768657,9.138042904955304,0.11061120150518407,1.6112065504876718e-07,0.7513440566176753,1.6751678894048423e-06,1.05,0.1208600210504744,0.46883067065529876,1.151217278937628,2.0037883078516954,65,120,1.8077376706662271,17.288622909921436,8.97409016246572e-07,0.007905311023855246,0.25567091186294316,0.0,1.2642379276443625,0.12086129994173461,0.000284233432547649,0.0,9.157133650688255,0.10004905410243951,2.1848168935810874,0.0,0.7854428569104634,62.72587139031021,0.0,66.0,1,0.040207832467267106,0.3402625569524322,0.1462070623563762,0.08772457830040989,0.027443993049731122,-0.03475174020736423,0.02627639748518344,0.051423767866995894,0.022641320915507537,0.009524199059416656,0.18633277805881499,sol_cap_scale1.05.pkl,1.1460099949413278,0,-0.011181144801749884,-0.15265020429616494,0.0,-2.391021428365678,0.0,0.0,88.5,1.75,Solve_Succeeded,21.35399000505867,4.584039979765315,cap_scale1.05_k120_l0_r0,0.6081393043620548,-0.3254485232561708,-0.042411204060909084,-0.026485623221019126,0.6638229119978255,-0.9446537729611552,-1.731491163929496,-2.019533886811813,-1.585619081573643,-0.4529498243796477,-7.248874486572329,-1.7595675502011645,5.2554016349457235,0.8814271177392218
13.626181092014136,18.0,1.083656789962094,1.083633921462487,1.0898321772448765,8.876922059759119,0.14611330765906458,4.843429888479345e-06,0.9769189191207315,4.086934525295458e-05,1.0,0.1086979422952485,0.4578172045939444,3.3907401329337965,2.785557641677775,109,60,1.4594234316982737,15.866201286366444,2.2058189466497875e-05,0.061607812011919026,0.6559614045798572,0.0,0.5288120757634536,0.10873846319533159,0.005610275331555521,0.0,8.748199310219784,0.10796790430031726,2.206455193032965,0.0,1.0031216729492882,60.57523647418771,0.0,66.0,1,0.1931583779334443,0.12617072264962637,0.12754304182455714,-0.02385524350443034,-0.004534721841537872,-0.015005970428445935,-0.010750069472009809,-0.01209197852298106,0.0040320321768968475,0.0010756881655805963,0.05591933618946795,sol_stature1.80.pkl,3.4934519485895743,0,-0.01344077520724107,-0.4767670400088165,0.0,-2.833977066393981,0.0,0.0,155.2,1.8,Solve_Succeeded,19.006548051410423,2.3289679657263846,stature1.80_k060_l0_r0,0.09508500862603231,0.024451360782862953,0.045942958712153134,0.17634170926771892,-0.004628100252113758,-0.03012319656354284,-0.07698694361222144,-2.1137593941110526,-2.012714460900088,-0.689131634148824,-1.0575607315111373,0.4721936748149944,1.5097340245269972,2.0657234974702647
27.181230853984,18.0,2.4908025246539647,2.1443323550748215,1.054554439970034,,,,,,1.0,,0.40855633524349066,0.7693077661520407,2.261614614947349,427,135,,,,,,,,,,,,,,,,,1.0,66.0,0,,,,,,,,,,,0.21790946747197004,sol_stature1.85.pkl,0.5776295855045355,0,,,,,,,143.4,1.85,Infeasible_Problem_Detected,21.92237041449546,5.198666269540833,stature1.85_k135_l1_r0,0.9999987543234519,-0.9244489754675802,-0.3899786134558,0.3304718746890255,-0.01727018834007632,-0.8194572267079718,-0.9087022327199867,-1.119610249240146,-1.0912283394333997,-1.7779531880527104,-0.04940384573653134,2.195199563242795,4.432837509424756,3.1918451074987217
13.060347730584311,18.0,1.1240948842989882,1.1240944612835146,1.130202162768657,9.159466270066842,0.10114499018023672,5.136112448112695e-08,0.7393881552657178,5.326429587995328e-07,1.05,0.15399808867248702,0.4697880141895573,0.5782591257895598,1.8163339824641054,58,135,1.802707879258172,17.14959422505372,2.631379071861384e-07,7.892248220685939e-05,0.14424217489105523,0.0,1.8341099185312775,0.15399904405909387,0.00011764698675501946,0.0,9.180236846266444,0.1022476764484473,2.193642954325546,0.0,0.7306424208691604,57.183678309495455,0.0,66.0,1,0.6217180596013002,0.0796881666200035,0.05871255684910609,-0.01832347186895824,0.03120631264300603,-0.14909986598818897,-0.09332154432534595,-0.11998301386495284,-0.048403512269824575,-0.01936342555114133,0.2181663890294073,sol_cap_scale1.05.pkl,0.5730049974706661,0,-0.010985138231544626,-0.06810170382644337,0.0,-2.1066405529180403,0.0,0.0,80.6,1.75,Solve_Succeeded,21.92699500252933,5.1570449772359765,cap_scale1.05_k135_l0_r0,0.9910707028701096,-0.10346448547846511,0.12296625295215713,0.12449047532398057,-0.06641906158643232,-0.9658075444100739,-1.0417073696618355,-1.1687996304885853,-1.0803592120440237,0.0004295181419904405,2.5147974097238266,3.2844012249354058,3.950609375172603,2.6317544252596576
14.024200916720913,18.0,1.154724291536259,1.1547242932277502,1.1672475100346422,8.43743791824973,0.22868279780086442,1.6224765641941845e-09,1.333879263638552,1.8445209264566024e-08,0.9,0.10816481460531577,0.4741712934689477,1.6935202524046769,2.4718182914269327,85,105,2.3661076637692506,30.10476410868995,2.666408671044386e-08,0.002177238564266218,0.7324110695639674,0.0,0.11967139432128679,0.10816484577875521,4.0376647456080865e-06,0.0,15.769252617883263,0.25342581609185316,3.820931045517579,0.0,5.981362268852531,181.27295465628362,0.0,66.0,1,0.11484844387750352,0.06320048947991636,0.017987991879298545,0.004690331760081107,-0.0024325135414534848,0.04968501847207065,0.035267382750324525,0.04083978545108684,0.023759725675779754,0.00932027041870159,0.15500971466831043,sol_cap_scale0.90.pkl,1.7098251363377424,0,-0.013841570967053072,-0.4815261255039675,0.0,-8.40091074770742,0.0,0.0,106.9,1.75,Solve_Succeeded,20.790174864029588,3.9895919847880705,cap_scale0.90_k105_l0_r0,0.19544594305797383,-0.14614332338909694,-0.3496126310176985,0.046356169868250155,0.14196745754719622,0.14195682649835378,0.5286988270018667,0.010690938649950337,0.049949675556913015,-0.8803261799639925,-0.8249459682146653,0.8089981621663439,-5.4920072768568255,-6.448517289350228
13.569603850759478,18.0,1.1190435547245114,1.119043546706547,1.1214108192990524,9.188754443225736,0.11774690957207008,2.9009022338923964e-09,0.6934988703789634,2.215295016660384e-08,1.1,0.05229768055005916,0.4661189000115814,2.1922627609480743,2.375582668966967,75,90,1.6953358302195232,16.86592121079855,1.3783272751376686e-07,1.445255528880173e-05,0.3961742375975197,0.0,0.7325677719984349,0.0522977005856179,3.750173850087462e-06,0.0,8.892343470688267,0.09335961366804872,2.1750751098176453,0.0,0.5367886520084876,55.58198034569983,1.0,66.0,1,-0.11637439571939329,-0.08745704739030784,-0.08393556253127868,-0.034482585915470716,0.006335613247956687,0.019166420140271687,0.0156594628688006,0.018190337569276925,0.005207178551627813,-0.0021678184014164077,0.1222243045487943,sol_cap_scale1.10.pkl,2.2999625181216956,0,-0.008520209494692328,-0.2613347822904019,0.0,-2.1954304262958138,0.0,0.0,114.5,1.75,Solve_Succeeded,20.200037481878297,3.44994377718254,cap_scale1.10_k090_l1_r0,0.12311423562986583,0.11710641976357399,-0.1398268109195241,-0.07926801006780808,0.3279344154390285,0.050134427469863685,0.31136673362312967,0.6311578432540652,2.6942797714177518,0.7571662702812629,0.7669530221125034,-0.03636536253948175,-0.015869907249922877,-0.8342280624301972
20.323490646280128,18.0,1.776279450618627,1.776279456687528,2.120433350825633,5.035989439900679e-06,4.825496441118042e-06,3.2226870860786294e-08,9.999990138972112,3.176874023893911e-08,1.0,26.81122270963632,0.497690179097477,1.6605263091378333,2.5462430418080113,116,105,8.88019797828775e-05,546.1308951128167,3.878509853175983e-08,0.004720237110424024,0.1491032368535501,0.0,1.3055043760641442e-05,26.8112227789826,0.00017183018161369063,0.0,371.02789724975867,7.403162112026131,129.0967820101072,0.0,180.84798240728014,6585.5567594663635,1.0,66.0,1,4.1410532754952,2.905987469804559,2.659396423917061,1.9915036951317995,-0.21368830923632967,-0.18067328288327403,-0.12822839235954517,-0.2031607635443638,-0.07593089274047692,-0.034393574605923,0.14999999900115946,sol_stature1.60.pkl,1.80000001797913,0,-0.01934418399188772,-0.0009865508393427588,0.0,-210.577210353747,0.0,0.0,119.2,1.6,Solve_Succeeded,20.69999998202087,4.200000041951299,stature1.60_k105_l1_r0,-0.2153939341178497,0.4606390208626848,-0.1295979785155455,0.5683308335290396,0.27853580005308254,0.2585358000530825,0.4135460973519764,0.7435460973519763,1.382001077288199,-1.8921637960584332,-1.0467936706231695,-0.40145315674724613,-0.9252038977604597,-5.515653134464726
14.112869543507205,18.0,1.1254778713780664,1.1254776606257437,1.130202162768657,9.03983005542255,0.15218996342245555,3.9609818361641316e-08,0.8079795262888111,4.1492056828458693e-07,1.05,0.03479301143794187,0.4667544140000566,3.8425600195574705,2.853967040383989,155,45,1.2689334087713167,17.246569867226306,4.040943704411792e-07,0.008038808356537835,0.5388802989911864,0.0,0.0011882284831952776,0.034793290926526194,8.89890361276975e-05,0.0,9.08189971140806,0.09374393889300454,2.384746825918991,0.0,0.9272953348728147,65.58645577191868,0.0,66.0,1,0.07225902176695642,0.03829502977080354,0.06669148914134528,-0.03414346895063031,-0.008059613285829931,0.044118838873239224,0.030790176264528665,0.036292280196086886,0.012262071465597912,0.00544697723372542,0.0271647232058526,sol_cap_scale1.05.pkl,4.0110349822946505,0,-0.009661964360096104,-0.3634732181346818,0.0,-2.7411481213436377,0.0,0.0,201.5,1.75,Solve_Succeeded,18.488965017705347,1.7190149924119922,cap_scale1.05_k045_l0_r0,0.14372768811651204,-0.04405948561741949,0.0016829879387752827,0.22764357316724063,0.1775797910223472,0.17757692988882,0.378318897640895,-1.2262226626968258,-1.2227480898295073,-0.05732480958413484,-0.05141979259401579,-0.010296122295832271,-3.6816713669861563,-3.842461659286565
13.828934451757291,18.0,1.0887772376518803,1.088775765256341,1.0898321772448765,8.859750247286593,0.20235857678464297,2.9872933474781044e-07,0.9378883428094095,2.527569157006413e-06,1.0,0.06003551306615824,0.4624481201476483,3.9827334702999972,2.937201225173496,99,45,0.003369507512295248,13.63149421664389,1.6851687710142125e-06,0.0018643341450643922,0.8061362957784586,0.0,0.005093339122916097,0.060037869324535476,0.00041548669948417237,0.0,8.320770583476163,0.08281775654319413,2.8649656689886065,0.0,0.9792634371445593,55.596852445468954,0.0,66.0,1,0.023190588900137723,-0.007431864703104123,0.02516750639647515,-0.06574297997017035,-0.015462667109306761,0.06330971840164239,0.043923696575985945,0.05425989423090646,0.018388406022068704,0.009079638177850232,0.023572558887712505,sol_stature1.80.pkl,4.075693940021172,0,-0.00247541246973812,-0.5825665060480522,0.0,-2.985651416825126,0.0,0.0,160.0,1.8,Solve_Succeeded,18.424306059978825,1.7467259742947867,stature1.80_k045_l0_r0,0.2556983374463111,-0.18955328574943783,-0.14902170119028615,0.166919847540125,0.19139808721721055,0.19133103418552194,0.3638036334363727,-1.2297381189987284,-1.22673633861648,0.08046042844275879,0.06440758488257528,-0.19906458212012512,-3.8564164071972225,-3.995333153034082
14.980435501531733,18.0,1.1464825712124953,1.1464825812065962,1.1214108192990524,7.977075863387351,0.42404977482297157,4.0757182603149644e-07,1.598929495260071,4.075868988075435e-07,1.1,0.24222088649734763,0.47845938174381153,5.984623121065056,3.511613612395281,237,0,6.057837836227154e-06,13.4410589554575,7.362843736697672e-07,0.0005849957056717145,0.00017675927677405186,0.0,0.43554302306374426,0.24222346087939525,1.3709846822537794e-08,0.0,8.29975449893164,0.059618721275835854,1.9473658598451289,0.0,0.6169812335631121,60.37110380495974,1.0,66.0,1,0.15612162576426575,0.04692216614055475,0.0731716257821676,0.02229852776059231,0.011996577528345754,0.06434296977971063,0.04224095297150636,0.05929503628188361,0.024004828780464994,0.008175963715870498,0.9305607613719865,sol_cap_scale1.10.pkl,5.7499062953042355,0,-0.0009247411030336929,-9.930939612997322e-06,0.0,-2.5408028726428773,0.0,0.0,299.8,1.75,Solved_To_Acceptable_Level,16.750093704695757,0.0,cap_scale1.10_k000_l1_r0,0.4606995981954164,-0.33930070826601144,-0.18071430853787163,0.1191427457273304,0.04035632823913452,-0.03557625731663514,-0.006945542641799229,-0.15792592554201226,-0.13792592554201227,-0.01711052233233941,-0.07457860364607517,0.11792012717744015,0.17878060290209422,-0.07551611599535561
12.580606036391888,18.0,0.9871099085952886,0.9871099024959861,1.0085713870454343,9.210083152594935,0.3849537223957196,2.290240784054135e-09,0.4049631082532344,1.4469127757055009e-08,1.0,0.009136515832331755,0.4381801228715731,3.271270820332128,2.7041651075512556,156,60,3.329088900205458,15.154886694235003,7.421956586741703e-09,8.179919124033956e-06,1.6570558590489735,0.0,4.998618988714693,0.00913652538834094,3.080204644634955e-06,0.0,8.683800690989148,0.18066564813304142,4.220919694725799,0.0,0.7138498000101111,41.86199932383174,1.0,66.0,1,0.18082888527323096,0.13147192612263275,0.14423514825045705,-0.04605806989718752,-0.013710754044890715,-0.03672513893954112,-0.02509851833421302,-0.03377302925460049,0.0005988630080741185,-0.0009685050819226572,0.057734550368221664,sol_stature1.90.pkl,3.4607780933720056,0,-0.012951504754675887,-1.087958876757805,0.0,-2.9621026900247873,0.0,0.0,171.1,1.9,Solve_Succeeded,19.03922190662799,2.307185395581339,stature1.90_k060_l1_r0,-0.013099305678542185,0.07690936245385267,-0.08889992255476052,0.04212960237769479,0.03127845209768067,-0.08296872387447571,0.09277503099588193,-1.678230886004693,-1.658230886004693,-0.243585796235811,-0.98283807364084,0.5288669910563288,3.000430438329281,2.981074682194361
14.040602140209728,18.0,1.1421551151375773,1.1421549928253552,1.1480808828989086,8.890657025061666,0.13043783035538575,1.8228103983249284e-08,0.9789049114906436,2.1469024991211e-07,0.95,0.15567243731849242,0.4690889271668146,2.751978351446651,2.6148045081962996,93,75,1.498919567219476,18.77100903102349,1.4183191897639252e-07,0.00018352447310294014,0.223473917092913,0.0,0.4567226011296909,0.15567294297800777,4.856525794889786e-05,0.0,10.177589988352961,0.11018263040766761,2.2768439873928052,0.0,1.6008937425710543,86.20169957568557,1.0,66.0,1,-0.05369450395814709,-0.0757553961069186,-0.07407671228373451,-0.04726790283978171,-0.0022898837082842953,-0.026701374980051405,-0.011762438341686774,-0.021923410078252704,-0.010642051411121178,-0.005016446225884558,0.09169137934154353,sol_cap_scale0.95.pkl,2.8495551718522156,0,-0.008830058657033705,-0.12301459687525088,0.0,-3.431686747700318,0.0,0.0,140.4,1.75,Solve_Succeeded,19.650444828147783,2.8495551718522165,cap_scale0.95_k075_l1_r0,0.22146806384846224,0.22098517475229376,-0.08930748753256562,0.12937182887589588,-0.0072697791727762695,-0.43060561939239034,-0.17829574349307958,0.0425945692146007,0.7445820544920225,0.2671367360737216,1.0225756730039637,0.5696774652878941,3.874208244185007,9.283486001519279
12.899125081328068,18.0,1.083591771754911,1.0835910679434333,1.0898321772448765,8.926561498299744,0.17389421284760315,1.4087610377811888e-07,0.8995429633074622,1.184080645799357e-06,1.0,0.0546850205665863,0.4616594212617187,1.1689908224687586,2.0596327208633207,76,120,1.4374419181669986,15.488144417073002,7.059627147584336e-07,0.0007601572638450943,0.5845730822617824,0.0,0.2209728060966335,0.05468650506253719,0.0003227714870731059,0.0,8.329704684015217,0.10117954710302407,2.1473988044853183,0.0,0.9257234430207735,54.205862705137044,0.0,66.0,1,0.0885822470166429,0.28691215655256075,0.048374048940966176,0.0001680836985768696,0.00525928038108272,-0.04097809236698409,0.0076459205575353795,0.03311325767651672,0.016432110084717025,0.0057344667309969675,0.1853064453964891,sol_stature1.80.pkl,1.1644839828631932,0,-0.004125362387542622,-0.40790330139259134,0.0,-2.6297873480780876,0.0,0.0,91.3,1.8,Solve_Succeeded,21.335516017136804,4.657935931452766,stature1.80_k120_l0_r0,0.6327822204288596,-0.38207115807078323,0.00947528210354892,-0.02375931643891452,0.5608898712999277,-0.9123980620086455,-1.6835184159042562,-2.1792454389973797,-1.5600960146391532,-0.2681015146728669,-6.510033523983173,-1.300911376352551,4.587190123404764,0.34207841850964016
13.72472215719849,18.0,1.0094223214941933,1.009421552045159,1.0085713870454343,7.811520797440822,0.7595999669444959,3.8998540818502977e-07,1.428876410759322,2.403161052263325e-06,1.0,0.21581024315067948,0.4789177334989412,6.228324432728866,3.6250935765673047,161,15,0.002845690470974851,10.730674497474743,2.2720509784702368e-06,0.004500117682395867,0.001765432830524871,0.0,0.1685190506149891,0.2158128322587344,0.00041872012088947733,0.0,7.91496275014633,0.12940702448382596,2.955605687178478,0.0,0.8345505411925502,46.41968219344915,1.0,66.0,1,0.1707803561048503,0.1035300192364835,0.16737574643548406,0.0827004584771143,-0.03608610054189753,0.07156781720872656,0.0511545617166034,0.06780508242401281,0.025286664159296812,-0.005915635068676791,0.9616018255523326,sol_stature1.90.pkl,5.191167140058009,0,-0.0013941881175079276,-0.0008298968326729816,0.0,-3.139233807140914,0.0,0.0,249.9,1.9,Solve_Succeeded,17.308832859941987,0.5767963488953356,stature1.90_k015_l1_r0,0.2898914486257774,-0.12054519047214542,-0.24483093389079438,-0.06381371147704527,-0.02332188596171679,-0.12911494331578524,0.08274539409818205,0.412745394098182,2.3836897854921264,-0.06271320809539588,-0.8392874238253865,0.28382150725595373,0.11036618593434666,2.987931197408168
13.574525883406544,18.0,1.1505050709126696,1.1505049698708625,1.1214108192990524,8.447692316296116,0.03261173025314152,2.187779000091259e-08,1.5196956553251881,2.760860802181237e-07,1.1,0.9774036172007472,0.4488034904878046,1.1552411316340963,2.0636367586457807,85,120,2.0347827061901804,19.58961202770214,1.6262647482095216e-07,0.11176354550573303,0.0724555413368468,0.0,2.9505698800364315,0.9774040356862603,8.626852854811591e-05,0.0,12.905209451394457,0.16322626715391314,3.0905897733745977,0.0,1.5889109111462107,98.36059058279149,1.0,66.0,1,-0.07947225478760225,3.1156902073087225,1.8783174261841724,1.2432390992978255,0.34066475753597575,-0.3045023622743806,0.3108703627026243,0.558257456920947,0.23960575027703468,0.10048159938295464,0.18611215227439695,sol_cap_scale1.10.pkl,1.1499812590608478,0,-0.023917314200601995,-0.061623493695298806,0.0,-3.5059554045407713,0.0,0.0,94.8,1.75,Solve_Succeeded,21.350018740939145,4.599925036243388,cap_scale1.10_k120_l1_r0,0.9999968739251888,-0.661977580007059,0.12462746344041745,0.3008397889981399,0.7962815487357806,-0.796484388783656,-1.6101048652757564,-1.8541234376833424,-1.4311360693972617,-1.3905659008826365,-7.551989348185828,-1.7267518195962186,5.2380276464470485,0.7813946359752366
17.871867028923063,18.0,1.4609320240041197,1.4609320189156054,2.120433350825633,7.631182462937272,1.5666273064849322e-05,3.6588876192024226e-09,2.3688021747618295,4.537179400086457e-08,1.0,-0.14372679007148145,0.503222945187932,5.078353465826063,3.256712887941932,526,0,8.032061794208814e-05,82.70839918304704,2.8511301422994426e-07,0.03941823491872628,1.5520053926803175,0.0,2.822701961523679e-05,0.14372696396964227,4.13119025918692e-05,0.0,28.10929663450064,0.932060090307567,8.604573127580636,0.0,22.100790289467287,709.1565788963931,1.0,66.0,1,0.05444002224714673,0.03940038563264133,0.07579696388628603,0.022829736261273832,0.009655069658945569,-0.018722858636969642,-0.014528179146031491,-0.021610984117706594,-0.0105029701903781,-0.004691536422594743,0.9166666633371984,sol_stature1.60.pkl,6.000000059930429,0,-0.01842099181419545,-1.2874131787059337,0.0,-25.244750690849617,0.0,0.0,553.2,1.6,Solve_Succeeded,16.49999994006957,0.0,stature1.60_k000_l1_r0,-0.056244444097072896,0.2894262361626405,0.071995975484071,0.2509697012968941,-0.022740381307862087,-0.04274038130786209,0.004988663638662082,-0.030215731330523677,-0.010215731330523677,1.1866386455194504,0.4164119821477279,-0.14780208076157939,-0.35714829954554184,-0.50624089926182
13.129728828529736,18.0,1.1153092061177918,1.1153082949737172,1.1214108192990524,9.218782486876883,0.09302129695773143,1.0727512081828144e-07,0.6881950582387812,1.0490769327182458e-06,1.1,0.12965669306859007,0.467889625908878,1.1492270872071904,1.972688142842868,107,120,1.7556399017591513,16.653685040682234,6.187750983351116e-07,0.019766190686366248,0.29012081707337195,0.0,2.1628400690176823,0.12965809192129413,0.0003037156119823898,0.0,8.874477236084717,0.09832348783110123,2.4824411760648473,0.0,0.532289256344698,56.75771195886321,0.0,66.0,1,0.01591595282986757,0.3826289913431525,0.17328397905372664,0.10654853416440414,0.031842523969702614,-0.04028455957102774,0.03138589501022707,0.05901212485235526,0.025546150223529435,0.010588908855414204,0.18611215227439695,sol_cap_scale1.10.pkl,1.1499812590608478,0,-0.01312245563794832,-0.18628141871437948,0.0,-2.134958205236864,0.0,0.0,109.7,1.75,Solve_Succeeded,21.350018740939145,4.599925036243388,cap_scale1.10_k120_l0_r0,0.7405020612511594,-0.2559554201999726,-0.08044209687719288,-0.06221884142577626,0.7488937081287815,-0.8991852987486018,-1.7437480301305468,-1.9815734664809417,-1.5609776032517406,-0.6915789691526135,-7.209478563291922,-1.7057440666789891,4.982109835791409,0.1808672536996741
12.988867006338857,18.0,0.9969255094120935,0.9969254633885718,1.0085713870454343,7.884602541378497,0.49231488997842004,4.841025460094374e-08,1.62308222030192,2.973027779377541e-07,1.0,0.10440088439278561,0.45018972984459876,4.469567727109058,3.0147994315791253,116,30,3.305740166868496,16.066165273431345,2.3390364660886596e-07,0.0652316357790802,0.39544650364802636,0.0,0.0006685828191363984,0.10440108343465233,4.501548842438425e-05,0.0,8.582151340599138,0.14913603939534878,3.1601516211495357,0.0,0.8449227337905485,50.67375397025199,0.0,66.0,1,-0.15805348218661291,-0.13330513242501674,-0.17607847561197304,-0.05516054524526025,0.028616768404803105,0.039389266830344494,0.028060831238432997,0.03702976495765479,0.0158003614096926,0.003288662847379685,0.9936460671576288,sol_stature1.90.pkl,4.614370791162677,0,-0.003692574666295832,-0.2902242687948858,0.0,-2.992115586658614,0.0,0.0,190.5,1.9,Solve_Succeeded,17.88562920883732,1.1535926977906676,stature1.90_k030_l0_r0,0.15345975885734622,-0.01673626408450275,-0.0055548881075679155,0.12801427356163114,0.013445623691816662,-0.029681637611266312,0.05097422728121696,0.22082514228690317,1.1038558480217038,0.40163291118877004,0.7003278078211151,0.6103151800779613,-1.684211034195272,-6.381799628734344
17.65236345803193,18.0,1.453396938494762,1.4533969439924648,2.120433350825633,7.6854410564964555,1.0800194411687586e-05,2.8360641888890394e-09,2.3145562139446922,1.7010988366752364e-08,1.0,0.13618466506326327,0.49796707500928444,4.101202976838991,3.11299263537672,110,30,2.2755628775130634e-05,78.65766051388209,4.178055518363465e-07,4.8573730841627136e-05,1.9382643927143552,0.0,7.087402208992376e-06,0.13618470214785786,1.0538580938774333e-05,0.0,26.070671427611178,0.8347080354088522,8.359421588963261,0.0,19.24145654735145,666.7382128745149,0.0,66.0,1,-0.213213890764836,-0.18164342611474202,-0.198198031595381,-0.046414749268190364,0.01754417421301238,0.03888109229712792,0.026842767368566202,0.03764440893888026,0.01601596137405377,-0.003997888892966356,0.9833333306697587,sol_stature1.60.pkl,4.800000047944344,0,-0.012519773789392216,-1.6828863473180204,0.0,-22.46519528495864,0.0,0.0,188.2,1.6,Solve_Succeeded,17.699999952055656,1.2000000119860843,stature1.60_k030_l0_r0,0.38655409858660056,-0.22546248334592703,-0.3519611430489054,-0.4224486926641906,-0.06444897257752441,-0.3110499104745128,0.08980385096638853,0.43816453046288323,2.99419074650935,0.17175253929781972,0.12805835550199118,0.391462289864034,0.40372025667940425,1.6780205518373916
12.923423367612799,18.0,1.0412650979936546,1.041264526509731,1.054554439970034,8.222705615301887,0.25851290685703876,2.488661345360096e-07,1.5187794466071578,1.779818806290327e-06,1.0,0.05181533034994958,0.45691810754449347,2.786723139052128,2.506990996103872,62,75,0.002459444459567919,13.718895277162003,1.14852397678586e-06,0.13736784268612498,0.22632235422605435,0.0,0.0023017182063422596,0.05181702706846189,0.0002753602809798717,0.0,7.526230795496178,0.10097681211703324,2.6663148456617716,0.0,0.8447239041118296,52.53927343454152,1.0,66.0,1,-0.05851337276055804,-0.0809331607213473,-0.07231476452473828,-0.038181658343252406,-0.015522307573347095,-0.005581611082505656,0.0018142728383163313,-0.0006762025440635972,-0.001466652428197485,-0.001835684334374342,0.08954733735985067,sol_stature1.85.pkl,2.8881479275226845,0,-0.005117471049129284,-0.23134424886564378,0.0,-2.5692348615989116,0.0,0.0,120.9,1.85,Solve_Succeeded,19.611852072477312,2.8881479275226845,stature1.85_k075_l1_r0,0.21207670589967917,0.1649564986207276,-0.3123772117367105,-0.022222118653020154,0.08494192790916642,-0.3955282738223852,-0.16255263959983354,0.11162675282674442,0.9519225836939309,1.0286265050424666,1.6064829491018653,0.4782489811860753,3.4576605060302903,9.103554231487815
14.710163144626403,18.0,1.1685779816507507,1.1685769311088523,1.1672475100346422,8.073373720039605,0.4177358704725892,1.831191705405597e-07,1.508887632665817,2.5802009074041515e-06,0.9,-0.005801804370556211,0.4712178575160538,3.7824981978589687,3.019862746796434,106,45,0.00393580699460609,30.54931452484229,2.0434800743139773e-06,0.002340439784388477,0.9970328059534479,0.0,0.0026998636157254882,0.0058042756183799135,0.0010213657188800935,0.0,15.554806410109231,0.24371214514678602,4.804144890059849,0.0,7.779947272059583,210.08023439850012,1.0,66.0,1,0.13713872156934054,0.07186114071401375,0.05778469080770659,0.034129752768056555,0.014100454205237882,-0.029524842520106623,-0.022234861768921147,-0.029489405056138288,-0.0021358075753985448,-0.0011988932978278311,0.028356000865514572,sol_cap_scale0.90.pkl,3.989591984788068,0,-0.015351872621380432,-0.6790276085434993,0.0,-10.339262519231514,0.0,0.0,166.4,1.75,Solve_Succeeded,18.510408015579262,1.709825136337745,cap_scale0.90_k045_l1_r0,0.030548131660926754,0.18467605237502158,0.21972232158530472,0.34079108628336424,0.052408352238368455,0.032408352238368465,0.26787266462451137,-1.5971032497110649,-1.5771032497110649,-0.722374783391359,-0.8374203985117012,-1.7002730602444291,-4.866304123713377,-4.995129272560879
12.959329975052762,18.0,1.1172006722284817,1.1171989859511602,1.1214108192990524,9.210122415373421,0.09194383429260952,1.9690745164944525e-07,0.6979315867382706,1.96585404024384e-06,1.1,0.15823042354305086,0.4673300348657918,0.575023823022492,1.783867018916972,82,135,1.7152367963986392,16.556390313167974,1.1240587966730323e-06,0.0007633514564403602,0.2267305667824968,0.0,2.4442073354044025,0.15823406738150378,0.00042855836302274175,0.0,8.747502854990854,0.09793391450851915,2.3643647362948412,0.0,0.5093052453188793,51.66716033034105,0.0,66.0,1,0.6701057903041296,0.05434745430348578,0.08570018576980869,0.017093011280591097,0.04130972559456066,-0.1552105770931421,-0.09689344890221158,-0.1311172315251298,-0.05503804600373125,-0.021788635026482213,0.21805607613719818,sol_cap_scale1.10.pkl,0.5749906295304257,0,-0.012189792842776695,-0.13106594159747986,0.0,-1.8592009743028948,0.0,0.0,92.9,1.75,Solve_Succeeded,21.925009370469567,5.17491566577381,cap_scale1.10_k135_l0_r0,0.9481201028781739,-0.06288604061494645,0.1217577444419636,0.1399775579147006,-0.06541674741882125,-1.0167544159648472,-1.0271300616799115,-1.098516247519522,-1.0104840615637798,-0.012172655562124072,2.5465515256506497,3.2914247709973767,3.768391218315433,2.7278745290959225
13.888833687906843,18.0,1.1183274611226068,1.1183266665602418,1.1214108192990524,9.168154959109597,0.140482586511331,9.466255979767681e-08,0.6913614078134621,9.515121747083472e-07,1.1,0.061177756980269754,0.4680327336114464,3.332366771425456,2.701512423906208,93,60,1.8157768919171684,17.019092668372203,5.353408908402448e-07,0.0020067285952083003,0.35979656403407406,0.0,1.0152010343060267,0.061178529189456855,0.0003024799162208386,0.0,9.130186633887556,0.09815539324024095,2.2660821085116236,0.0,0.5468382833541393,56.71938599913212,1.0,66.0,1,0.14276672808593097,0.08661880531907153,0.09018421440087077,-0.014117234143295125,-0.005999170597950889,-0.021675035426201382,-0.01572126362587991,-0.021014647850031317,0.0030377440872308816,-8.022748116878556e-05,0.058336456823191836,sol_cap_scale1.10.pkl,3.44994377718254,0,-0.01043223792527235,-0.2271078332782194,0.0,-2.271737284747279,0.0,0.0,145.8,1.75,Solve_Succeeded,19.050056222817453,2.2999625181216956,cap_scale1.10_k060_l1_r0,0.0268148602145683,0.11808751583384298,0.10937066829530556,0.29186377870577307,-0.028775966642582373,-0.048775966642582366,0.09699774504550858,-1.8990598992686536,-1.8790598992686536,-0.6807433861234125,-0.6803420291847745,-0.02215498876914601,0.777272619206579,0.6935965111366125
20.007327001924374,18.0,1.7079174040769183,1.7079173655057658,2.120433350825633,7.14052907582088e-05,7.358543703903083e-05,3.301010088776356e-07,9.99985492230236,4.1701565632364137e-07,1.0,27.388297198630518,0.497026551761652,2.249107174967073,2.910899999236324,155,90,0.0010913059938861677,606.4994602940649,4.839133287677814e-07,1.01733279659964,0.10197806005956367,0.0,0.00020195381980609342,27.388297986979484,0.001768074675305429,0.0,378.1124799258434,7.385681834220667,152.34673461137186,0.0,186.34030745359715,7197.892922971027,1.0,66.0,1,-0.9043504657253969,-0.08922885021336469,-1.6904793953593051,-1.0374521290947036,-0.3509183512952013,1.8877276434171701,1.324361383902724,1.8827922303897113,0.6813681612211697,-0.18884973020975468,0.11666666533487932,sol_stature1.60.pkl,2.400000023972172,0,-0.13388119998949566,-0.2315577626785284,0.0,-222.16160240696362,0.0,0.0,145.9,1.6,Solve_Succeeded,20.099999976027828,3.6000000359582565,stature1.60_k090_l1_r0,0.9535250768982132,-0.962060407194135,-0.3603898243953487,-0.2287036970146325,-0.02500098215440605,-0.06092707682127174,0.5190729231787282,0.8490729231787282,3.351966884456874,0.9415678026666956,2.1849427068787843,2.634866361897724,2.520715833919524,5.51210857886209
15.307769711851973,18.0,1.3429967316790057,1.342995798893378,1.130202162768657,8.724079889114256,0.000138274238838105,1.4360553626764503e-07,1.275780495640437,1.484931724343238e-06,1.05,5.8134983307354995,0.4447011891400926,0.6186193527524424,1.8699355367911021,143,135,0.002754941063450896,56.84161537340044,1.337732897821435e-06,0.007027289269811206,0.14449072918483385,0.0,13.142408534158305,5.813502287637041,0.0016689978193221069,0.0,58.047250611388144,0.55813477076075,20.09016605907408,0.0,5.264948745668322,276.261745212614,1.0,66.0,1,30.193829030351953,11.88595441835863,9.483427650698406,0.9124725836452713,1.8238367082551896,-4.431283055543665,-4.010660985476223,-5.335966409095121,-2.202153882088908,-0.9002332556572482,0.2181663890294073,sol_cap_scale1.05.pkl,0.5730049974706661,0,-0.0472516880738109,-0.0002190339634639376,0.0,-10.020199180683159,0.0,0.0,104.8,1.75,Solve_Succeeded,21.92699500252933,5.1570449772359765,cap_scale1.05_k135_l1_r0,0.017556338028453865,-0.10587109862802416,0.16591449941574182,0.024434805427221838,-0.012400956509971639,-0.8639688849712854,-1.0518119620270507,-1.2433923828789066,-1.0571205929911636,0.1397677054090618,2.133862008862703,2.764697276883094,3.3102348963058335,2.406022297287229
16.237992877170495,18.0,1.314112968686571,1.3141126905759395,1.3314855336242684,8.01228337195451,0.0701903643723741,4.1841683964061296e-08,1.9175255825023114,7.190786281348519e-07,1.0,0.5497582433667841,0.47657890926677554,3.9475169994117083,3.091319283604597,78,45,0.001231162887809339,31.55241550120725,4.4553712162617153e-07,0.010234542519028614,0.09390329873825004,0.0,0.0008691539475676431,0.5497591104692527,0.00044643544604198104,0.0,12.664460558536623,0.22315485193473883,2.3885753873001065,0.0,3.2647503663361475,212.9219502469144,1.0,66.0,1,-0.10859936755097173,-0.10099656918132396,-0.12076919254813787,-0.07619537941757307,-0.021411938919335162,0.08797400003191748,0.06182760324534508,0.07885359355312146,0.03302159611323385,0.014324080028486551,0.025899109894347443,sol_stature1.65.pkl,4.033816021901743,0,-0.015175129121329203,-0.00022707797655376063,0.0,-5.3180291992658,0.0,0.0,150.8,1.65,Solve_Succeeded,18.466183978098254,1.7287782951007493,stature1.65_k045_l1_r0,0.28142988723757056,-0.15926232828673859,-0.09613867078685215,0.19348959707358715,0.22285749871612728,0.2028574987161273,0.38196877663386963,-0.691256391996005,-0.6303061851589752,1.3209875511061784,1.2644233586309044,1.0547229834120382,-3.783141037734665,-4.35510679269642
14.279483967037676,18.0,1.1433933812414354,1.1433933690290665,1.1480808828989086,8.876562593240552,0.1294588928174805,3.1403672771512895e-09,0.9939784741362717,3.656462456689436e-08,0.95,0.07109143106186198,0.4633908506204781,3.0457225418814575,2.840284517173254,72,60,1.5859218213124622,19.425577245237953,3.037227305217837e-08,0.10964574356929901,0.5149021114435307,0.0,7.332741086066848e-05,0.07109147477304592,4.64639092298044e-06,0.0,10.167338858384916,0.11132725811663598,2.275263969139151,0.0,2.1334852751862305,90.57310653244028,1.0,66.0,1,0.3001947279876417,0.21216329736399037,0.2592803202015688,-0.06885939148278916,-0.019719499086559407,-0.03525038005180314,-0.025232270021505403,-0.03395497839493511,-0.0008184423008509855,-0.0024758203575934038,0.06002965520985231,sol_cap_scale0.95.pkl,3.4194662062226575,0,-0.03201216715319189,-0.34289166824064704,0.0,-4.193575546164832,0.0,0.0,132.2,1.75,Solve_Succeeded,19.08053379377734,2.2796441374817746,cap_scale0.95_k060_l1_r0,-0.1222781869846162,0.2897094501948066,0.15889983454453827,0.19290449008335692,0.03015198443540562,0.010151984435405631,0.014832711722591763,-1.9253721477197336,-1.855473546146307,0.14264693475247192,-0.31704291495755177,0.743442931027545,2.1343214978972602,2.4937778075043204
14.005347582256052,18.0,1.0506295216581667,1.0506295025537473,1.054554439970034,8.117274432527116,0.4987155629380558,3.796529386180813e-08,1.3840324348526793,1.0801073785436547e-07,1.0,0.11656001543061043,0.47443908749691827,5.70114754684676,3.4943288457084565,99,15,9.554871499654012e-05,11.99445206231923,3.047160494174016e-06,0.004701346789757051,0.2694275174660249,0.0,0.00016960236876217792,0.11656073936475432,2.369815922074181e-05,0.0,7.992115635965133,0.09682177395264877,2.507587480648974,0.0,0.9033878862868823,48.014662588742176,0.0,66.0,1,0.2779244042793613,0.16185655570940702,0.24607128037743867,0.09521335485514831,-0.02101898263371037,-0.011242989151718506,-0.006554375871544009,-0.00917413361464643,-0.004845473931913649,-0.0038271007750014987,0.9611852072477313,sol_stature1.85.pkl,5.198666269540833,0,-0.0009721602962179868,-0.19131990058743292,0.0,-3.0745113690215606,0.0,0.0,197.5,1.85,Solve_Succeeded,17.301333730459163,0.5776295855045355,stature1.85_k015_l0_r0,0.37024083660128326,-0.10960224195958802,-0.19282114813052462,0.007934886819625075,-0.0637880568597399,-0.2693435051656062,0.015586897404577775,0.3256138270657769,2.193362266341369,0.004583038339752638,-0.44486571267891717,0.3580625658818386,0.9407889148598378,2.96406777263757
13.60626121277388,18.0,1.0823843157941453,1.0823841465559412,1.0898321772448765,9.00013277416796,0.11567467805711529,3.536491744894582e-08,0.8841922164801187,2.9580237358508676e-07,1.0,0.06290228271713419,0.4535286029001133,3.2614783689405065,2.7779634113843152,78,60,1.6729282994201706,16.693667072661444,1.752898386271431e-07,0.000451614053347279,0.758927922153793,0.0,0.2544000552933854,0.06290258099062833,3.710367452269398e-05,0.0,9.05069867699532,0.10796859834644265,2.1931352701990363,0.0,1.2535985784298793,63.91065060473891,1.0,66.0,1,0.2374910140856525,0.16354660176105265,0.1886078470137684,-0.05455545175774814,-0.015389416649113875,-0.020688021554219928,-0.01435749902606793,-0.01883992195437511,0.0014797507495631146,-0.000738603562489346,0.05591933618946795,sol_stature1.80.pkl,3.4934519485895743,0,-0.006256081689222762,-0.521063415277784,0.0,-3.1579061056723536,0.0,0.0,132.3,1.8,Solve_Succeeded,19.006548051410423,2.3289679657263846,stature1.80_k060_l1_r0,-0.04984692462923028,0.2208805482460706,0.10639312179227982,0.1181139228939699,0.06979721969727334,-0.02792298140517968,-0.11009082864368877,-2.190090828643689,-2.1063733124582527,-0.3066724564160551,-0.3478715703617461,0.6816428442729487,1.8941982948757399,2.7694566908581297
13.237273090522871,18.0,1.1081256780841815,1.1081255440520776,1.11760507312265,9.274489912308713,0.10391426996503521,1.6974294713821417e-08,0.6215956420807375,1.5829044326610047e-07,1.2,0.07644617522985571,0.467693127894247,1.6798837803421918,2.1528739673157613,67,105,1.8793587566752166,16.495049374398583,8.672338025743832e-08,8.317552155114414e-05,0.20330842206610192,0.0,1.8058984153946809,0.07644649293585963,2.8637185574935658e-05,0.0,8.710946414042683,0.09511941080366741,2.1932934077166686,0.0,0.28319329869818227,49.65904085943048,1.0,66.0,1,0.07581771506593424,0.017080626704126998,-0.02284336656217139,0.0023395354555041724,0.004029124359393169,0.03290072910284107,0.023410600174381655,0.02845114689720157,0.018873536146321878,0.007137904932067596,0.15470477190359647,sol_cap_scale1.20.pkl,1.7153141057352599,0,-0.011732293248419037,-0.10990563272295586,0.0,-1.7934248058543143,0.0,0.0,105.1,1.75,Solve_Succeeded,20.784685894264737,4.002399580048937,cap_scale1.20_k105_l1_r0,0.34520689440686186,-0.3105169954031831,-0.319283774588157,0.058731557292383774,0.15997906597711742,0.1399790659771174,0.48647240206892245,-0.09132264402952656,-0.0074305337434033,-0.7607808210406906,-0.4223234954491828,1.1058284517087924,-4.931464043865674,-7.390590536990839
13.948422145729875,18.0,1.1392540421349557,1.1392540402527365,1.1480808828989086,8.902878163068902,0.12877018796229278,1.7739218367925897e-09,0.9683516274324908,1.9674323381049367e-08,0.95,0.08295052806224887,0.4719663263099872,2.2767294130561213,2.5507513005428732,84,90,1.4011733704691405,18.636467188114576,2.7116381963254148e-08,0.011507062848597054,0.28027862722251856,0.0,0.03658100004121013,0.08295057451559766,8.865557341897513e-06,0.0,9.72948361123246,0.11175554405993063,2.4196341206906222,0.0,1.7231827944630942,84.96627044599511,1.0,66.0,1,-0.17586977969967654,-0.11709818385426732,-0.10895007437469816,-0.03874462461083028,0.007183139855725267,-0.0007424355005069564,0.0017206429666301126,-0.00484591127102542,-0.0034680138129519963,1.868633958061793e-05,0.12335310347323475,sol_cap_scale0.95.pkl,2.2796441374817737,0,-0.011223709792953005,-0.15943809989735194,0.0,-3.6539593008898157,0.0,0.0,124.0,1.75,Solve_Succeeded,20.220355862518225,3.4194662062226584,cap_scale0.95_k090_l1_r0,0.07746961250533949,0.12601615706080566,0.010049821886451525,-0.06091857899376161,0.2200198081165161,0.062020333951835704,0.47759357305759004,0.7745339743164144,3.3018368449248228,1.5972759558985365,1.3663660724861417,-0.4228109635275846,-0.8501220388815367,-2.9380428079920744
12.837282793934198,18.0,0.9972968502846957,0.9972964560613397,1.0085713870454343,7.709985467065769,0.46378672508623536,2.503466593883966e-07,1.82622594839683,1.6083082750415e-06,1.0,0.08891541549855873,0.4512115997248901,3.921663080888205,2.8595727170408978,80,45,4.11120638389128,17.047924068399748,7.893421842559901e-07,0.0009380448106892724,0.3683967589113832,0.0,0.0032893305232122834,0.0889169978608626,0.0002639859292502144,0.0,8.560125328374255,0.1461226027586674,3.120070762018308,0.0,0.8633372738940777,52.56385616017797,1.0,66.0,1,0.11960767597123424,0.0824410794138733,0.15347915158676592,-0.06397533283670129,-0.010999967584250139,0.04607250053489584,0.03253504836128532,0.04108311318723013,0.0029693543937883075,0.002826046401098805,0.025690308762925242,sol_stature1.90.pkl,4.037574442267341,0,-0.00389698699735733,-0.22682034123814107,0.0,-3.0358394772895063,0.0,0.0,133.2,1.9,Solve_Succeeded,18.462425557732654,1.7303890466860032,stature1.90_k045_l1_r0,0.08139353341933746,-0.011065085277987833,0.029321419556117088,0.09342527306380825,0.30589420320130767,0.2858942032013077,0.23181164060173262,-1.8179550222276717,-1.7979550222276717,0.5321059111295297,0.2676562542055123,-2.0830349154873757,-3.2153033474607504,-2.6316292815543556
13.62918058997577,18.0,1.0448414277300067,1.044840683990451,1.054554439970034,8.260438593220421,0.4091543660439054,2.801830354499624e-07,1.3304047596017943,1.9927302635310733e-06,1.0,0.11910056343121495,0.46365464198343437,4.724936899431168,3.1762759927920983,107,30,0.0024170192412048055,12.729468360988953,1.302305115893309e-06,0.0017887018361917337,0.346648403342865,0.0,0.003458251197276792,0.11910234415514137,0.0006467812403511076,0.0,8.151781576910968,0.1012737773683068,2.413239244284478,0.0,0.8883647560482137,49.90506061288187,0.0,66.0,1,-0.1784862770884437,-0.1658238890456007,-0.1809578308083133,-0.07705756373526604,-0.0221772060646546,-0.022631610534430642,-0.015661905299702034,-0.025907887113454674,-0.012633171101940467,-0.0023540649615543833,0.9932757397757612,sol_stature1.85.pkl,4.621036684036294,0,-0.0016224440265547228,-0.23790821142651922,0.0,-2.8932310610605922,0.0,0.0,191.7,1.85,Solve_Succeeded,17.878963315963702,1.1552591710090745,stature1.85_k030_l0_r0,0.07459951870216233,0.26895011833941695,0.08540665338487514,0.21290805729670503,0.006814473517841697,-0.09045423559265584,0.06947328634850006,0.2658100946065243,1.3441663337873835,0.3000664394644667,0.8702648624242512,0.1985632909545791,-1.350587998424046,-4.940673011742594
27.143374468356594,18.0,2.49094489765136,2.227643795147792,1.0085713870454343,,,,,,1.0,,0.4135463390613384,0.7078134439910803,2.2241147261344207,750,135,,,,,,,,,,,,,,,,,1.0,66.0,0,,,,,,,,,,,0.21795575839470338,sol_stature1.90.pkl,0.5767963488953347,0,,,,,,,428.6,1.9,Infeasible_Problem_Detected,21.92320365110466,5.19116714005801,stature1.90_k135_l1_r0,0.9999991402234231,-0.9245407018324773,0.4265014719276883,0.5023660707251586,0.07541700220750068,-0.8158271777928395,-0.7540761995399942,-1.1175222989285232,-1.0545095362146906,-1.393991639125252,0.2958881591633413,2.775280592203714,5.011172734839656,3.5607752835007775
16.473243759435988,18.0,1.314060497430821,1.3140605042157576,1.3314855336242684,8.54526302034867,0.10366406581726811,1.2299522879625694e-08,1.3510902773594304,2.7681393471312483e-08,1.0,-0.07007747394237923,0.47736936321393014,5.28532958263301,3.3282628545117223,309,0,2.470837555773261e-05,29.96751837346951,2.1057159409684392e-07,0.0045445899041948006,1.2027878960977896,0.0,1.0859218261175106e-05,0.07007799632915382,9.06622069151486e-06,0.0,11.124666347881085,0.15744315648123916,1.7806060524961826,0.0,2.8059810153575513,170.57428214769914,0.0,66.0,1,0.15125267150691898,0.0862267411993733,0.1304199787537312,0.04468113895739879,0.016525431175255408,-0.019592707542299335,-0.016315710305740524,-0.02087785957198188,-0.010555424479496348,-0.004807154698733645,0.9298558712776391,sol_stature1.65.pkl,5.762594317002493,0,-0.00879697257950184,-1.0186579038043642,0.0,-4.532713939961314,0.0,0.0,360.4,1.65,Solve_Succeeded,16.737405682997505,0.0,stature1.65_k000_l0_r0,0.0639113659320134,0.11189363854974772,0.03507226804794063,0.23476294743583417,-6.963587090803553e-26,-4.312253132469632e-25,3.337895979304872e-27,-1.2353663842196228e-28,7.48233236929531e-27,-2.0269259419420325e-26,9.445942463077177e-24,2.286934907198135e-25,-1.1640040736546602e-26,2.5294806527154612e-26
16.61917236806375,18.0,1.3151325157843663,1.3151325233737927,1.3314855336242684,8.249766945518315,0.09009406594876206,1.032770784377628e-08,1.6601515328069347,1.9670260604563536e-08,1.0,0.2866879465930877,0.47752241047130817,5.5069720303726015,3.462674694919634,529,0,1.5220108838189624e-05,29.160075106406826,5.549584660967001e-07,0.0030458705888756947,0.2155022040948787,0.0,9.490614228248256e-06,0.2866880236921991,7.635062098099484e-06,0.0,11.022936955416196,0.17492824995328707,1.502164359150368,0.0,2.619474401458058,182.19370289521532,1.0,66.0,1,0.22744141109394622,0.13395003871106007,0.1715919233871871,0.06387951154200576,0.021929452270166405,0.00673515883190192,0.0035916677042216716,0.00530071831271701,0.0009620100590443138,-0.0005557355857855051,0.9298558712776391,sol_stature1.65.pkl,5.762594317002493,0,-0.012275556144770654,-0.11634094897208172,0.0,-4.422485808368533,0.0,0.0,506.7,1.65,Solve_Succeeded,16.737405682997505,0.0,stature1.65_k000_l1_r0,0.10401402164628722,0.08774475004805288,0.020730523192226957,0.23027776087617446,0.1439203389230724,0.1239203389230724,0.09070310303404033,0.05451133483458643,0.11168177577400774,-0.8985598460319286,-0.5359441157878024,-0.19013360562292925,-0.20317123427263142,-0.13435080529185914
