time,success,reason,t,U_peak,release_time,phi_release,d_min,T,m
1790783232.4541378,0,hit wall,0.032,0.498,0.0,0.9302476401419209,2.0715152929646248,18.0,66.0
1790783232.4897296,0,slipped off A,0.17,1.4776,,,,18.0,66.0
1790783232.514011,0,hit wall,0.21,1.4466,0.17999999999999616,0.9402476401419206,2.061513455290727,18.0,66.0
1790783232.5183084,0,slipped off A,0.276,1.699,,,,18.0,66.0
1790783232.5259316,0,grip capacity exceeded,0.282,2.8706,,,,18.0,66.0
1790783232.5313773,0,grip capacity exceeded,0.314,2.342,,,,18.0,66.0
1790783232.5367985,0,slipped off A,0.33,1.4752,,,,18.0,66.0
1790783232.548987,0,grip capacity exceeded,0.07,2.0461,,,,18.0,66.0
1790783232.5577502,0,grip capacity exceeded,0.122,2.2261,,,,18.0,66.0
1790783232.5651941,0,grip capacity exceeded,0.252,2.0251,,,,18.0,66.0
1790783232.5696836,0,grip capacity exceeded,0.19,2.1386,,,,18.0,66.0
1790783232.5747871,0,slipped off A,0.15,1.4912,,,,18.0,66.0
1790783232.589258,0,grip capacity exceeded,0.538,2.6887,,,,18.0,66.0
1790783232.5937977,0,grip capacity exceeded,0.076,2.313,,,,18.0,66.0
1790783232.614481,0,grip capacity exceeded,0.632,2.2799,,,,18.0,66.0
1790783232.619206,0,grip capacity exceeded,0.09,2.0067,,,,18.0,66.0
1790783232.6426158,0,slipped off A,0.29,1.3916,,,,18.0,66.0
1790783232.6516278,0,grip capacity exceeded,0.374,2.245,,,,18.0,66.0
1790783232.6516626,0,grip capacity exceeded,0.354,2.1039,,,,18.0,66.0
1790783232.6626806,0,grip capacity exceeded,0.488,2.4522,,,,18.0,66.0
1790783232.6873176,0,slipped off A,0.296,1.6142,,,,18.0,66.0
1790783232.7109892,0,slipped off A,0.222,1.162,,,,18.0,66.0
1790783232.7122428,0,hit wall,0.652,1.4433,0.6199999999999868,0.9646920845863646,2.0383448490493494,18.0,66.0
1790783232.7193184,0,slipped off A,0.51,1.279,,,,18.0,66.0
1790783232.7234964,0,slipped off A,0.42,1.8496,,,,18.0,66.0
1790783232.7235575,0,grip capacity exceeded,0.238,2.0383,,,,18.0,66.0
1790783232.758006,0,grip capacity exceeded,0.134,2.0963,,,,18.0,66.0
1790783232.7580955,0,slipped off A,0.41,1.7263,,,,18.0,66.0
1790783232.767914,0,slipped off A,0.22,0.961,,,,18.0,66.0
1790783232.7741435,0,hit wall,0.33,0.8505,0.1599999999999966,0.9391365290308096,1.979223243103201,18.0,66.0
1790783232.7854924,0,slipped off A,0.25,1.1488,,,,18.0,66.0
1790783232.7856832,0,grip capacity exceeded,0.278,2.7844,,,,18.0,66.0
1790783232.7918077,0,grip capacity exceeded,0.258,2.5537,,,,18.0,66.0
1790783232.8167038,0,grip capacity exceeded,0.154,3.0494,,,,18.0,66.0
1790783232.8168328,0,grip capacity exceeded,0.666,2.1229,,,,18.0,66.0
1790783232.8474767,0,grip capacity exceeded,0.3,2.0788,,,,18.0,66.0
1790783232.8573177,0,slipped off A,0.37,1.2096,,,,18.0,66.0
1790783232.8573046,0,grip capacity exceeded,0.252,2.9944,,,,18.0,66.0
1790783232.8577342,0,slipped off A,0.27,1.3635,,,,18.0,66.0
1790783232.8720267,0,missed B,0.43,0.8289,0.0799999999999983,0.9346920845863652,1.3124193006091973,18.0,66.0
1790783232.888104,0,grip capacity exceeded,0.142,2.0832,,,,18.0,66.0
1790783232.8890831,0,slipped off A,0.266,1.2028,,,,18.0,66.0
1790783232.9231627,0,slipped off A,0.49,1.7172,,,,18.0,66.0
1790783232.9351408,0,grip capacity exceeded,0.254,2.8023,,,,18.0,66.0
1790783232.956932,0,grip capacity exceeded,0.068,2.009,,,,18.0,66.0
1790783232.9815814,0,slipped off A,0.19,1.0045,,,,18.0,66.0
1790783232.9862866,0,grip capacity exceeded,0.59,2.1213,,,,18.0,66.0
1790783233.0005703,0,grip capacity exceeded,0.35,2.0035,,,,18.0,66.0
1790783233.0128374,0,missed B,0.504,0.8338,0.13999999999999702,0.9380254179196985,1.1955952232198055,18.0,66.0
1790783233.014903,0,hit wall,0.446,1.4405,0.33999999999999275,0.9491365290308094,1.9249790712509018,18.0,66.0
1790783233.0197353,0,grip capacity exceeded,0.418,2.4689,,,,18.0,66.0
1790783233.0368345,0,missed B,0.57,0.7016,0.05999999999999872,0.9335809734752541,1.2811695615313863,18.0,66.0
1790783233.0382986,0,hit wall,0.238,1.3164,0.19999999999999574,0.9413587512530318,2.0603733586837625,18.0,66.0
1790783233.0431552,0,slipped off A,0.07,1.4094,,,,18.0,66.0
1790783233.0517483,0,grip capacity exceeded,0.162,2.0245,,,,18.0,66.0
1790783233.0742555,0,grip capacity exceeded,0.08,2.0138,,,,18.0,66.0
1790783233.087552,0,slipped off A,0.26,0.95,,,,18.0,66.0
1790783233.093496,0,grip capacity exceeded,0.33,2.5993,,,,18.0,66.0
1790783233.0992122,0,slipped off A,0.222,1.6495,,,,18.0,66.0
1790783233.1001353,0,grip capacity exceeded,0.188,2.4677,,,,18.0,66.0
1790783233.138771,0,slipped off A,0.154,1.3041,,,,18.0,66.0
1790783233.139053,0,grip capacity exceeded,0.32,2.3458,,,,18.0,66.0
1790783233.1564507,0,slipped off A,0.184,1.1993,,,,18.0,66.0
1790783233.160029,0,hit wall,0.4,1.2285,0.25999999999999446,0.944692084586365,1.9647173380900864,18.0,66.0
1790783233.1821928,0,grip capacity exceeded,0.13,2.3185,,,,18.0,66.0
1790783233.2060447,0,missed B,0.61,1.2242,0.13999999999999702,0.9380254179196985,1.249835997634995,18.0,66.0
1790783233.2219882,0,grip capacity exceeded,0.384,2.4543,,,,18.0,66.0
1790783233.226778,0,slipped off A,0.27,1.2115,,,,18.0,66.0
1790783233.2439928,0,grip capacity exceeded,0.046,2.0341,,,,18.0,66.0
1790783233.2614532,0,grip capacity exceeded,0.334,2.135,,,,18.0,66.0
1790783233.2886868,0,slipped off A,0.67,1.623,,,,18.0,66.0
1790783233.2999334,0,grip capacity exceeded,0.316,2.0048,,,,18.0,66.0
1790783233.3071,0,missed B,0.774,1.0583,0.41999999999999105,0.9535809734752537,1.2481395374399102,18.0,66.0
1790783233.3247502,0,slipped off A,0.35,1.0181,,,,18.0,66.0
1790783233.3248706,0,hit wall,0.548,1.5812,0.49999999999998934,0.9580254179196981,2.044388700696289,18.0,66.0
1790783233.3305862,0,grip capacity exceeded,0.292,2.2734,,,,18.0,66.0
1790783233.3417187,0,grip capacity exceeded,0.118,3.2619,,,,18.0,66.0
1790783233.347805,0,grip capacity exceeded,0.158,2.6616,,,,18.0,66.0
1790783233.3540816,0,hit wall,0.036,0.498,0.0,0.9302476401419209,2.071376729782247,18.0,66.0
1790783233.3609905,0,slipped off A,0.338,1.2445,,,,18.0,66.0
1790783233.3666978,0,grip capacity exceeded,0.254,2.0517,,,,18.0,66.0
1790783233.3822954,0,slipped off A,0.65,1.8795,,,,18.0,66.0
1790783233.3878515,0,grip capacity exceeded,0.2,2.0569,,,,18.0,66.0
1790783233.434243,0,grip capacity exceeded,0.16,2.1213,,,,18.0,66.0
1790783233.4348173,0,hit wall,0.238,1.106,0.0799999999999983,0.9346920845863652,1.98381682889918,18.0,66.0
1790783233.439946,0,slipped off A,0.226,1.7687,,,,18.0,66.0
1790783233.4455714,0,slipped off A,0.176,1.7166,,,,18.0,66.0
1790783233.4530947,0,slipped off A,0.374,1.7064,,,,18.0,66.0
1790783233.4622455,0,slipped off A,0.3,1.2455,,,,18.0,66.0
1790783233.4637957,0,slipped off A,0.43,1.677,,,,18.0,66.0
1790783233.4770122,0,grip capacity exceeded,0.132,2.4111,,,,18.0,66.0
1790783233.4771829,0,grip capacity exceeded,0.384,2.0593,,,,18.0,66.0
1790783233.478597,0,hit wall,0.11,0.6504,0.05999999999999872,0.9335809734752541,2.0670888123455122,18.0,66.0
1790783233.4865053,0,slipped off A,0.148,1.7748,,,,18.0,66.0
1790783233.4966822,0,slipped off A,0.09,1.1493,,,,18.0,66.0
1790783233.513004,0,grip capacity exceeded,0.14,2.0943,,,,18.0,66.0
1790783233.5174546,0,slipped off A,0.194,1.4761,,,,18.0,66.0
1790783233.5241232,0,grip capacity exceeded,0.128,2.6599,,,,18.0,66.0
1790783233.531289,0,grip capacity exceeded,0.254,2.1494,,,,18.0,66.0
1790783233.5512302,0,grip capacity exceeded,0.172,2.0214,,,,18.0,66.0
1790783233.573375,0,grip capacity exceeded,0.166,2.4614,,,,18.0,66.0
1790783233.591729,0,grip capacity exceeded,0.358,2.4507,,,,18.0,66.0
1790783233.6317828,0,grip capacity exceeded,0.492,3.002,,,,18.0,66.0
1790783233.6325908,0,hit wall,0.338,1.2554,0.25999999999999446,0.944692084586365,2.057049058814408,18.0,66.0
1790783233.638351,0,grip capacity exceeded,0.39,2.3004,,,,18.0,66.0
1790783233.6505551,0,hit wall,0.042,0.498,0.0,0.9302476401419209,2.071453179187342,18.0,66.0
1790783233.6677945,0,hit wall,0.344,1.8719,0.19999999999999574,0.9413587512530318,1.871119751110687,18.0,66.0
1790783233.678264,0,slipped off A,0.63,1.5088,,,,18.0,66.0
1790783233.6791995,0,grip capacity exceeded,0.118,2.5377,,,,18.0,66.0
1790783233.6809752,0,hit wall,0.034,0.498,0.0,0.9302476401419209,2.071476540154999,18.0,66.0
1790783233.6967127,0,hit wall,0.178,1.0885,0.0799999999999983,0.9346920845863652,1.960541581436508,18.0,66.0
1790783233.7101943,0,grip capacity exceeded,0.096,2.5438,,,,18.0,66.0
1790783233.7166011,0,slipped off A,0.19,1.1579,,,,18.0,66.0
1790783233.7194371,0,hit wall,0.65,1.3292,0.6199999999999868,0.9646920845863646,2.038428100170037,18.0,66.0
1790783233.7384996,0,slipped off A,0.496,1.1637,,,,18.0,66.0
1790783233.7710173,0,grip capacity exceeded,0.174,2.3907,,,,18.0,66.0
1790783233.781684,0,slipped off A,0.304,1.822,,,,18.0,66.0
1790783233.7823975,0,grip capacity exceeded,0.192,2.582,,,,18.0,66.0
1790783233.8073397,0,slipped off A,0.352,1.853,,,,18.0,66.0
1790783233.8212695,0,slipped off A,0.27,0.9489,,,,18.0,66.0
1790783233.8440065,0,missed B,0.532,0.9029,0.0799999999999983,0.9346920845863652,1.2607148034251874,18.0,66.0
1790783233.8485157,0,slipped off A,0.43,1.3501,,,,18.0,66.0
1790783233.857281,0,slipped off A,0.11,1.3319,,,,18.0,66.0
1790783233.8836846,0,grip capacity exceeded,0.934,2.0789,,,,18.0,66.0
1790783233.895822,0,slipped off A,0.122,1.6069,,,,18.0,66.0
1790783233.9189289,0,slipped off A,0.48,1.4856,,,,18.0,66.0
1790783233.9248157,0,slipped off A,0.27,1.2481,,,,18.0,66.0
1790783233.9250796,0,grip capacity exceeded,0.482,2.3402,,,,18.0,66.0
1790783233.9309597,0,grip capacity exceeded,0.142,2.3632,,,,18.0,66.0
1790783233.9507184,0,grip capacity exceeded,0.072,2.1693,,,,18.0,66.0
1790783233.956015,0,slipped off A,0.346,1.2993,,,,18.0,66.0
1790783233.9888186,0,grip capacity exceeded,0.126,2.0338,,,,18.0,66.0
1790783233.9889963,0,slipped off A,0.31,1.4449,,,,18.0,66.0
1790783233.990981,0,missed B,0.752,1.386,0.2999999999999936,0.9469143068085872,1.2174863656877914,18.0,66.0
1790783234.005287,0,grip capacity exceeded,0.686,2.1154,,,,18.0,66.0
1790783234.0062914,0,grip capacity exceeded,0.29,2.6213,,,,18.0,66.0
1790783234.0120552,0,slipped off A,0.27,1.328,,,,18.0,66.0
1790783234.0324428,0,slipped off A,0.35,1.1116,,,,18.0,66.0
1790783234.053355,0,grip capacity exceeded,0.218,2.7206,,,,18.0,66.0
1790783234.0535245,0,slipped off A,0.148,1.392,,,,18.0,66.0
1790783234.065884,0,hit wall,0.112,0.6253,0.019999999999999574,0.931358751253032,1.9886910162163567,18.0,66.0
1790783234.0703995,0,grip capacity exceeded,0.188,2.0231,,,,18.0,66.0
1790783234.0877097,0,grip capacity exceeded,0.106,2.0403,,,,18.0,66.0
1790783234.0992413,0,slipped off A,0.31,1.8973,,,,18.0,66.0
1790783234.1050646,0,grip capacity exceeded,0.132,2.511,,,,18.0,66.0
1790783234.110539,0,grip capacity exceeded,0.418,2.2494,,,,18.0,66.0
1790783234.159838,0,slipped off A,0.23,0.8494,,,,18.0,66.0
1790783234.1871226,0,grip capacity exceeded,0.428,2.175,,,,18.0,66.0
1790783234.188676,0,hit wall,0.264,1.4245,0.11999999999999744,0.9369143068085874,2.00333165501716,18.0,66.0
1790783234.1942532,0,grip capacity exceeded,0.256,2.5792,,,,18.0,66.0
1790783234.2003624,0,grip capacity exceeded,0.402,2.075,,,,18.0,66.0
1790783234.2005389,0,missed B,0.694,1.7576,0.2199999999999953,0.9424698623641429,1.360562337732977,18.0,66.0
1790783234.2057412,0,missed B,0.834,1.5119,0.3799999999999919,0.9513587512530316,1.2233229489085495,18.0,66.0
1790783234.2427611,0,grip capacity exceeded,0.128,2.1856,,,,18.0,66.0
1790783234.252243,0,grip capacity exceeded,0.48,2.5321,,,,18.0,66.0
1790783234.2695563,0,slipped off A,0.268,1.3321,,,,18.0,66.0
1790783234.3045046,0,grip capacity exceeded,0.4,2.3267,,,,18.0,66.0
1790783234.304688,0,grip capacity exceeded,0.48,2.9268,,,,18.0,66.0
1790783234.3053813,0,slipped off A,0.35,1.8023,,,,18.0,66.0
1790783234.3384795,0,missed B,0.476,0.5842,0.0799999999999983,0.9346920845863652,1.2360545089278983,18.0,66.0
1790783234.3564227,0,grip capacity exceeded,0.322,2.5883,,,,18.0,66.0
1790783234.364665,0,slipped off A,0.162,1.2824,,,,18.0,66.0
1790783234.3727036,0,slipped off A,0.192,1.4514,,,,18.0,66.0
1790783234.3776827,0,grip capacity exceeded,0.418,2.6111,,,,18.0,66.0
1790783234.386319,0,hit wall,0.582,1.7403,0.4599999999999902,0.955803195697476,1.9786016503335973,18.0,66.0
1790783234.3996718,0,grip capacity exceeded,0.11,2.355,,,,18.0,66.0
1790783234.4038506,0,slipped off A,0.404,1.7818,,,,18.0,66.0
1790783234.4175587,0,slipped off A,0.336,1.1167,,,,18.0,66.0
1790783234.4677575,0,grip capacity exceeded,0.284,2.0195,,,,18.0,66.0
1790783234.4890869,0,grip capacity exceeded,0.342,2.7307,,,,18.0,66.0
1790783234.4946296,0,slipped off A,0.49,1.2684,,,,18.0,66.0
1790783234.4947224,0,grip capacity exceeded,0.354,2.1323,,,,18.0,66.0
1790783234.49621,0,grip capacity exceeded,0.314,2.746,,,,18.0,66.0
1790783234.5523043,0,hit wall,0.15,0.5044,0.019999999999999574,0.931358751253032,1.9411972444182033,18.0,66.0
1790783234.6062152,0,grip capacity exceeded,0.404,2.0063,,,,18.0,66.0
1790783234.6197066,0,slipped off A,0.37,0.8855,,,,18.0,66.0
1790783234.641259,0,slipped off A,0.25,1.7302,,,,18.0,66.0
1790783234.6692004,0,missed B,0.75,1.5721,0.2199999999999953,0.9424698623641429,1.2566673102452162,18.0,66.0
1790783234.669263,0,hit wall,0.91,1.9703,0.8799999999999812,0.9791365290308087,2.0255496429651076,18.0,66.0
1790783234.6730244,0,grip capacity exceeded,0.496,2.2598,,,,18.0,66.0
1790783234.69357,0,slipped off A,0.85,1.4057,,,,18.0,66.0
1790783234.7001915,0,slipped off A,0.212,1.3656,,,,18.0,66.0
1790783234.7184305,0,grip capacity exceeded,0.124,2.0871,,,,18.0,66.0
1790783234.7302518,0,slipped off A,0.252,1.6006,,,,18.0,66.0
1790783234.7421048,0,grip capacity exceeded,0.186,2.0179,,,,18.0,66.0
1790783234.7758,0,slipped off A,0.29,1.3945,,,,18.0,66.0
1790783234.7957666,0,grip capacity exceeded,0.284,2.0567,,,,18.0,66.0
1790783234.798791,0,missed B,0.85,0.9965,0.3199999999999932,0.9480254179196983,1.1090904906547707,18.0,66.0
1790783234.8141382,0,grip capacity exceeded,0.218,2.0366,,,,18.0,66.0
1790783234.8160377,0,slipped off A,0.266,1.6455,,,,18.0,66.0
1790783234.8163226,0,grip capacity exceeded,0.116,2.7745,,,,18.0,66.0
1790783234.8362186,0,grip capacity exceeded,0.294,2.0938,,,,18.0,66.0
1790783234.8425856,0,grip capacity exceeded,0.674,3.2812,,,,18.0,66.0
1790783234.8754232,0,grip capacity exceeded,0.192,2.2361,,,,18.0,66.0
1790783234.8884623,0,missed B,0.57,0.9508,0.09999999999999787,0.9358031956974764,1.3311972565009638,18.0,66.0
1790783234.9073436,0,slipped off A,0.35,1.5009,,,,18.0,66.0
1790783234.9129164,0,grip capacity exceeded,0.368,2.0902,,,,18.0,66.0
1790783234.9142268,0,grip capacity exceeded,0.232,2.0513,,,,18.0,66.0
1790783234.9351156,0,slipped off A,0.386,1.1143,,,,18.0,66.0
1790783234.9426558,0,slipped off A,0.11,1.5257,,,,18.0,66.0
1790783234.9663863,0,missed B,0.408,0.6137,0.03999999999999915,0.9324698623641431,1.3045147647870572,18.0,66.0
1790783234.97305,0,hit wall,0.482,1.4725,0.3799999999999919,0.9513587512530316,1.9778814922234342,18.0,66.0
1790783235.01064,0,hit wall,0.31,0.9697,0.27999999999999403,0.9458031956974762,2.056102275909559,18.0,66.0
1790783235.0166373,0,slipped off A,0.328,1.5238,,,,18.0,66.0
1790783235.0279238,0,grip capacity exceeded,0.3,2.1971,,,,18.0,66.0
1790783235.0305355,0,hit wall,0.046,1.2784,0.019999999999999574,0.931358751253032,2.070458921972365,18.0,66.0
1790783235.0349739,0,slipped off A,0.23,0.9679,,,,18.0,66.0
1790783235.0415826,0,slipped off A,0.49,1.6199,,,,18.0,66.0
1790783235.0434155,0,slipped off A,0.522,1.7312,,,,18.0,66.0
1790783235.0513072,0,hit wall,0.26,1.4343,0.19999999999999574,0.9413587512530318,2.0565786452215047,18.0,66.0
1790783235.0564213,0,slipped off A,0.118,1.7597,,,,18.0,66.0
1790783235.0671153,0,grip capacity exceeded,0.102,2.0768,,,,18.0,66.0
1790783235.0675416,0,slipped off A,0.09,1.4762,,,,18.0,66.0
1790783235.0682025,0,grip capacity exceeded,0.396,2.4814,,,,18.0,66.0
1790783235.0849872,0,hit wall,0.092,1.5916,0.05999999999999872,0.9335809734752541,2.068122078085947,18.0,66.0
1790783235.090778,0,hit wall,0.064,0.6492,0.019999999999999574,0.931358751253032,2.0701633687074614,18.0,66.0
1790783235.1110494,0,hit wall,0.206,1.2705,0.1599999999999966,0.9391365290308096,2.062509090109401,18.0,66.0
1790783235.1304164,0,grip capacity exceeded,0.358,2.181,,,,18.0,66.0
1790783235.1564558,0,slipped off A,0.39,1.6011,,,,18.0,66.0
1790783235.1680565,0,slipped off A,0.43,0.9939,,,,18.0,66.0
1790783235.1687453,0,grip capacity exceeded,0.342,2.1978,,,,18.0,66.0
1790783235.1733918,0,grip capacity exceeded,0.122,2.1859,,,,18.0,66.0
1790783235.1880896,0,grip capacity exceeded,0.418,2.1349,,,,18.0,66.0
1790783235.2075365,0,slipped off A,0.306,1.5805,,,,18.0,66.0
1790783235.2293608,0,slipped off A,0.462,1.7846,,,,18.0,66.0
1790783235.239823,0,grip capacity exceeded,0.146,2.0284,,,,18.0,66.0
1790783235.245899,0,slipped off A,0.236,1.8683,,,,18.0,66.0
1790783235.2564528,0,grip capacity exceeded,0.242,2.2066,,,,18.0,66.0
1790783235.2651305,0,grip capacity exceeded,0.114,2.0783,,,,18.0,66.0
1790783235.2745056,0,grip capacity exceeded,0.086,2.4504,,,,18.0,66.0
1790783235.2840176,0,missed B,0.63,0.9926,0.17999999999999616,0.9402476401419206,1.218022308261829,18.0,66.0
1790783235.2895827,0,grip capacity exceeded,0.078,2.1013,,,,18.0,66.0
1790783235.2976289,0,grip capacity exceeded,0.27,3.2965,,,,18.0,66.0
1790783235.3137329,0,missed B,0.466,0.7592,0.03999999999999915,0.9324698623641431,1.2377418368725874,18.0,66.0
1790783235.3239443,0,slipped off A,0.25,1.7059,,,,18.0,66.0
1790783235.342086,0,grip capacity exceeded,0.18,2.0694,,,,18.0,66.0
1790783235.349612,0,grip capacity exceeded,0.068,2.0858,,,,18.0,66.0
1790783235.3496685,0,slipped off A,0.55,1.0254,,,,18.0,66.0
1790783235.3728783,0,grip capacity exceeded,0.298,2.0183,,,,18.0,66.0
1790783235.3831642,0,slipped off A,0.252,1.5162,,,,18.0,66.0
1790783235.4036102,0,slipped off A,0.07,1.1998,,,,18.0,66.0
1790783235.4351223,0,grip capacity exceeded,0.242,3.0001,,,,18.0,66.0
1790783235.4425406,0,hit wall,0.27,1.1213,0.2199999999999953,0.9424698623641429,2.05439482660357,18.0,66.0
1790783235.4539921,0,grip capacity exceeded,0.042,2.04,,,,18.0,66.0
1790783235.4542105,0,slipped off A,0.49,1.4255,,,,18.0,66.0
1790783235.4657643,0,grip capacity exceeded,0.23,2.0473,,,,18.0,66.0
1790783235.509123,0,missed B,0.58,1.1077,0.11999999999999744,0.9369143068085874,1.2116136544094547,18.0,66.0
1790783235.5172358,0,missed B,0.742,1.3321,0.25999999999999446,0.944692084586365,1.1772618620606974,18.0,66.0
1790783235.518659,0,hit wall,0.2,1.4807,0.1599999999999966,0.9391365290308096,2.062473387987277,18.0,66.0
1790783235.5226204,0,grip capacity exceeded,0.18,2.6939,,,,18.0,66.0
1790783235.5226703,0,grip capacity exceeded,0.322,2.0646,,,,18.0,66.0
1790783235.5275986,0,grip capacity exceeded,0.152,2.2248,,,,18.0,66.0
1790783235.5372128,0,hit wall,0.558,1.7511,,,,18.0,66.0
1790783236.7221978,0,grip capacity exceeded,0.316,2.2941,,,,18.0,66.0
1790783236.7316408,0,grip capacity exceeded,0.104,2.9501,,,,18.0,66.0
1790783236.7360318,0,slipped off A,0.17,1.4718,,,,18.0,66.0
1790783236.7363677,0,grip capacity exceeded,0.198,2.0515,,,,18.0,66.0
1790783236.7527597,0,slipped off A,0.23,0.8147,,,,18.0,66.0
1790783236.8033917,0,grip capacity exceeded,0.384,2.0027,,,,18.0,66.0
1790783236.80958,0,slipped off A,0.228,1.328,,,,18.0,66.0
1790783236.8233845,0,missed B,0.488,0.8035,0.11999999999999744,0.9369143068085874,1.1818107562566478,18.0,66.0
1790783236.8612938,0,slipped off A,0.174,1.6929,,,,18.0,66.0
1790783236.861982,0,hit wall,0.15,0.5253,0.019999999999999574,0.931358751253032,1.9380489101250304,18.0,66.0
1790783236.865559,0,missed B,0.408,0.5357,0.019999999999999574,0.931358751253032,1.3616623426417707,18.0,66.0
1790783236.894232,0,missed B,0.512,1.5178,0.1599999999999966,0.9391365290308096,1.2571479761138398,18.0,66.0
1790783236.8943458,0,grip capacity exceeded,0.07,2.1617,,,,18.0,66.0
1790783236.898661,0,grip capacity exceeded,0.484,2.0433,,,,18.0,66.0
1790783236.9012544,0,slipped off A,0.69,1.1737,,,,18.0,66.0
1790783236.9576123,0,hit wall,0.228,0.6887,0.11999999999999744,0.9369143068085874,1.94448010455813,18.0,66.0
1790783236.9717689,0,slipped off A,0.19,1.7516,,,,18.0,66.0
1790783236.9853604,0,missed B,0.422,0.5328,0.019999999999999574,0.931358751253032,1.3468574611042128,18.0,66.0
1790783236.9928944,0,grip capacity exceeded,0.67,2.0679,,,,18.0,66.0
1790783236.9996803,0,grip capacity exceeded,0.352,2.4978,,,,18.0,66.0
1790783237.007343,0,slipped off A,0.266,1.6335,,,,18.0,66.0
1790783237.0368044,0,grip capacity exceeded,0.118,2.3858,,,,18.0,66.0
1790783237.0523896,0,slipped off A,0.408,1.8767,,,,18.0,66.0
1790783237.067758,0,slipped off A,0.154,1.3894,,,,18.0,66.0
1790783237.0800712,0,slipped off A,0.33,1.4136,,,,18.0,66.0
1790783237.1060123,0,grip capacity exceeded,0.292,2.3549,,,,18.0,66.0
1790783237.1115737,0,missed B,0.394,1.3997,0.019999999999999574,0.931358751253032,1.417452314720699,18.0,66.0
1790783237.1129138,0,grip capacity exceeded,0.216,2.4931,,,,18.0,66.0
1790783237.1217444,0,grip capacity exceeded,0.38,2.4896,,,,18.0,66.0
1790783237.128244,0,missed B,0.606,1.2517,0.0799999999999983,0.9346920845863652,1.2720272300624058,18.0,66.0
1790783237.134353,0,slipped off A,0.19,1.4348,,,,18.0,66.0
1790783237.1510322,0,grip capacity exceeded,0.108,2.2808,,,,18.0,66.0
1790783237.1634185,0,hit wall,0.178,1.3074,0.11999999999999744,0.9369143068085874,2.036269202061581,18.0,66.0
1790783237.175776,0,grip capacity exceeded,0.166,2.0444,,,,18.0,66.0
1790783237.1959903,0,grip capacity exceeded,0.44,2.0529,,,,18.0,66.0
1790783237.197349,0,slipped off A,0.21,1.6077,,,,18.0,66.0
1790783237.2122626,0,grip capacity exceeded,0.098,2.3331,,,,18.0,66.0
1790783237.2232454,0,grip capacity exceeded,0.168,2.1421,,,,18.0,66.0
1790783237.2566943,0,grip capacity exceeded,0.19,2.2135,,,,18.0,66.0
1790783237.261946,0,slipped off A,0.21,1.4803,,,,18.0,66.0
1790783237.2630928,0,hit wall,0.132,0.7381,0.0799999999999983,0.9346920845863652,2.0565183753930003,18.0,66.0
1790783237.2694156,0,slipped off A,0.486,1.5828,,,,18.0,66.0
1790783237.2782028,0,slipped off A,0.448,1.4201,,,,18.0,66.0
1790783237.3090022,0,hit wall,0.31,0.8296,0.23999999999999488,0.9435809734752539,2.0546294661201436,18.0,66.0
1790783237.3090394,0,missed B,0.712,1.0411,0.19999999999999574,0.9413587512530318,1.3528474525723204,18.0,66.0
1790783237.3230963,0,slipped off A,0.53,1.2369,,,,18.0,66.0
1790783237.3357067,0,slipped off A,0.174,1.1805,,,,18.0,66.0
1790783237.3394632,0,slipped off A,0.23,0.9695,,,,18.0,66.0
1790783237.347959,0,grip capacity exceeded,0.252,2.688,,,,18.0,66.0
1790783237.3583403,0,grip capacity exceeded,0.16,2.19,,,,18.0,66.0
1790783237.38,0,slipped off A,0.142,1.6878,,,,18.0,66.0
1790783237.3872066,0,hit wall,0.136,1.5375,0.09999999999999787,0.9358031956974764,2.065855485624222,18.0,66.0
1790783237.393507,0,slipped off A,0.394,1.4676,,,,18.0,66.0
1790783237.405263,0,grip capacity exceeded,0.462,2.1213,,,,18.0,66.0
1790783237.4097574,0,slipped off A,0.27,1.3368,,,,18.0,66.0
1790783237.4156575,0,grip capacity exceeded,0.228,2.3227,,,,18.0,66.0
1790783237.4437277,0,slipped off A,0.41,1.3056,,,,18.0,66.0
1790783237.4516523,0,grip capacity exceeded,0.264,2.0422,,,,18.0,66.0
1790783237.4680119,0,slipped off A,0.242,1.7183,,,,18.0,66.0
1790783237.488307,0,slipped off A,0.276,1.4926,,,,18.0,66.0
1790783237.493926,0,grip capacity exceeded,0.24,2.9839,,,,18.0,66.0
1790783237.4957347,0,slipped off A,0.15,1.5597,,,,18.0,66.0
1790783237.5075576,0,slipped off A,0.18,1.3837,,,,18.0,66.0
1790783237.5235143,0,hit wall,0.34,1.5021,0.2999999999999936,0.9469143068085872,2.05489480791948,18.0,66.0
1790783237.5285895,0,grip capacity exceeded,0.106,2.3777,,,,18.0,66.0
1790783237.5445187,0,grip capacity exceeded,0.102,2.0544,,,,18.0,66.0
1790783237.571637,0,slipped off A,0.57,1.9522,,,,18.0,66.0
1790783237.5717103,0,slipped off A,0.258,1.8384,,,,18.0,66.0
1790783237.5848584,0,grip capacity exceeded,0.21,2.3243,,,,18.0,66.0
1790783237.594995,0,grip capacity exceeded,0.338,3.6715,,,,18.0,66.0
1790783237.6012168,0,grip capacity exceeded,0.614,2.4021,,,,18.0,66.0
1790783237.6270483,0,slipped off A,0.196,1.1398,,,,18.0,66.0
1790783237.6418157,0,grip capacity exceeded,0.212,2.1861,,,,18.0,66.0
1790783237.6426196,0,grip capacity exceeded,0.252,2.0032,,,,18.0,66.0
1790783237.6660507,0,slipped off A,0.494,1.6403,,,,18.0,66.0
1790783237.688865,0,grip capacity exceeded,0.154,2.4662,,,,18.0,66.0
1790783237.695665,0,slipped off A,0.09,1.2436,,,,18.0,66.0
1790783237.7165477,0,slipped off A,0.39,1.2091,,,,18.0,66.0
1790783237.7177663,0,slipped off A,0.296,1.2974,,,,18.0,66.0
1790783237.7213202,0,slipped off A,0.43,1.3492,,,,18.0,66.0
1790783237.7438986,0,missed B,0.686,1.2971,0.33999999999999275,0.9491365290308094,1.4338756832875998,18.0,66.0
1790783237.7440789,0,hit wall,0.174,1.2232,0.09999999999999787,0.9358031956974764,2.0657977348849106,18.0,66.0
1790783237.7547562,0,grip capacity exceeded,0.188,2.1434,,,,18.0,66.0
1790783237.7644444,0,grip capacity exceeded,0.15,2.5657,,,,18.0,66.0
1790783237.7770593,0,grip capacity exceeded,1.022,2.2982,,,,18.0,66.0
1790783237.7836163,0,slipped off A,0.078,1.177,,,,18.0,66.0
1790783237.7889435,0,slipped off A,0.48,1.6289,,,,18.0,66.0
1790783237.7974696,0,grip capacity exceeded,0.252,2.6068,,,,18.0,66.0
1790783237.8032904,0,grip capacity exceeded,0.064,2.0312,,,,18.0,66.0
1790783237.8033452,0,grip capacity exceeded,0.178,2.4839,,,,18.0,66.0
1790783237.8149457,0,slipped off A,0.292,1.5275,,,,18.0,66.0
1790783237.8224907,0,grip capacity exceeded,0.076,2.2023,,,,18.0,66.0
1790783237.8282795,0,grip capacity exceeded,0.232,2.6747,,,,18.0,66.0
1790783237.8436956,0,slipped off A,0.11,1.6608,,,,18.0,66.0
1790783237.8494053,0,slipped off A,0.23,1.1337,,,,18.0,66.0
1790783237.8620367,0,slipped off A,0.146,1.3687,,,,18.0,66.0
1790783237.8726487,0,grip capacity exceeded,0.142,2.0757,,,,18.0,66.0
1790783237.8823726,0,slipped off A,0.31,1.2362,,,,18.0,66.0
1790783237.9018724,0,grip capacity exceeded,0.358,2.5194,,,,18.0,66.0
1790783237.9043944,0,hit wall,0.326,1.968,0.27999999999999403,0.9458031956974762,2.055957262585983,18.0,66.0
1790783237.9301605,0,grip capacity exceeded,0.25,2.1651,,,,18.0,66.0
1790783237.9359658,0,hit wall,0.42,1.5518,0.33999999999999275,0.9491365290308094,2.0486462892196067,18.0,66.0
1790783237.9502664,0,slipped off A,0.37,0.7936,,,,18.0,66.0
1790783237.9731233,0,hit wall,0.432,1.0282,0.3599999999999923,0.9502476401419204,2.046383586220438,18.0,66.0
1790783237.9752991,0,slipped off A,0.11,1.7616,,,,18.0,66.0
1790783238.0069125,0,grip capacity exceeded,0.346,3.0856,,,,18.0,66.0
1790783238.017567,0,grip capacity exceeded,0.16,2.7494,,,,18.0,66.0
1790783238.0289392,0,hit wall,0.196,1.1747,0.11999999999999744,0.9369143068085874,2.0263896580988625,18.0,66.0
1790783238.0289664,0,missed B,0.508,1.1766,0.09999999999999787,0.9358031956974764,1.1787056372488032,18.0,66.0
1790783238.0513341,0,grip capacity exceeded,0.36,2.9123,,,,18.0,66.0
1790783238.0681107,0,grip capacity exceeded,0.572,2.1783,,,,18.0,66.0
1790783238.0962734,0,grip capacity exceeded,0.262,2.0918,,,,18.0,66.0
1790783238.1081116,0,slipped off A,0.328,1.5076,,,,18.0,66.0
1790783238.108514,0,grip capacity exceeded,0.12,2.295,,,,18.0,66.0
1790783238.1225638,0,slipped off A,0.65,1.4924,,,,18.0,66.0
1790783238.1400092,0,slipped off A,0.37,1.8137,,,,18.0,66.0
1790783238.145303,0,grip capacity exceeded,0.392,2.7412,,,,18.0,66.0
1790783238.1506734,0,grip capacity exceeded,0.964,2.1286,,,,18.0,66.0
1790783238.1506734,0,grip capacity exceeded,0.142,2.3444,,,,18.0,66.0
1790783238.1657863,0,grip capacity exceeded,0.226,2.2362,,,,18.0,66.0
1790783238.1764264,0,slipped off A,0.09,1.4976,,,,18.0,66.0
1790783238.186638,0,slipped off A,0.286,1.7796,,,,18.0,66.0
1790783238.201571,0,grip capacity exceeded,0.536,2.0121,,,,18.0,66.0
1790783238.2075236,0,slipped off A,0.23,1.0887,,,,18.0,66.0
1790783238.213675,0,grip capacity exceeded,0.328,2.356,,,,18.0,66.0
1790783238.220922,0,grip capacity exceeded,0.118,2.3978,,,,18.0,66.0
1790783238.2308435,0,slipped off A,0.34,1.4466,,,,18.0,66.0
1790783238.248119,0,slipped off A,0.25,1.0333,,,,18.0,66.0
1790783238.2491822,0,grip capacity exceeded,0.138,2.6688,,,,18.0,66.0
1790783238.2656367,0,slipped off A,0.154,1.3469,,,,18.0,66.0
1790783238.2716517,0,slipped off A,0.37,1.4396,,,,18.0,66.0
1790783238.2892761,0,grip capacity exceeded,0.192,2.006,,,,18.0,66.0
1790783238.2919428,0,slipped off A,0.49,1.8809,,,,18.0,66.0
1790783238.3040352,0,hit wall,0.176,1.0604,0.11999999999999744,0.9369143068085874,2.064720349210843,18.0,66.0
1790783238.3189433,0,hit wall,0.33,1.5004,0.27999999999999403,0.9458031956974762,2.052431594977086,18.0,66.0
1790783238.3248339,0,grip capacity exceeded,0.226,2.3156,,,,18.0,66.0
1790783238.336732,0,grip capacity exceeded,0.44,2.1361,,,,18.0,66.0
1790783238.3447638,0,grip capacity exceeded,0.152,3.2606,,,,18.0,66.0
1790783238.3535023,0,grip capacity exceeded,0.248,3.1147,,,,18.0,66.0
1790783238.3642957,0,grip capacity exceeded,0.278,2.0965,,,,18.0,66.0
1790783238.3655634,0,hit wall,0.138,1.0911,0.0799999999999983,0.9346920845863652,2.063634860025236,18.0,66.0
1790783238.4131427,0,grip capacity exceeded,0.182,2.0343,,,,18.0,66.0
1790783238.4197085,0,grip capacity exceeded,0.366,2.013,,,,18.0,66.0
1790783238.4213843,0,hit wall,0.224,0.6658,0.13999999999999702,0.9380254179196985,2.024892357691163,18.0,66.0
1790783238.4462833,0,grip capacity exceeded,0.35,2.7559,,,,18.0,66.0
1790783238.4551346,0,grip capacity exceeded,0.094,2.1294,,,,18.0,66.0
1790783238.4557002,0,slipped off A,0.296,1.2638,,,,18.0,66.0
1790783238.4976048,0,grip capacity exceeded,0.216,2.4543,,,,18.0,66.0
1790783238.515591,0,hit wall,0.162,0.6656,0.0799999999999983,0.9346920845863652,2.022777430786403,18.0,66.0
1790783238.527161,0,slipped off A,0.23,1.5464,,,,18.0,66.0
1790783238.5275898,0,grip capacity exceeded,0.474,2.3303,,,,18.0,66.0
1790783238.5460896,0,hit wall,0.154,1.3531,0.11999999999999744,0.9369143068085874,2.0647768841216565,18.0,66.0
1790783238.5528028,0,missed B,0.738,0.7492,0.2199999999999953,0.9424698623641429,1.3046889464756188,18.0,66.0
1790783238.5545166,0,slipped off A,0.41,1.2521,,,,18.0,66.0
1790783238.5595937,0,slipped off A,0.13,1.2911,,,,18.0,66.0
1790783238.5763657,0,grip capacity exceeded,0.062,2.7195,,,,18.0,66.0
1790783238.576394,0,missed B,0.64,1.1012,0.09999999999999787,0.9358031956974764,1.2504698722390832,18.0,66.0
1790783238.579096,0,grip capacity exceeded,0.376,2.139,,,,18.0,66.0
1790783238.6064634,0,grip capacity exceeded,0.198,2.4004,,,,18.0,66.0
1790783238.6136794,0,slipped off A,0.27,1.3173,,,,18.0,66.0
1790783238.6189625,0,slipped off A,0.13,1.4135,,,,18.0,66.0
1790783238.6246438,0,hit wall,0.218,1.2772,0.17999999999999616,0.9402476401419206,2.0614814811957607,18.0,66.0
1790783238.6507943,0,hit wall,0.226,1.3541,0.11999999999999744,0.9369143068085874,1.9570048114336895,18.0,66.0
1790783238.669805,0,grip capacity exceeded,0.128,2.5767,,,,18.0,66.0
1790783238.6701314,0,slipped off A,0.46,1.8847,,,,18.0,66.0
1790783238.6750844,0,slipped off A,0.29,1.4981,,,,18.0,66.0
1790783238.7026997,0,slipped off A,0.294,1.2641,,,,18.0,66.0
1790783238.7070796,0,grip capacity exceeded,0.468,2.2545,,,,18.0,66.0
1790783238.7332084,0,grip capacity exceeded,0.176,2.4352,,,,18.0,66.0
1790783238.741232,0,slipped off A,0.352,1.3867,,,,18.0,66.0
1790783238.741297,0,hit wall,0.09,1.6627,0.05999999999999872,0.9335809734752541,2.0681537187322085,18.0,66.0
1790783238.7488103,0,grip capacity exceeded,0.206,2.1169,,,,18.0,66.0
1790783238.755678,0,missed B,0.41,0.7295,0.0799999999999983,0.9346920845863652,1.2068575997033124,18.0,66.0
1790783238.7808309,0,grip capacity exceeded,0.364,2.293,,,,18.0,66.0
1790783238.8070676,0,slipped off A,0.196,1.5312,,,,18.0,66.0
1790783238.8349552,0,grip capacity exceeded,0.286,2.2185,,,,18.0,66.0
1790783238.8351238,0,hit wall,0.172,0.5326,0.09999999999999787,0.9358031956974764,2.0339599934081396,18.0,66.0
1790783238.873476,0,slipped off A,0.164,1.7926,,,,18.0,66.0
1790783238.8827477,0,slipped off A,0.378,1.3991,,,,18.0,66.0
1790783238.8882396,0,slipped off A,0.432,1.7999,,,,18.0,66.0
1790783238.899706,0,grip capacity exceeded,0.68,2.3324,,,,18.0,66.0
1790783238.9153712,0,grip capacity exceeded,0.092,2.1755,,,,18.0,66.0
1790783238.921122,0,grip capacity exceeded,0.624,2.4496,,,,18.0,66.0
1790783238.947233,0,grip capacity exceeded,0.082,2.2759,,,,18.0,66.0
1790783238.9530613,0,grip capacity exceeded,0.24,2.015,,,,18.0,66.0
1790783238.9557796,0,grip capacity exceeded,0.322,2.1769,,,,18.0,66.0
1790783238.9615886,0,slipped off A,0.35,1.4281,,,,18.0,66.0
1790783238.9849668,0,grip capacity exceeded,0.29,2.7896,,,,18.0,66.0
1790783238.993598,0,slipped off A,0.11,1.3494,,,,18.0,66.0
1790783239.0218618,0,grip capacity exceeded,0.068,2.9731,,,,18.0,66.0
1790783239.0534885,0,missed B,0.938,1.6843,0.4599999999999902,0.955803195697476,1.3758953911167386,18.0,66.0
1790783239.0659957,0,hit wall,0.11,1.8497,0.0799999999999983,0.9346920845863652,2.0671158098630698,18.0,66.0
1790783239.0778687,0,hit wall,0.446,1.6495,0.3799999999999919,0.9513587512530316,2.0275053720382146,18.0,66.0
1790783239.091501,0,slipped off A,0.11,1.5192,,,,18.0,66.0
1790783239.098645,0,missed B,0.392,0.498,0.0,0.9302476401419209,1.2720016925903077,18.0,66.0
1790783239.109845,0,hit wall,0.356,1.343,0.25999999999999446,0.944692084586365,2.0010450025096307,18.0,66.0
1790783239.1296852,0,grip capacity exceeded,0.196,2.1484,,,,18.0,66.0
1790783239.1375837,0,slipped off A,0.69,1.8019,,,,18.0,66.0
1790783239.1589348,0,missed B,0.614,1.1871,0.09999999999999787,0.9358031956974764,1.3805647680452144,18.0,66.0
1790783239.168711,0,slipped off A,0.07,1.4001,,,,18.0,66.0
1790783239.189087,0,grip capacity exceeded,0.266,2.2512,,,,18.0,66.0
1790783239.208724,0,missed B,0.734,1.4912,0.3199999999999932,0.9480254179196983,1.08940570846538,18.0,66.0
1790783239.2127697,0,grip capacity exceeded,0.238,2.0603,,,,18.0,66.0
1790783239.2362752,0,grip capacity exceeded,0.436,2.5771,,,,18.0,66.0
1790783239.259839,0,grip capacity exceeded,0.402,2.1048,,,,18.0,66.0
1790783239.2717001,0,grip capacity exceeded,0.178,2.5932,,,,18.0,66.0
1790783239.302875,0,hit wall,0.202,1.6293,0.1599999999999966,0.9391365290308096,2.062493803240953,18.0,66.0
1790783239.3086,0,slipped off A,0.15,1.4435,,,,18.0,66.0
1790783239.3085914,0,grip capacity exceeded,0.636,2.3942,,,,18.0,66.0
1790783239.317644,0,grip capacity exceeded,0.318,2.0563,,,,18.0,66.0
1790783239.323109,0,slipped off A,0.466,1.2405,,,,18.0,66.0
1790783239.33326,0,grip capacity exceeded,0.424,2.213,,,,18.0,66.0
1790783239.3538892,0,hit wall,0.584,1.5429,0.49999999999998934,0.9580254179196981,1.9917489134076583,18.0,66.0
1790783239.367793,0,hit wall,0.194,0.5663,0.09999999999999787,0.9358031956974764,1.9693432888036655,18.0,66.0
1790783239.3772812,0,slipped off A,0.35,1.7997,,,,18.0,66.0
1790783239.399244,0,grip capacity exceeded,0.074,2.4889,,,,18.0,66.0
1790783239.4062557,0,grip capacity exceeded,0.346,3.1127,,,,18.0,66.0
1790783239.4111395,0,slipped off A,0.31,1.1058,,,,18.0,66.0
1790783239.434056,0,hit wall,0.076,1.2341,0.03999999999999915,0.9324698623641431,2.069238548315013,18.0,66.0
1790783239.44598,0,grip capacity exceeded,0.3,2.8245,,,,18.0,66.0
1790783239.4508665,0,slipped off A,0.106,1.9202,,,,18.0,66.0
1790783239.451846,0,hit wall,0.376,1.703,,,,18.0,66.0
1790783239.4806094,0,grip capacity exceeded,0.102,2.4216,,,,18.0,66.0
1790783239.4862695,0,slipped off A,0.27,1.2144,,,,18.0,66.0
1790783239.486284,0,grip capacity exceeded,0.526,2.0257,,,,18.0,66.0
1790783239.491644,0,grip capacity exceeded,0.136,2.1361,,,,18.0,66.0
1790783239.4918137,0,slipped off A,0.13,1.4416,,,,18.0,66.0
1790783239.5023673,0,hit wall,0.034,0.498,0.0,0.9302476401419209,2.0714699151439517,18.0,66.0
1790783239.5034382,0,missed B,0.448,1.3019,0.03999999999999915,0.9324698623641431,1.2694414757296946,18.0,66.0
1790783239.526919,0,grip capacity exceeded,0.166,2.5249,,,,18.0,66.0
1790783239.5585408,0,hit wall,0.182,1.1858,0.0799999999999983,0.9346920845863652,2.01769165993158,18.0,66.0
1790783239.5614142,0,slipped off A,0.25,1.1459,,,,18.0,66.0
1790783239.5682683,0,grip capacity exceeded,0.27,2.2412,,,,18.0,66.0
1790783239.6181633,0,slipped off A,0.29,1.5917,,,,18.0,66.0
1790783239.652248,0,missed B,0.484,0.498,0.0,0.9302476401419209,1.2784213359921206,18.0,66.0
1790783239.6636617,0,slipped off A,0.33,1.2028,,,,18.0,66.0
1790783239.6704793,0,hit wall,0.058,0.6856,0.019999999999999574,0.931358751253032,2.0702404728837847,18.0,66.0
1790783239.6861408,0,grip capacity exceeded,1.248,2.8313,,,,18.0,66.0
1790783239.6977396,0,slipped off A,0.422,1.6607,,,,18.0,66.0
1790783239.7431111,0,grip capacity exceeded,1.0,2.0677,,,,18.0,66.0
1790783239.7531629,0,slipped off A,0.222,1.3924,,,,18.0,66.0
1790783239.7783427,0,grip capacity exceeded,0.068,2.3901,,,,18.0,66.0
1790783239.7844217,0,grip capacity exceeded,0.134,2.2091,,,,18.0,66.0
1790783239.8064032,0,slipped off A,0.07,1.2534,,,,18.0,66.0
1790783239.8260572,0,hit wall,0.602,1.5312,,,,18.0,66.0
1790783239.8317516,0,missed B,0.432,0.498,0.0,0.9302476401419209,1.2588668844822921,18.0,66.0
1790783239.8430822,0,missed B,0.514,1.3742,0.0799999999999983,0.9346920845863652,1.3540582279696454,18.0,66.0
1790783239.8652565,0,grip capacity exceeded,0.168,2.0553,,,,18.0,66.0
1790783239.8722084,0,grip capacity exceeded,0.93,2.4957,,,,18.0,66.0
1790783239.8940718,0,slipped off A,0.15,1.3137,,,,18.0,66.0
1790783239.8955061,0,grip capacity exceeded,0.168,2.3469,,,,18.0,66.0
1790783239.9005663,0,slipped off A,1.262,1.3249,,,,18.0,66.0
1790783239.910627,0,slipped off A,0.13,1.2589,,,,18.0,66.0
1790783239.9204173,0,grip capacity exceeded,0.672,2.1093,,,,18.0,66.0
1790783239.9260738,0,grip capacity exceeded,0.114,2.7853,,,,18.0,66.0
1790783239.9340568,0,grip capacity exceeded,0.338,2.9717,,,,18.0,66.0
1790783239.9388354,0,slipped off A,0.136,1.7655,,,,18.0,66.0
1790783239.9553454,0,slipped off A,0.27,1.4465,,,,18.0,66.0
1790783239.9603906,0,grip capacity exceeded,0.078,2.0705,,,,18.0,66.0
1790783241.0201254,0,slipped off A,0.144,1.3394,,,,18.0,66.0
1790783241.022264,0,grip capacity exceeded,0.25,2.1928,,,,18.0,66.0
1790783241.0273669,0,slipped off A,0.14,1.6206,,,,18.0,66.0
1790783241.0393934,0,missed B,0.622,1.0734,0.19999999999999574,0.9413587512530318,1.6326283363902105,18.0,66.0
1790783241.044968,0,slipped off A,0.27,1.4667,,,,18.0,66.0
1790783241.051432,0,grip capacity exceeded,0.096,2.2226,,,,18.0,66.0
1790783241.101133,0,grip capacity exceeded,0.198,2.0633,,,,18.0,66.0
1790783241.1075234,0,slipped off A,0.326,1.0352,,,,18.0,66.0
1790783241.1197553,0,slipped off A,0.344,1.8229,,,,18.0,66.0
1790783241.1305254,0,grip capacity exceeded,0.308,2.0725,,,,18.0,66.0
1790783241.1314962,0,grip capacity exceeded,0.37,2.0076,,,,18.0,66.0
1790783241.1356902,0,grip capacity exceeded,0.526,2.6947,,,,18.0,66.0
1790783241.1656404,0,hit wall,0.47,1.0703,,,,18.0,66.0
1790783241.1726482,0,slipped off A,0.23,1.1654,,,,18.0,66.0
1790783241.1910694,0,grip capacity exceeded,0.172,2.1765,,,,18.0,66.0
1790783241.1962724,0,missed B,0.494,1.0262,0.11999999999999744,0.9369143068085874,1.4190463397531308,18.0,66.0
1790783241.196737,0,grip capacity exceeded,0.076,2.1423,,,,18.0,66.0
1790783241.2033944,0,grip capacity exceeded,0.312,2.0888,,,,18.0,66.0
1790783241.2328362,0,slipped off A,0.118,1.734,,,,18.0,66.0
1790783241.2329953,0,grip capacity exceeded,0.33,2.5325,,,,18.0,66.0
1790783241.247391,0,hit wall,0.414,1.1673,0.27999999999999403,0.9458031956974762,1.867866637583493,18.0,66.0
1790783241.2571633,0,slipped off A,0.29,1.9378,,,,18.0,66.0
1790783241.2644367,0,hit wall,0.056,0.5122,0.019999999999999574,0.931358751253032,2.0702711954172623,18.0,66.0
1790783241.2708848,0,missed B,0.448,1.2951,0.11999999999999744,0.9369143068085874,1.401358430145205,18.0,66.0
1790783241.2824214,0,grip capacity exceeded,0.056,2.0107,,,,18.0,66.0
1790783241.3087366,0,slipped off A,0.322,0.9099,,,,18.0,66.0
1790783241.3259282,0,slipped off A,0.212,1.8165,,,,18.0,66.0
1790783241.342464,0,slipped off A,0.238,0.969,,,,18.0,66.0
1790783241.3433187,0,slipped off A,0.19,1.9363,,,,18.0,66.0
1790783241.3486166,0,slipped off A,0.49,1.3633,,,,18.0,66.0
1790783241.3754544,0,hit wall,0.086,0.5357,0.03999999999999915,0.9324698623641431,2.069087867406377,18.0,66.0
1790783241.3814445,0,grip capacity exceeded,0.62,2.0181,,,,18.0,66.0
1790783241.3917856,0,hit wall,0.504,1.4796,,,,18.0,66.0
1790783241.3925407,0,grip capacity exceeded,0.142,2.431,,,,18.0,66.0
1790783241.407131,0,grip capacity exceeded,0.116,2.1628,,,,18.0,66.0
1790783241.4128752,0,slipped off A,0.35,1.4003,,,,18.0,66.0
1790783241.4172592,0,slipped off A,0.308,1.5953,,,,18.0,66.0
1790783241.4267385,0,slipped off A,0.11,1.1465,,,,18.0,66.0
1790783241.4330537,0,hit wall,0.17,1.9452,0.13999999999999702,0.9380254179196985,2.0636956935442745,18.0,66.0
1790783241.466753,0,hit wall,0.088,0.5236,0.019999999999999574,0.931358751253032,2.0352164166968087,18.0,66.0
1790783241.4799538,0,grip capacity exceeded,0.792,2.2382,,,,18.0,66.0
1790783241.5340567,0,grip capacity exceeded,0.572,2.1742,,,,18.0,66.0
1790783241.5351334,0,grip capacity exceeded,0.198,2.7794,,,,18.0,66.0
1790783241.5648892,0,slipped off A,0.43,1.7509,,,,18.0,66.0
1790783241.5663078,0,missed B,0.388,0.6714,0.019999999999999574,0.931358751253032,1.3112009568768086,18.0,66.0
1790783241.5713558,0,grip capacity exceeded,0.436,2.9025,,,,18.0,66.0
1790783241.5775273,0,slipped off A,0.27,1.4044,,,,18.0,66.0
1790783241.5882502,0,slipped off A,0.15,1.5027,,,,18.0,66.0
1790783241.5884786,0,grip capacity exceeded,0.582,2.0238,,,,18.0,66.0
1790783241.611061,0,slipped off A,0.234,1.4159,,,,18.0,66.0
1790783241.635649,0,grip capacity exceeded,0.226,2.0887,,,,18.0,66.0
1790783241.637773,0,grip capacity exceeded,0.216,2.1294,,,,18.0,66.0
1790783241.6463816,0,grip capacity exceeded,0.268,2.8459,,,,18.0,66.0
1790783241.6621492,0,grip capacity exceeded,0.336,2.4636,,,,18.0,66.0
1790783241.6901968,0,slipped off A,0.162,1.4246,,,,18.0,66.0
1790783241.6966343,0,grip capacity exceeded,0.3,2.7546,,,,18.0,66.0
1790783241.7062476,0,grip capacity exceeded,0.152,2.5129,,,,18.0,66.0
1790783241.7063625,0,hit wall,0.958,1.9625,,,,18.0,66.0
1790783241.7066607,0,grip capacity exceeded,0.234,2.2139,,,,18.0,66.0
1790783241.7072592,0,hit wall,0.216,1.0872,0.17999999999999616,0.9402476401419206,2.061434971074875,18.0,66.0
1790783241.729755,0,slipped off A,0.07,1.4982,,,,18.0,66.0
1790783241.7602983,0,hit wall,0.146,0.6912,0.0799999999999983,0.9346920845863652,2.0435788550476794,18.0,66.0
1790783241.78751,0,slipped off A,0.298,1.3317,,,,18.0,66.0
1790783241.794456,0,slipped off A,0.3,1.9072,,,,18.0,66.0
1790783241.8116684,0,grip capacity exceeded,0.304,2.0672,,,,18.0,66.0
1790783241.812674,0,grip capacity exceeded,0.318,2.1292,,,,18.0,66.0
1790783241.8355958,0,slipped off A,0.81,1.6808,,,,18.0,66.0
1790783241.8440847,0,slipped off A,0.246,1.8354,,,,18.0,66.0
1790783241.8773975,0,missed B,0.46,0.8168,0.11999999999999744,0.9369143068085874,1.2163201956372998,18.0,66.0
1790783241.8992195,0,grip capacity exceeded,0.214,2.4474,,,,18.0,66.0
1790783241.9012456,0,slipped off A,0.372,1.443,,,,18.0,66.0
1790783241.907419,0,slipped off A,0.31,1.9452,,,,18.0,66.0
1790783241.9189293,0,grip capacity exceeded,0.136,2.2547,,,,18.0,66.0
1790783241.9362872,0,hit wall,0.31,1.3129,0.27999999999999403,0.9458031956974762,2.0561622530641146,18.0,66.0
1790783241.946211,0,grip capacity exceeded,0.084,2.3113,,,,18.0,66.0
1790783241.9642074,0,slipped off A,0.19,1.4252,,,,18.0,66.0
1790783241.9687512,0,slipped off A,1.27,1.2834,,,,18.0,66.0
1790783241.974998,0,slipped off A,0.55,1.8048,,,,18.0,66.0
1790783241.9897978,0,slipped off A,0.09,0.7781,,,,18.0,66.0
1790783242.007349,0,slipped off A,0.244,1.7321,,,,18.0,66.0
1790783242.0151944,0,slipped off A,0.39,0.9747,,,,18.0,66.0
1790783242.02428,0,grip capacity exceeded,0.264,2.0176,,,,18.0,66.0
1790783242.0265753,0,slipped off A,0.428,1.6516,,,,18.0,66.0
1790783242.0712066,0,grip capacity exceeded,0.14,2.1933,,,,18.0,66.0
1790783242.0907128,0,slipped off A,0.41,1.2841,,,,18.0,66.0
1790783242.1656313,0,grip capacity exceeded,0.286,2.5197,,,,18.0,66.0
1790783242.1709688,0,slipped off A,0.234,1.4153,,,,18.0,66.0
1790783242.176105,0,missed B,0.626,0.8081,0.1599999999999966,0.9391365290308096,1.3204182809138163,18.0,66.0
1790783242.217628,0,slipped off A,1.388,1.9666,,,,18.0,66.0
1790783242.252785,0,grip capacity exceeded,0.764,2.1375,,,,18.0,66.0
1790783242.2639692,0,grip capacity exceeded,0.746,2.2974,,,,18.0,66.0
1790783242.2690015,0,hit wall,0.882,1.8378,,,,18.0,66.0
1790783242.2691429,0,grip capacity exceeded,0.314,2.5595,,,,18.0,66.0
1790783242.2754893,0,slipped off A,0.19,0.9233,,,,18.0,66.0
1790783242.3115106,0,slipped off A,0.164,1.1612,,,,18.0,66.0
1790783242.3170056,0,slipped off A,0.48,1.7168,,,,18.0,66.0
1790783242.3181021,0,grip capacity exceeded,0.106,2.464,,,,18.0,66.0
1790783242.3303556,0,slipped off A,0.488,1.7933,,,,18.0,66.0
1790783242.3368056,0,grip capacity exceeded,0.22,2.7984,,,,18.0,66.0
1790783242.3729882,0,grip capacity exceeded,0.284,2.0766,,,,18.0,66.0
1790783242.3871527,0,missed B,1.148,1.6102,0.6999999999999851,0.9691365290308089,1.1139796051744868,18.0,66.0
1790783242.394766,0,grip capacity exceeded,0.208,2.194,,,,18.0,66.0
1790783242.410952,0,slipped off A,0.21,1.5836,,,,18.0,66.0
1790783242.4281447,0,hit wall,0.178,0.9817,0.13999999999999702,0.9380254179196985,2.063691944684185,18.0,66.0
1790783242.443086,0,grip capacity exceeded,0.34,2.4342,,,,18.0,66.0
1790783242.4537675,0,missed B,0.522,0.5863,0.05999999999999872,0.9335809734752541,1.2425427788031016,18.0,66.0
1790783242.4658675,0,grip capacity exceeded,0.434,2.162,,,,18.0,66.0
1790783242.4718273,0,slipped off A,0.462,1.6611,,,,18.0,66.0
1790783242.506524,0,hit wall,0.3,1.2382,0.23999999999999488,0.9435809734752539,2.0495303305432886,18.0,66.0
1790783242.5210807,0,slipped off A,0.39,1.3472,,,,18.0,66.0
1790783242.522521,0,hit wall,0.218,0.8656,0.1599999999999966,0.9391365290308096,2.055414506016844,18.0,66.0
1790783242.522542,0,grip capacity exceeded,0.404,2.2239,,,,18.0,66.0
1790783242.527898,0,grip capacity exceeded,0.19,2.4349,,,,18.0,66.0
1790783242.534623,0,grip capacity exceeded,0.28,2.094,,,,18.0,66.0
1790783242.5532575,0,grip capacity exceeded,0.094,2.2272,,,,18.0,66.0
1790783242.556119,0,grip capacity exceeded,0.26,2.5154,,,,18.0,66.0
1790783242.5845375,0,grip capacity exceeded,0.154,2.0412,,,,18.0,66.0
1790783242.5922585,0,slipped off A,0.21,1.0398,,,,18.0,66.0
1790783242.6040847,0,grip capacity exceeded,0.528,2.0135,,,,18.0,66.0
1790783242.6472514,0,grip capacity exceeded,0.148,2.3448,,,,18.0,66.0
1790783242.6550484,0,hit wall,0.39,1.1359,0.3199999999999932,0.9480254179196983,2.0501318159047366,18.0,66.0
1790783242.661012,0,grip capacity exceeded,0.384,2.181,,,,18.0,66.0
1790783242.6719847,0,grip capacity exceeded,0.5,2.4902,,,,18.0,66.0
1790783242.703089,0,slipped off A,0.272,1.2047,,,,18.0,66.0
1790783242.710337,0,slipped off A,0.15,1.464,,,,18.0,66.0
1790783242.7492368,0,slipped off A,0.47,1.2882,,,,18.0,66.0
1790783242.7623875,0,grip capacity exceeded,0.608,2.3073,,,,18.0,66.0
1790783242.7807703,0,grip capacity exceeded,0.352,2.0919,,,,18.0,66.0
1790783242.796955,0,slipped off A,0.73,1.5296,,,,18.0,66.0
1790783242.797403,0,hit wall,0.46,1.4711,0.3999999999999915,0.9524698623641427,2.046378289613166,18.0,66.0
1790783242.812092,0,slipped off A,0.154,1.0534,,,,18.0,66.0
1790783242.8180797,0,slipped off A,0.432,1.0397,,,,18.0,66.0
1790783242.839031,0,slipped off A,0.09,1.3571,,,,18.0,66.0
1790783242.8450336,0,slipped off A,0.43,1.4851,,,,18.0,66.0
1790783242.8519714,0,slipped off A,0.33,0.9849,,,,18.0,66.0
1790783242.8601003,0,slipped off A,0.19,1.2926,,,,18.0,66.0
1790783242.882378,0,grip capacity exceeded,0.102,2.041,,,,18.0,66.0
1790783242.8827221,0,slipped off A,0.214,1.3603,,,,18.0,66.0
1790783242.8896074,0,slipped off A,0.15,1.4367,,,,18.0,66.0
1790783242.89513,0,grip capacity exceeded,0.372,2.6881,,,,18.0,66.0
1790783242.895771,0,slipped off A,0.11,1.4041,,,,18.0,66.0
1790783242.899939,0,grip capacity exceeded,0.15,2.1621,,,,18.0,66.0
1790783242.9368637,0,hit wall,0.744,1.5079,0.6599999999999859,0.9669143068085868,1.9991406541049035,18.0,66.0
1790783242.9424517,0,slipped off A,0.156,1.4033,,,,18.0,66.0
1790783242.948554,0,slipped off A,0.49,1.6314,,,,18.0,66.0
1790783242.9536102,0,slipped off A,0.23,1.7863,,,,18.0,66.0
1790783242.9543707,0,grip capacity exceeded,0.222,2.9128,,,,18.0,66.0
1790783242.9713593,0,grip capacity exceeded,0.112,2.0171,,,,18.0,66.0
1790783243.0130975,0,grip capacity exceeded,0.384,2.5769,,,,18.0,66.0
1790783243.0187922,0,slipped off A,0.19,1.4981,,,,18.0,66.0
1790783243.0337706,0,grip capacity exceeded,0.402,2.1551,,,,18.0,66.0
1790783243.0809627,0,slipped off A,0.38,1.7478,,,,18.0,66.0
1790783243.0836174,0,slipped off A,0.39,1.5804,,,,18.0,66.0
1790783243.089421,0,missed B,0.592,1.7613,0.11999999999999744,0.9369143068085874,1.2423579161661127,18.0,66.0
1790783243.1030462,0,grip capacity exceeded,0.058,2.1302,,,,18.0,66.0
1790783243.1099572,0,slipped off A,0.492,1.3275,,,,18.0,66.0
1790783243.1162426,0,slipped off A,0.264,1.4527,,,,18.0,66.0
1790783243.1648872,0,slipped off A,0.17,1.3717,,,,18.0,66.0
1790783243.1656,0,hit wall,0.226,1.462,0.19999999999999574,0.9413587512530318,2.0605336739721434,18.0,66.0
1790783243.1727653,0,grip capacity exceeded,0.18,2.5132,,,,18.0,66.0
1790783243.1883185,0,grip capacity exceeded,0.208,3.0568,,,,18.0,66.0
1790783243.1890156,0,grip capacity exceeded,0.076,2.1781,,,,18.0,66.0
1790783243.1943102,0,slipped off A,0.65,1.5778,,,,18.0,66.0
1790783243.214011,0,grip capacity exceeded,0.59,2.0578,,,,18.0,66.0
1790783243.2468202,0,grip capacity exceeded,0.642,2.2473,,,,18.0,66.0
1790783243.2483103,0,slipped off A,0.19,1.0503,,,,18.0,66.0
1790783243.2568212,0,slipped off A,0.29,1.7789,,,,18.0,66.0
1790783243.259823,0,grip capacity exceeded,0.536,2.0469,,,,18.0,66.0
1790783243.2770875,0,slipped off A,0.37,1.4068,,,,18.0,66.0
1790783243.301943,0,grip capacity exceeded,0.076,2.0119,,,,18.0,66.0
1790783243.3239195,0,slipped off A,0.426,1.8118,,,,18.0,66.0
1790783243.3242712,0,grip capacity exceeded,0.46,2.9078,,,,18.0,66.0
1790783243.3317735,0,slipped off A,0.27,1.6153,,,,18.0,66.0
1790783243.3777416,0,grip capacity exceeded,0.146,2.7551,,,,18.0,66.0
1790783243.3834674,0,grip capacity exceeded,0.268,2.3329,,,,18.0,66.0
1790783243.3846905,0,grip capacity exceeded,0.414,2.2623,,,,18.0,66.0
1790783243.3975883,0,grip capacity exceeded,0.602,2.0728,,,,18.0,66.0
1790783243.4179485,0,missed B,0.548,1.0676,0.11999999999999744,0.9369143068085874,1.3353666335593122,18.0,66.0
1790783243.431854,0,slipped off A,0.55,1.4,,,,18.0,66.0
1790783243.4364007,0,slipped off A,0.154,1.5661,,,,18.0,66.0
1790783243.4421964,0,grip capacity exceeded,0.162,2.4034,,,,18.0,66.0
1790783243.4546,0,grip capacity exceeded,0.224,2.2602,,,,18.0,66.0
1790783243.4785779,0,grip capacity exceeded,0.144,2.5503,,,,18.0,66.0
1790783243.4993377,0,hit wall,0.568,1.4867,,,,18.0,66.0
1790783243.5092833,0,slipped off A,0.31,1.3952,,,,18.0,66.0
1790783243.5102618,0,slipped off A,0.244,1.128,,,,18.0,66.0
1790783243.528387,0,grip capacity exceeded,0.434,2.0407,,,,18.0,66.0
1790783243.537177,0,slipped off A,0.27,1.9367,,,,18.0,66.0
1790783243.562104,0,grip capacity exceeded,0.182,2.2989,,,,18.0,66.0
1790783243.5737844,0,grip capacity exceeded,0.116,2.0973,,,,18.0,66.0
1790783243.60113,0,grip capacity exceeded,0.29,2.0585,,,,18.0,66.0
1790783243.607235,0,grip capacity exceeded,0.304,2.0118,,,,18.0,66.0
1790783243.6129887,0,slipped off A,0.45,1.2499,,,,18.0,66.0
1790783243.642517,0,grip capacity exceeded,0.09,2.7938,,,,18.0,66.0
1790783243.6493444,0,hit wall,0.1,0.498,0.0,0.9302476401419209,2.0648334824381744,18.0,66.0
1790783243.6620212,0,grip capacity exceeded,0.416,2.111,,,,18.0,66.0
1790783243.6811712,0,hit wall,1.15,1.5667,0.9199999999999804,0.981358751253031,1.6212283476911529,18.0,66.0
1790783243.6856778,0,grip capacity exceeded,0.116,2.6472,,,,18.0,66.0
1790783243.6984622,0,grip capacity exceeded,0.29,2.2204,,,,18.0,66.0
1790783243.7003062,0,slipped off A,0.398,1.5894,,,,18.0,66.0
1790783243.7243078,0,slipped off A,0.91,1.9942,,,,18.0,66.0
1790783243.7593086,0,grip capacity exceeded,0.2,2.0493,,,,18.0,66.0
1790783243.7718072,0,grip capacity exceeded,0.268,3.1894,,,,18.0,66.0
1790783243.7977262,0,slipped off A,0.31,1.4195,,,,18.0,66.0
1790783243.799785,0,grip capacity exceeded,0.238,2.1162,,,,18.0,66.0
1790783243.8247416,0,grip capacity exceeded,0.834,2.0645,,,,18.0,66.0
1790783243.8314989,0,missed B,0.536,0.7687,0.17999999999999616,0.9402476401419206,1.2010511883841881,18.0,66.0
1790783243.8677788,0,hit wall,0.112,0.498,0.0,0.9302476401419209,1.9483432467081694,18.0,66.0
1790783243.872754,0,grip capacity exceeded,0.59,2.5026,,,,18.0,66.0
1790783243.8950524,0,slipped off A,0.37,1.2166,,,,18.0,66.0
1790783243.896343,0,slipped off A,0.29,1.1472,,,,18.0,66.0
1790783243.9467468,0,slipped off A,0.45,1.7776,,,,18.0,66.0
1790783243.9516284,0,grip capacity exceeded,0.28,2.4155,,,,18.0,66.0
1790783243.957421,0,hit wall,0.184,1.7383,0.0799999999999983,0.9346920845863652,1.9709728596781166,18.0,66.0
1790783243.9627903,0,grip capacity exceeded,0.206,2.3862,,,,18.0,66.0
1790783243.976724,0,missed B,0.676,1.2266,0.2999999999999936,0.9469143068085872,1.331145024012884,18.0,66.0
1790783243.9997826,0,hit wall,0.13,0.6359,0.03999999999999915,0.9324698623641431,1.975995482105689,18.0,66.0
1790783244.021246,0,slipped off A,0.61,1.3041,,,,18.0,66.0
1790783244.0256388,0,grip capacity exceeded,1.222,2.2967,,,,18.0,66.0
1790783244.025829,0,grip capacity exceeded,0.502,2.8321,,,,18.0,66.0
1790783244.0337727,0,hit wall,0.19,1.4011,0.1599999999999966,0.9391365290308096,2.0626438768933295,18.0,66.0
1790783244.0565307,0,hit wall,0.364,1.4318,0.3199999999999932,0.9480254179196983,2.0538488074588668,18.0,66.0
1790783244.061223,0,grip capacity exceeded,0.364,2.0653,,,,18.0,66.0
1790783244.0614314,0,grip capacity exceeded,0.218,2.0065,,,,18.0,66.0
1790783244.0620322,0,grip capacity exceeded,0.136,2.0482,,,,18.0,66.0
1790783244.0874276,0,slipped off A,0.072,1.4006,,,,18.0,66.0
1790783244.0961757,0,hit wall,0.11,0.498,0.0,0.9302476401419209,1.9519050507266786,18.0,66.0
1790783244.1461582,0,grip capacity exceeded,0.598,2.0956,,,,18.0,66.0
1790783244.146791,0,missed B,0.37,0.5337,0.03999999999999915,0.9324698623641431,1.2654770067617456,18.0,66.0
1790783244.159584,0,grip capacity exceeded,0.204,2.1826,,,,18.0,66.0
1790783244.1621432,0,slipped off A,0.298,1.4764,,,,18.0,66.0
1790783244.1746778,0,slipped off A,0.072,1.514,,,,18.0,66.0
1790783244.1764586,0,grip capacity exceeded,0.338,2.0311,,,,18.0,66.0
1790783244.193886,0,slipped off A,0.29,1.0556,,,,18.0,66.0
1790783245.261557,0,missed B,0.562,1.4667,0.13999999999999702,0.9380254179196985,1.2434820473387964,18.0,66.0
1790783245.2685068,0,hit wall,0.166,1.4982,0.0799999999999983,0.9346920845863652,2.0669262260009487,18.0,66.0
1790783245.2803674,0,grip capacity exceeded,0.172,2.2985,,,,18.0,66.0
1790783245.2891052,0,slipped off A,0.638,1.5651,,,,18.0,66.0
1790783245.3034763,0,hit wall,0.166,0.7577,0.0799999999999983,0.9346920845863652,1.985435737374123,18.0,66.0
1790783245.314194,0,slipped off A,0.35,1.1102,,,,18.0,66.0
1790783245.3164825,0,hit wall,0.126,0.5499,0.09999999999999787,0.9358031956974764,2.066035852033606,18.0,66.0
1790783245.3224347,0,grip capacity exceeded,0.34,2.053,,,,18.0,66.0
1790783245.3391984,0,grip capacity exceeded,0.148,2.0869,,,,18.0,66.0
1790783245.3450289,0,hit wall,0.184,0.8049,0.1599999999999966,0.9391365290308096,2.062799780496634,18.0,66.0
1790783245.3710375,0,slipped off A,0.17,1.8564,,,,18.0,66.0
1790783245.3796513,0,grip capacity exceeded,0.12,2.2523,,,,18.0,66.0
1790783245.3806968,0,grip capacity exceeded,0.236,2.1262,,,,18.0,66.0
1790783245.4028823,0,grip capacity exceeded,0.092,2.4383,,,,18.0,66.0
1790783245.4041772,0,slipped off A,0.546,1.5664,,,,18.0,66.0
1790783245.454437,0,missed B,0.42,1.2377,0.05999999999999872,0.9335809734752541,1.3266930480009054,18.0,66.0
1790783245.4612296,0,missed B,0.446,0.498,0.0,0.9302476401419209,1.2313679790148717,18.0,66.0
1790783245.461349,0,hit wall,0.618,1.838,,,,18.0,66.0
1790783245.4777436,0,slipped off A,0.23,1.1532,,,,18.0,66.0
1790783245.485532,0,slipped off A,0.25,1.0083,,,,18.0,66.0
1790783245.5008988,0,slipped off A,0.072,1.4248,,,,18.0,66.0
1790783245.5272884,0,grip capacity exceeded,0.466,3.374,,,,18.0,66.0
1790783245.5470927,0,grip capacity exceeded,0.63,2.0024,,,,18.0,66.0
1790783245.5641892,0,grip capacity exceeded,0.33,2.3073,,,,18.0,66.0
1790783245.567213,0,grip capacity exceeded,0.596,2.5341,,,,18.0,66.0
1790783245.5846145,0,grip capacity exceeded,0.39,2.3001,,,,18.0,66.0
1790783245.5991838,0,grip capacity exceeded,0.208,2.0904,,,,18.0,66.0
1790783245.6095166,0,grip capacity exceeded,0.136,2.2835,,,,18.0,66.0
1790783245.6121318,0,slipped off A,0.33,1.6679,,,,18.0,66.0
1790783245.6443021,0,grip capacity exceeded,0.314,2.3273,,,,18.0,66.0
1790783245.6485343,0,slipped off A,0.21,1.838,,,,18.0,66.0
1790783245.6543987,0,grip capacity exceeded,0.552,2.4494,,,,18.0,66.0
1790783245.6554282,0,slipped off A,0.292,1.5545,,,,18.0,66.0
1790783245.6632383,0,grip capacity exceeded,0.666,2.8607,,,,18.0,66.0
1790783245.669184,0,grip capacity exceeded,0.07,2.465,,,,18.0,66.0
1790783245.694142,0,slipped off A,0.11,1.3525,,,,18.0,66.0
1790783245.7003825,0,grip capacity exceeded,0.138,2.5997,,,,18.0,66.0
1790783245.7124157,0,slipped off A,0.19,1.8658,,,,18.0,66.0
1790783245.7138987,0,grip capacity exceeded,0.138,2.9673,,,,18.0,66.0
1790783245.725455,0,grip capacity exceeded,0.382,2.2493,,,,18.0,66.0
1790783245.7654064,0,slipped off A,0.172,1.001,,,,18.0,66.0
1790783245.7654066,0,grip capacity exceeded,0.478,2.0773,,,,18.0,66.0
1790783245.7885573,0,slipped off A,0.27,1.3553,,,,18.0,66.0
1790783245.800461,0,grip capacity exceeded,0.212,2.5667,,,,18.0,66.0
1790783245.810009,0,slipped off A,0.27,1.9573,,,,18.0,66.0
1790783245.8170745,0,grip capacity exceeded,0.46,2.2602,,,,18.0,66.0
1790783245.8235958,0,grip capacity exceeded,0.098,2.298,,,,18.0,66.0
1790783245.8341424,0,missed B,0.69,1.153,0.25999999999999446,0.944692084586365,1.3064661104478823,18.0,66.0
1790783245.8343906,0,slipped off A,0.204,1.7294,,,,18.0,66.0
1790783245.834931,0,slipped off A,0.11,1.5225,,,,18.0,66.0
1790783245.848815,0,slipped off A,0.41,0.9991,,,,18.0,66.0
1790783245.8508048,0,grip capacity exceeded,0.084,2.562,,,,18.0,66.0
1790783245.8551173,0,grip capacity exceeded,0.292,2.4368,,,,18.0,66.0
1790783245.908554,0,slipped off A,0.29,1.4682,,,,18.0,66.0
1790783245.944969,0,grip capacity exceeded,0.27,2.3709,,,,18.0,66.0
1790783245.964571,0,hit wall,0.172,0.9979,0.13999999999999702,0.9380254179196985,2.0637471836215786,18.0,66.0
1790783245.9698374,0,slipped off A,0.37,1.2733,,,,18.0,66.0
1790783245.9948163,0,missed B,0.482,0.5301,0.05999999999999872,0.9335809734752541,1.4342715853453727,18.0,66.0
1790783246.0003915,0,grip capacity exceeded,0.458,2.0028,,,,18.0,66.0
1790783246.0012026,0,slipped off A,0.596,1.4912,,,,18.0,66.0
1790783246.0226018,0,slipped off A,0.07,0.9903,,,,18.0,66.0
1790783246.0462239,0,hit wall,0.63,1.7252,0.5399999999999885,0.9602476401419202,2.012535848232681,18.0,66.0
1790783246.0504029,0,slipped off A,0.132,1.4762,,,,18.0,66.0
1790783246.0518324,0,grip capacity exceeded,0.08,2.7251,,,,18.0,66.0
1790783246.083704,0,slipped off A,0.074,1.4303,,,,18.0,66.0
1790783246.100187,0,grip capacity exceeded,0.406,2.0582,,,,18.0,66.0
1790783246.1439033,0,grip capacity exceeded,0.438,2.7764,,,,18.0,66.0
1790783246.1578596,0,grip capacity exceeded,0.39,2.0753,,,,18.0,66.0
1790783246.161662,0,slipped off A,0.906,1.1107,,,,18.0,66.0
1790783246.1685085,0,missed B,0.52,1.5333,0.03999999999999915,0.9324698623641431,1.2977251831791905,18.0,66.0
1790783246.1724725,0,grip capacity exceeded,0.208,2.009,,,,18.0,66.0
1790783246.1843462,0,slipped off A,0.19,1.4702,,,,18.0,66.0
1790783246.2029335,0,slipped off A,0.15,1.0254,,,,18.0,66.0
1790783246.222355,0,slipped off A,0.436,1.7287,,,,18.0,66.0
1790783246.2269857,0,grip capacity exceeded,0.436,2.036,,,,18.0,66.0
1790783246.2809293,0,grip capacity exceeded,0.164,2.0178,,,,18.0,66.0
1790783246.2927728,0,grip capacity exceeded,0.304,2.4416,,,,18.0,66.0
1790783246.337681,0,slipped off A,0.456,1.3082,,,,18.0,66.0
1790783246.3416097,0,grip capacity exceeded,0.492,2.106,,,,18.0,66.0
1790783246.3479836,0,grip capacity exceeded,0.132,2.2867,,,,18.0,66.0
1790783246.3727672,0,grip capacity exceeded,0.076,2.5118,,,,18.0,66.0
1790783246.4214165,0,grip capacity exceeded,0.71,2.0992,,,,18.0,66.0
1790783246.428236,0,hit wall,0.392,1.7059,,,,18.0,66.0
1790783246.4304466,0,grip capacity exceeded,0.704,2.2462,,,,18.0,66.0
1790783246.453852,0,grip capacity exceeded,0.276,2.8949,,,,18.0,66.0
1790783246.4544046,0,grip capacity exceeded,0.668,2.0811,,,,18.0,66.0
1790783246.4676719,0,grip capacity exceeded,0.34,2.0242,,,,18.0,66.0
1790783246.4862103,0,missed B,0.69,1.3454,0.17999999999999616,0.9402476401419206,1.2891377513528106,18.0,66.0
1790783246.5008636,0,grip capacity exceeded,0.178,2.1058,,,,18.0,66.0
1790783246.5205266,0,grip capacity exceeded,0.172,2.4222,,,,18.0,66.0
1790783246.5314705,0,slipped off A,0.11,1.4982,,,,18.0,66.0
1790783246.5351377,0,missed B,0.416,0.5783,0.0799999999999983,0.9346920845863652,1.2952547647980763,18.0,66.0
1790783246.5546718,0,grip capacity exceeded,0.244,2.0465,,,,18.0,66.0
1790783246.562839,0,grip capacity exceeded,0.24,2.2475,,,,18.0,66.0
1790783246.5957973,0,grip capacity exceeded,0.178,2.3984,,,,18.0,66.0
1790783246.607244,0,grip capacity exceeded,0.132,2.3876,,,,18.0,66.0
1790783246.6328328,0,slipped off A,0.55,1.7476,,,,18.0,66.0
1790783246.6528246,0,missed B,0.592,0.9448,0.0799999999999983,0.9346920845863652,1.159272499923705,18.0,66.0
1790783246.6571321,0,slipped off A,0.43,1.8588,,,,18.0,66.0
1790783246.6661353,0,grip capacity exceeded,0.398,2.1032,,,,18.0,66.0
1790783246.673713,0,slipped off A,0.386,1.6374,,,,18.0,66.0
1790783246.6920304,0,slipped off A,0.11,1.5405,,,,18.0,66.0
1790783246.7035007,0,grip capacity exceeded,0.308,2.0035,,,,18.0,66.0
1790783246.7409806,0,slipped off A,0.214,1.705,,,,18.0,66.0
1790783246.76175,0,grip capacity exceeded,0.282,2.0181,,,,18.0,66.0
1790783246.7634706,0,slipped off A,0.19,1.5663,,,,18.0,66.0
1790783246.7696695,0,grip capacity exceeded,0.078,2.1989,,,,18.0,66.0
1790783246.7829988,0,grip capacity exceeded,0.208,2.3577,,,,18.0,66.0
1790783246.824879,0,slipped off A,0.756,1.5168,,,,18.0,66.0
1790783246.825557,0,grip capacity exceeded,0.168,2.4967,,,,18.0,66.0
1790783246.8315973,0,slipped off A,0.13,1.8716,,,,18.0,66.0
1790783246.8578644,0,missed B,0.716,1.0834,0.1599999999999966,0.9391365290308096,1.2915514127569505,18.0,66.0
1790783246.8712866,0,slipped off A,0.09,1.4392,,,,18.0,66.0
1790783246.8790922,0,missed B,0.682,1.8903,0.2199999999999953,0.9424698623641429,1.2815667108206295,18.0,66.0
1790783246.9299328,0,slipped off A,0.254,0.9047,,,,18.0,66.0
1790783246.937026,0,grip capacity exceeded,0.188,2.6189,,,,18.0,66.0
1790783246.9430974,0,slipped off A,0.45,1.3307,,,,18.0,66.0
1790783246.9651928,0,slipped off A,0.21,1.7435,,,,18.0,66.0
1790783246.976021,0,hit wall,0.808,1.3991,,,,18.0,66.0
1790783246.9878104,0,hit wall,0.034,0.498,0.0,0.9302476401419209,2.0714215224596946,18.0,66.0
1790783246.9881904,0,grip capacity exceeded,0.594,2.1963,,,,18.0,66.0
1790783247.0007396,0,grip capacity exceeded,0.34,3.0548,,,,18.0,66.0
1790783247.0292683,0,slipped off A,0.274,0.8134,,,,18.0,66.0
1790783247.0382285,0,grip capacity exceeded,0.136,2.1897,,,,18.0,66.0
1790783247.052739,0,slipped off A,0.23,1.4225,,,,18.0,66.0
1790783247.0765197,0,slipped off A,0.35,1.0974,,,,18.0,66.0
1790783247.0917394,0,grip capacity exceeded,0.69,2.9337,,,,18.0,66.0
1790783247.095467,0,slipped off A,0.13,1.0857,,,,18.0,66.0
1790783247.1196132,0,grip capacity exceeded,0.068,2.0613,,,,18.0,66.0
1790783247.1269977,0,grip capacity exceeded,0.076,2.0446,,,,18.0,66.0
1790783247.1392791,0,grip capacity exceeded,0.278,3.3923,,,,18.0,66.0
1790783247.1445522,0,slipped off A,0.408,1.5411,,,,18.0,66.0
1790783247.1501203,0,grip capacity exceeded,0.184,2.0116,,,,18.0,66.0
1790783247.1948013,0,grip capacity exceeded,0.514,3.0331,,,,18.0,66.0
1790783247.2170584,0,slipped off A,0.43,1.1834,,,,18.0,66.0
1790783247.2272148,0,grip capacity exceeded,0.276,2.4162,,,,18.0,66.0
1790783247.244007,0,hit wall,0.26,1.4104,0.2199999999999953,0.9424698623641429,2.041369688824055,18.0,66.0
1790783247.258008,0,grip capacity exceeded,0.35,2.4625,,,,18.0,66.0
1790783247.2606146,0,grip capacity exceeded,0.28,2.2657,,,,18.0,66.0
1790783247.2801974,0,slipped off A,0.13,1.48,,,,18.0,66.0
1790783247.297975,0,grip capacity exceeded,0.092,2.1864,,,,18.0,66.0
1790783247.3107994,0,slipped off A,0.296,0.9886,,,,18.0,66.0
1790783247.3249595,0,grip capacity exceeded,0.466,2.0845,,,,18.0,66.0
1790783247.3493466,0,slipped off A,0.11,1.1787,,,,18.0,66.0
1790783247.359883,0,grip capacity exceeded,0.096,2.1212,,,,18.0,66.0
1790783247.3614032,0,grip capacity exceeded,0.264,2.155,,,,18.0,66.0
1790783247.3904786,0,missed B,1.166,1.6799,0.7399999999999842,0.9713587512530312,1.7549428702696324,18.0,66.0
1790783247.3963485,0,grip capacity exceeded,0.096,2.1757,,,,18.0,66.0
1790783247.404351,0,grip capacity exceeded,0.448,2.0089,,,,18.0,66.0
1790783247.4208276,0,slipped off A,0.15,1.4102,,,,18.0,66.0
1790783247.4218893,0,hit wall,0.384,1.27,0.25999999999999446,0.944692084586365,1.8873127253765787,18.0,66.0
1790783247.4307802,0,slipped off A,0.25,1.4296,,,,18.0,66.0
1790783247.4594173,0,slipped off A,0.17,0.9348,,,,18.0,66.0
1790783247.4756684,0,slipped off A,0.488,1.2785,,,,18.0,66.0
1790783247.4773788,0,hit wall,0.226,1.0651,0.13999999999999702,0.9380254179196985,2.0479211723794277,18.0,66.0
1790783247.4821548,0,grip capacity exceeded,0.216,2.5397,,,,18.0,66.0
1790783247.5040205,0,slipped off A,0.248,1.5397,,,,18.0,66.0
1790783247.5112488,0,slipped off A,0.25,1.9013,,,,18.0,66.0
1790783247.5157862,0,grip capacity exceeded,0.118,2.1471,,,,18.0,66.0
1790783247.5233526,0,hit wall,0.152,0.6556,0.0799999999999983,0.9346920845863652,2.0331326497700304,18.0,66.0
1790783247.5397668,0,hit wall,0.236,0.6947,0.11999999999999744,0.9369143068085874,1.930247240737369,18.0,66.0
1790783247.545421,0,grip capacity exceeded,0.38,2.2378,,,,18.0,66.0
1790783247.5640254,0,grip capacity exceeded,0.16,2.3327,,,,18.0,66.0
1790783247.5684528,0,grip capacity exceeded,0.13,3.1541,,,,18.0,66.0
1790783247.5790224,0,grip capacity exceeded,0.11,2.3495,,,,18.0,66.0
1790783247.5887747,0,slipped off A,0.36,1.5582,,,,18.0,66.0
1790783247.5948324,0,slipped off A,0.24,1.518,,,,18.0,66.0
1790783247.620304,0,grip capacity exceeded,0.112,2.508,,,,18.0,66.0
1790783247.623392,0,grip capacity exceeded,0.786,2.0769,,,,18.0,66.0
1790783247.63865,0,missed B,0.394,1.2559,0.03999999999999915,0.9324698623641431,1.2270541235075105,18.0,66.0
1790783247.6428487,0,grip capacity exceeded,0.216,2.0863,,,,18.0,66.0
1790783247.6497908,0,grip capacity exceeded,0.166,2.0234,,,,18.0,66.0
1790783247.6813953,0,grip capacity exceeded,0.162,2.0587,,,,18.0,66.0
1790783247.6826613,0,slipped off A,0.174,1.63,,,,18.0,66.0
1790783247.7064264,0,slipped off A,0.33,1.2848,,,,18.0,66.0
1790783247.7320828,0,slipped off A,0.122,1.5779,,,,18.0,66.0
1790783247.7386546,0,slipped off A,0.07,1.4296,,,,18.0,66.0
1790783247.7671478,0,grip capacity exceeded,0.37,2.182,,,,18.0,66.0
1790783247.7832048,0,grip capacity exceeded,0.138,2.6859,,,,18.0,66.0
1790783247.7970567,0,missed B,0.766,1.0026,0.25999999999999446,0.944692084586365,1.293743200266544,18.0,66.0
1790783247.80513,0,grip capacity exceeded,0.448,2.2133,,,,18.0,66.0
1790783247.8074195,0,hit wall,0.218,0.7645,0.13999999999999702,0.9380254179196985,2.028576478954884,18.0,66.0
1790783247.8179219,0,grip capacity exceeded,0.14,2.3871,,,,18.0,66.0
1790783247.8182728,0,slipped off A,0.09,1.6239,,,,18.0,66.0
1790783247.8189995,0,grip capacity exceeded,0.754,2.0795,,,,18.0,66.0
1790783247.827834,0,missed B,0.542,0.8407,0.0799999999999983,0.9346920845863652,1.1921788701722515,18.0,66.0
1790783247.8483527,0,grip capacity exceeded,0.466,2.5126,,,,18.0,66.0
1790783247.8569598,0,slipped off A,0.15,1.0912,,,,18.0,66.0
1790783247.8713434,0,grip capacity exceeded,0.162,2.436,,,,18.0,66.0
1790783247.872846,0,slipped off A,0.172,1.2596,,,,18.0,66.0
1790783247.8859806,0,slipped off A,0.17,0.9247,,,,18.0,66.0
1790783247.907531,0,slipped off A,0.114,1.7204,,,,18.0,66.0
1790783247.9208112,0,slipped off A,0.15,1.0983,,,,18.0,66.0
1790783247.9300952,0,slipped off A,0.31,1.1369,,,,18.0,66.0
1790783247.9365897,0,slipped off A,0.158,1.709,,,,18.0,66.0
1790783247.9434397,0,slipped off A,0.09,1.4923,,,,18.0,66.0
1790783247.9447117,0,slipped off A,0.35,1.0127,,,,18.0,66.0
1790783247.959161,0,slipped off A,0.31,1.2764,,,,18.0,66.0
1790783247.9715679,0,slipped off A,0.11,1.5387,,,,18.0,66.0
1790783247.9841835,0,grip capacity exceeded,0.464,2.0396,,,,18.0,66.0
1790783248.0179477,0,slipped off A,0.248,1.5815,,,,18.0,66.0
1790783248.0380766,0,slipped off A,0.366,1.7616,,,,18.0,66.0
1790783248.0386083,0,hit wall,0.592,1.9423,,,,18.0,66.0
1790783248.0512276,0,hit wall,0.294,1.148,0.23999999999999488,0.9435809734752539,2.0566341189789448,18.0,66.0
1790783248.0584712,0,grip capacity exceeded,0.224,2.0278,,,,18.0,66.0
1790783248.0708003,0,slipped off A,0.15,1.054,,,,18.0,66.0
1790783248.0891712,0,slipped off A,0.13,1.0744,,,,18.0,66.0
1790783248.0975447,0,missed B,0.474,1.0002,0.05999999999999872,0.9335809734752541,1.310064871109453,18.0,66.0
1790783248.127608,0,slipped off A,0.21,1.5869,,,,18.0,66.0
1790783248.1528676,0,grip capacity exceeded,0.68,2.6708,,,,18.0,66.0
1790783248.16313,0,grip capacity exceeded,0.346,2.8226,,,,18.0,66.0
1790783248.1742463,0,grip capacity exceeded,0.326,3.0744,,,,18.0,66.0
1790783248.1785371,0,missed B,0.614,1.87,0.17999999999999616,0.9402476401419206,1.3680723265647852,18.0,66.0
1790783248.189864,0,grip capacity exceeded,0.104,2.0459,,,,18.0,66.0
1790783248.2047489,0,slipped off A,0.13,1.4363,,,,18.0,66.0
1790783248.2200363,0,hit wall,0.428,1.1751,0.3799999999999919,0.9513587512530316,2.0505487921419587,18.0,66.0
1790783248.2207487,0,grip capacity exceeded,0.122,2.4378,,,,18.0,66.0
1790783248.2261999,0,slipped off A,0.15,0.9376,,,,18.0,66.0
1790783248.2493854,0,slipped off A,0.136,1.8116,,,,18.0,66.0
1790783248.2650363,0,slipped off A,0.13,1.4642,,,,18.0,66.0
1790783248.2709723,0,grip capacity exceeded,0.578,2.3837,,,,18.0,66.0
1790783248.2807877,0,grip capacity exceeded,0.186,2.273,,,,18.0,66.0
1790783248.3023067,0,grip capacity exceeded,0.098,2.0645,,,,18.0,66.0
1790783248.3089845,0,slipped off A,0.13,1.4078,,,,18.0,66.0
1790783248.3100114,0,hit wall,0.58,1.8007,0.5399999999999885,0.9602476401419202,2.042369702772781,18.0,66.0
1790783248.340027,0,slipped off A,0.104,1.8979,,,,18.0,66.0
1790783248.3577948,0,grip capacity exceeded,0.156,3.0349,,,,18.0,66.0
1790783248.3706548,0,slipped off A,0.864,1.8998,,,,18.0,66.0
1790783248.3911705,0,slipped off A,0.25,1.1465,,,,18.0,66.0
1790783248.401223,0,slipped off A,0.11,1.4104,,,,18.0,66.0
1790783248.4328587,0,grip capacity exceeded,0.762,2.3585,,,,18.0,66.0
1790783248.4364235,0,hit wall,0.568,1.3372,0.4599999999999902,0.955803195697476,2.037566257840239,18.0,66.0
1790783248.4708395,0,hit wall,0.764,1.8578,0.7199999999999847,0.97024764014192,2.0332971018016828,18.0,66.0
1790783248.4914021,0,slipped off A,0.15,1.3035,,,,18.0,66.0
1790783248.498513,0,slipped off A,0.652,1.3667,,,,18.0,66.0
1790783248.5234668,0,missed B,0.504,1.4356,0.05999999999999872,0.9335809734752541,1.3329367151838927,18.0,66.0
1790783248.5647879,0,slipped off A,0.214,1.7708,,,,18.0,66.0
1790783248.5723128,0,grip capacity exceeded,0.204,2.1892,,,,18.0,66.0
1790783248.573541,0,slipped off A,0.57,1.6395,,,,18.0,66.0
1790783248.6027358,0,missed B,0.586,1.0955,0.1599999999999966,0.9391365290308096,1.2839404105093835,18.0,66.0
1790783248.61081,0,grip capacity exceeded,0.498,2.6257,,,,18.0,66.0
1790783248.6130133,0,hit wall,0.586,1.496,0.4399999999999906,0.9546920845863648,1.916026185975918,18.0,66.0
1790783248.6132739,0,grip capacity exceeded,0.1,2.4398,,,,18.0,66.0
1790783248.6176593,0,grip capacity exceeded,0.104,2.1265,,,,18.0,66.0
1790783248.6194954,0,grip capacity exceeded,0.406,3.3383,,,,18.0,66.0
1790783248.6372201,0,grip capacity exceeded,0.098,2.0554,,,,18.0,66.0
1790783248.6877007,0,grip capacity exceeded,0.108,2.185,,,,18.0,66.0
1790783248.6891708,0,grip capacity exceeded,0.198,2.1584,,,,18.0,66.0
1790783248.690717,0,grip capacity exceeded,0.458,2.4733,,,,18.0,66.0
1790783248.7405188,0,slipped off A,0.34,1.9743,,,,18.0,66.0
1790783248.7616873,0,slipped off A,0.188,1.4218,,,,18.0,66.0
1790783248.7639728,0,hit wall,0.184,1.2148,0.13999999999999702,0.9380254179196985,2.06195806923634,18.0,66.0
1790783248.7942688,0,missed B,0.62,1.1299,0.1599999999999966,0.9391365290308096,1.2224027038655247,18.0,66.0
1790783248.800012,0,hit wall,0.496,1.7325,,,,18.0,66.0
1790783248.8010476,0,grip capacity exceeded,0.492,2.1809,,,,18.0,66.0
1790783248.8015904,0,missed B,0.508,0.878,0.09999999999999787,0.9358031956974764,1.288808623169716,18.0,66.0
1790783249.8953488,0,grip capacity exceeded,0.176,2.5435,,,,18.0,66.0
1790783249.9305594,0,hit wall,0.148,0.6113,0.09999999999999787,0.9358031956974764,2.0639713712128858,18.0,66.0
1790783249.9361506,0,grip capacity exceeded,0.344,2.1664,,,,18.0,66.0
1790783249.9363494,0,slipped off A,0.17,0.9159,,,,18.0,66.0
1790783249.9496078,0,missed B,0.538,1.4947,0.17999999999999616,0.9402476401419206,1.2492391416213553,18.0,66.0
1790783249.9612997,0,slipped off A,0.37,0.9395,,,,18.0,66.0
1790783249.9635818,0,grip capacity exceeded,0.28,2.0481,,,,18.0,66.0
1790783249.9958837,0,slipped off A,0.352,1.4342,,,,18.0,66.0
1790783250.0377717,0,slipped off A,0.22,1.559,,,,18.0,66.0
1790783250.0460737,0,grip capacity exceeded,0.434,2.2528,,,,18.0,66.0
1790783250.0637977,0,grip capacity exceeded,0.382,2.6619,,,,18.0,66.0
1790783250.0642152,0,slipped off A,0.29,1.2288,,,,18.0,66.0
1790783250.0665326,0,slipped off A,0.34,1.7984,,,,18.0,66.0
1790783250.0812078,0,hit wall,0.106,0.8225,0.0799999999999983,0.9346920845863652,2.0671430272179907,18.0,66.0
1790783250.0879424,0,hit wall,0.104,0.9271,0.03999999999999915,0.9324698623641431,2.0459685074539182,18.0,66.0
1790783250.1006567,0,slipped off A,0.48,1.6667,,,,18.0,66.0
1790783250.1283002,0,slipped off A,0.17,1.8338,,,,18.0,66.0
1790783250.1516984,0,grip capacity exceeded,0.246,2.8876,,,,18.0,66.0
1790783250.1600401,0,slipped off A,0.27,1.704,,,,18.0,66.0
1790783250.17777,0,hit wall,0.072,0.5465,0.03999999999999915,0.9324698623641431,2.0692718938896064,18.0,66.0
1790783250.1828141,0,hit wall,0.546,1.2334,0.5199999999999889,0.9591365290308091,2.0431932221979006,18.0,66.0
1790783250.1895647,0,grip capacity exceeded,0.276,2.1714,,,,18.0,66.0
1790783250.2072914,0,grip capacity exceeded,0.158,2.1693,,,,18.0,66.0
1790783250.2074716,0,slipped off A,0.09,0.8879,,,,18.0,66.0
1790783250.2148035,0,grip capacity exceeded,0.406,2.7845,,,,18.0,66.0
1790783250.2277255,0,hit wall,0.872,1.574,,,,18.0,66.0
1790783250.2401226,0,slipped off A,0.15,0.9471,,,,18.0,66.0
1790783250.2546496,0,grip capacity exceeded,0.122,2.8336,,,,18.0,66.0
1790783250.255904,0,hit wall,0.118,1.4,0.05999999999999872,0.9335809734752541,2.0659950397298052,18.0,66.0
1790783250.2867517,0,slipped off A,0.47,0.9901,,,,18.0,66.0
1790783250.308574,0,slipped off A,0.344,1.9744,,,,18.0,66.0
1790783250.3422928,0,slipped off A,0.37,1.5135,,,,18.0,66.0
1790783250.36303,0,slipped off A,0.804,1.3177,,,,18.0,66.0
1790783250.3942266,0,missed B,0.366,1.1692,0.019999999999999574,0.931358751253032,1.3394949755890273,18.0,66.0
1790783250.399745,0,slipped off A,0.31,1.0735,,,,18.0,66.0
1790783250.4006875,0,grip capacity exceeded,0.254,2.0749,,,,18.0,66.0
1790783250.419508,0,missed B,0.492,0.701,0.09999999999999787,0.9358031956974764,1.239747598039957,18.0,66.0
1790783250.432896,0,slipped off A,0.25,0.96,,,,18.0,66.0
1790783250.4392946,0,slipped off A,0.204,1.3936,,,,18.0,66.0
1790783250.4449108,0,grip capacity exceeded,0.148,2.1275,,,,18.0,66.0
1790783250.450288,0,grip capacity exceeded,0.546,2.6397,,,,18.0,66.0
1790783250.46245,0,grip capacity exceeded,0.192,2.35,,,,18.0,66.0
1790783250.466898,0,grip capacity exceeded,0.086,2.8461,,,,18.0,66.0
1790783250.485245,0,slipped off A,0.074,0.9764,,,,18.0,66.0
1790783250.5148578,0,slipped off A,0.31,1.4288,,,,18.0,66.0
1790783250.5742776,0,grip capacity exceeded,0.364,2.761,,,,18.0,66.0
1790783250.5777943,0,slipped off A,0.31,1.113,,,,18.0,66.0
1790783250.6049232,0,missed B,1.088,1.6645,0.5999999999999872,0.9635809734752535,1.2224963153610973,18.0,66.0
1790783250.6113806,0,grip capacity exceeded,0.494,2.9456,,,,18.0,66.0
1790783250.6341321,0,missed B,0.694,1.2347,0.1599999999999966,0.9391365290308096,1.33194987380215,18.0,66.0
1790783250.6496272,0,slipped off A,0.21,1.5303,,,,18.0,66.0
1790783250.6626115,0,slipped off A,0.502,0.9517,,,,18.0,66.0
1790783250.6637373,0,slipped off A,0.17,1.1691,,,,18.0,66.0
1790783250.67626,0,grip capacity exceeded,0.19,2.2672,,,,18.0,66.0
1790783250.6808412,0,slipped off A,0.15,1.3775,,,,18.0,66.0
1790783250.6885855,0,grip capacity exceeded,0.116,2.6039,,,,18.0,66.0
1790783250.7105966,0,slipped off A,0.85,1.6531,,,,18.0,66.0
1790783250.7181976,0,grip capacity exceeded,0.124,2.1364,,,,18.0,66.0
1790783250.7441719,0,grip capacity exceeded,0.67,2.337,,,,18.0,66.0
1790783250.7700431,0,slipped off A,0.15,1.5111,,,,18.0,66.0
1790783250.7775264,0,hit wall,0.08,0.5321,0.019999999999999574,0.931358751253032,2.0529188592391807,18.0,66.0
1790783250.7798836,0,grip capacity exceeded,0.334,2.594,,,,18.0,66.0
1790783250.795987,0,slipped off A,0.31,1.3336,,,,18.0,66.0
1790783250.859443,0,slipped off A,0.35,0.9428,,,,18.0,66.0
1790783250.871924,0,grip capacity exceeded,0.234,2.518,,,,18.0,66.0
1790783250.877732,0,grip capacity exceeded,0.504,2.1939,,,,18.0,66.0
1790783250.8897254,0,slipped off A,0.89,1.7762,,,,18.0,66.0
1790783250.9181023,0,grip capacity exceeded,0.392,2.4186,,,,18.0,66.0
1790783250.925077,0,missed B,0.728,1.0735,0.25999999999999446,0.944692084586365,1.11064519100314,18.0,66.0
1790783250.9393814,0,grip capacity exceeded,0.428,2.0997,,,,18.0,66.0
1790783250.976484,0,slipped off A,0.484,1.1097,,,,18.0,66.0
1790783250.999727,0,slipped off A,0.226,1.8868,,,,18.0,66.0
1790783251.0268276,0,grip capacity exceeded,0.062,2.296,,,,18.0,66.0
1790783251.0326939,0,grip capacity exceeded,0.264,2.2246,,,,18.0,66.0
1790783251.0374064,0,grip capacity exceeded,0.534,2.2639,,,,18.0,66.0
1790783251.0475175,0,grip capacity exceeded,0.456,2.899,,,,18.0,66.0
1790783251.0723045,0,grip capacity exceeded,0.574,2.06,,,,18.0,66.0
1790783251.093794,0,grip capacity exceeded,0.182,2.3207,,,,18.0,66.0
1790783251.111981,0,grip capacity exceeded,0.198,2.2487,,,,18.0,66.0
1790783251.1162539,0,grip capacity exceeded,0.116,2.2074,,,,18.0,66.0
1790783251.1500092,0,grip capacity exceeded,0.14,2.3818,,,,18.0,66.0
1790783251.1524324,0,missed B,0.784,1.8104,0.3199999999999932,0.9480254179196983,1.2977635662385563,18.0,66.0
1790783251.1591103,0,grip capacity exceeded,0.644,2.1468,,,,18.0,66.0
1790783251.1865294,0,grip capacity exceeded,0.218,2.1071,,,,18.0,66.0
1790783251.2163506,0,grip capacity exceeded,0.208,2.1349,,,,18.0,66.0
1790783251.2204678,0,missed B,0.708,1.2201,0.33999999999999275,0.9491365290308094,1.2464002946172348,18.0,66.0
1790783251.2220368,0,grip capacity exceeded,0.084,2.49,,,,18.0,66.0
1790783251.2346735,0,slipped off A,0.572,1.1048,,,,18.0,66.0
1790783251.236785,0,slipped off A,0.334,1.7845,,,,18.0,66.0
1790783251.2442272,0,grip capacity exceeded,0.266,2.0017,,,,18.0,66.0
1790783251.2483187,0,missed B,0.556,1.1882,0.0799999999999983,0.9346920845863652,1.2017891117777286,18.0,66.0
1790783251.272075,0,slipped off A,0.09,0.979,,,,18.0,66.0
1790783251.2761424,0,grip capacity exceeded,0.098,2.8803,,,,18.0,66.0
1790783251.332708,0,slipped off A,0.142,1.9656,,,,18.0,66.0
1790783251.3649104,0,hit wall,0.252,1.5538,0.17999999999999616,0.9402476401419206,2.027024527378517,18.0,66.0
1790783251.3806975,0,grip capacity exceeded,0.114,2.0569,,,,18.0,66.0
1790783251.3884642,0,grip capacity exceeded,0.46,2.6151,,,,18.0,66.0
1790783251.394911,0,slipped off A,0.67,1.1376,,,,18.0,66.0
1790783251.3992276,0,grip capacity exceeded,0.454,2.318,,,,18.0,66.0
1790783251.401512,0,slipped off A,0.49,1.3196,,,,18.0,66.0
1790783251.407589,0,grip capacity exceeded,0.504,2.166,,,,18.0,66.0
1790783251.4101028,0,grip capacity exceeded,0.102,2.4264,,,,18.0,66.0
1790783251.4217467,0,hit wall,0.032,0.498,0.0,0.9302476401419209,2.071514183324594,18.0,66.0
1790783251.4283686,0,hit wall,0.094,0.6763,0.05999999999999872,0.9335809734752541,2.0681229724909915,18.0,66.0
1790783251.4455206,0,grip capacity exceeded,0.14,2.1804,,,,18.0,66.0
1790783251.4880135,0,slipped off A,0.664,1.4372,,,,18.0,66.0
1790783251.5088677,0,grip capacity exceeded,0.35,2.0345,,,,18.0,66.0
1790783251.5211623,0,slipped off A,0.33,1.1595,,,,18.0,66.0
1790783251.5325744,0,grip capacity exceeded,0.356,2.1463,,,,18.0,66.0
1790783251.534675,0,grip capacity exceeded,0.08,2.1681,,,,18.0,66.0
1790783251.5478046,0,grip capacity exceeded,0.174,2.4196,,,,18.0,66.0
1790783251.5541296,0,slipped off A,0.352,1.4631,,,,18.0,66.0
1790783251.5649147,0,grip capacity exceeded,0.418,2.2802,,,,18.0,66.0
1790783251.5666442,0,grip capacity exceeded,0.1,2.3294,,,,18.0,66.0
1790783251.581245,0,grip capacity exceeded,0.366,2.5427,,,,18.0,66.0
1790783251.6199858,0,missed B,0.644,1.4019,0.19999999999999574,0.9413587512530318,1.5075093846828362,18.0,66.0
1790783251.6255455,0,grip capacity exceeded,0.22,2.0483,,,,18.0,66.0
1790783251.6466684,0,slipped off A,0.236,1.2879,,,,18.0,66.0
1790783251.6467705,0,grip capacity exceeded,0.322,2.9691,,,,18.0,66.0
1790783251.6658273,0,grip capacity exceeded,0.158,2.6895,,,,18.0,66.0
1790783251.6829684,0,slipped off A,0.37,1.9899,,,,18.0,66.0
1790783251.6922033,0,grip capacity exceeded,0.196,2.0988,,,,18.0,66.0
1790783251.7026362,0,grip capacity exceeded,0.09,2.1886,,,,18.0,66.0
1790783251.7052124,0,slipped off A,0.35,1.656,,,,18.0,66.0
1790783251.7118638,0,slipped off A,0.41,1.1265,,,,18.0,66.0
1790783251.7199504,0,grip capacity exceeded,0.184,2.0335,,,,18.0,66.0
1790783251.724652,0,slipped off A,0.204,1.1783,,,,18.0,66.0
1790783251.7418735,0,grip capacity exceeded,0.092,2.9689,,,,18.0,66.0
1790783251.7651355,0,grip capacity exceeded,0.152,2.1468,,,,18.0,66.0
1790783251.7654264,0,grip capacity exceeded,0.22,2.0763,,,,18.0,66.0
1790783251.7725406,0,grip capacity exceeded,0.196,2.5712,,,,18.0,66.0
1790783251.8071024,0,slipped off A,0.25,1.465,,,,18.0,66.0
1790783251.8183339,0,slipped off A,0.408,1.1295,,,,18.0,66.0
1790783251.8246198,0,missed B,0.908,1.4418,0.3599999999999923,0.9502476401419204,1.2092938273145415,18.0,66.0
1790783251.824759,0,grip capacity exceeded,0.274,2.5452,,,,18.0,66.0
1790783251.8630762,0,slipped off A,0.29,1.8776,,,,18.0,66.0
1790783251.8934295,0,slipped off A,0.414,1.8709,,,,18.0,66.0
1790783251.897694,0,grip capacity exceeded,0.234,2.4843,,,,18.0,66.0
1790783251.8977106,0,grip capacity exceeded,0.284,2.1519,,,,18.0,66.0
1790783251.9329045,0,grip capacity exceeded,0.082,2.1479,,,,18.0,66.0
1790783251.9384363,0,slipped off A,0.37,1.0039,,,,18.0,66.0
1790783251.968471,0,grip capacity exceeded,0.316,2.3569,,,,18.0,66.0
1790783251.9795685,0,slipped off A,0.23,1.5337,,,,18.0,66.0
1790783252.0240161,0,missed B,0.94,1.3516,0.4599999999999902,0.955803195697476,1.3437999898190656,18.0,66.0
1790783252.0373855,0,grip capacity exceeded,0.284,2.3122,,,,18.0,66.0
1790783252.0886538,0,grip capacity exceeded,0.34,2.4224,,,,18.0,66.0
1790783252.0947208,0,slipped off A,0.99,1.8088,,,,18.0,66.0
1790783252.0949275,0,slipped off A,0.43,1.1246,,,,18.0,66.0
1790783252.1025994,0,missed B,0.592,0.5333,0.0799999999999983,0.9346920845863652,1.3301829561791554,18.0,66.0
1790783252.1425047,0,grip capacity exceeded,0.282,2.1216,,,,18.0,66.0
1790783252.1458259,0,grip capacity exceeded,0.144,2.2169,,,,18.0,66.0
1790783252.1671228,0,missed B,1.0,1.1869,0.5999999999999872,0.9635809734752535,1.3036270511893144,18.0,66.0
1790783252.1816218,0,hit wall,0.208,1.455,0.17999999999999616,0.9402476401419206,2.0616302444761767,18.0,66.0
1790783252.1895118,0,missed B,0.578,1.3773,0.09999999999999787,0.9358031956974764,1.4391225694210437,18.0,66.0
1790783252.1896586,0,grip capacity exceeded,0.26,2.0745,,,,18.0,66.0
1790783252.1897862,0,slipped off A,0.454,1.0674,,,,18.0,66.0
1790783252.2480948,0,slipped off A,0.29,1.3122,,,,18.0,66.0
1790783252.2492871,0,hit wall,0.228,0.8538,0.09999999999999787,0.9358031956974764,2.0268640378036613,18.0,66.0
1790783252.254226,0,grip capacity exceeded,0.2,2.0742,,,,18.0,66.0
1790783252.267802,0,slipped off A,0.23,1.9824,,,,18.0,66.0
1790783252.2897563,0,slipped off A,0.556,1.2094,,,,18.0,66.0
1790783252.2958431,0,slipped off A,0.13,1.1866,,,,18.0,66.0
1790783252.3233118,0,slipped off A,0.41,1.4905,,,,18.0,66.0
1790783252.3259842,0,slipped off A,0.424,1.125,,,,18.0,66.0
1790783252.3319864,0,grip capacity exceeded,0.118,2.1037,,,,18.0,66.0
1790783252.3476481,0,grip capacity exceeded,0.188,3.1295,,,,18.0,66.0
1790783252.3486993,0,slipped off A,0.08,0.9669,,,,18.0,66.0
1790783252.3612404,0,slipped off A,0.35,1.5399,,,,18.0,66.0
1790783252.3868842,0,slipped off A,0.412,0.9707,,,,18.0,66.0
1790783252.4122083,0,hit wall,0.242,1.3969,0.2199999999999953,0.9424698623641429,2.059563990883949,18.0,66.0
1790783252.4463193,0,slipped off A,0.57,1.8124,,,,18.0,66.0
1790783252.4585636,0,grip capacity exceeded,0.964,2.4391,,,,18.0,66.0
1790783252.4844186,0,hit wall,0.11,0.498,0.0,0.9302476401419209,1.98574780755566,18.0,66.0
1790783252.491564,0,grip capacity exceeded,0.41,2.1561,,,,18.0,66.0
1790783252.4967904,0,grip capacity exceeded,0.278,2.0571,,,,18.0,66.0
1790783252.4983852,0,slipped off A,0.556,1.1881,,,,18.0,66.0
1790783252.504261,0,slipped off A,0.37,1.6721,,,,18.0,66.0
1790783252.5164728,0,grip capacity exceeded,0.166,2.6,,,,18.0,66.0
1790783252.545407,0,grip capacity exceeded,0.64,2.6008,,,,18.0,66.0
1790783252.563053,0,slipped off A,0.208,1.2768,,,,18.0,66.0
1790783252.572294,0,hit wall,0.714,1.6958,,,,18.0,66.0
1790783252.6005135,0,grip capacity exceeded,0.326,2.5937,,,,18.0,66.0
1790783252.61278,0,grip capacity exceeded,0.398,2.01,,,,18.0,66.0
1790783252.6375232,0,grip capacity exceeded,0.52,2.18,,,,18.0,66.0
1790783252.6705933,0,grip capacity exceeded,0.346,2.1241,,,,18.0,66.0
1790783252.6711895,0,slipped off A,0.37,1.2969,,,,18.0,66.0
1790783252.6718044,0,grip capacity exceeded,0.568,2.3606,,,,18.0,66.0
1790783252.6722457,0,slipped off A,0.53,1.6007,,,,18.0,66.0
1790783252.6820886,0,grip capacity exceeded,0.464,2.3802,,,,18.0,66.0
1790783252.707222,0,grip capacity exceeded,0.368,2.3932,,,,18.0,66.0
1790783252.7115848,0,grip capacity exceeded,0.246,2.119,,,,18.0,66.0
1790783252.7311935,0,grip capacity exceeded,0.416,2.2111,,,,18.0,66.0
1790783252.7485883,0,grip capacity exceeded,0.258,2.4014,,,,18.0,66.0
1790783252.7505314,0,hit wall,0.244,1.0736,0.1599999999999966,0.9391365290308096,2.0624269224536103,18.0,66.0
1790783252.7576675,0,grip capacity exceeded,0.128,2.0458,,,,18.0,66.0
1790783252.7767296,0,hit wall,0.046,1.3998,0.019999999999999574,0.931358751253032,2.0704988033638223,18.0,66.0
1790783252.788361,0,grip capacity exceeded,0.352,2.6923,,,,18.0,66.0
1790783252.7967055,0,hit wall,0.37,1.5599,0.27999999999999403,0.9458031956974762,1.9789982555833097,18.0,66.0
1790783252.8302853,0,slipped off A,0.374,1.7512,,,,18.0,66.0
1790783252.8407114,0,grip capacity exceeded,0.33,2.455,,,,18.0,66.0
1790783252.8642814,0,slipped off A,0.27,1.1324,,,,18.0,66.0
1790783252.8644476,0,slipped off A,0.244,1.7332,,,,18.0,66.0
1790783252.8656673,0,hit wall,0.57,1.4955,0.49999999999998934,0.9580254179196981,2.043068772960306,18.0,66.0
1790783252.9149623,0,slipped off A,0.256,1.3674,,,,18.0,66.0
1790783252.9382126,0,slipped off A,0.21,1.4077,,,,18.0,66.0
1790783252.9382,0,grip capacity exceeded,0.22,2.2008,,,,18.0,66.0
1790783252.953149,0,slipped off A,0.61,1.9237,,,,18.0,66.0
1790783252.9623609,0,hit wall,0.516,1.7888,,,,18.0,66.0
1790783252.9678843,0,slipped off A,0.15,1.3255,,,,18.0,66.0
1790783252.983059,0,hit wall,0.416,1.707,0.3599999999999923,0.9502476401419204,2.051702894594035,18.0,66.0
1790783252.9895058,0,grip capacity exceeded,0.132,2.6062,,,,18.0,66.0
1790783253.0029914,0,hit wall,0.154,0.7577,0.03999999999999915,0.9324698623641431,1.9482925839316618,18.0,66.0
1790783253.027239,0,grip capacity exceeded,0.452,2.7037,,,,18.0,66.0
1790783253.033938,0,slipped off A,0.19,1.5572,,,,18.0,66.0
1790783253.0410945,0,grip capacity exceeded,0.106,2.3721,,,,18.0,66.0
1790783253.046661,0,slipped off A,0.17,1.245,,,,18.0,66.0
1790783253.0585754,0,slipped off A,0.184,1.63,,,,18.0,66.0
1790783253.0931358,0,grip capacity exceeded,1.0,2.7742,,,,18.0,66.0
1790783253.0931358,0,grip capacity exceeded,0.102,2.2968,,,,18.0,66.0
1790783253.1162436,0,slipped off A,0.15,1.4257,,,,18.0,66.0
1790783253.1302547,0,grip capacity exceeded,0.11,3.2942,,,,18.0,66.0
1790783253.135597,0,slipped off A,0.27,1.2002,,,,18.0,66.0
1790783253.1692057,0,grip capacity exceeded,0.408,2.3029,,,,18.0,66.0
1790783253.175945,0,grip capacity exceeded,0.126,2.8027,,,,18.0,66.0
1790783253.177674,0,grip capacity exceeded,0.42,2.1532,,,,18.0,66.0
1790783253.187548,0,grip capacity exceeded,0.622,2.303,,,,18.0,66.0
1790783253.2020707,0,grip capacity exceeded,0.072,2.2505,,,,18.0,66.0
1790783253.2229211,0,grip capacity exceeded,0.396,2.0364,,,,18.0,66.0
1790783253.2237177,0,hit wall,0.132,0.6898,0.03999999999999915,0.9324698623641431,2.0159275159183343,18.0,66.0
1790783253.2485604,0,hit wall,0.072,0.5508,0.019999999999999574,0.931358751253032,2.0683816730400397,18.0,66.0
1790783253.252718,0,slipped off A,0.41,1.6358,,,,18.0,66.0
1790783253.270285,0,slipped off A,0.25,1.1178,,,,18.0,66.0
1790783254.3439589,0,grip capacity exceeded,0.176,2.4271,,,,18.0,66.0
1790783254.357537,0,grip capacity exceeded,0.132,2.1042,,,,18.0,66.0
1790783254.3633983,0,slipped off A,0.204,1.8919,,,,18.0,66.0
1790783254.3707244,0,grip capacity exceeded,0.588,2.437,,,,18.0,66.0
1790783254.4019487,0,slipped off A,0.59,1.3012,,,,18.0,66.0
1790783254.4071012,0,grip capacity exceeded,0.116,2.9087,,,,18.0,66.0
1790783254.4170995,0,hit wall,1.246,1.8671,0.9999999999999787,0.9858031956974753,1.6809340586327832,18.0,66.0
1790783254.4258332,0,grip capacity exceeded,0.58,2.0151,,,,18.0,66.0
1790783254.442443,0,slipped off A,0.318,0.984,,,,18.0,66.0
1790783254.4469428,0,grip capacity exceeded,0.102,2.5894,,,,18.0,66.0
1790783254.4848123,0,grip capacity exceeded,0.406,2.1233,,,,18.0,66.0
1790783254.4864492,0,grip capacity exceeded,0.204,2.3989,,,,18.0,66.0
1790783254.500791,0,grip capacity exceeded,0.334,2.237,,,,18.0,66.0
1790783254.5019016,0,slipped off A,0.78,1.3291,,,,18.0,66.0
1790783254.5325196,0,grip capacity exceeded,0.088,2.5131,,,,18.0,66.0
1790783254.5347593,0,slipped off A,0.09,1.4,,,,18.0,66.0
1790783254.5448482,0,grip capacity exceeded,0.168,2.4212,,,,18.0,66.0
1790783254.547793,0,slipped off A,0.618,1.2853,,,,18.0,66.0
1790783254.5627596,0,grip capacity exceeded,0.372,2.8522,,,,18.0,66.0
1790783254.566985,0,slipped off A,0.518,1.4981,,,,18.0,66.0
1790783254.5896945,0,slipped off A,0.12,1.2164,,,,18.0,66.0
1790783254.5899632,0,grip capacity exceeded,0.43,2.6046,,,,18.0,66.0
1790783254.616923,0,grip capacity exceeded,0.184,2.7903,,,,18.0,66.0
1790783254.6225739,0,grip capacity exceeded,0.086,2.0581,,,,18.0,66.0
1790783254.624753,0,grip capacity exceeded,0.256,2.4264,,,,18.0,66.0
1790783254.6250446,0,grip capacity exceeded,0.392,2.0108,,,,18.0,66.0
1790783254.676156,0,slipped off A,0.284,1.397,,,,18.0,66.0
1790783254.69371,0,grip capacity exceeded,0.164,2.3175,,,,18.0,66.0
1790783254.6939871,0,grip capacity exceeded,0.432,2.3547,,,,18.0,66.0
1790783254.7274039,0,grip capacity exceeded,0.436,2.0429,,,,18.0,66.0
1790783254.750812,0,slipped off A,0.304,1.3771,,,,18.0,66.0
1790783254.7511196,0,slipped off A,0.31,1.65,,,,18.0,66.0
1790783254.7718318,0,grip capacity exceeded,0.182,2.1526,,,,18.0,66.0
1790783254.7747753,0,hit wall,0.118,0.5013,0.019999999999999574,0.931358751253032,2.0116237554185026,18.0,66.0
1790783254.7838163,0,grip capacity exceeded,0.242,2.6271,,,,18.0,66.0
1790783254.7888527,0,grip capacity exceeded,0.088,2.2547,,,,18.0,66.0
1790783254.789649,0,slipped off A,0.43,1.4242,,,,18.0,66.0
1790783254.7906983,0,hit wall,0.24,1.5355,0.11999999999999744,0.9369143068085874,2.0530288486253174,18.0,66.0
1790783254.852402,0,slipped off A,0.15,0.8474,,,,18.0,66.0
1790783254.8817918,0,slipped off A,0.07,1.3021,,,,18.0,66.0
1790783254.9101627,0,grip capacity exceeded,0.336,2.6372,,,,18.0,66.0
1790783254.940619,0,grip capacity exceeded,0.158,2.1052,,,,18.0,66.0
1790783254.9474514,0,grip capacity exceeded,0.46,2.5523,,,,18.0,66.0
1790783254.9718573,0,slipped off A,0.488,1.6863,,,,18.0,66.0
1790783254.9796746,0,grip capacity exceeded,0.466,2.1003,,,,18.0,66.0
1790783254.9846742,0,grip capacity exceeded,0.488,2.4439,,,,18.0,66.0
1790783254.9941437,0,slipped off A,0.61,1.686,,,,18.0,66.0
1790783255.0081403,0,missed B,1.076,1.5385,0.6599999999999859,0.9669143068085868,1.121672274808015,18.0,66.0
1790783255.0427926,0,slipped off A,0.23,1.8311,,,,18.0,66.0
1790783255.0916674,0,slipped off A,0.33,1.8864,,,,18.0,66.0
1790783255.1042295,0,grip capacity exceeded,0.508,2.0127,,,,18.0,66.0
1790783255.1044953,0,grip capacity exceeded,0.352,3.2132,,,,18.0,66.0
1790783255.1084738,0,grip capacity exceeded,0.452,2.4291,,,,18.0,66.0
1790783255.1447845,0,slipped off A,0.29,1.0639,,,,18.0,66.0
1790783255.153249,0,grip capacity exceeded,0.408,2.3311,,,,18.0,66.0
1790783255.155545,0,grip capacity exceeded,0.136,2.183,,,,18.0,66.0
1790783255.15669,0,grip capacity exceeded,0.176,2.3872,,,,18.0,66.0
1790783255.1910594,0,slipped off A,0.578,1.8909,,,,18.0,66.0
1790783255.1924052,0,grip capacity exceeded,0.232,2.3438,,,,18.0,66.0
1790783255.218495,0,slipped off A,0.17,1.5975,,,,18.0,66.0
1790783255.2417178,0,grip capacity exceeded,0.26,2.352,,,,18.0,66.0
1790783255.2540114,0,slipped off A,0.37,0.9964,,,,18.0,66.0
1790783255.2751393,0,grip capacity exceeded,0.31,2.047,,,,18.0,66.0
1790783255.2919781,0,slipped off A,0.354,1.046,,,,18.0,66.0
1790783255.2965443,0,grip capacity exceeded,0.128,2.1697,,,,18.0,66.0
1790783255.303595,0,slipped off A,0.284,1.5306,,,,18.0,66.0
1790783255.3450172,0,grip capacity exceeded,0.954,2.1775,,,,18.0,66.0
1790783255.3647137,0,slipped off A,0.378,1.9782,,,,18.0,66.0
1790783255.3971539,0,grip capacity exceeded,0.282,2.0457,,,,18.0,66.0
1790783255.421484,0,grip capacity exceeded,0.166,2.6186,,,,18.0,66.0
1790783255.4292765,0,hit wall,0.646,1.0636,0.5599999999999881,0.9613587512530314,1.9528844119772208,18.0,66.0
1790783255.454413,0,hit wall,0.452,1.6493,0.41999999999999105,0.9535809734752537,2.048704756169723,18.0,66.0
1790783255.461117,0,grip capacity exceeded,0.354,2.1291,,,,18.0,66.0
1790783255.4640765,0,grip capacity exceeded,0.456,2.0407,,,,18.0,66.0
1790783255.4697592,0,grip capacity exceeded,0.606,2.8198,,,,18.0,66.0
1790783255.5090404,0,slipped off A,0.11,1.4,,,,18.0,66.0
1790783255.5502415,0,grip capacity exceeded,0.204,2.0455,,,,18.0,66.0
1790783255.6029232,0,slipped off A,0.89,1.314,,,,18.0,66.0
1790783255.6039548,0,missed B,0.466,0.6112,0.05999999999999872,0.9335809734752541,1.244781133797215,18.0,66.0
1790783255.615911,0,slipped off A,0.27,1.2739,,,,18.0,66.0
1790783255.630388,0,grip capacity exceeded,0.08,2.76,,,,18.0,66.0
1790783255.630423,0,slipped off A,0.072,1.2826,,,,18.0,66.0
1790783255.6314738,0,grip capacity exceeded,0.528,2.9202,,,,18.0,66.0
1790783255.6476724,0,hit wall,0.25,0.9607,0.2199999999999953,0.9424698623641429,2.0593569264445617,18.0,66.0
1790783255.6537166,0,grip capacity exceeded,0.478,2.5093,,,,18.0,66.0
1790783255.6688292,0,slipped off A,0.09,1.1623,,,,18.0,66.0
1790783255.70737,0,slipped off A,0.18,1.7902,,,,18.0,66.0
1790783255.71926,0,grip capacity exceeded,0.72,2.1449,,,,18.0,66.0
1790783255.7301948,0,grip capacity exceeded,0.226,2.4784,,,,18.0,66.0
1790783255.7317357,0,grip capacity exceeded,0.188,3.0719,,,,18.0,66.0
1790783255.7349846,0,grip capacity exceeded,0.294,2.0233,,,,18.0,66.0
1790783255.7417178,0,grip capacity exceeded,0.32,2.0126,,,,18.0,66.0
1790783255.7417417,0,missed B,0.948,0.7631,0.4399999999999906,0.9546920845863648,1.0836279822828152,18.0,66.0
1790783255.7719846,0,slipped off A,0.162,1.1711,,,,18.0,66.0
1790783255.7765493,0,slipped off A,0.156,1.4981,,,,18.0,66.0
1790783255.8056026,0,grip capacity exceeded,0.162,3.173,,,,18.0,66.0
1790783255.8106637,0,hit wall,0.206,1.1847,0.11999999999999744,0.9369143068085874,2.0106563825456996,18.0,66.0
1790783255.8287678,0,slipped off A,0.61,1.4473,,,,18.0,66.0
1790783255.8392687,0,grip capacity exceeded,0.088,2.0892,,,,18.0,66.0
1790783255.8394504,0,grip capacity exceeded,0.198,2.3501,,,,18.0,66.0
1790783255.880301,0,grip capacity exceeded,0.4,2.9749,,,,18.0,66.0
1790783255.8917077,0,slipped off A,0.128,1.6224,,,,18.0,66.0
1790783255.8922253,0,grip capacity exceeded,0.15,2.272,,,,18.0,66.0
1790783255.8981442,0,grip capacity exceeded,0.15,2.2065,,,,18.0,66.0
1790783255.9231913,0,hit wall,0.538,1.5538,,,,18.0,66.0
1790783255.9457564,0,grip capacity exceeded,0.564,2.0293,,,,18.0,66.0
1790783255.9681175,0,slipped off A,0.43,1.212,,,,18.0,66.0
1790783255.993987,0,slipped off A,0.29,1.1594,,,,18.0,66.0
1790783256.011818,0,hit wall,0.678,1.5753,0.6399999999999864,0.9658031956974757,2.0294315086344517,18.0,66.0
1790783256.0259047,0,grip capacity exceeded,0.078,2.3716,,,,18.0,66.0
1790783256.040207,0,grip capacity exceeded,0.262,2.149,,,,18.0,66.0
1790783256.0474567,0,grip capacity exceeded,0.482,2.0743,,,,18.0,66.0
1790783256.0588057,0,grip capacity exceeded,0.484,3.3723,,,,18.0,66.0
1790783256.1166172,0,grip capacity exceeded,0.584,2.7135,,,,18.0,66.0
1790783256.1281817,0,missed B,0.73,1.1508,0.27999999999999403,0.9458031956974762,1.4731866039223696,18.0,66.0
1790783256.1393685,0,grip capacity exceeded,0.376,2.0689,,,,18.0,66.0
1790783256.1546357,0,grip capacity exceeded,0.122,2.5194,,,,18.0,66.0
1790783256.1714416,0,grip capacity exceeded,0.396,2.1597,,,,18.0,66.0
1790783256.1719162,0,slipped off A,0.454,1.3487,,,,18.0,66.0
1790783256.1904635,0,slipped off A,0.21,0.9528,,,,18.0,66.0
1790783256.216839,0,grip capacity exceeded,0.564,2.0444,,,,18.0,66.0
1790783256.2286887,0,hit wall,0.852,1.2653,0.799999999999983,0.9746920845863644,2.0115182776678955,18.0,66.0
1790783256.2297852,0,grip capacity exceeded,0.706,2.0237,,,,18.0,66.0
1790783256.2599788,0,slipped off A,0.13,1.5478,,,,18.0,66.0
1790783256.2600374,0,hit wall,0.264,1.4727,0.17999999999999616,0.9402476401419206,2.057739129357557,18.0,66.0
1790783256.2963681,0,slipped off A,0.22,1.7576,,,,18.0,66.0
1790783256.322094,0,grip capacity exceeded,0.478,2.0646,,,,18.0,66.0
1790783256.3290412,0,grip capacity exceeded,0.216,2.6563,,,,18.0,66.0
1790783256.343205,0,missed B,0.654,1.6087,0.2199999999999953,0.9424698623641429,1.2476688889607792,18.0,66.0
1790783256.3538713,0,slipped off A,0.39,1.3625,,,,18.0,66.0
1790783256.3564398,0,grip capacity exceeded,0.622,2.1874,,,,18.0,66.0
1790783256.3665228,0,grip capacity exceeded,0.554,2.206,,,,18.0,66.0
1790783256.3734663,0,grip capacity exceeded,0.144,2.2609,,,,18.0,66.0
1790783256.4033573,0,slipped off A,0.21,0.81,,,,18.0,66.0
1790783256.4046762,0,grip capacity exceeded,0.076,2.0507,,,,18.0,66.0
1790783256.4415276,0,grip capacity exceeded,0.25,2.151,,,,18.0,66.0
1790783256.467267,0,grip capacity exceeded,0.504,2.0055,,,,18.0,66.0
1790783256.507015,0,grip capacity exceeded,0.756,2.0185,,,,18.0,66.0
1790783256.507756,0,slipped off A,0.456,1.4358,,,,18.0,66.0
1790783256.5508678,0,grip capacity exceeded,0.434,2.1052,,,,18.0,66.0
1790783256.561791,0,grip capacity exceeded,0.462,2.1994,,,,18.0,66.0
1790783256.5680017,0,grip capacity exceeded,0.674,2.373,,,,18.0,66.0
1790783256.5734076,0,slipped off A,0.39,1.5435,,,,18.0,66.0
1790783256.5944862,0,slipped off A,0.088,1.291,,,,18.0,66.0
1790783256.5946226,0,hit wall,0.066,0.528,0.019999999999999574,0.931358751253032,2.0701187871056015,18.0,66.0
1790783256.663654,0,slipped off A,0.35,1.3563,,,,18.0,66.0
1790783256.6739562,0,hit wall,0.634,1.4634,,,,18.0,66.0
1790783256.6749406,0,hit wall,0.936,1.7561,,,,18.0,66.0
1790783256.6766062,0,grip capacity exceeded,0.502,2.2648,,,,18.0,66.0
1790783256.680796,0,grip capacity exceeded,0.534,2.2878,,,,18.0,66.0
1790783256.699885,0,grip capacity exceeded,0.078,2.0977,,,,18.0,66.0
1790783256.728686,0,grip capacity exceeded,0.156,2.1254,,,,18.0,66.0
1790783256.7330937,0,grip capacity exceeded,0.436,2.0346,,,,18.0,66.0
1790783256.7397358,0,grip capacity exceeded,0.518,2.0078,,,,18.0,66.0
1790783256.7406552,0,grip capacity exceeded,0.46,2.0196,,,,18.0,66.0
1790783256.772496,0,grip capacity exceeded,0.208,3.8811,,,,18.0,66.0
1790783256.775468,0,grip capacity exceeded,0.28,2.1713,,,,18.0,66.0
1790783256.8074505,0,slipped off A,0.21,0.9597,,,,18.0,66.0
1790783256.830732,0,grip capacity exceeded,0.274,2.271,,,,18.0,66.0
1790783256.8436148,0,slipped off A,0.31,1.0441,,,,18.0,66.0
1790783256.8452184,0,slipped off A,0.51,1.4835,,,,18.0,66.0
1790783256.8744116,0,grip capacity exceeded,0.424,2.95,,,,18.0,66.0
1790783256.8946314,0,slipped off A,0.162,1.4495,,,,18.0,66.0
1790783256.9043553,0,slipped off A,0.382,1.8152,,,,18.0,66.0
1790783256.9103732,0,grip capacity exceeded,0.186,2.0975,,,,18.0,66.0
1790783256.92029,0,slipped off A,0.23,1.2092,,,,18.0,66.0
1790783256.939689,0,slipped off A,0.41,1.1308,,,,18.0,66.0
1790783256.981074,0,grip capacity exceeded,0.374,2.1971,,,,18.0,66.0
1790783256.9862518,0,grip capacity exceeded,0.696,2.1144,,,,18.0,66.0
1790783256.9972124,0,grip capacity exceeded,0.264,2.2646,,,,18.0,66.0
1790783257.0059688,0,grip capacity exceeded,0.404,2.9841,,,,18.0,66.0
1790783257.026881,0,grip capacity exceeded,0.46,2.9414,,,,18.0,66.0
1790783257.0326064,0,grip capacity exceeded,0.192,2.5227,,,,18.0,66.0
1790783257.0407438,0,hit wall,0.182,1.0809,0.13999999999999702,0.9380254179196985,2.063568004462385,18.0,66.0
1790783257.0450866,0,slipped off A,0.39,1.1553,,,,18.0,66.0
1790783257.046973,0,slipped off A,1.25,1.735,,,,18.0,66.0
1790783257.0862126,0,slipped off A,0.174,1.4259,,,,18.0,66.0
1790783257.0909336,0,slipped off A,0.176,1.5288,,,,18.0,66.0
1790783257.0978093,0,slipped off A,0.15,0.7928,,,,18.0,66.0
1790783257.1151972,0,hit wall,0.218,0.8391,0.17999999999999616,0.9402476401419206,2.0615255111274373,18.0,66.0
1790783257.1271687,0,grip capacity exceeded,0.38,2.6031,,,,18.0,66.0
1790783257.1501708,0,grip capacity exceeded,0.788,2.2019,,,,18.0,66.0
1790783257.1569278,0,slipped off A,0.15,1.5765,,,,18.0,66.0
1790783257.1795099,0,slipped off A,0.15,1.2862,,,,18.0,66.0
1790783257.17951,0,grip capacity exceeded,0.274,2.2445,,,,18.0,66.0
1790783257.1818326,0,grip capacity exceeded,0.256,2.2309,,,,18.0,66.0
1790783257.187742,0,slipped off A,0.206,0.9996,,,,18.0,66.0
1790783257.2060177,0,slipped off A,0.65,1.2056,,,,18.0,66.0
1790783257.2502444,0,slipped off A,0.184,1.3838,,,,18.0,66.0
1790783257.273618,0,grip capacity exceeded,0.648,2.8636,,,,18.0,66.0
1790783257.2877529,0,slipped off A,0.38,0.9177,,,,18.0,66.0
1790783257.2900424,0,slipped off A,0.29,1.3031,,,,18.0,66.0
1790783257.3136241,0,hit wall,0.33,1.7451,0.23999999999999488,0.9435809734752539,2.0272065976366815,18.0,66.0
1790783257.327278,0,grip capacity exceeded,0.498,2.3439,,,,18.0,66.0
1790783257.3323512,0,slipped off A,0.338,1.5558,,,,18.0,66.0
1790783257.3324685,0,slipped off A,0.408,1.3182,,,,18.0,66.0
1790783257.3378298,0,slipped off A,0.15,1.9431,,,,18.0,66.0
1790783257.3835378,0,grip capacity exceeded,0.256,3.3128,,,,18.0,66.0
1790783257.3958483,0,slipped off A,0.27,1.9241,,,,18.0,66.0
1790783257.407003,0,slipped off A,0.202,1.4119,,,,18.0,66.0
1790783257.413974,0,slipped off A,0.204,1.3452,,,,18.0,66.0
1790783257.42339,0,grip capacity exceeded,0.23,2.7826,,,,18.0,66.0
1790783257.4584699,0,grip capacity exceeded,0.154,2.5684,,,,18.0,66.0
1790783257.458716,0,hit wall,0.346,1.1065,0.2999999999999936,0.9469143068085872,2.054855516357958,18.0,66.0
1790783257.470488,0,hit wall,0.034,0.498,0.0,0.9302476401419209,2.0714805385173674,18.0,66.0
1790783257.4826233,0,slipped off A,0.07,1.4975,,,,18.0,66.0
1790783257.4919937,0,slipped off A,0.31,1.5568,,,,18.0,66.0
1790783257.4995239,0,hit wall,0.252,0.5563,0.13999999999999702,0.9380254179196985,1.9480833928594377,18.0,66.0
1790783257.5228956,0,hit wall,0.292,0.7491,0.17999999999999616,0.9402476401419206,1.9110874182254474,18.0,66.0
1790783257.5287008,0,grip capacity exceeded,0.392,2.0201,,,,18.0,66.0
1790783257.541485,0,slipped off A,0.136,1.3716,,,,18.0,66.0
1790783257.5682776,0,grip capacity exceeded,0.23,2.0076,,,,18.0,66.0
1790783257.5869358,0,slipped off A,0.25,1.5246,,,,18.0,66.0
1790783257.6289854,0,grip capacity exceeded,0.176,2.1556,,,,18.0,66.0
1790783257.6498237,0,hit wall,0.354,1.2225,0.3199999999999932,0.9480254179196983,2.053894145894499,18.0,66.0
1790783257.6572895,0,grip capacity exceeded,0.968,2.182,,,,18.0,66.0
1790783257.7034237,0,slipped off A,1.25,1.87,,,,18.0,66.0
1790783257.705402,0,missed B,0.634,1.7985,0.1599999999999966,0.9391365290308096,1.2987020500151794,18.0,66.0
1790783257.717217,0,hit wall,0.208,1.0809,0.13999999999999702,0.9380254179196985,2.023832446921604,18.0,66.0
1790783257.719247,0,hit wall,0.466,1.1072,0.3799999999999919,0.9513587512530316,2.0419187899178493,18.0,66.0
1790783257.7266183,0,slipped off A,0.194,1.9532,,,,18.0,66.0
1790783257.7324255,0,slipped off A,0.55,1.2652,,,,18.0,66.0
1790783257.7370849,0,slipped off A,0.39,1.3793,,,,18.0,66.0
1790783257.7372644,0,grip capacity exceeded,0.096,2.3239,,,,18.0,66.0
1790783257.7737627,0,grip capacity exceeded,0.166,2.1567,,,,18.0,66.0
1790783257.7978709,0,slipped off A,0.194,1.5638,,,,18.0,66.0
1790783257.8154166,0,grip capacity exceeded,0.286,2.8336,,,,18.0,66.0
1790783258.8966627,0,slipped off A,0.582,1.643,,,,18.0,66.0
1790783258.9022326,0,slipped off A,0.27,1.0737,,,,18.0,66.0
1790783258.9077606,0,grip capacity exceeded,0.514,2.0006,,,,18.0,66.0
1790783258.9299622,0,hit wall,0.538,1.7286,,,,18.0,66.0
1790783258.938627,0,slipped off A,0.288,1.0419,,,,18.0,66.0
1790783258.99988,0,slipped off A,0.29,1.6745,,,,18.0,66.0
1790783259.0165312,0,slipped off A,0.456,1.4103,,,,18.0,66.0
1790783259.0319068,0,grip capacity exceeded,0.38,2.1843,,,,18.0,66.0
1790783259.0393984,0,missed B,0.8,1.5554,0.3199999999999932,0.9480254179196983,1.2141671482785052,18.0,66.0
1790783259.0463617,0,hit wall,0.382,1.6788,0.3199999999999932,0.9480254179196983,2.0510193771567327,18.0,66.0
1790783259.0573251,0,slipped off A,0.35,1.691,,,,18.0,66.0
1790783259.093081,0,slipped off A,0.468,1.5299,,,,18.0,66.0
1790783259.1093674,0,slipped off A,0.292,1.1826,,,,18.0,66.0
1790783259.1159804,0,slipped off A,0.344,1.204,,,,18.0,66.0
1790783259.1210248,0,slipped off A,0.26,1.4626,,,,18.0,66.0
1790783259.1258266,0,grip capacity exceeded,1.088,2.1122,,,,18.0,66.0
1790783259.1536353,0,grip capacity exceeded,0.11,2.3206,,,,18.0,66.0
1790783259.195718,0,slipped off A,0.23,1.8064,,,,18.0,66.0
1790783259.2065675,0,hit wall,0.35,1.2222,0.23999999999999488,0.9435809734752539,2.0581670074547853,18.0,66.0
1790783259.2126124,0,grip capacity exceeded,0.314,2.4197,,,,18.0,66.0
1790783259.219622,0,slipped off A,0.494,1.2736,,,,18.0,66.0
1790783259.2558625,0,slipped off A,0.678,1.7608,,,,18.0,66.0
1790783259.263944,0,grip capacity exceeded,0.14,2.7451,,,,18.0,66.0
1790783259.283176,0,hit wall,0.706,1.7842,,,,18.0,66.0
1790783259.2963514,0,slipped off A,0.482,1.3234,,,,18.0,66.0
1790783259.336261,0,grip capacity exceeded,0.152,2.3636,,,,18.0,66.0
1790783259.343234,0,slipped off A,0.256,1.6102,,,,18.0,66.0
1790783259.3473694,0,grip capacity exceeded,0.35,2.3116,,,,18.0,66.0
1790783259.3680408,0,grip capacity exceeded,0.444,2.7705,,,,18.0,66.0
1790783259.3865778,0,grip capacity exceeded,0.136,2.2418,,,,18.0,66.0
1790783259.4107127,0,grip capacity exceeded,0.312,2.1208,,,,18.0,66.0
1790783259.4167929,0,slipped off A,0.754,1.5559,,,,18.0,66.0
1790783259.4178665,0,slipped off A,0.44,1.6885,,,,18.0,66.0
1790783259.4181116,0,grip capacity exceeded,0.61,2.5614,,,,18.0,66.0
1790783259.4421878,0,grip capacity exceeded,0.056,2.2016,,,,18.0,66.0
1790783259.442787,0,hit wall,0.124,0.9459,0.0799999999999983,0.9346920845863652,2.066854029521734,18.0,66.0
1790783259.4528587,0,grip capacity exceeded,0.206,2.1984,,,,18.0,66.0
1790783259.4621084,0,grip capacity exceeded,0.284,3.0527,,,,18.0,66.0
1790783259.4742181,0,hit wall,0.114,0.498,0.0,0.9302476401419209,1.946840251388915,18.0,66.0
1790783259.4980388,0,grip capacity exceeded,0.104,2.0889,,,,18.0,66.0
1790783259.533566,0,grip capacity exceeded,0.186,2.1886,,,,18.0,66.0
1790783259.5509129,0,slipped off A,0.21,1.1796,,,,18.0,66.0
1790783259.552225,0,missed B,0.524,1.9264,0.05999999999999872,0.9335809734752541,1.3229903622018557,18.0,66.0
1790783259.581883,0,slipped off A,0.43,1.332,,,,18.0,66.0
1790783259.6297085,0,grip capacity exceeded,0.354,2.6786,,,,18.0,66.0
1790783259.663736,0,grip capacity exceeded,0.076,2.731,,,,18.0,66.0
1790783259.6899934,0,grip capacity exceeded,0.624,2.5929,,,,18.0,66.0
1790783259.7036629,0,slipped off A,0.39,1.5702,,,,18.0,66.0
1790783259.710832,0,grip capacity exceeded,0.462,2.3458,,,,18.0,66.0
1790783259.7413864,0,missed B,0.808,1.01,0.2999999999999936,0.9469143068085872,1.4261025960663225,18.0,66.0
1790783259.7836645,0,slipped off A,0.23,1.4163,,,,18.0,66.0
1790783259.8176196,0,hit wall,0.582,1.8651,,,,18.0,66.0
1790783259.8219395,0,grip capacity exceeded,0.09,2.4911,,,,18.0,66.0
1790783259.8331234,0,grip capacity exceeded,0.728,2.5264,,,,18.0,66.0
1790783259.8342319,0,grip capacity exceeded,0.306,2.0033,,,,18.0,66.0
1790783259.848384,0,grip capacity exceeded,1.016,2.0871,,,,18.0,66.0
1790783259.878693,0,grip capacity exceeded,0.08,2.2827,,,,18.0,66.0
1790783259.883238,0,slipped off A,0.12,1.822,,,,18.0,66.0
1790783259.8881204,0,slipped off A,0.59,1.7363,,,,18.0,66.0
1790783259.889035,0,grip capacity exceeded,0.196,2.4955,,,,18.0,66.0
1790783259.9069874,0,slipped off A,0.51,1.3072,,,,18.0,66.0
1790783259.9134429,0,grip capacity exceeded,0.182,2.4499,,,,18.0,66.0
1790783259.9354641,0,hit wall,0.136,0.5608,0.03999999999999915,0.9324698623641431,2.0176416293730632,18.0,66.0
1790783259.9482236,0,slipped off A,0.55,1.03,,,,18.0,66.0
1790783259.9508855,0,grip capacity exceeded,0.112,2.5695,,,,18.0,66.0
1790783259.9815729,0,grip capacity exceeded,0.084,2.1853,,,,18.0,66.0
1790783260.0175917,0,grip capacity exceeded,0.29,2.006,,,,18.0,66.0
1790783260.0317624,0,slipped off A,0.42,1.3274,,,,18.0,66.0
1790783260.080121,0,grip capacity exceeded,0.538,2.4434,,,,18.0,66.0
1790783260.1087296,0,grip capacity exceeded,0.604,2.7808,,,,18.0,66.0
1790783260.1273344,0,grip capacity exceeded,0.408,2.3114,,,,18.0,66.0
1790783260.128037,0,missed B,0.842,1.096,0.3999999999999915,0.9524698623641427,1.19432788936652,18.0,66.0
1790783260.1310554,0,missed B,0.506,0.5672,0.03999999999999915,0.9324698623641431,1.2280939787744736,18.0,66.0
1790783260.150501,0,grip capacity exceeded,0.376,2.0945,,,,18.0,66.0
1790783260.167725,0,grip capacity exceeded,0.648,2.0736,,,,18.0,66.0
1790783260.1803894,0,slipped off A,0.41,1.8492,,,,18.0,66.0
1790783260.2200232,0,slipped off A,0.252,1.3415,,,,18.0,66.0
1790783260.2557225,0,slipped off A,0.348,1.547,,,,18.0,66.0
1790783260.2557225,0,grip capacity exceeded,0.088,2.0725,,,,18.0,66.0
1790783260.262768,0,missed B,0.512,0.7193,0.019999999999999574,0.931358751253032,1.2911477428850422,18.0,66.0
1790783260.2735188,0,grip capacity exceeded,0.45,2.6835,,,,18.0,66.0
1790783260.2777388,0,slipped off A,0.36,1.1612,,,,18.0,66.0
1790783260.2948918,0,grip capacity exceeded,0.06,2.0021,,,,18.0,66.0
1790783260.2958229,0,hit wall,0.094,0.5136,0.019999999999999574,0.931358751253032,2.0109101493647246,18.0,66.0
1790783260.3206725,0,grip capacity exceeded,0.17,2.772,,,,18.0,66.0
1790783260.323361,0,grip capacity exceeded,0.062,2.2497,,,,18.0,66.0
1790783260.3320107,0,slipped off A,0.55,1.1481,,,,18.0,66.0
1790783260.336554,0,grip capacity exceeded,0.112,2.2742,,,,18.0,66.0
1790783260.343653,0,slipped off A,0.45,1.0324,,,,18.0,66.0
1790783260.350479,0,slipped off A,0.514,1.9302,,,,18.0,66.0
1790783260.3551188,0,grip capacity exceeded,0.202,2.2328,,,,18.0,66.0
1790783260.375947,0,slipped off A,0.09,1.1716,,,,18.0,66.0
1790783260.3933527,0,grip capacity exceeded,0.106,2.0483,,,,18.0,66.0
1790783260.4099758,0,slipped off A,0.412,1.5787,,,,18.0,66.0
1790783260.4197412,0,grip capacity exceeded,0.272,2.0947,,,,18.0,66.0
1790783260.4270194,0,hit wall,0.292,0.7739,0.19999999999999574,0.9413587512530318,1.9752173926888348,18.0,66.0
1790783260.4503057,0,grip capacity exceeded,0.308,2.4014,,,,18.0,66.0
1790783260.4505045,0,grip capacity exceeded,0.086,2.1582,,,,18.0,66.0
1790783260.4861379,0,slipped off A,0.438,1.1498,,,,18.0,66.0
1790783260.5019658,0,grip capacity exceeded,0.152,2.1379,,,,18.0,66.0
1790783260.5160143,0,grip capacity exceeded,0.092,2.1419,,,,18.0,66.0
1790783260.5266454,0,hit wall,0.492,1.0302,0.4399999999999906,0.9546920845863648,2.0437600596583527,18.0,66.0
1790783260.5410771,0,slipped off A,0.43,1.8664,,,,18.0,66.0
1790783260.5465786,0,grip capacity exceeded,0.484,2.4553,,,,18.0,66.0
1790783260.553404,0,slipped off A,0.11,1.4091,,,,18.0,66.0
1790783260.5747383,0,grip capacity exceeded,0.086,2.4215,,,,18.0,66.0
1790783260.5973225,0,slipped off A,0.182,1.891,,,,18.0,66.0
1790783260.6135232,0,grip capacity exceeded,0.334,2.0561,,,,18.0,66.0
1790783260.6162689,0,hit wall,0.168,1.151,0.13999999999999702,0.9380254179196985,2.063787940499848,18.0,66.0
1790783260.6327555,0,hit wall,0.084,0.6403,0.03999999999999915,0.9324698623641431,2.0691811044015322,18.0,66.0
1790783260.6602516,0,grip capacity exceeded,0.104,2.0475,,,,18.0,66.0
1790783260.66719,0,slipped off A,0.626,1.8213,,,,18.0,66.0
1790783260.6753354,0,slipped off A,0.16,1.2973,,,,18.0,66.0
1790783260.7009764,0,slipped off A,0.174,1.0981,,,,18.0,66.0
1790783260.7217321,0,slipped off A,0.142,1.3157,,,,18.0,66.0
1790783260.7360575,0,hit wall,0.862,1.428,0.7599999999999838,0.9724698623641422,1.9064415266149026,18.0,66.0
1790783260.7368095,0,grip capacity exceeded,0.098,2.17,,,,18.0,66.0
1790783260.7422948,0,slipped off A,0.19,0.9401,,,,18.0,66.0
1790783260.74332,0,missed B,0.534,0.7299,0.0799999999999983,0.9346920845863652,1.1750542882631714,18.0,66.0
1790783260.7488554,0,grip capacity exceeded,0.186,2.1703,,,,18.0,66.0
1790783260.74946,0,grip capacity exceeded,0.922,2.4729,,,,18.0,66.0
1790783260.8079538,0,hit wall,0.222,0.879,0.17999999999999616,0.9402476401419206,2.061469436194836,18.0,66.0
1790783260.8130186,0,slipped off A,0.646,1.8257,,,,18.0,66.0
1790783260.8208342,0,slipped off A,0.212,1.5152,,,,18.0,66.0
1790783260.8676617,0,grip capacity exceeded,0.146,2.1079,,,,18.0,66.0
1790783260.8774953,0,grip capacity exceeded,0.4,2.8462,,,,18.0,66.0
1790783260.8926938,0,slipped off A,0.382,1.3866,,,,18.0,66.0
1790783260.9024487,0,slipped off A,0.46,1.4912,,,,18.0,66.0
1790783260.9031823,0,grip capacity exceeded,0.224,3.2627,,,,18.0,66.0
1790783260.9271417,0,grip capacity exceeded,0.356,2.0124,,,,18.0,66.0
1790783260.9315302,0,grip capacity exceeded,0.1,2.0821,,,,18.0,66.0
1790783260.9343255,0,missed B,0.576,1.08,0.09999999999999787,0.9358031956974764,1.367367413566059,18.0,66.0
1790783260.9550264,0,grip capacity exceeded,0.172,2.6373,,,,18.0,66.0
1790783260.9567242,0,grip capacity exceeded,0.098,2.816,,,,18.0,66.0
1790783260.9624677,0,slipped off A,0.626,1.8437,,,,18.0,66.0
1790783260.990425,0,slipped off A,0.31,1.333,,,,18.0,66.0
1790783260.9976165,0,grip capacity exceeded,0.2,2.1626,,,,18.0,66.0
1790783261.003617,0,slipped off A,0.13,1.1101,,,,18.0,66.0
1790783261.0093405,0,slipped off A,0.434,1.2902,,,,18.0,66.0
1790783261.011127,0,grip capacity exceeded,0.416,3.0255,,,,18.0,66.0
1790783261.098741,0,grip capacity exceeded,0.414,2.0143,,,,18.0,66.0
1790783261.104733,0,grip capacity exceeded,0.326,2.0609,,,,18.0,66.0
1790783261.1187289,0,slipped off A,0.352,1.2696,,,,18.0,66.0
1790783261.1359038,0,grip capacity exceeded,0.56,2.0682,,,,18.0,66.0
1790783261.141849,0,slipped off A,0.41,1.9848,,,,18.0,66.0
1790783261.1433039,0,grip capacity exceeded,0.418,2.4387,,,,18.0,66.0
1790783261.1947963,0,slipped off A,0.17,1.0686,,,,18.0,66.0
1790783261.2216985,0,hit wall,0.884,1.879,0.799999999999983,0.9746920845863644,1.9980756132635615,18.0,66.0
1790783261.222058,0,slipped off A,0.71,1.7798,,,,18.0,66.0
1790783261.2222195,0,slipped off A,0.07,1.4365,,,,18.0,66.0
1790783261.2544613,0,grip capacity exceeded,0.094,2.0536,,,,18.0,66.0
1790783261.2689898,0,hit wall,0.52,1.3355,0.4599999999999902,0.955803195697476,2.046485080592341,18.0,66.0
1790783261.2741084,0,hit wall,0.47,1.401,0.3999999999999915,0.9524698623641427,2.0452237713830645,18.0,66.0
1790783261.2806265,0,grip capacity exceeded,0.168,2.8731,,,,18.0,66.0
1790783261.2886174,0,slipped off A,0.43,1.3051,,,,18.0,66.0
1790783261.3016016,0,slipped off A,0.09,1.8325,,,,18.0,66.0
1790783261.3289611,0,slipped off A,0.15,0.9187,,,,18.0,66.0
1790783261.3366175,0,hit wall,0.694,1.6421,,,,18.0,66.0
1790783261.3498635,0,slipped off A,0.366,1.1629,,,,18.0,66.0
1790783261.366561,0,slipped off A,0.31,1.1546,,,,18.0,66.0
1790783261.3796618,0,slipped off A,0.696,1.9706,,,,18.0,66.0
1790783261.4115837,0,grip capacity exceeded,0.342,2.3277,,,,18.0,66.0
1790783261.432086,0,slipped off A,0.39,1.7174,,,,18.0,66.0
1790783261.4970942,0,slipped off A,0.28,1.3024,,,,18.0,66.0
1790783261.4988399,0,missed B,0.576,0.9978,0.1599999999999966,0.9391365290308096,1.312697193966171,18.0,66.0
1790783261.520849,0,grip capacity exceeded,0.484,2.1667,,,,18.0,66.0
1790783261.5433352,0,slipped off A,0.49,1.4973,,,,18.0,66.0
1790783261.551357,0,slipped off A,0.364,1.6279,,,,18.0,66.0
1790783261.569465,0,grip capacity exceeded,0.204,2.3847,,,,18.0,66.0
1790783261.573857,0,grip capacity exceeded,0.738,2.8117,,,,18.0,66.0
1790783261.574183,0,grip capacity exceeded,0.634,2.6497,,,,18.0,66.0
1790783261.6234136,0,grip capacity exceeded,0.372,2.5015,,,,18.0,66.0
1790783261.629982,0,slipped off A,0.226,1.2279,,,,18.0,66.0
1790783261.6747591,0,grip capacity exceeded,0.284,2.099,,,,18.0,66.0
1790783261.6965916,0,hit wall,0.192,0.8516,0.13999999999999702,0.9380254179196985,2.0596659132505493,18.0,66.0
1790783261.7007685,0,slipped off A,0.386,1.3161,,,,18.0,66.0
1790783261.7228308,0,slipped off A,0.13,1.4011,,,,18.0,66.0
1790783261.7286232,0,hit wall,1.162,1.9191,1.1399999999999757,0.9935809734752529,2.0139691159553275,18.0,66.0
1790783261.7380967,0,grip capacity exceeded,0.572,2.2703,,,,18.0,66.0
1790783261.7562044,0,grip capacity exceeded,0.538,2.5634,,,,18.0,66.0
1790783261.7840176,0,grip capacity exceeded,0.144,2.0997,,,,18.0,66.0
1790783261.795813,0,grip capacity exceeded,0.808,2.0071,,,,18.0,66.0
1790783261.8261662,0,missed B,0.568,0.5709,0.11999999999999744,0.9369143068085874,1.3472689181289679,18.0,66.0
1790783261.8361537,0,slipped off A,0.21,1.4335,,,,18.0,66.0
1790783261.8467479,0,slipped off A,0.296,1.6492,,,,18.0,66.0
1790783261.8542778,0,grip capacity exceeded,0.152,2.2753,,,,18.0,66.0
1790783261.8631034,0,grip capacity exceeded,0.45,2.1067,,,,18.0,66.0
1790783261.9333076,0,slipped off A,0.22,1.0677,,,,18.0,66.0
1790783261.965179,0,slipped off A,0.288,1.8622,,,,18.0,66.0
1790783261.9705331,0,grip capacity exceeded,0.35,2.4379,,,,18.0,66.0
1790783261.9787273,0,missed B,0.712,1.2552,0.27999999999999403,0.9458031956974762,1.2296314958837862,18.0,66.0
1790783261.9906046,0,hit wall,0.15,1.0601,0.05999999999999872,0.9335809734752541,2.0159797636579806,18.0,66.0
1790783261.9950395,0,grip capacity exceeded,0.58,2.0386,,,,18.0,66.0
1790783261.9977672,0,hit wall,0.816,1.4407,,,,18.0,66.0
1790783262.036156,0,hit wall,0.592,1.4035,,,,18.0,66.0
1790783262.0408564,0,slipped off A,0.57,1.4501,,,,18.0,66.0
1790783262.075338,0,slipped off A,0.25,1.3946,,,,18.0,66.0
1790783262.1020167,0,slipped off A,0.194,1.1574,,,,18.0,66.0
1790783262.1154997,0,slipped off A,0.21,1.6492,,,,18.0,66.0
1790783262.1215851,0,grip capacity exceeded,0.428,2.0222,,,,18.0,66.0
1790783262.1610308,0,slipped off A,0.55,1.28,,,,18.0,66.0
1790783262.1730914,0,grip capacity exceeded,0.272,2.4832,,,,18.0,66.0
1790783262.1810691,0,grip capacity exceeded,0.156,2.9815,,,,18.0,66.0
1790783262.199178,0,grip capacity exceeded,0.568,2.3932,,,,18.0,66.0
1790783262.2073488,0,hit wall,0.234,0.9106,0.1599999999999966,0.9391365290308096,2.0289113317133967,18.0,66.0
1790783262.2090569,0,slipped off A,0.588,1.1318,,,,18.0,66.0
1790783262.2286441,0,slipped off A,0.17,1.63,,,,18.0,66.0
1790783262.2623231,0,grip capacity exceeded,0.428,2.1173,,,,18.0,66.0
1790783262.2739265,0,hit wall,0.276,0.7843,0.23999999999999488,0.9435809734752539,2.058244828721718,18.0,66.0
1790783262.2846544,0,grip capacity exceeded,0.248,2.3585,,,,18.0,66.0
1790783262.3073938,0,slipped off A,0.13,1.5088,,,,18.0,66.0
1790783262.3191488,0,slipped off A,0.27,1.4603,,,,18.0,66.0
1790783262.3250887,0,grip capacity exceeded,0.994,2.4568,,,,18.0,66.0
1790783262.3306158,0,grip capacity exceeded,0.37,2.0447,,,,18.0,66.0
1790783262.3458836,0,slipped off A,0.466,1.4025,,,,18.0,66.0
1790783262.365126,0,grip capacity exceeded,0.116,2.0194,,,,18.0,66.0
1790783262.37153,0,grip capacity exceeded,0.482,2.2365,,,,18.0,66.0
1790783262.3724535,0,slipped off A,0.146,0.8887,,,,18.0,66.0
1790783262.37982,0,grip capacity exceeded,0.086,2.1991,,,,18.0,66.0
1790783262.3959785,0,grip capacity exceeded,0.274,2.0432,,,,18.0,66.0
1790783263.4932938,0,slipped off A,0.164,1.7253,,,,18.0,66.0
1790783263.5101974,0,slipped off A,0.524,1.1295,,,,18.0,66.0
1790783263.5184207,0,hit wall,0.368,1.6159,0.33999999999999275,0.9491365290308094,2.0529528615053927,18.0,66.0
1790783263.5928903,0,grip capacity exceeded,0.404,2.1797,,,,18.0,66.0
1790783263.6227193,0,grip capacity exceeded,0.572,2.5112,,,,18.0,66.0
1790783263.6298354,0,slipped off A,0.63,1.9506,,,,18.0,66.0
1790783263.6340551,0,slipped off A,0.896,1.4313,,,,18.0,66.0
1790783263.656429,0,grip capacity exceeded,0.532,2.2755,,,,18.0,66.0
1790783263.72311,0,slipped off A,0.658,1.3923,,,,18.0,66.0
1790783263.7287266,0,grip capacity exceeded,0.216,2.791,,,,18.0,66.0
1790783263.7397392,0,grip capacity exceeded,0.326,2.5584,,,,18.0,66.0
1790783263.7709243,0,slipped off A,0.076,1.2423,,,,18.0,66.0
1790783263.7887077,0,slipped off A,0.49,1.2944,,,,18.0,66.0
1790783263.7957523,0,grip capacity exceeded,0.54,2.0233,,,,18.0,66.0
1790783263.8234289,0,slipped off A,0.156,1.491,,,,18.0,66.0
1790783263.8334494,0,grip capacity exceeded,0.998,2.0203,,,,18.0,66.0
1790783263.8344612,0,grip capacity exceeded,0.098,3.0668,,,,18.0,66.0
1790783263.8619206,0,grip capacity exceeded,1.306,2.1295,,,,18.0,66.0
1790783263.8842394,0,grip capacity exceeded,0.434,3.5113,,,,18.0,66.0
1790783263.9086833,0,grip capacity exceeded,0.112,2.2784,,,,18.0,66.0
1790783263.931389,0,slipped off A,0.25,1.561,,,,18.0,66.0
1790783263.9406505,0,grip capacity exceeded,0.314,2.0188,,,,18.0,66.0
1790783264.0046766,0,slipped off A,0.442,1.7673,,,,18.0,66.0
1790783264.01917,0,missed B,0.602,1.2936,0.19999999999999574,0.9413587512530318,1.2376658458042826,18.0,66.0
1790783264.103909,0,slipped off A,1.07,1.7578,,,,18.0,66.0
1790783264.1234581,0,grip capacity exceeded,0.68,2.081,,,,18.0,66.0
1790783264.1444726,0,slipped off A,0.61,1.5537,,,,18.0,66.0
1790783264.1463776,0,slipped off A,0.11,1.4007,,,,18.0,66.0
1790783264.152854,0,grip capacity exceeded,0.59,2.774,,,,18.0,66.0
1790783264.1689694,0,slipped off A,1.67,1.9346,,,,18.0,66.0
1790783264.1747608,0,grip capacity exceeded,0.49,3.0697,,,,18.0,66.0
1790783264.235205,0,grip capacity exceeded,0.638,2.3498,,,,18.0,66.0
1790783264.2475727,0,grip capacity exceeded,0.274,2.0108,,,,18.0,66.0
1790783264.2552555,0,grip capacity exceeded,0.226,2.8294,,,,18.0,66.0
1790783264.2722054,0,slipped off A,0.368,1.2524,,,,18.0,66.0
1790783264.3132815,0,hit wall,0.414,1.622,0.3799999999999919,0.9513587512530316,2.0507299770285026,18.0,66.0
1790783264.3274243,0,grip capacity exceeded,0.22,2.7488,,,,18.0,66.0
1790783264.3281813,0,grip capacity exceeded,1.182,2.5346,,,,18.0,66.0
1790783264.354878,0,slipped off A,0.636,1.3975,,,,18.0,66.0
1790783264.361458,0,grip capacity exceeded,0.332,2.4515,,,,18.0,66.0
1790783264.361658,0,slipped off A,0.59,1.7972,,,,18.0,66.0
1790783264.373475,0,grip capacity exceeded,0.242,2.6527,,,,18.0,66.0
1790783264.3928158,0,grip capacity exceeded,0.084,2.5295,,,,18.0,66.0
1790783264.4133093,0,grip capacity exceeded,0.236,2.1229,,,,18.0,66.0
1790783264.45162,0,grip capacity exceeded,0.084,2.1348,,,,18.0,66.0
1790783264.4739811,0,slipped off A,0.398,1.1823,,,,18.0,66.0
1790783264.5052705,0,slipped off A,0.134,0.756,,,,18.0,66.0
1790783264.5167587,0,slipped off A,0.43,1.81,,,,18.0,66.0
1790783264.5168083,0,hit wall,0.454,1.9405,,,,18.0,66.0
1790783264.521369,0,slipped off A,0.73,1.4937,,,,18.0,66.0
1790783264.5772514,0,hit wall,0.556,0.9047,0.5199999999999889,0.9591365290308091,2.043418980917263,18.0,66.0
1790783264.5839927,0,slipped off A,0.51,1.342,,,,18.0,66.0
1790783264.6122391,0,grip capacity exceeded,0.224,2.1168,,,,18.0,66.0
1790783264.6491754,0,slipped off A,0.35,1.2446,,,,18.0,66.0
1790783264.6674545,0,grip capacity exceeded,0.23,2.3792,,,,18.0,66.0
1790783264.6828628,0,slipped off A,0.566,1.8284,,,,18.0,66.0
1790783264.7367969,0,hit wall,0.582,1.2591,0.5399999999999885,0.9602476401419202,2.0423900354486104,18.0,66.0
1790783264.7369561,0,grip capacity exceeded,1.144,2.4286,,,,18.0,66.0
1790783264.756134,0,slipped off A,0.29,1.1652,,,,18.0,66.0
1790783264.761243,0,slipped off A,0.216,1.1581,,,,18.0,66.0
1790783264.7628033,0,grip capacity exceeded,0.704,2.0981,,,,18.0,66.0
1790783264.781286,0,slipped off A,0.31,1.4609,,,,18.0,66.0
1790783264.8088694,0,grip capacity exceeded,0.2,2.4136,,,,18.0,66.0
1790783264.8202672,0,slipped off A,0.15,1.307,,,,18.0,66.0
1790783264.827557,0,hit wall,0.104,0.959,0.0799999999999983,0.9346920845863652,2.0671686138484144,18.0,66.0
1790783264.8736393,0,grip capacity exceeded,0.134,2.0884,,,,18.0,66.0
1790783264.8928368,0,slipped off A,0.362,1.3655,,,,18.0,66.0
1790783264.9014897,0,slipped off A,0.812,1.6712,,,,18.0,66.0
1790783264.9653156,0,slipped off A,0.606,1.336,,,,18.0,66.0
1790783264.9658077,0,slipped off A,0.466,1.7369,,,,18.0,66.0
1790783264.9710217,0,slipped off A,0.698,1.898,,,,18.0,66.0
1790783264.989255,0,grip capacity exceeded,1.198,2.0991,,,,18.0,66.0
1790783265.0041065,0,grip capacity exceeded,0.346,2.5433,,,,18.0,66.0
1790783265.0530908,0,slipped off A,0.268,1.3991,,,,18.0,66.0
1790783265.0534272,0,slipped off A,0.268,1.1608,,,,18.0,66.0
1790783265.101758,0,grip capacity exceeded,0.382,2.3674,,,,18.0,66.0
1790783265.1256707,0,grip capacity exceeded,0.354,2.6838,,,,18.0,66.0
1790783265.1469877,0,grip capacity exceeded,0.746,2.5506,,,,18.0,66.0
1790783265.153036,0,grip capacity exceeded,0.294,2.2474,,,,18.0,66.0
1790783265.1907146,0,slipped off A,0.186,1.4465,,,,18.0,66.0
1790783265.1946826,0,grip capacity exceeded,0.122,2.3166,,,,18.0,66.0
1790783265.2061613,0,grip capacity exceeded,0.314,2.4991,,,,18.0,66.0
1790783265.247085,0,grip capacity exceeded,0.766,2.0037,,,,18.0,66.0
1790783265.252377,0,grip capacity exceeded,1.152,2.2416,,,,18.0,66.0
1790783265.2648125,0,slipped off A,0.33,0.8422,,,,18.0,66.0
1790783265.274785,0,slipped off A,1.39,1.6425,,,,18.0,66.0
1790783265.2751527,0,grip capacity exceeded,0.214,2.1158,,,,18.0,66.0
1790783265.3046381,0,grip capacity exceeded,0.36,2.4029,,,,18.0,66.0
1790783265.3376443,0,slipped off A,0.19,1.154,,,,18.0,66.0
1790783265.3575451,0,grip capacity exceeded,0.922,2.2045,,,,18.0,66.0
1790783265.3603623,0,slipped off A,0.35,1.5885,,,,18.0,66.0
1790783265.367531,0,slipped off A,0.538,1.1905,,,,18.0,66.0
1790783265.3683996,0,grip capacity exceeded,0.27,2.6725,,,,18.0,66.0
1790783265.404862,0,slipped off A,0.276,1.3618,,,,18.0,66.0
1790783265.426413,0,grip capacity exceeded,0.488,2.2231,,,,18.0,66.0
1790783265.4316113,0,grip capacity exceeded,0.208,2.918,,,,18.0,66.0
1790783265.4559526,0,grip capacity exceeded,0.098,2.2542,,,,18.0,66.0
1790783265.4609702,0,grip capacity exceeded,0.184,2.1668,,,,18.0,66.0
1790783265.4659429,0,slipped off A,0.31,1.0766,,,,18.0,66.0
1790783265.506791,0,slipped off A,0.476,1.8265,,,,18.0,66.0
1790783265.5526397,0,slipped off A,0.526,1.0896,,,,18.0,66.0
1790783265.5923095,0,slipped off A,0.324,1.4837,,,,18.0,66.0
1790783265.6088395,0,grip capacity exceeded,0.388,2.0424,,,,18.0,66.0
1790783265.6260405,0,grip capacity exceeded,0.196,2.6682,,,,18.0,66.0
1790783265.6356995,0,grip capacity exceeded,0.118,2.1089,,,,18.0,66.0
1790783265.641145,0,grip capacity exceeded,0.08,2.1043,,,,18.0,66.0
1790783265.6765804,0,grip capacity exceeded,1.232,2.077,,,,18.0,66.0
1790783265.6928277,0,grip capacity exceeded,0.734,2.6199,,,,18.0,66.0
1790783265.7026975,0,slipped off A,0.544,1.7233,,,,18.0,66.0
1790783265.742361,0,hit wall,0.308,1.8138,0.23999999999999488,0.9435809734752539,2.0342292276990466,18.0,66.0
1790783265.7588575,0,hit wall,0.382,1.274,0.3199999999999932,0.9480254179196983,2.051480980330675,18.0,66.0
1790783265.7803106,0,slipped off A,0.452,1.3262,,,,18.0,66.0
1790783265.782801,0,grip capacity exceeded,0.926,2.2192,,,,18.0,66.0
1790783265.7874768,0,grip capacity exceeded,0.086,2.0146,,,,18.0,66.0
1790783265.8012528,0,slipped off A,0.398,1.4116,,,,18.0,66.0
1790783265.8018193,0,grip capacity exceeded,0.32,2.9566,,,,18.0,66.0
1790783265.814745,0,missed B,1.32,1.0669,0.8999999999999808,0.9802476401419198,1.5507684059057882,18.0,66.0
1790783265.827186,0,slipped off A,0.41,1.433,,,,18.0,66.0
1790783265.8517556,0,slipped off A,0.19,1.2109,,,,18.0,66.0
1790783265.8522508,0,slipped off A,0.21,1.409,,,,18.0,66.0
1790783265.858851,0,hit wall,0.222,0.7491,0.13999999999999702,0.9380254179196985,2.0125016239472977,18.0,66.0
1790783265.8851683,0,slipped off A,0.256,1.0857,,,,18.0,66.0
1790783265.9181106,0,slipped off A,0.19,1.3769,,,,18.0,66.0
1790783265.923861,0,slipped off A,0.356,1.2996,,,,18.0,66.0
1790783265.9314718,0,slipped off A,0.25,0.8494,,,,18.0,66.0
1790783265.9491324,0,grip capacity exceeded,0.392,2.3154,,,,18.0,66.0
1790783265.963804,0,slipped off A,0.09,1.3537,,,,18.0,66.0
1790783266.0063794,0,slipped off A,0.626,1.427,,,,18.0,66.0
1790783266.0133934,0,grip capacity exceeded,0.128,2.3071,,,,18.0,66.0
1790783266.036261,0,hit wall,0.914,1.3127,,,,18.0,66.0
1790783266.053828,0,slipped off A,0.288,1.7574,,,,18.0,66.0
1790783266.0782318,0,slipped off A,0.43,0.8265,,,,18.0,66.0
1790783266.0976522,0,grip capacity exceeded,0.624,2.933,,,,18.0,66.0
1790783266.10565,0,slipped off A,0.174,1.6916,,,,18.0,66.0
1790783266.1062438,0,missed B,0.528,0.694,0.13999999999999702,0.9380254179196985,1.5916396339884633,18.0,66.0
1790783266.1212435,0,slipped off A,0.79,1.1653,,,,18.0,66.0
1790783266.1257648,0,grip capacity exceeded,0.08,2.4066,,,,18.0,66.0
1790783266.128385,0,grip capacity exceeded,0.182,2.6499,,,,18.0,66.0
1790783266.1930466,0,hit wall,0.212,0.8319,0.11999999999999744,0.9369143068085874,1.9862322885303056,18.0,66.0
1790783266.2283814,0,slipped off A,0.29,0.9376,,,,18.0,66.0
1790783266.23552,0,missed B,0.652,1.8761,0.3199999999999932,0.9480254179196983,1.2571461585740475,18.0,66.0
1790783266.2364147,0,grip capacity exceeded,0.634,2.1946,,,,18.0,66.0
1790783266.2608006,0,grip capacity exceeded,0.388,2.9462,,,,18.0,66.0
1790783266.2863789,0,slipped off A,0.53,1.4144,,,,18.0,66.0
1790783266.3042197,0,grip capacity exceeded,0.218,2.0189,,,,18.0,66.0
1790783266.3067403,0,hit wall,0.664,1.3305,0.5999999999999872,0.9635809734752535,2.033969220378964,18.0,66.0
1790783266.3222084,0,slipped off A,0.294,1.3128,,,,18.0,66.0
1790783266.3222315,0,grip capacity exceeded,0.39,2.5619,,,,18.0,66.0
1790783266.3269238,0,grip capacity exceeded,0.664,2.3528,,,,18.0,66.0
1790783266.3455553,0,grip capacity exceeded,0.14,2.4041,,,,18.0,66.0
1790783266.3757973,0,hit wall,0.126,1.3916,0.0799999999999983,0.9346920845863652,2.0669387410936775,18.0,66.0
1790783266.4353404,0,missed B,0.532,0.7911,0.11999999999999744,0.9369143068085874,1.4612832710475867,18.0,66.0
1790783266.466655,0,grip capacity exceeded,0.436,2.3082,,,,18.0,66.0
1790783266.476473,0,grip capacity exceeded,0.596,2.3117,,,,18.0,66.0
1790783266.4936345,0,grip capacity exceeded,0.582,2.2291,,,,18.0,66.0
1790783266.5101323,0,grip capacity exceeded,0.26,2.2417,,,,18.0,66.0
1790783266.5192037,0,slipped off A,0.61,1.8985,,,,18.0,66.0
1790783266.5195837,0,grip capacity exceeded,0.886,2.1369,,,,18.0,66.0
1790783266.5516741,0,grip capacity exceeded,0.574,2.2637,,,,18.0,66.0
1790783266.5720563,0,grip capacity exceeded,0.178,2.0416,,,,18.0,66.0
1790783266.6075964,0,grip capacity exceeded,0.462,2.029,,,,18.0,66.0
1790783266.6127381,0,grip capacity exceeded,0.45,3.6017,,,,18.0,66.0
1790783266.6139886,0,slipped off A,0.856,1.6821,,,,18.0,66.0
1790783266.6421611,0,slipped off A,0.104,1.8628,,,,18.0,66.0
1790783266.6613185,0,slipped off A,0.49,0.9194,,,,18.0,66.0
1790783266.6672566,0,slipped off A,0.368,1.4486,,,,18.0,66.0
1790783266.6925263,0,grip capacity exceeded,0.156,2.5013,,,,18.0,66.0
1790783266.705424,0,grip capacity exceeded,0.682,2.3554,,,,18.0,66.0
1790783266.7119837,0,slipped off A,0.15,1.8338,,,,18.0,66.0
1790783266.7143383,0,grip capacity exceeded,0.318,2.0785,,,,18.0,66.0
1790783266.719586,0,slipped off A,0.334,1.9239,,,,18.0,66.0
1790783266.734165,0,slipped off A,0.11,1.4212,,,,18.0,66.0
1790783266.7416697,0,slipped off A,0.218,1.2837,,,,18.0,66.0
1790783266.7775745,0,grip capacity exceeded,0.18,2.5846,,,,18.0,66.0
1790783266.7780366,0,grip capacity exceeded,0.818,2.4961,,,,18.0,66.0
1790783266.78634,0,hit wall,0.188,0.7472,0.13999999999999702,0.9380254179196985,2.0583937554047136,18.0,66.0
1790783266.7988687,0,grip capacity exceeded,0.18,2.1236,,,,18.0,66.0
1790783266.8290946,0,grip capacity exceeded,0.256,3.4691,,,,18.0,66.0
1790783266.8371968,0,slipped off A,0.17,1.1406,,,,18.0,66.0
1790783266.855731,0,grip capacity exceeded,0.44,2.3693,,,,18.0,66.0
1790783266.8602715,0,slipped off A,0.884,1.4177,,,,18.0,66.0
1790783268.1168506,0,slipped off A,0.13,1.4981,,,,18.0,66.0
1790783268.1293187,0,grip capacity exceeded,0.406,2.019,,,,18.0,66.0
1790783268.130355,0,slipped off A,0.186,1.557,,,,18.0,66.0
1790783268.1449728,0,slipped off A,0.31,1.3937,,,,18.0,66.0
1790783268.1692243,0,slipped off A,0.134,1.3427,,,,18.0,66.0
1790783268.1747966,0,slipped off A,0.49,1.1786,,,,18.0,66.0
1790783268.1803381,0,missed B,0.736,1.0225,0.3599999999999923,0.9502476401419204,1.0881041185103464,18.0,66.0
1790783268.1857555,0,slipped off A,0.416,1.3432,,,,18.0,66.0
1790783268.1982162,0,grip capacity exceeded,0.192,2.57,,,,18.0,66.0
1790783268.2298107,0,grip capacity exceeded,0.76,2.1976,,,,18.0,66.0
1790783268.2352695,0,grip capacity exceeded,0.136,2.502,,,,18.0,66.0
1790783268.241208,0,hit wall,0.308,1.1468,0.25999999999999446,0.944692084586365,2.0569845602625905,18.0,66.0
1790783268.2549253,0,grip capacity exceeded,0.398,2.4087,,,,18.0,66.0
1790783268.2868557,0,grip capacity exceeded,0.338,2.701,,,,18.0,66.0
1790783268.3175988,0,hit wall,0.202,1.2452,0.1599999999999966,0.9391365290308096,2.062492045980104,18.0,66.0
1790783268.3317633,0,grip capacity exceeded,0.186,2.3225,,,,18.0,66.0
1790783268.3606684,0,grip capacity exceeded,0.194,2.9586,,,,18.0,66.0
1790783268.3729417,0,missed B,0.372,0.5039,0.019999999999999574,0.931358751253032,1.3044271382917358,18.0,66.0
1790783268.3905022,0,grip capacity exceeded,0.368,2.2136,,,,18.0,66.0
1790783268.4059374,0,grip capacity exceeded,0.676,2.925,,,,18.0,66.0
1790783268.4372199,0,grip capacity exceeded,0.256,2.2999,,,,18.0,66.0
1790783268.464391,0,slipped off A,0.81,1.8189,,,,18.0,66.0
1790783268.4784505,0,slipped off A,0.11,1.052,,,,18.0,66.0
1790783268.497887,0,grip capacity exceeded,0.296,2.152,,,,18.0,66.0
1790783268.4981174,0,grip capacity exceeded,0.48,2.1748,,,,18.0,66.0
1790783268.5289624,0,missed B,0.93,1.4596,0.5199999999999889,0.9591365290308091,1.6839397275925987,18.0,66.0
1790783268.5563812,0,grip capacity exceeded,0.14,2.1444,,,,18.0,66.0
1790783268.5665834,0,grip capacity exceeded,0.24,2.8344,,,,18.0,66.0
1790783268.5736322,0,grip capacity exceeded,0.138,2.0352,,,,18.0,66.0
1790783268.5851562,0,slipped off A,0.09,1.5023,,,,18.0,66.0
1790783268.596748,0,hit wall,0.608,1.0849,0.5599999999999881,0.9613587512530314,2.0380683660171384,18.0,66.0
1790783268.6089566,0,grip capacity exceeded,0.622,2.1828,,,,18.0,66.0
1790783268.6638694,0,slipped off A,0.43,1.0271,,,,18.0,66.0
1790783268.6645937,0,missed B,0.698,1.4316,0.23999999999999488,0.9435809734752539,1.0519290478343724,18.0,66.0
1790783268.6782453,0,slipped off A,0.29,1.5583,,,,18.0,66.0
1790783268.6897619,0,grip capacity exceeded,0.306,2.2883,,,,18.0,66.0
1790783268.7075872,0,slipped off A,0.13,1.4558,,,,18.0,66.0
1790783268.7415316,0,slipped off A,0.35,1.4221,,,,18.0,66.0
1790783268.7624683,0,slipped off A,0.444,1.1619,,,,18.0,66.0
1790783268.80128,0,slipped off A,0.158,1.6589,,,,18.0,66.0
1790783268.801644,0,slipped off A,0.38,1.6603,,,,18.0,66.0
1790783268.8096569,0,grip capacity exceeded,0.922,2.1865,,,,18.0,66.0
1790783268.845623,0,slipped off A,0.714,1.9166,,,,18.0,66.0
1790783268.8494904,0,grip capacity exceeded,0.422,2.2772,,,,18.0,66.0
1790783268.8609734,0,slipped off A,0.41,1.9348,,,,18.0,66.0
1790783268.8926828,0,grip capacity exceeded,0.116,2.0139,,,,18.0,66.0
1790783268.9009955,0,grip capacity exceeded,0.092,2.0088,,,,18.0,66.0
1790783268.90793,0,grip capacity exceeded,0.636,2.2246,,,,18.0,66.0
1790783268.9786408,0,grip capacity exceeded,0.474,2.0328,,,,18.0,66.0
1790783268.986248,0,grip capacity exceeded,0.22,2.5846,,,,18.0,66.0
1790783268.9936514,0,grip capacity exceeded,0.272,2.0747,,,,18.0,66.0
1790783269.041457,0,slipped off A,0.66,1.821,,,,18.0,66.0
1790783269.0417178,0,slipped off A,0.13,1.0816,,,,18.0,66.0
1790783269.0764897,0,grip capacity exceeded,0.62,2.7755,,,,18.0,66.0
1790783269.0765636,0,slipped off A,0.22,1.494,,,,18.0,66.0
1790783269.0965586,0,grip capacity exceeded,0.316,2.0715,,,,18.0,66.0
1790783269.106438,0,grip capacity exceeded,0.082,2.2504,,,,18.0,66.0
1790783269.1562285,0,slipped off A,0.198,1.152,,,,18.0,66.0
1790783269.1589055,0,grip capacity exceeded,1.006,2.3852,,,,18.0,66.0
1790783269.1797853,0,slipped off A,0.798,1.9107,,,,18.0,66.0
1790783269.2170243,0,slipped off A,0.31,1.4599,,,,18.0,66.0
1790783269.2385545,0,slipped off A,0.472,1.7599,,,,18.0,66.0
1790783269.2666996,0,grip capacity exceeded,0.124,2.77,,,,18.0,66.0
1790783269.2746804,0,slipped off A,0.31,1.1805,,,,18.0,66.0
1790783269.297605,0,grip capacity exceeded,0.146,3.0557,,,,18.0,66.0
1790783269.312878,0,slipped off A,1.534,1.9019,,,,18.0,66.0
1790783269.343717,0,hit wall,0.484,0.8879,0.3799999999999919,0.9513587512530316,1.9364411438243765,18.0,66.0
1790783269.3734548,0,slipped off A,0.51,1.5157,,,,18.0,66.0
1790783269.3935926,0,slipped off A,0.99,1.4969,,,,18.0,66.0
1790783269.4071732,0,slipped off A,0.344,1.0387,,,,18.0,66.0
1790783269.4097004,0,grip capacity exceeded,0.18,2.1463,,,,18.0,66.0
1790783269.4210134,0,grip capacity exceeded,0.292,2.3673,,,,18.0,66.0
1790783269.4498806,0,slipped off A,0.49,0.9756,,,,18.0,66.0
1790783269.4580414,0,grip capacity exceeded,1.172,2.1726,,,,18.0,66.0
1790783269.459596,0,missed B,0.432,0.5931,0.0799999999999983,0.9346920845863652,1.1477448710836078,18.0,66.0
1790783269.4855678,0,slipped off A,0.22,1.3747,,,,18.0,66.0
1790783269.5092962,0,slipped off A,0.284,1.3413,,,,18.0,66.0
1790783269.5268784,0,slipped off A,0.45,1.5309,,,,18.0,66.0
1790783269.588014,0,slipped off A,0.562,1.5833,,,,18.0,66.0
1790783269.5880058,0,grip capacity exceeded,0.178,2.0405,,,,18.0,66.0
1790783269.593997,0,slipped off A,0.42,1.2442,,,,18.0,66.0
1790783269.5941768,0,grip capacity exceeded,0.506,3.3426,,,,18.0,66.0
1790783269.6230526,0,slipped off A,0.328,1.343,,,,18.0,66.0
1790783269.6618474,0,hit wall,0.182,1.3936,0.1599999999999966,0.9391365290308096,2.062786963249451,18.0,66.0
1790783269.6903555,0,slipped off A,0.6,1.968,,,,18.0,66.0
1790783269.7038672,0,grip capacity exceeded,0.738,3.7355,,,,18.0,66.0
1790783269.7181432,0,slipped off A,0.33,1.7307,,,,18.0,66.0
1790783269.7365274,0,grip capacity exceeded,0.42,2.324,,,,18.0,66.0
1790783269.7390761,0,grip capacity exceeded,0.818,2.1247,,,,18.0,66.0
1790783269.7433865,0,grip capacity exceeded,0.232,2.1632,,,,18.0,66.0
1790783269.7657418,0,hit wall,0.492,1.8357,,,,18.0,66.0
1790783269.767082,0,grip capacity exceeded,0.19,2.1291,,,,18.0,66.0
1790783269.7754576,0,grip capacity exceeded,0.252,2.9577,,,,18.0,66.0
1790783269.8031108,0,slipped off A,0.186,1.2933,,,,18.0,66.0
1790783269.8372571,0,grip capacity exceeded,0.35,2.3133,,,,18.0,66.0
1790783269.8382695,0,slipped off A,0.19,1.6192,,,,18.0,66.0
1790783269.8709083,0,grip capacity exceeded,0.188,2.1184,,,,18.0,66.0
1790783269.9164643,0,slipped off A,0.244,1.0613,,,,18.0,66.0
1790783269.9184391,0,hit wall,0.554,1.2313,0.5199999999999889,0.9591365290308091,2.0434637044963484,18.0,66.0
1790783269.938925,0,slipped off A,0.928,1.601,,,,18.0,66.0
1790783269.9441912,0,grip capacity exceeded,0.528,2.3375,,,,18.0,66.0
1790783269.944886,0,grip capacity exceeded,0.226,2.0925,,,,18.0,66.0
1790783269.974343,0,grip capacity exceeded,0.086,2.4439,,,,18.0,66.0
1790783269.977385,0,missed B,0.618,0.6393,0.09999999999999787,0.9358031956974764,1.30157288918139,18.0,66.0
1790783269.9941885,0,grip capacity exceeded,0.222,2.1982,,,,18.0,66.0
1790783270.0090697,0,hit wall,0.1,0.498,0.0,0.9302476401419209,1.9757251111824907,18.0,66.0
1790783270.0320997,0,hit wall,0.618,1.6333,0.5799999999999876,0.9624698623641424,2.040310468364435,18.0,66.0
1790783270.0587137,0,grip capacity exceeded,0.968,2.2931,,,,18.0,66.0
1790783270.071017,0,grip capacity exceeded,0.406,2.0081,,,,18.0,66.0
1790783270.103741,0,grip capacity exceeded,0.318,2.0463,,,,18.0,66.0
1790783270.1319723,0,slipped off A,0.442,1.9913,,,,18.0,66.0
1790783270.1477776,0,slipped off A,0.39,1.0998,,,,18.0,66.0
1790783270.173383,0,grip capacity exceeded,0.272,2.3773,,,,18.0,66.0
1790783270.215559,0,grip capacity exceeded,0.788,2.344,,,,18.0,66.0
1790783270.2157013,0,slipped off A,0.518,1.5175,,,,18.0,66.0
1790783270.22164,0,slipped off A,0.25,1.1535,,,,18.0,66.0
1790783270.2281497,0,slipped off A,0.47,1.1996,,,,18.0,66.0
1790783270.2383928,0,slipped off A,0.954,1.8138,,,,18.0,66.0
1790783270.2662425,0,grip capacity exceeded,0.278,2.2126,,,,18.0,66.0
1790783270.2706702,0,grip capacity exceeded,0.38,2.3721,,,,18.0,66.0
1790783270.2800493,0,grip capacity exceeded,0.176,2.3122,,,,18.0,66.0
1790783270.3152874,0,slipped off A,0.61,1.3495,,,,18.0,66.0
1790783270.3242023,0,grip capacity exceeded,0.122,2.8105,,,,18.0,66.0
1790783270.3366444,0,hit wall,0.19,0.8062,0.05999999999999872,0.9335809734752541,1.940910074165172,18.0,66.0
1790783270.353966,0,grip capacity exceeded,0.272,2.0683,,,,18.0,66.0
1790783270.4016528,0,slipped off A,0.55,1.8849,,,,18.0,66.0
1790783270.4240327,0,slipped off A,0.37,0.9977,,,,18.0,66.0
1790783270.4472516,0,grip capacity exceeded,0.754,2.0048,,,,18.0,66.0
1790783270.448468,0,grip capacity exceeded,0.75,2.126,,,,18.0,66.0
1790783270.454376,0,grip capacity exceeded,0.094,2.0959,,,,18.0,66.0
1790783270.45449,0,slipped off A,0.166,1.6164,,,,18.0,66.0
1790783270.4851005,0,slipped off A,0.134,0.9379,,,,18.0,66.0
1790783270.498641,0,hit wall,0.552,0.832,0.49999999999998934,0.9580254179196981,2.044309809185854,18.0,66.0
1790783270.5285897,0,slipped off A,0.592,1.33,,,,18.0,66.0
1790783270.5558186,0,hit wall,1.044,1.9938,1.0199999999999783,0.9869143068085864,2.0189691333179822,18.0,66.0
1790783270.5727768,0,grip capacity exceeded,0.406,2.8857,,,,18.0,66.0
1790783270.5837746,0,slipped off A,0.45,1.4803,,,,18.0,66.0
1790783270.5998368,0,grip capacity exceeded,0.532,2.3625,,,,18.0,66.0
1790783270.6130772,0,grip capacity exceeded,0.424,2.3982,,,,18.0,66.0
1790783270.631416,0,slipped off A,0.376,1.3223,,,,18.0,66.0
1790783270.665747,0,grip capacity exceeded,0.376,2.032,,,,18.0,66.0
1790783270.6864192,0,slipped off A,1.228,1.9076,,,,18.0,66.0
1790783270.69754,0,missed B,0.662,1.0109,0.3199999999999932,0.9480254179196983,1.3655407144893847,18.0,66.0
1790783270.711617,0,slipped off A,0.41,0.9167,,,,18.0,66.0
1790783270.7352057,0,grip capacity exceeded,0.32,2.3973,,,,18.0,66.0
1790783270.7366955,0,missed B,0.428,1.1475,0.05999999999999872,0.9335809734752541,1.2926077161989855,18.0,66.0
1790783270.7418358,0,slipped off A,0.09,1.3238,,,,18.0,66.0
1790783270.7648265,0,hit wall,0.628,1.9769,,,,18.0,66.0
1790783270.7747402,0,grip capacity exceeded,0.11,2.0957,,,,18.0,66.0
1790783270.8056617,0,slipped off A,0.634,1.568,,,,18.0,66.0
1790783270.8164196,0,grip capacity exceeded,0.386,2.1796,,,,18.0,66.0
1790783270.8394294,0,grip capacity exceeded,0.576,2.9537,,,,18.0,66.0
1790783270.8467603,0,slipped off A,0.27,1.4674,,,,18.0,66.0
1790783270.8770857,0,grip capacity exceeded,0.19,2.0133,,,,18.0,66.0
1790783270.9043632,0,grip capacity exceeded,0.078,2.0687,,,,18.0,66.0
1790783270.9267225,0,slipped off A,0.384,1.61,,,,18.0,66.0
1790783270.9274359,0,missed B,0.626,1.0289,0.23999999999999488,0.9435809734752539,1.4574311828065423,18.0,66.0
1790783270.9324405,0,grip capacity exceeded,0.082,2.2406,,,,18.0,66.0
1790783270.9421504,0,slipped off A,0.288,1.8744,,,,18.0,66.0
1790783270.965872,0,grip capacity exceeded,0.092,2.0094,,,,18.0,66.0
1790783270.9668999,0,slipped off A,0.398,0.9249,,,,18.0,66.0
1790783270.9985604,0,grip capacity exceeded,0.096,2.0745,,,,18.0,66.0
1790783271.0104885,0,slipped off A,0.254,1.4986,,,,18.0,66.0
1790783271.0628414,0,grip capacity exceeded,0.922,2.0978,,,,18.0,66.0
1790783271.0702467,0,grip capacity exceeded,0.222,2.1697,,,,18.0,66.0
1790783271.0902562,0,grip capacity exceeded,0.382,2.15,,,,18.0,66.0
1790783271.0904386,0,grip capacity exceeded,0.518,2.0193,,,,18.0,66.0
1790783271.1003003,0,hit wall,0.074,0.84,0.03999999999999915,0.9324698623641431,2.069233512452816,18.0,66.0
1790783271.1114128,0,slipped off A,1.368,1.274,,,,18.0,66.0
1790783271.111714,0,grip capacity exceeded,0.306,2.0435,,,,18.0,66.0
1790783271.1756403,0,grip capacity exceeded,0.206,2.5051,,,,18.0,66.0
1790783271.2205327,0,grip capacity exceeded,0.414,2.4377,,,,18.0,66.0
1790783271.236974,0,grip capacity exceeded,0.46,2.1856,,,,18.0,66.0
1790783271.2679605,0,grip capacity exceeded,0.258,2.9873,,,,18.0,66.0
1790783271.2852058,0,missed B,1.044,1.9351,0.5399999999999885,0.9602476401419202,1.0808682595549728,18.0,66.0
1790783271.3074377,0,slipped off A,0.562,1.243,,,,18.0,66.0
1790783271.3306756,0,grip capacity exceeded,0.774,2.2123,,,,18.0,66.0
1790783271.3363917,0,slipped off A,0.698,1.5971,,,,18.0,66.0
1790783271.353391,0,slipped off A,0.29,1.3401,,,,18.0,66.0
1790783271.3587341,0,missed B,1.93,1.1055,1.5799999999999663,0.018025417919696807,1.3786820153384198,18.0,66.0
1790783271.3986108,0,hit wall,0.122,0.5682,0.05999999999999872,0.9335809734752541,2.055255502109609,18.0,66.0
1790783271.415673,0,grip capacity exceeded,0.212,2.1439,,,,18.0,66.0
1790783271.4240913,0,missed B,0.418,1.4334,0.03999999999999915,0.9324698623641431,1.2242105885109527,18.0,66.0
1790783271.461182,0,grip capacity exceeded,0.18,2.1068,,,,18.0,66.0
1790783271.4948776,0,grip capacity exceeded,0.084,2.1616,,,,18.0,66.0
1790783271.4954093,0,grip capacity exceeded,0.54,2.5286,,,,18.0,66.0
1790783271.512549,0,slipped off A,0.27,1.341,,,,18.0,66.0
1790783271.5326648,0,hit wall,0.568,1.3894,0.5399999999999885,0.9602476401419202,2.042445562645743,18.0,66.0
1790783272.6326327,0,slipped off A,0.206,0.9053,,,,18.0,66.0
1790783272.650242,0,grip capacity exceeded,0.866,2.8048,,,,18.0,66.0
1790783272.660163,0,slipped off A,0.714,1.5694,,,,18.0,66.0
1790783272.6951432,0,hit wall,0.636,0.9785,,,,18.0,66.0
1790783272.6958866,0,slipped off A,0.31,1.0801,,,,18.0,66.0
1790783272.716069,0,slipped off A,1.25,1.9457,,,,18.0,66.0
1790783272.7255027,0,slipped off A,0.21,1.2929,,,,18.0,66.0
1790783272.7500124,0,slipped off A,0.386,1.5075,,,,18.0,66.0
1790783272.761644,0,slipped off A,0.23,0.7066,,,,18.0,66.0
1790783272.7898297,0,grip capacity exceeded,0.33,2.0092,,,,18.0,66.0
1790783272.796606,0,grip capacity exceeded,0.722,2.7388,,,,18.0,66.0
1790783272.797076,0,slipped off A,0.114,1.4604,,,,18.0,66.0
1790783272.8235238,0,grip capacity exceeded,0.244,2.2523,,,,18.0,66.0
1790783272.833222,0,slipped off A,0.894,1.7382,,,,18.0,66.0
1790783272.8519855,0,slipped off A,0.17,1.3999,,,,18.0,66.0
1790783272.856129,0,grip capacity exceeded,0.088,3.0358,,,,18.0,66.0
1790783272.8768823,0,slipped off A,0.254,1.0817,,,,18.0,66.0
1790783272.895518,0,grip capacity exceeded,0.584,3.7882,,,,18.0,66.0
1790783272.9022365,0,grip capacity exceeded,0.826,2.2965,,,,18.0,66.0
1790783272.9403155,0,grip capacity exceeded,0.254,2.2379,,,,18.0,66.0
1790783272.9550068,0,slipped off A,0.31,1.5839,,,,18.0,66.0
1790783272.9708505,0,grip capacity exceeded,0.196,2.2979,,,,18.0,66.0
1790783272.9796858,0,grip capacity exceeded,0.578,2.001,,,,18.0,66.0
1790783273.0207958,0,grip capacity exceeded,0.218,2.1619,,,,18.0,66.0
1790783273.043756,0,slipped off A,0.47,0.796,,,,18.0,66.0
1790783273.0443006,0,grip capacity exceeded,0.602,2.6336,,,,18.0,66.0
1790783273.0483015,0,slipped off A,0.99,1.5234,,,,18.0,66.0
1790783273.077898,0,grip capacity exceeded,0.326,2.2728,,,,18.0,66.0
1790783273.1149225,0,slipped off A,0.364,1.2982,,,,18.0,66.0
1790783273.136479,0,slipped off A,0.242,1.9397,,,,18.0,66.0
1790783273.1641452,0,slipped off A,0.09,1.5228,,,,18.0,66.0
1790783273.1829758,0,grip capacity exceeded,0.302,2.5919,,,,18.0,66.0
1790783273.194104,0,grip capacity exceeded,0.438,2.219,,,,18.0,66.0
1790783273.2023838,0,grip capacity exceeded,0.888,2.6439,,,,18.0,66.0
1790783273.2219257,0,slipped off A,0.59,1.5529,,,,18.0,66.0
1790783273.2507582,0,grip capacity exceeded,0.258,2.2364,,,,18.0,66.0
1790783273.2763484,0,grip capacity exceeded,0.256,2.8576,,,,18.0,66.0
1790783273.2913215,0,grip capacity exceeded,0.242,2.1202,,,,18.0,66.0
1790783273.348406,0,missed B,1.064,1.7682,0.6199999999999868,0.9646920845863646,1.4575547082842442,18.0,66.0
1790783273.387826,0,slipped off A,0.302,1.2854,,,,18.0,66.0
1790783273.4055903,0,slipped off A,1.036,1.701,,,,18.0,66.0
1790783273.4119058,0,grip capacity exceeded,0.566,2.3189,,,,18.0,66.0
1790783273.4304118,0,slipped off A,0.392,1.5533,,,,18.0,66.0
1790783273.447496,0,hit wall,0.618,1.6863,,,,18.0,66.0
1790783273.4491165,0,grip capacity exceeded,0.526,2.3225,,,,18.0,66.0
1790783273.5072317,0,slipped off A,0.31,1.4297,,,,18.0,66.0
1790783273.5204566,0,slipped off A,1.156,1.358,,,,18.0,66.0
1790783273.5315695,0,slipped off A,0.52,1.3261,,,,18.0,66.0
1790783273.589613,0,slipped off A,0.35,1.34,,,,18.0,66.0
1790783273.6401,0,grip capacity exceeded,0.604,2.4638,,,,18.0,66.0
1790783273.644381,0,hit wall,0.62,1.1058,,,,18.0,66.0
1790783273.6855817,0,grip capacity exceeded,0.682,2.0595,,,,18.0,66.0
1790783273.695149,0,slipped off A,0.15,1.2698,,,,18.0,66.0
1790783273.7185726,0,slipped off A,0.57,1.538,,,,18.0,66.0
1790783273.7405484,0,slipped off A,0.556,1.6421,,,,18.0,66.0
1790783273.7524047,0,slipped off A,0.468,1.1644,,,,18.0,66.0
1790783273.765833,0,slipped off A,0.68,1.7095,,,,18.0,66.0
1790783273.7760732,0,grip capacity exceeded,0.42,2.2475,,,,18.0,66.0
1790783273.778856,0,grip capacity exceeded,0.254,2.0441,,,,18.0,66.0
1790783273.7983475,0,slipped off A,0.288,1.4296,,,,18.0,66.0
1790783273.823606,0,hit wall,0.232,0.8096,0.13999999999999702,0.9380254179196985,2.007910380090019,18.0,66.0
1790783273.8551967,0,grip capacity exceeded,0.26,2.8688,,,,18.0,66.0
1790783273.882382,0,grip capacity exceeded,0.168,2.5012,,,,18.0,66.0
1790783273.9624343,0,grip capacity exceeded,0.524,2.3302,,,,18.0,66.0
1790783273.989827,0,slipped off A,0.31,1.1314,,,,18.0,66.0
1790783273.9900432,0,missed B,1.532,1.2528,0.9999999999999787,0.9858031956974753,1.2649768613148709,18.0,66.0
1790783274.0362895,0,grip capacity exceeded,0.146,2.519,,,,18.0,66.0
1790783274.0494242,0,grip capacity exceeded,0.594,2.3549,,,,18.0,66.0
1790783274.072124,0,grip capacity exceeded,0.964,2.0043,,,,18.0,66.0
1790783274.0935082,0,slipped off A,0.97,1.6715,,,,18.0,66.0
1790783274.101132,0,hit wall,0.218,1.248,0.17999999999999616,0.9402476401419206,2.0614515899244306,18.0,66.0
1790783274.1143801,0,slipped off A,0.42,1.5539,,,,18.0,66.0
1790783274.1215394,0,slipped off A,1.23,1.6893,,,,18.0,66.0
1790783274.1639004,0,slipped off A,0.182,1.1384,,,,18.0,66.0
1790783274.1711724,0,slipped off A,0.39,1.2583,,,,18.0,66.0
1790783274.1726415,0,grip capacity exceeded,0.304,2.8074,,,,18.0,66.0
1790783274.2315202,0,grip capacity exceeded,1.332,2.07,,,,18.0,66.0
1790783274.2542074,0,grip capacity exceeded,0.91,2.1185,,,,18.0,66.0
1790783274.2818754,0,slipped off A,0.55,0.9467,,,,18.0,66.0
1790783274.2830892,0,grip capacity exceeded,0.486,2.4018,,,,18.0,66.0
1790783274.2834957,0,hit wall,0.464,1.8486,0.41999999999999105,0.9535809734752537,2.0485861849058846,18.0,66.0
1790783274.3386295,0,grip capacity exceeded,0.486,2.2897,,,,18.0,66.0
1790783274.3547833,0,grip capacity exceeded,0.536,2.1422,,,,18.0,66.0
1790783274.3548124,0,grip capacity exceeded,0.284,2.2539,,,,18.0,66.0
1790783274.3820353,0,grip capacity exceeded,0.11,2.4732,,,,18.0,66.0
1790783274.4537556,0,hit wall,0.286,1.0565,0.19999999999999574,0.9413587512530318,2.003383147068258,18.0,66.0
1790783274.4868472,0,hit wall,0.754,1.0362,,,,18.0,66.0
1790783274.4914045,0,slipped off A,0.636,1.9919,,,,18.0,66.0
1790783274.5004559,0,slipped off A,0.658,1.85,,,,18.0,66.0
1790783274.5125053,0,hit wall,0.686,1.6194,,,,18.0,66.0
1790783274.5154288,0,grip capacity exceeded,0.466,2.1345,,,,18.0,66.0
1790783274.5213478,0,grip capacity exceeded,1.06,2.4504,,,,18.0,66.0
1790783274.529054,0,grip capacity exceeded,0.422,2.2646,,,,18.0,66.0
1790783274.5769603,0,grip capacity exceeded,0.258,2.5041,,,,18.0,66.0
1790783274.645568,0,hit wall,0.168,0.7383,0.11999999999999744,0.9369143068085874,2.064454783118906,18.0,66.0
1790783274.6516283,0,grip capacity exceeded,0.43,2.5208,,,,18.0,66.0
1790783274.6622503,0,grip capacity exceeded,0.458,3.1987,,,,18.0,66.0
1790783274.662888,0,hit wall,0.582,1.0325,,,,18.0,66.0
1790783274.672059,0,grip capacity exceeded,0.446,2.518,,,,18.0,66.0
1790783274.7361252,0,slipped off A,0.632,1.1864,,,,18.0,66.0
1790783274.7529104,0,slipped off A,0.27,1.5792,,,,18.0,66.0
1790783274.7847912,0,grip capacity exceeded,0.776,2.0195,,,,18.0,66.0
1790783274.7848434,0,slipped off A,0.37,1.2413,,,,18.0,66.0
1790783274.8003707,0,grip capacity exceeded,0.462,2.4242,,,,18.0,66.0
1790783274.8236163,0,slipped off A,0.13,1.3328,,,,18.0,66.0
1790783274.8446348,0,grip capacity exceeded,0.962,2.0192,,,,18.0,66.0
1790783274.844665,0,slipped off A,0.648,1.9829,,,,18.0,66.0
1790783274.8612897,0,missed B,0.608,0.928,0.19999999999999574,0.9413587512530318,1.4107294171771148,18.0,66.0
1790783274.8620887,0,grip capacity exceeded,0.424,2.1738,,,,18.0,66.0
1790783274.8633986,0,grip capacity exceeded,0.366,2.7602,,,,18.0,66.0
1790783274.8900013,0,grip capacity exceeded,0.154,2.6278,,,,18.0,66.0
1790783274.8913438,0,grip capacity exceeded,0.31,2.1209,,,,18.0,66.0
1790783274.950373,0,grip capacity exceeded,0.198,3.0314,,,,18.0,66.0
1790783274.951579,0,slipped off A,0.3,1.2825,,,,18.0,66.0
1790783274.9631345,0,grip capacity exceeded,0.388,2.7442,,,,18.0,66.0
1790783274.9943414,0,grip capacity exceeded,0.428,2.5504,,,,18.0,66.0
1790783274.9948404,0,slipped off A,0.432,1.5056,,,,18.0,66.0
1790783275.001945,0,grip capacity exceeded,0.74,2.0184,,,,18.0,66.0
1790783275.0504282,0,grip capacity exceeded,0.514,2.3167,,,,18.0,66.0
1790783275.0623217,0,slipped off A,0.31,1.0967,,,,18.0,66.0
1790783275.0793765,0,hit wall,0.396,0.8417,0.3199999999999932,0.9480254179196983,2.026639173955376,18.0,66.0
1790783275.145873,0,grip capacity exceeded,0.478,2.146,,,,18.0,66.0
1790783275.1710942,0,slipped off A,0.532,1.2009,,,,18.0,66.0
1790783275.1763237,0,grip capacity exceeded,0.314,2.6652,,,,18.0,66.0
1790783275.2110898,0,hit wall,1.282,1.839,,,,18.0,66.0
1790783275.214401,0,slipped off A,0.704,1.4588,,,,18.0,66.0
1790783275.2199473,0,grip capacity exceeded,0.176,2.1656,,,,18.0,66.0
1790783275.226128,0,grip capacity exceeded,0.176,2.2414,,,,18.0,66.0
1790783275.2607334,0,grip capacity exceeded,0.384,2.5776,,,,18.0,66.0
1790783275.2620125,0,grip capacity exceeded,0.152,2.8044,,,,18.0,66.0
1790783275.2697754,0,slipped off A,1.03,1.8983,,,,18.0,66.0
1790783275.2828565,0,slipped off A,0.75,1.7373,,,,18.0,66.0
1790783275.306396,0,grip capacity exceeded,0.288,2.5218,,,,18.0,66.0
1790783275.347477,0,slipped off A,0.27,1.223,,,,18.0,66.0
1790783275.3724189,0,grip capacity exceeded,0.216,2.0626,,,,18.0,66.0
1790783275.3778012,0,grip capacity exceeded,0.348,2.0069,,,,18.0,66.0
1790783275.398435,0,slipped off A,0.43,1.5038,,,,18.0,66.0
1790783275.4315202,0,grip capacity exceeded,0.65,2.3509,,,,18.0,66.0
1790783275.4750419,0,slipped off A,0.282,1.6684,,,,18.0,66.0
1790783275.495286,0,grip capacity exceeded,0.262,2.6909,,,,18.0,66.0
1790783275.5031924,0,missed B,0.448,0.6384,0.03999999999999915,0.9324698623641431,1.2291078277925411,18.0,66.0
1790783275.5504477,0,slipped off A,0.15,1.6905,,,,18.0,66.0
1790783275.551816,0,slipped off A,0.818,1.3572,,,,18.0,66.0
1790783275.5749228,0,hit wall,1.062,0.9427,0.8999999999999808,0.9802476401419198,1.9230493486147604,18.0,66.0
1790783275.593428,0,grip capacity exceeded,0.06,2.0163,,,,18.0,66.0
1790783275.636759,0,slipped off A,0.47,1.3745,,,,18.0,66.0
1790783275.6493373,0,grip capacity exceeded,0.426,2.295,,,,18.0,66.0
1790783275.6523013,0,hit wall,1.828,1.9353,,,,18.0,66.0
1790783275.6525848,0,grip capacity exceeded,0.288,2.4494,,,,18.0,66.0
1790783275.6910205,0,slipped off A,0.41,1.0264,,,,18.0,66.0
1790783275.7086124,0,slipped off A,0.816,1.8042,,,,18.0,66.0
1790783275.7136714,0,missed B,0.962,0.9284,0.5599999999999881,0.9613587512530314,1.197230011387374,18.0,66.0
1790783275.7243612,0,slipped off A,0.242,1.2575,,,,18.0,66.0
1790783275.7581222,0,slipped off A,0.31,1.1492,,,,18.0,66.0
1790783275.773125,0,grip capacity exceeded,0.374,2.8129,,,,18.0,66.0
1790783275.811281,0,grip capacity exceeded,0.63,2.3591,,,,18.0,66.0
1790783275.8960571,0,grip capacity exceeded,0.706,2.497,,,,18.0,66.0
1790783275.9194684,0,grip capacity exceeded,0.594,2.3614,,,,18.0,66.0
1790783275.9273713,0,hit wall,0.674,1.141,0.5599999999999881,0.9613587512530314,2.0002933728618304,18.0,66.0
1790783275.9638362,0,grip capacity exceeded,0.402,2.4683,,,,18.0,66.0
1790783275.9759283,0,slipped off A,0.216,1.3535,,,,18.0,66.0
1790783277.1130383,0,grip capacity exceeded,0.244,2.6236,,,,18.0,66.0
1790783277.1492915,0,slipped off A,0.756,1.6756,,,,18.0,66.0
1790783277.1740716,0,grip capacity exceeded,0.384,2.461,,,,18.0,66.0
1790783277.1914976,0,missed B,1.004,1.677,0.4399999999999906,0.9546920845863648,1.2525487060505498,18.0,66.0
1790783277.2303698,0,missed B,1.036,1.5513,0.6599999999999859,0.9669143068085868,1.1650336581066552,18.0,66.0
1790783277.2361212,0,hit wall,1.206,1.9976,,,,18.0,66.0
1790783277.2582695,0,slipped off A,0.518,1.6792,,,,18.0,66.0
1790783277.2918382,0,slipped off A,0.346,1.2007,,,,18.0,66.0
1790783277.2920456,0,grip capacity exceeded,0.502,2.34,,,,18.0,66.0
1790783277.3318622,0,grip capacity exceeded,0.314,2.4088,,,,18.0,66.0
1790783277.3603632,0,grip capacity exceeded,0.208,2.2075,,,,18.0,66.0
1790783277.3678613,0,slipped off A,0.65,1.1971,,,,18.0,66.0
1790783277.3836675,0,slipped off A,0.59,1.9737,,,,18.0,66.0
1790783277.4137843,0,hit wall,1.036,1.8495,,,,18.0,66.0
1790783277.4138162,0,grip capacity exceeded,0.228,2.0655,,,,18.0,66.0
1790783277.4199595,0,grip capacity exceeded,0.4,2.6946,,,,18.0,66.0
1790783277.4385834,0,grip capacity exceeded,0.652,2.0954,,,,18.0,66.0
1790783277.455974,0,grip capacity exceeded,0.592,2.2662,,,,18.0,66.0
1790783277.4877114,0,grip capacity exceeded,0.316,2.6788,,,,18.0,66.0
1790783277.5008254,0,grip capacity exceeded,0.138,2.383,,,,18.0,66.0
1790783277.5745027,0,hit wall,0.456,1.4566,0.41999999999999105,0.9535809734752537,2.0486422200816627,18.0,66.0
1790783277.5770016,0,grip capacity exceeded,0.586,2.0636,,,,18.0,66.0
1790783277.583186,0,slipped off A,0.626,1.3309,,,,18.0,66.0
1790783277.5947351,0,slipped off A,0.29,1.1875,,,,18.0,66.0
1790783277.595067,0,grip capacity exceeded,0.504,2.0997,,,,18.0,66.0
1790783277.6201155,0,slipped off A,0.596,1.7773,,,,18.0,66.0
1790783277.6288471,0,grip capacity exceeded,0.174,2.0589,,,,18.0,66.0
1790783277.6333256,0,slipped off A,0.574,1.107,,,,18.0,66.0
1790783277.6618886,0,grip capacity exceeded,0.228,2.2321,,,,18.0,66.0
1790783277.6804097,0,hit wall,0.552,1.9807,0.5199999999999889,0.9591365290308091,2.043414596231995,18.0,66.0
1790783277.70272,0,grip capacity exceeded,0.394,2.1762,,,,18.0,66.0
1790783277.7268462,0,slipped off A,0.312,1.3039,,,,18.0,66.0
1790783277.73048,0,slipped off A,0.43,1.2618,,,,18.0,66.0
1790783277.755522,0,grip capacity exceeded,0.364,2.0863,,,,18.0,66.0
1790783277.7712705,0,grip capacity exceeded,0.62,2.0442,,,,18.0,66.0
1790783277.7896917,0,slipped off A,0.222,1.1886,,,,18.0,66.0
1790783277.8152628,0,slipped off A,0.378,1.4062,,,,18.0,66.0
1790783277.8372312,0,grip capacity exceeded,0.496,2.0699,,,,18.0,66.0
1790783277.872721,0,slipped off A,0.75,1.8936,,,,18.0,66.0
1790783277.893672,0,slipped off A,0.49,1.5097,,,,18.0,66.0
1790783277.9214323,0,grip capacity exceeded,0.46,2.2154,,,,18.0,66.0
1790783277.9610848,0,grip capacity exceeded,0.632,2.0426,,,,18.0,66.0
1790783278.0275037,0,slipped off A,0.63,1.2162,,,,18.0,66.0
1790783278.047321,0,grip capacity exceeded,0.574,2.6235,,,,18.0,66.0
1790783278.0476012,0,grip capacity exceeded,0.274,2.0586,,,,18.0,66.0
1790783278.094562,0,hit wall,0.876,1.7054,,,,18.0,66.0
1790783278.0948315,0,grip capacity exceeded,1.12,2.2142,,,,18.0,66.0
1790783278.1113873,0,grip capacity exceeded,0.986,2.6839,,,,18.0,66.0
1790783278.1586895,0,slipped off A,0.682,1.824,,,,18.0,66.0
1790783278.1932094,0,grip capacity exceeded,0.376,2.9382,,,,18.0,66.0
1790783278.2118983,0,grip capacity exceeded,0.32,2.1172,,,,18.0,66.0
1790783278.2287343,0,slipped off A,0.19,1.2446,,,,18.0,66.0
1790783278.2308009,0,hit wall,0.97,1.8285,,,,18.0,66.0
1790783278.2496154,0,grip capacity exceeded,0.418,2.2925,,,,18.0,66.0
1790783278.3234687,0,grip capacity exceeded,0.81,2.2228,,,,18.0,66.0
1790783278.3618371,0,grip capacity exceeded,0.386,2.0352,,,,18.0,66.0
1790783278.3622243,0,slipped off A,0.432,1.2523,,,,18.0,66.0
1790783278.3700364,0,grip capacity exceeded,0.404,2.1211,,,,18.0,66.0
1790783278.427397,0,grip capacity exceeded,1.09,2.1813,,,,18.0,66.0
1790783278.4574256,0,slipped off A,1.03,1.1349,,,,18.0,66.0
1790783278.46584,0,slipped off A,0.826,1.01,,,,18.0,66.0
1790783278.4996047,0,grip capacity exceeded,0.556,2.6178,,,,18.0,66.0
1790783278.5729249,0,missed B,0.644,0.9805,0.23999999999999488,0.9435809734752539,1.2558097686345875,18.0,66.0
1790783278.6336803,0,grip capacity exceeded,0.83,2.2558,,,,18.0,66.0
1790783278.6451888,0,slipped off A,0.214,1.298,,,,18.0,66.0
1790783278.709273,0,grip capacity exceeded,0.838,2.2612,,,,18.0,66.0
1790783278.7171097,0,hit wall,1.048,1.5918,,,,18.0,66.0
1790783278.7218742,0,grip capacity exceeded,0.744,2.3099,,,,18.0,66.0
1790783278.7547715,0,grip capacity exceeded,0.116,2.1716,,,,18.0,66.0
1790783278.755101,0,missed B,1.528,1.4484,1.1199999999999761,0.9924698623641418,1.3704940753514503,18.0,66.0
1790783278.770585,0,hit wall,0.934,1.5967,,,,18.0,66.0
1790783278.8146913,0,grip capacity exceeded,0.194,2.3136,,,,18.0,66.0
1790783278.8165765,0,hit wall,0.282,0.71,0.19999999999999574,0.9413587512530318,1.9871276107093983,18.0,66.0
1790783278.8434002,0,grip capacity exceeded,1.04,2.0099,,,,18.0,66.0
1790783278.882043,0,grip capacity exceeded,0.518,2.182,,,,18.0,66.0
1790783278.9006398,0,grip capacity exceeded,0.378,2.1629,,,,18.0,66.0
1790783278.9087744,0,hit wall,0.802,0.9966,,,,18.0,66.0
1790783278.9348073,0,hit wall,0.066,0.498,0.0,0.9302476401419209,2.0469172902759536,18.0,66.0
1790783278.93527,0,slipped off A,0.538,1.6473,,,,18.0,66.0
1790783278.9904816,0,missed B,0.538,0.6488,0.09999999999999787,0.9358031956974764,1.1942986238344364,18.0,66.0
1790783279.015814,0,slipped off A,0.63,1.1901,,,,18.0,66.0
1790783279.0180895,0,slipped off A,1.15,1.3634,,,,18.0,66.0
1790783279.037699,0,missed B,0.602,0.8687,0.19999999999999574,0.9413587512530318,1.3729345248134532,18.0,66.0
1790783279.047937,0,grip capacity exceeded,0.488,2.2149,,,,18.0,66.0
1790783279.0672705,0,slipped off A,0.17,1.0871,,,,18.0,66.0
1790783279.0810313,0,slipped off A,0.52,1.1585,,,,18.0,66.0
1790783279.108199,0,missed B,0.404,0.6936,0.05999999999999872,0.9335809734752541,1.2401838308187392,18.0,66.0
1790783279.124717,0,slipped off A,0.666,1.8534,,,,18.0,66.0
1790783279.1398993,0,grip capacity exceeded,0.884,2.0854,,,,18.0,66.0
1790783279.1846173,0,hit wall,0.274,1.2647,0.23999999999999488,0.9435809734752539,2.058218405332536,18.0,66.0
1790783279.2114828,0,slipped off A,0.582,1.1044,,,,18.0,66.0
1790783279.23088,0,slipped off A,0.59,0.9188,,,,18.0,66.0
1790783279.233898,0,hit wall,0.332,0.8667,0.27999999999999403,0.9458031956974762,2.0559905595272334,18.0,66.0
1790783279.2396815,0,slipped off A,0.8,1.8815,,,,18.0,66.0
1790783279.259649,0,slipped off A,0.652,1.5855,,,,18.0,66.0
1790783279.264097,0,slipped off A,0.11,1.1532,,,,18.0,66.0
1790783279.276392,0,grip capacity exceeded,0.872,2.934,,,,18.0,66.0
1790783279.2981293,0,slipped off A,0.302,1.5331,,,,18.0,66.0
1790783279.3177483,0,grip capacity exceeded,0.482,2.147,,,,18.0,66.0
1790783279.3264306,0,grip capacity exceeded,0.742,2.039,,,,18.0,66.0
1790783279.371086,0,slipped off A,0.378,1.6632,,,,18.0,66.0
1790783279.4041433,0,grip capacity exceeded,0.554,2.2213,,,,18.0,66.0
1790783279.426049,0,slipped off A,0.196,1.1362,,,,18.0,66.0
1790783279.427114,0,hit wall,0.702,1.5376,0.6799999999999855,0.9680254179196979,2.035519245862485,18.0,66.0
1790783279.4272668,0,slipped off A,0.37,1.2206,,,,18.0,66.0
1790783279.435761,0,slipped off A,0.658,1.5194,,,,18.0,66.0
1790783279.4417806,0,grip capacity exceeded,0.124,2.2495,,,,18.0,66.0
1790783279.4553936,0,slipped off A,0.526,1.2203,,,,18.0,66.0
1790783279.456733,0,hit wall,0.858,1.2194,,,,18.0,66.0
1790783279.4611626,0,grip capacity exceeded,0.096,2.0911,,,,18.0,66.0
1790783279.4848013,0,hit wall,0.086,1.1632,0.05999999999999872,0.9335809734752541,2.0682078223670084,18.0,66.0
1790783279.569195,0,hit wall,0.528,1.9384,0.4599999999999902,0.955803195697476,2.0402183688552307,18.0,66.0
1790783279.6477354,0,grip capacity exceeded,0.246,2.4725,,,,18.0,66.0
1790783279.6666918,0,grip capacity exceeded,0.782,2.6035,,,,18.0,66.0
1790783279.6730826,0,missed B,0.76,0.8198,0.25999999999999446,0.944692084586365,1.3314091784417297,18.0,66.0
1790783279.677632,0,grip capacity exceeded,0.888,2.2636,,,,18.0,66.0
1790783279.6790354,0,grip capacity exceeded,0.082,2.0893,,,,18.0,66.0
1790783279.7066283,0,missed B,0.98,1.7928,0.6199999999999868,0.9646920845863646,1.106537344225766,18.0,66.0
1790783279.7136254,0,hit wall,0.77,1.7789,,,,18.0,66.0
1790783279.7406523,0,slipped off A,1.594,1.134,,,,18.0,66.0
1790783279.7701356,0,hit wall,1.058,1.742,,,,18.0,66.0
1790783279.812993,0,slipped off A,0.456,1.5085,,,,18.0,66.0
1790783279.8327925,0,grip capacity exceeded,0.404,2.0472,,,,18.0,66.0
1790783279.833921,0,grip capacity exceeded,0.506,2.5096,,,,18.0,66.0
1790783279.8733501,0,hit wall,0.68,1.2469,,,,18.0,66.0
1790783279.8775892,0,slipped off A,0.344,1.8898,,,,18.0,66.0
1790783279.880426,0,slipped off A,0.45,1.137,,,,18.0,66.0
1790783279.909951,0,slipped off A,0.738,0.9638,,,,18.0,66.0
1790783279.9220018,0,grip capacity exceeded,0.246,2.0276,,,,18.0,66.0
1790783279.9829562,0,slipped off A,0.316,1.4805,,,,18.0,66.0
1790783279.994609,0,slipped off A,0.484,1.3909,,,,18.0,66.0
1790783280.0208642,0,slipped off A,0.312,1.3447,,,,18.0,66.0
1790783280.0211146,0,slipped off A,0.07,1.376,,,,18.0,66.0
1790783280.0223997,0,hit wall,0.35,1.1429,0.2999999999999936,0.9469143068085872,2.0534722330165467,18.0,66.0
1790783280.0279095,0,hit wall,0.666,1.5033,,,,18.0,66.0
1790783280.066974,0,grip capacity exceeded,1.162,2.3316,,,,18.0,66.0
1790783280.071467,0,slipped off A,0.61,1.2383,,,,18.0,66.0
1790783280.096691,0,grip capacity exceeded,0.23,2.0447,,,,18.0,66.0
1790783280.096727,0,hit wall,0.676,1.4562,,,,18.0,66.0
1790783280.1832855,0,grip capacity exceeded,0.464,2.7548,,,,18.0,66.0
1790783280.212893,0,slipped off A,0.668,1.8576,,,,18.0,66.0
1790783280.236745,0,slipped off A,0.45,1.9836,,,,18.0,66.0
1790783280.2730389,0,missed B,0.462,0.6068,0.13999999999999702,0.9380254179196985,1.244113277617515,18.0,66.0
1790783280.304778,0,hit wall,0.776,1.1555,,,,18.0,66.0
1790783280.3198328,0,grip capacity exceeded,0.598,2.0314,,,,18.0,66.0
1790783281.3899202,0,grip capacity exceeded,0.4,2.4443,,,,18.0,66.0
1790783281.4120724,0,missed B,0.924,1.2251,0.3999999999999915,0.9524698623641427,1.2652708306441136,18.0,66.0
1790783281.413601,0,grip capacity exceeded,0.778,2.3029,,,,18.0,66.0
1790783281.4678643,0,grip capacity exceeded,0.25,2.1746,,,,18.0,66.0
1790783281.5070784,0,slipped off A,0.532,1.5656,,,,18.0,66.0
1790783281.5157492,0,slipped off A,0.33,0.8443,,,,18.0,66.0
1790783281.5637827,0,hit wall,0.82,1.4019,,,,18.0,66.0
1790783281.5648692,0,grip capacity exceeded,0.87,2.1717,,,,18.0,66.0
1790783281.57157,0,slipped off A,0.31,1.1806,,,,18.0,66.0
1790783281.5774882,0,grip capacity exceeded,0.63,2.2701,,,,18.0,66.0
1790783281.5837297,0,slipped off A,0.69,1.2815,,,,18.0,66.0
1790783281.611903,0,slipped off A,0.644,1.4397,,,,18.0,66.0
1790783281.6207829,0,slipped off A,0.11,1.3142,,,,18.0,66.0
1790783281.6269844,0,grip capacity exceeded,0.198,2.2778,,,,18.0,66.0
1790783281.6493819,0,grip capacity exceeded,0.45,3.1948,,,,18.0,66.0
1790783281.6600437,0,slipped off A,0.264,1.235,,,,18.0,66.0
1790783281.6770146,0,grip capacity exceeded,0.074,2.0526,,,,18.0,66.0
1790783281.7149873,0,grip capacity exceeded,0.452,2.1078,,,,18.0,66.0
1790783281.7192535,0,slipped off A,0.432,1.4095,,,,18.0,66.0
1790783281.731197,0,slipped off A,0.33,0.8267,,,,18.0,66.0
1790783281.7366517,0,slipped off A,0.33,0.9733,,,,18.0,66.0
1790783281.749839,0,hit wall,0.278,0.8204,0.19999999999999574,0.9413587512530318,2.039768207237541,18.0,66.0
1790783281.77228,0,slipped off A,0.802,1.8456,,,,18.0,66.0
1790783281.7967172,0,grip capacity exceeded,0.252,2.8356,,,,18.0,66.0
1790783281.8177583,0,grip capacity exceeded,0.276,2.5087,,,,18.0,66.0
1790783281.8392534,0,grip capacity exceeded,0.294,2.6068,,,,18.0,66.0
1790783281.889727,0,hit wall,0.882,1.6694,,,,18.0,66.0
1790783281.900682,0,grip capacity exceeded,0.204,2.2581,,,,18.0,66.0
1790783281.921744,0,grip capacity exceeded,0.08,2.6527,,,,18.0,66.0
1790783282.053622,0,hit wall,1.222,0.9277,,,,18.0,66.0
1790783282.0651965,0,grip capacity exceeded,0.444,2.2506,,,,18.0,66.0
1790783282.0999901,0,slipped off A,1.0,1.8997,,,,18.0,66.0
1790783282.1203098,0,slipped off A,0.158,1.366,,,,18.0,66.0
1790783282.1696372,0,grip capacity exceeded,1.116,2.8365,,,,18.0,66.0
1790783282.2123158,0,hit wall,1.566,1.6885,,,,18.0,66.0
1790783282.2144272,0,grip capacity exceeded,1.374,2.7138,,,,18.0,66.0
1790783282.229952,0,hit wall,1.006,1.543,,,,18.0,66.0
1790783282.2371638,0,slipped off A,0.29,1.5686,,,,18.0,66.0
1790783282.2506275,0,grip capacity exceeded,1.584,2.069,,,,18.0,66.0
1790783282.2655609,0,grip capacity exceeded,0.062,2.2279,,,,18.0,66.0
1790783282.2719226,0,slipped off A,0.458,1.9669,,,,18.0,66.0
1790783282.2984297,0,grip capacity exceeded,0.066,2.3343,,,,18.0,66.0
1790783282.3086953,0,grip capacity exceeded,0.246,2.1063,,,,18.0,66.0
1790783282.3805375,0,slipped off A,0.314,1.1034,,,,18.0,66.0
1790783282.3901706,0,slipped off A,0.478,1.3753,,,,18.0,66.0
1790783282.3947308,0,hit wall,0.94,1.1334,,,,18.0,66.0
1790783282.420882,0,slipped off A,0.462,1.005,,,,18.0,66.0
1790783282.4247108,0,grip capacity exceeded,0.694,2.8979,,,,18.0,66.0
1790783282.512443,0,grip capacity exceeded,0.798,2.2638,,,,18.0,66.0
1790783282.5183885,0,grip capacity exceeded,0.28,2.5618,,,,18.0,66.0
1790783282.5258112,0,grip capacity exceeded,0.398,2.2262,,,,18.0,66.0
1790783282.5274198,0,grip capacity exceeded,0.286,2.2394,,,,18.0,66.0
1790783282.5412877,0,slipped off A,0.68,1.3031,,,,18.0,66.0
1790783282.5615504,0,slipped off A,0.708,1.4433,,,,18.0,66.0
1790783282.5666459,0,grip capacity exceeded,0.492,2.7007,,,,18.0,66.0
1790783282.6027668,0,grip capacity exceeded,0.21,2.4871,,,,18.0,66.0
1790783282.6187408,0,slipped off A,0.662,1.4981,,,,18.0,66.0
1790783282.6593719,0,grip capacity exceeded,0.1,2.513,,,,18.0,66.0
1790783282.689939,0,grip capacity exceeded,0.446,2.6161,,,,18.0,66.0
1790783282.7282906,0,missed B,0.58,0.7512,0.1599999999999966,0.9391365290308096,1.248739682595989,18.0,66.0
1790783282.7287831,0,grip capacity exceeded,0.53,2.6361,,,,18.0,66.0
1790783282.7607944,0,grip capacity exceeded,0.186,2.5808,,,,18.0,66.0
1790783282.77596,0,slipped off A,0.15,1.2325,,,,18.0,66.0
1790783282.7809577,0,slipped off A,0.59,1.2118,,,,18.0,66.0
1790783282.7845592,0,slipped off A,0.612,1.3525,,,,18.0,66.0
1790783282.8375816,0,hit wall,0.836,1.6176,,,,18.0,66.0
1790783282.8411682,0,grip capacity exceeded,0.502,2.1796,,,,18.0,66.0
1790783282.8415172,0,grip capacity exceeded,0.174,2.0929,,,,18.0,66.0
1790783282.851428,0,slipped off A,0.19,1.0247,,,,18.0,66.0
1790783282.851443,0,grip capacity exceeded,0.272,2.1454,,,,18.0,66.0
1790783282.8787177,0,grip capacity exceeded,0.458,2.422,,,,18.0,66.0
1790783282.9304414,0,grip capacity exceeded,0.928,2.0944,,,,18.0,66.0
1790783282.949849,0,grip capacity exceeded,0.33,2.0443,,,,18.0,66.0
1790783282.9670312,0,grip capacity exceeded,0.26,2.0602,,,,18.0,66.0
1790783282.9940264,0,grip capacity exceeded,0.076,2.7153,,,,18.0,66.0
1790783283.054062,0,slipped off A,0.198,1.3892,,,,18.0,66.0
1790783283.055126,0,slipped off A,0.656,1.3588,,,,18.0,66.0
1790783283.0657518,0,grip capacity exceeded,0.648,2.1644,,,,18.0,66.0
1790783283.076378,0,slipped off A,0.37,1.0519,,,,18.0,66.0
1790783283.0822146,0,grip capacity exceeded,0.74,2.0168,,,,18.0,66.0
1790783283.107744,0,grip capacity exceeded,0.156,2.249,,,,18.0,66.0
1790783283.1407459,0,hit wall,1.076,1.916,,,,18.0,66.0
1790783283.1887333,0,grip capacity exceeded,0.368,2.658,,,,18.0,66.0
1790783283.2039042,0,grip capacity exceeded,1.096,2.0493,,,,18.0,66.0
1790783283.2119045,0,slipped off A,0.074,1.3541,,,,18.0,66.0
1790783283.2223248,0,grip capacity exceeded,0.918,2.3391,,,,18.0,66.0
1790783283.2806406,0,slipped off A,0.672,1.7493,,,,18.0,66.0
1790783283.303124,0,grip capacity exceeded,0.806,2.6085,,,,18.0,66.0
1790783283.3633146,0,grip capacity exceeded,0.792,2.519,,,,18.0,66.0
1790783283.3677096,0,hit wall,0.992,1.2142,,,,18.0,66.0
1790783283.3691576,0,grip capacity exceeded,0.528,2.4822,,,,18.0,66.0
1790783283.3788013,0,slipped off A,0.61,1.4073,,,,18.0,66.0
1790783283.3857079,0,grip capacity exceeded,0.386,2.0763,,,,18.0,66.0
1790783283.4056056,0,hit wall,0.128,0.5206,0.05999999999999872,0.9335809734752541,2.0351649343184426,18.0,66.0
1790783283.4665923,0,grip capacity exceeded,1.282,2.3645,,,,18.0,66.0
1790783283.4866855,0,grip capacity exceeded,0.474,2.2274,,,,18.0,66.0
1790783283.5042253,0,slipped off A,0.766,1.7244,,,,18.0,66.0
1790783283.535876,0,slipped off A,0.498,1.4685,,,,18.0,66.0
1790783283.5572507,0,slipped off A,0.09,1.8669,,,,18.0,66.0
1790783283.6226985,0,slipped off A,0.636,1.4732,,,,18.0,66.0
1790783283.6395931,0,grip capacity exceeded,1.022,2.5236,,,,18.0,66.0
1790783283.651667,0,grip capacity exceeded,0.656,2.6809,,,,18.0,66.0
1790783283.6576803,0,slipped off A,1.078,1.2272,,,,18.0,66.0
1790783283.6761577,0,slipped off A,1.812,1.2291,,,,18.0,66.0
1790783283.7351565,0,slipped off A,0.904,1.2754,,,,18.0,66.0
1790783283.747425,0,slipped off A,0.35,1.5425,,,,18.0,66.0
1790783283.758256,0,slipped off A,0.492,1.1905,,,,18.0,66.0
1790783283.7727344,0,grip capacity exceeded,1.562,2.9866,,,,18.0,66.0
1790783283.7854211,0,grip capacity exceeded,0.166,2.0312,,,,18.0,66.0
1790783283.8354988,0,grip capacity exceeded,0.262,2.2318,,,,18.0,66.0
1790783283.8891275,0,grip capacity exceeded,1.28,2.3192,,,,18.0,66.0
1790783283.9391232,0,grip capacity exceeded,0.594,2.1406,,,,18.0,66.0
1790783283.9875586,0,slipped off A,0.17,1.3441,,,,18.0,66.0
1790783283.987585,0,missed B,1.246,1.5505,0.8799999999999812,0.9791365290308087,1.075927987300835,18.0,66.0
1790783284.031689,0,slipped off A,1.456,1.5138,,,,18.0,66.0
1790783284.049981,0,grip capacity exceeded,0.178,2.2761,,,,18.0,66.0
1790783284.055905,0,hit wall,1.118,1.6182,,,,18.0,66.0
1790783284.068987,0,missed B,0.608,0.9621,0.2999999999999936,0.9469143068085872,1.0460217279335602,18.0,66.0
1790783284.0924258,0,grip capacity exceeded,0.094,2.1069,,,,18.0,66.0
1790783284.201153,0,grip capacity exceeded,0.356,2.2191,,,,18.0,66.0
1790783284.2201483,0,slipped off A,1.518,1.8815,,,,18.0,66.0
1790783284.2273777,0,grip capacity exceeded,0.72,2.531,,,,18.0,66.0
1790783284.24292,0,slipped off A,0.572,1.3436,,,,18.0,66.0
1790783284.2819798,0,grip capacity exceeded,0.1,2.2584,,,,18.0,66.0
1790783284.3100328,0,grip capacity exceeded,0.23,2.0926,,,,18.0,66.0
1790783284.317387,0,hit wall,1.548,1.4341,,,,18.0,66.0
1790783284.3183503,0,grip capacity exceeded,0.286,2.058,,,,18.0,66.0
1790783284.337966,0,grip capacity exceeded,0.278,2.1996,,,,18.0,66.0
1790783284.3435967,0,grip capacity exceeded,2.184,2.0876,,,,18.0,66.0
1790783284.3505094,0,hit wall,0.786,1.8297,,,,18.0,66.0
1790783284.3925202,0,missed B,0.97,1.0878,0.47999999999998977,0.956914306808587,1.2531009496743195,18.0,66.0
1790783284.4394777,0,slipped off A,0.35,1.2596,,,,18.0,66.0
1790783284.454877,0,grip capacity exceeded,0.246,2.6253,,,,18.0,66.0
1790783284.4971502,0,grip capacity exceeded,0.352,2.0879,,,,18.0,66.0
1790783284.5262792,0,slipped off A,0.482,1.6822,,,,18.0,66.0
1790783284.5482717,0,missed B,0.574,0.7482,0.0799999999999983,0.9346920845863652,1.1657166694850574,18.0,66.0
1790783284.5553927,0,hit wall,0.41,1.1789,,,,18.0,66.0
1790783284.5601408,0,grip capacity exceeded,0.292,2.6463,,,,18.0,66.0
1790783284.5648358,0,grip capacity exceeded,0.54,2.4478,,,,18.0,66.0
1790783284.5795264,0,grip capacity exceeded,0.15,2.7461,,,,18.0,66.0
1790783285.7191546,0,grip capacity exceeded,0.228,2.7614,,,,18.0,66.0
1790783285.7324977,0,hit wall,0.866,1.3063,,,,18.0,66.0
1790783285.7609258,0,grip capacity exceeded,0.682,2.4961,,,,18.0,66.0
1790783285.821973,0,slipped off A,0.718,1.8851,,,,18.0,66.0
1790783285.8344612,0,missed B,0.59,1.5922,0.11999999999999744,0.9369143068085874,1.4879343947895696,18.0,66.0
1790783285.8726807,0,grip capacity exceeded,0.158,2.0812,,,,18.0,66.0
1790783285.905173,0,slipped off A,0.57,1.4683,,,,18.0,66.0
1790783285.9098804,0,grip capacity exceeded,0.554,2.2556,,,,18.0,66.0
1790783285.915685,0,grip capacity exceeded,0.828,2.5142,,,,18.0,66.0
1790783285.928731,0,slipped off A,0.2,1.2712,,,,18.0,66.0
1790783285.9612238,0,grip capacity exceeded,0.098,2.2821,,,,18.0,66.0
1790783285.983408,0,grip capacity exceeded,1.002,2.3554,,,,18.0,66.0
1790783285.988592,0,grip capacity exceeded,1.122,2.4271,,,,18.0,66.0
1790783286.0722835,0,grip capacity exceeded,0.956,2.2192,,,,18.0,66.0
1790783286.1121233,0,missed B,0.62,0.7402,0.1599999999999966,0.9391365290308096,1.0764561688514651,18.0,66.0
1790783286.1508398,0,grip capacity exceeded,0.466,2.1123,,,,18.0,66.0
1790783286.1508822,0,slipped off A,0.448,1.6055,,,,18.0,66.0
1790783286.160936,0,grip capacity exceeded,1.012,2.3774,,,,18.0,66.0
1790783286.1662407,0,grip capacity exceeded,0.752,3.2403,,,,18.0,66.0
1790783286.1853783,0,hit wall,0.356,0.8486,0.27999999999999403,0.9458031956974762,2.0163542468823645,18.0,66.0
1790783286.2023456,0,hit wall,0.3,1.1601,0.19999999999999574,0.9413587512530318,1.9477518446731996,18.0,66.0
1790783286.214614,0,grip capacity exceeded,0.154,2.0653,,,,18.0,66.0
1790783286.235536,0,grip capacity exceeded,0.274,2.1222,,,,18.0,66.0
1790783286.265405,0,grip capacity exceeded,0.2,2.3142,,,,18.0,66.0
1790783286.2732153,0,hit wall,0.954,1.0538,,,,18.0,66.0
1790783286.276812,0,grip capacity exceeded,1.102,2.0931,,,,18.0,66.0
1790783286.3457284,0,slipped off A,0.592,1.1023,,,,18.0,66.0
1790783286.345984,0,slipped off A,0.47,1.5862,,,,18.0,66.0
1790783286.4454665,0,grip capacity exceeded,0.482,2.275,,,,18.0,66.0
1790783286.4455607,0,slipped off A,0.6,1.5437,,,,18.0,66.0
1790783286.4639666,0,missed B,0.502,0.7631,0.03999999999999915,0.9324698623641431,1.5629441180262695,18.0,66.0
1790783286.4734123,0,hit wall,0.724,1.0828,,,,18.0,66.0
1790783286.4903848,0,grip capacity exceeded,0.402,2.1863,,,,18.0,66.0
1790783286.5524662,0,grip capacity exceeded,1.192,2.0469,,,,18.0,66.0
1790783286.5551624,0,grip capacity exceeded,0.352,2.4613,,,,18.0,66.0
1790783286.5844831,0,missed B,0.906,1.856,0.47999999999998977,0.956914306808587,1.394725045020546,18.0,66.0
1790783286.6372085,0,slipped off A,0.534,1.723,,,,18.0,66.0
1790783286.6710584,0,grip capacity exceeded,0.344,2.2153,,,,18.0,66.0
1790783286.681177,0,hit wall,1.032,1.092,,,,18.0,66.0
1790783286.690976,0,slipped off A,0.758,1.839,,,,18.0,66.0
1790783286.703379,0,slipped off A,0.828,1.7378,,,,18.0,66.0
1790783286.7049353,0,grip capacity exceeded,0.108,2.0447,,,,18.0,66.0
1790783286.7836468,0,missed B,0.904,1.0678,0.3999999999999915,0.9524698623641427,1.373588714826211,18.0,66.0
1790783286.8278215,0,slipped off A,0.592,1.0308,,,,18.0,66.0
1790783286.8319623,0,slipped off A,0.37,0.9387,,,,18.0,66.0
1790783286.846491,0,hit wall,0.886,1.7768,0.8599999999999817,0.9780254179196977,2.026452222769364,18.0,66.0
1790783286.8511033,0,slipped off A,0.824,1.4438,,,,18.0,66.0
1790783286.8587494,0,slipped off A,0.45,0.967,,,,18.0,66.0
1790783286.885191,0,grip capacity exceeded,0.154,2.2776,,,,18.0,66.0
1790783286.915239,0,grip capacity exceeded,0.72,2.0108,,,,18.0,66.0
1790783286.9426706,0,grip capacity exceeded,0.338,2.1571,,,,18.0,66.0
1790783287.0416403,0,slipped off A,0.55,1.3831,,,,18.0,66.0
1790783287.0479178,0,grip capacity exceeded,0.582,2.1308,,,,18.0,66.0
1790783287.0727127,0,slipped off A,0.07,1.4169,,,,18.0,66.0
1790783287.0728645,0,grip capacity exceeded,1.136,2.566,,,,18.0,66.0
1790783287.0970116,0,slipped off A,0.512,1.7001,,,,18.0,66.0
1790783287.1084728,0,grip capacity exceeded,0.094,2.2997,,,,18.0,66.0
1790783287.1161127,0,missed B,0.488,0.7457,0.11999999999999744,0.9369143068085874,1.5569959518771943,18.0,66.0
1790783287.1298306,0,grip capacity exceeded,0.26,2.1725,,,,18.0,66.0
1790783287.1684918,0,grip capacity exceeded,0.802,2.5526,,,,18.0,66.0
1790783287.1749406,0,slipped off A,0.11,1.1884,,,,18.0,66.0
1790783287.1861455,0,grip capacity exceeded,0.294,2.1291,,,,18.0,66.0
1790783287.228035,0,slipped off A,1.056,1.4477,,,,18.0,66.0
1790783287.2705913,0,slipped off A,0.09,1.5286,,,,18.0,66.0
1790783287.3041575,0,missed B,0.506,0.6401,0.03999999999999915,0.9324698623641431,1.2143611377061523,18.0,66.0
1790783287.3160872,0,hit wall,0.592,1.496,,,,18.0,66.0
1790783287.3737051,0,grip capacity exceeded,0.534,2.0579,,,,18.0,66.0
1790783287.3884492,0,grip capacity exceeded,0.332,2.3155,,,,18.0,66.0
1790783287.3999453,0,hit wall,0.218,0.5541,0.09999999999999787,0.9358031956974764,1.9072888235444414,18.0,66.0
1790783287.4537387,0,slipped off A,0.73,1.3681,,,,18.0,66.0
1790783287.4596844,0,grip capacity exceeded,0.93,2.1291,,,,18.0,66.0
1790783287.4752278,0,grip capacity exceeded,0.26,2.2287,,,,18.0,66.0
1790783287.5057042,0,slipped off A,2.102,1.4262,,,,18.0,66.0
1790783287.5187902,0,slipped off A,0.388,0.9924,,,,18.0,66.0
1790783287.5247364,0,grip capacity exceeded,1.034,2.3793,,,,18.0,66.0
1790783287.5474162,0,hit wall,0.312,0.8288,0.2199999999999953,0.9424698623641429,2.002045201878642,18.0,66.0
1790783287.558377,0,grip capacity exceeded,0.566,2.0417,,,,18.0,66.0
1790783287.6422608,0,slipped off A,1.05,1.6668,,,,18.0,66.0
1790783287.6479168,0,grip capacity exceeded,0.298,2.3861,,,,18.0,66.0
1790783287.6859128,0,grip capacity exceeded,0.52,2.1703,,,,18.0,66.0
1790783287.7011013,0,grip capacity exceeded,0.486,2.0485,,,,18.0,66.0
1790783287.7089021,0,missed B,0.59,0.9943,0.05999999999999872,0.9335809734752541,1.2575028926781295,18.0,66.0
1790783287.758189,0,grip capacity exceeded,0.952,2.298,,,,18.0,66.0
1790783287.7683797,0,grip capacity exceeded,0.292,2.8161,,,,18.0,66.0
1790783287.7881773,0,hit wall,0.956,1.6216,,,,18.0,66.0
1790783287.7884834,0,grip capacity exceeded,0.334,2.0455,,,,18.0,66.0
1790783287.789283,0,hit wall,0.078,0.498,0.0,0.9302476401419209,2.0418976788406695,18.0,66.0
1790783287.8635755,0,grip capacity exceeded,1.458,2.917,,,,18.0,66.0
1790783287.8839521,0,grip capacity exceeded,0.388,2.1447,,,,18.0,66.0
1790783287.921016,0,missed B,1.024,1.8538,0.6599999999999859,0.9669143068085868,1.0395675500635113,18.0,66.0
1790783287.9489362,0,grip capacity exceeded,1.138,2.2308,,,,18.0,66.0
1790783287.9750202,0,slipped off A,0.728,1.392,,,,18.0,66.0
1790783287.9912636,0,hit wall,1.118,1.5486,,,,18.0,66.0
1790783288.0072649,0,grip capacity exceeded,0.334,2.3815,,,,18.0,66.0
1790783288.0118415,0,grip capacity exceeded,0.87,2.8776,,,,18.0,66.0
1790783288.0689318,0,hit wall,0.782,1.4557,0.7399999999999842,0.9713587512530312,2.0322902051679317,18.0,66.0
1790783288.0990925,0,grip capacity exceeded,1.352,2.1206,,,,18.0,66.0
1790783288.1293452,0,hit wall,0.614,1.1453,0.5799999999999876,0.9624698623641424,2.0403271429671572,18.0,66.0
1790783288.1716511,0,grip capacity exceeded,1.136,2.1027,,,,18.0,66.0
1790783288.178351,0,hit wall,0.912,1.6935,,,,18.0,66.0
1790783288.1789103,0,hit wall,0.422,0.9372,0.3199999999999932,0.9480254179196983,1.9356369605553598,18.0,66.0
1790783288.1842074,0,grip capacity exceeded,0.7,2.1703,,,,18.0,66.0
1790783288.194068,0,grip capacity exceeded,0.372,2.1158,,,,18.0,66.0
1790783288.2047489,0,grip capacity exceeded,0.078,2.0189,,,,18.0,66.0
1790783288.2300584,0,grip capacity exceeded,0.204,2.0445,,,,18.0,66.0
1790783288.2499795,0,grip capacity exceeded,1.036,2.0515,,,,18.0,66.0
1790783288.2604055,0,grip capacity exceeded,1.014,2.2618,,,,18.0,66.0
1790783288.2799282,0,slipped off A,0.37,1.0671,,,,18.0,66.0
1790783288.2861276,0,slipped off A,0.07,1.4041,,,,18.0,66.0
1790783288.296883,0,grip capacity exceeded,0.432,2.3016,,,,18.0,66.0
1790783288.350024,0,hit wall,0.574,1.2782,,,,18.0,66.0
1790783288.4795015,0,grip capacity exceeded,0.626,2.2246,,,,18.0,66.0
1790783288.494104,0,hit wall,0.966,1.1795,,,,18.0,66.0
1790783288.5066884,0,slipped off A,0.47,1.7661,,,,18.0,66.0
1790783288.5488453,0,slipped off A,0.856,1.3731,,,,18.0,66.0
1790783288.5595627,0,grip capacity exceeded,0.142,2.0579,,,,18.0,66.0
1790783288.5607831,0,missed B,1.466,1.859,0.9199999999999804,0.981358751253031,1.4396446884291991,18.0,66.0
1790783288.5734344,0,grip capacity exceeded,0.24,2.1801,,,,18.0,66.0
1790783288.5762143,0,grip capacity exceeded,1.112,2.0702,,,,18.0,66.0
1790783288.6503558,0,grip capacity exceeded,0.236,2.3393,,,,18.0,66.0
1790783288.6692817,0,hit wall,1.326,1.1611,1.2999999999999723,0.002469862364141583,2.012733106427889,18.0,66.0
1790783288.676372,0,grip capacity exceeded,0.356,2.2672,,,,18.0,66.0
1790783288.6918676,0,slipped off A,0.37,1.3422,,,,18.0,66.0
1790783288.7923682,0,grip capacity exceeded,0.946,2.1232,,,,18.0,66.0
1790783288.814545,0,grip capacity exceeded,0.058,2.1614,,,,18.0,66.0
1790783290.0037072,0,grip capacity exceeded,0.69,2.3028,,,,18.0,66.0
1790783290.0155778,0,grip capacity exceeded,1.092,2.0753,,,,18.0,66.0
1790783290.035051,0,hit wall,0.802,1.3138,,,,18.0,66.0
1790783290.0417295,0,grip capacity exceeded,0.39,2.1676,,,,18.0,66.0
1790783290.0955086,0,slipped off A,2.19,1.436,,,,18.0,66.0
1790783290.0981562,0,hit wall,1.394,1.7677,,,,18.0,66.0
1790783290.1049182,0,grip capacity exceeded,0.302,2.0725,,,,18.0,66.0
1790783290.1242776,0,slipped off A,1.152,1.2538,,,,18.0,66.0
1790783290.1873586,0,slipped off A,0.28,1.5253,,,,18.0,66.0
1790783290.2361546,0,slipped off A,0.39,1.2341,,,,18.0,66.0
1790783290.2897365,0,grip capacity exceeded,1.526,2.2967,,,,18.0,66.0
1790783290.3300216,0,hit wall,0.904,1.7204,0.8799999999999812,0.9791365290308087,2.0256849439467555,18.0,66.0
1790783290.3349965,0,grip capacity exceeded,1.008,2.367,,,,18.0,66.0
1790783290.3414032,0,hit wall,0.764,1.6815,,,,18.0,66.0
1790783290.3578484,0,slipped off A,0.23,1.0003,,,,18.0,66.0
1790783290.377795,0,grip capacity exceeded,0.106,2.2474,,,,18.0,66.0
1790783290.4774673,0,grip capacity exceeded,0.282,2.2104,,,,18.0,66.0
1790783290.4967601,0,grip capacity exceeded,0.502,2.0404,,,,18.0,66.0
1790783290.5270457,0,grip capacity exceeded,0.934,2.0001,,,,18.0,66.0
1790783290.529667,0,hit wall,1.544,1.6543,1.5199999999999676,0.014692084586363544,2.0205698964884236,18.0,66.0
1790783290.5550213,0,missed B,1.144,1.4397,0.6799999999999855,0.9680254179196979,1.4731307225085253,18.0,66.0
1790783290.555154,0,grip capacity exceeded,0.07,2.0481,,,,18.0,66.0
1790783290.6435854,0,slipped off A,1.59,1.047,,,,18.0,66.0
1790783290.6719136,0,grip capacity exceeded,0.314,2.6787,,,,18.0,66.0
1790783290.7224798,0,missed B,0.658,0.9294,0.17999999999999616,0.9402476401419206,1.1514960835451415,18.0,66.0
1790783290.7406592,0,slipped off A,1.15,1.8153,,,,18.0,66.0
1790783290.7489572,0,grip capacity exceeded,1.258,2.1633,,,,18.0,66.0
1790783290.774443,0,grip capacity exceeded,0.414,2.2265,,,,18.0,66.0
1790783290.8139615,0,grip capacity exceeded,0.306,2.2679,,,,18.0,66.0
1790783290.830794,0,grip capacity exceeded,1.078,2.356,,,,18.0,66.0
1790783290.8451366,0,slipped off A,0.56,1.8379,,,,18.0,66.0
1790783290.869103,0,grip capacity exceeded,0.344,2.0437,,,,18.0,66.0
1790783290.9069896,0,missed B,1.05,1.0116,0.7199999999999847,0.97024764014192,1.6858879040661847,18.0,66.0
1790783290.920703,0,hit wall,0.44,1.168,,,,18.0,66.0
1790783290.9671848,0,hit wall,1.284,1.9772,1.2399999999999736,0.9991365290308083,2.01259979247378,18.0,66.0
1790783290.9970949,0,slipped off A,0.074,1.0198,,,,18.0,66.0
1790783291.0069966,0,grip capacity exceeded,0.512,2.0414,,,,18.0,66.0
1790783291.0201845,0,slipped off A,0.47,1.9758,,,,18.0,66.0
1790783291.024422,0,slipped off A,0.816,1.4965,,,,18.0,66.0
1790783291.0497394,0,grip capacity exceeded,0.492,2.0612,,,,18.0,66.0
1790783291.1209211,0,grip capacity exceeded,0.268,2.7733,,,,18.0,66.0
1790783291.1841583,0,grip capacity exceeded,0.54,2.5062,,,,18.0,66.0
1790783291.2246637,0,hit wall,0.932,0.9227,,,,18.0,66.0
1790783291.2718132,0,hit wall,0.776,1.0967,,,,18.0,66.0
1790783291.3189545,0,slipped off A,0.262,1.0882,,,,18.0,66.0
1790783291.320543,0,grip capacity exceeded,1.422,2.2795,,,,18.0,66.0
1790783291.3334486,0,grip capacity exceeded,1.018,3.0339,,,,18.0,66.0
1790783291.37894,0,grip capacity exceeded,0.172,2.6301,,,,18.0,66.0
1790783291.3898823,0,slipped off A,1.368,1.8722,,,,18.0,66.0
1790783291.4790428,0,slipped off A,1.284,1.2926,,,,18.0,66.0
1790783291.510973,0,slipped off A,0.35,1.5228,,,,18.0,66.0
1790783291.5158858,0,grip capacity exceeded,0.094,2.2535,,,,18.0,66.0
1790783291.5374408,0,missed B,1.04,1.9473,0.6999999999999851,0.9691365290308089,1.2948336226088049,18.0,66.0
1790783291.5748098,0,grip capacity exceeded,0.868,2.0455,,,,18.0,66.0
1790783291.6106644,0,grip capacity exceeded,0.266,2.1928,,,,18.0,66.0
1790783291.6318285,0,slipped off A,1.51,1.6738,,,,18.0,66.0
1790783291.6367145,0,grip capacity exceeded,0.728,2.0719,,,,18.0,66.0
1790783291.6411178,0,hit wall,0.172,1.0915,0.11999999999999744,0.9369143068085874,2.0375633332967324,18.0,66.0
1790783291.7854316,0,hit wall,0.536,1.4154,0.4399999999999906,0.9546920845863648,2.037280030771408,18.0,66.0
1790783291.8032951,0,slipped off A,0.872,1.1503,,,,18.0,66.0
1790783291.8243458,0,grip capacity exceeded,0.876,2.4259,,,,18.0,66.0
1790783291.8253772,0,slipped off A,1.444,1.9339,,,,18.0,66.0
1790783291.8518515,0,slipped off A,0.67,1.4263,,,,18.0,66.0
1790783291.871965,0,grip capacity exceeded,0.146,2.7975,,,,18.0,66.0
1790783291.8831816,0,grip capacity exceeded,0.762,2.6322,,,,18.0,66.0
1790783291.8997521,0,slipped off A,0.15,1.5415,,,,18.0,66.0
1790783291.9223783,0,hit wall,0.934,1.1411,0.8999999999999808,0.9802476401419198,2.024464646583193,18.0,66.0
1790783291.9481466,0,slipped off A,0.23,1.2718,,,,18.0,66.0
1790783291.952692,0,grip capacity exceeded,0.58,2.1252,,,,18.0,66.0
1790783291.9541197,0,grip capacity exceeded,0.29,2.6132,,,,18.0,66.0
1790783291.994095,0,grip capacity exceeded,0.132,2.1761,,,,18.0,66.0
1790783292.027051,0,slipped off A,0.37,1.184,,,,18.0,66.0
1790783292.02735,0,slipped off A,0.268,1.2413,,,,18.0,66.0
1790783292.0601974,0,slipped off A,0.236,1.5877,,,,18.0,66.0
1790783292.0980985,0,grip capacity exceeded,0.234,2.2133,,,,18.0,66.0
1790783292.1110632,0,grip capacity exceeded,0.522,2.3455,,,,18.0,66.0
1790783292.11411,0,missed B,0.984,1.3866,0.4599999999999902,0.955803195697476,1.3987538101468875,18.0,66.0
1790783292.166695,0,slipped off A,0.45,0.8643,,,,18.0,66.0
1790783292.1678128,0,missed B,1.222,1.0352,0.7799999999999834,0.9735809734752533,1.116672416451887,18.0,66.0
1790783292.1894062,0,hit wall,0.986,0.9439,0.9599999999999795,0.9835809734752531,2.0217457670452648,18.0,66.0
1790783292.2059853,0,grip capacity exceeded,0.128,2.3061,,,,18.0,66.0
1790783292.243726,0,missed B,2.942,1.7063,2.539999999999946,0.071358751253029,1.0642035509928869,18.0,66.0
1790783292.2809982,0,grip capacity exceeded,0.582,2.4983,,,,18.0,66.0
1790783292.328018,0,slipped off A,0.572,1.2773,,,,18.0,66.0
1790783292.3765855,0,slipped off A,0.95,1.5125,,,,18.0,66.0
1790783292.3782723,0,hit wall,0.91,0.9626,0.8599999999999817,0.9780254179196977,2.026260086534822,18.0,66.0
1790783292.3822532,0,slipped off A,0.678,1.5325,,,,18.0,66.0
1790783292.4599593,0,hit wall,0.728,1.2399,,,,18.0,66.0
1790783292.480191,0,grip capacity exceeded,0.922,2.3691,,,,18.0,66.0
1790783292.481127,0,slipped off A,0.33,1.5612,,,,18.0,66.0
1790783292.5717504,0,slipped off A,0.316,0.9387,,,,18.0,66.0
1790783292.6298714,0,hit wall,0.86,1.6216,,,,18.0,66.0
1790783292.6958349,0,slipped off A,1.1,1.5571,,,,18.0,66.0
1790783292.717258,0,slipped off A,2.25,1.9494,,,,18.0,66.0
1790783292.7544038,0,grip capacity exceeded,0.114,2.1459,,,,18.0,66.0
1790783292.7642412,0,slipped off A,1.65,1.992,,,,18.0,66.0
1790783292.7857456,0,slipped off A,1.134,1.5198,,,,18.0,66.0
1790783292.8108537,0,slipped off A,0.394,1.7517,,,,18.0,66.0
1790783292.828205,0,grip capacity exceeded,1.718,2.246,,,,18.0,66.0
1790783292.8510492,0,slipped off A,1.292,1.418,,,,18.0,66.0
1790783292.8586888,0,grip capacity exceeded,0.226,2.1444,,,,18.0,66.0
1790783292.8658035,0,slipped off A,1.018,1.4487,,,,18.0,66.0
1790783292.8670473,0,slipped off A,0.794,1.1865,,,,18.0,66.0
1790783292.8729289,0,slipped off A,0.198,0.9865,,,,18.0,66.0
1790783292.9390528,0,grip capacity exceeded,0.58,2.1786,,,,18.0,66.0
1790783293.0301507,0,grip capacity exceeded,0.532,2.1607,,,,18.0,66.0
1790783293.0852466,0,slipped off A,0.692,1.5581,,,,18.0,66.0
1790783293.091405,0,grip capacity exceeded,0.464,2.4336,,,,18.0,66.0
1790783293.1199834,0,grip capacity exceeded,0.242,2.5576,,,,18.0,66.0
1790783293.1396003,0,grip capacity exceeded,0.128,3.3511,,,,18.0,66.0
1790783293.1577933,0,hit wall,0.938,1.1283,,,,18.0,66.0
1790783293.17494,0,grip capacity exceeded,0.922,2.0152,,,,18.0,66.0
1790783293.204792,0,slipped off A,1.078,1.3417,,,,18.0,66.0
1790783293.2069337,0,hit wall,1.142,1.4941,1.1199999999999761,0.9924698623641418,2.014557226029347,18.0,66.0
1790783294.3326123,0,slipped off A,0.59,1.093,,,,18.0,66.0
1790783294.3596296,0,hit wall,1.754,1.914,,,,18.0,66.0
1790783294.3657987,0,grip capacity exceeded,0.342,2.1405,,,,18.0,66.0
1790783294.433023,0,slipped off A,0.732,1.2189,,,,18.0,66.0
1790783294.4376984,0,grip capacity exceeded,0.308,2.1211,,,,18.0,66.0
1790783294.4605079,0,slipped off A,0.762,1.1493,,,,18.0,66.0
1790783294.4956155,0,slipped off A,0.198,1.9969,,,,18.0,66.0
1790783294.5177336,0,slipped off A,0.19,1.5891,,,,18.0,66.0
1790783294.5397077,0,slipped off A,0.37,1.1813,,,,18.0,66.0
1790783294.5536244,0,grip capacity exceeded,1.048,2.4423,,,,18.0,66.0
1790783294.5732534,0,slipped off A,1.026,1.8318,,,,18.0,66.0
1790783294.6012435,0,grip capacity exceeded,0.2,2.4389,,,,18.0,66.0
1790783294.618287,0,grip capacity exceeded,0.332,2.36,,,,18.0,66.0
1790783294.6301422,0,grip capacity exceeded,0.186,2.5964,,,,18.0,66.0
1790783294.6728995,0,hit wall,1.032,1.1761,,,,18.0,66.0
1790783294.680599,0,hit wall,1.054,1.3906,,,,18.0,66.0
1790783294.6885006,0,grip capacity exceeded,0.234,2.4442,,,,18.0,66.0
1790783294.6989813,0,grip capacity exceeded,0.686,3.0332,,,,18.0,66.0
1790783294.7408738,0,grip capacity exceeded,0.17,2.4171,,,,18.0,66.0
1790783294.7949154,0,grip capacity exceeded,0.79,2.1199,,,,18.0,66.0
1790783294.848107,0,hit wall,2.18,1.6174,2.1399999999999544,0.04913652903080726,2.0514191889894375,18.0,66.0
1790783294.8588853,0,slipped off A,0.83,1.3801,,,,18.0,66.0
1790783294.9592435,0,grip capacity exceeded,0.882,2.9416,,,,18.0,66.0
1790783294.9774761,0,grip capacity exceeded,0.886,2.1657,,,,18.0,66.0
1790783295.0025449,0,slipped off A,0.784,1.3045,,,,18.0,66.0
1790783295.0430508,0,grip capacity exceeded,0.562,2.4536,,,,18.0,66.0
1790783295.0842416,0,grip capacity exceeded,0.102,2.0679,,,,18.0,66.0
1790783295.2230973,0,missed B,1.242,1.4725,0.7199999999999847,0.97024764014192,1.1497635370570851,18.0,66.0
1790783295.2525768,0,grip capacity exceeded,0.848,2.1909,,,,18.0,66.0
1790783295.2579706,0,hit wall,0.812,1.5369,,,,18.0,66.0
1790783295.2610142,0,grip capacity exceeded,0.512,2.0909,,,,18.0,66.0
1790783295.3131676,0,slipped off A,1.35,1.9316,,,,18.0,66.0
1790783295.3574307,0,grip capacity exceeded,0.358,2.1314,,,,18.0,66.0
1790783295.3839831,0,grip capacity exceeded,1.164,2.2473,,,,18.0,66.0
1790783295.391741,0,hit wall,2.35,1.2609,,,,18.0,66.0
1790783295.4096954,0,slipped off A,0.49,1.1661,,,,18.0,66.0
1790783295.420207,0,grip capacity exceeded,2.216,3.367,,,,18.0,66.0
1790783295.5212793,0,grip capacity exceeded,0.528,2.213,,,,18.0,66.0
1790783295.5757313,0,slipped off A,0.152,1.0202,,,,18.0,66.0
1790783295.588064,0,grip capacity exceeded,0.58,2.1079,,,,18.0,66.0
1790783295.6087751,0,hit wall,1.244,1.9821,,,,18.0,66.0
1790783295.6747897,0,hit wall,1.346,1.1499,1.2999999999999723,0.002469862364141583,2.012650312118538,18.0,66.0
1790783295.6975248,0,slipped off A,0.35,1.4243,,,,18.0,66.0
1790783295.7300625,0,grip capacity exceeded,1.062,2.2022,,,,18.0,66.0
1790783295.7381802,0,slipped off A,0.39,1.2569,,,,18.0,66.0
1790783295.7435713,0,slipped off A,1.13,1.5185,,,,18.0,66.0
1790783295.7602103,0,grip capacity exceeded,0.25,3.7134,,,,18.0,66.0
1790783295.7608752,0,slipped off A,0.17,0.7703,,,,18.0,66.0
1790783295.7782674,0,grip capacity exceeded,1.484,2.0818,,,,18.0,66.0
1790783295.8112478,0,hit wall,1.258,1.5383,1.219999999999974,0.9980254179196972,2.012660042461946,18.0,66.0
1790783295.841265,0,grip capacity exceeded,0.358,2.4087,,,,18.0,66.0
1790783295.8847961,0,grip capacity exceeded,0.49,2.3455,,,,18.0,66.0
1790783295.9516408,0,slipped off A,0.592,1.5038,,,,18.0,66.0
1790783295.9685235,0,grip capacity exceeded,0.362,2.6151,,,,18.0,66.0
1790783295.9743447,0,grip capacity exceeded,0.064,2.8097,,,,18.0,66.0
1790783296.0292537,0,hit wall,0.678,1.6711,,,,18.0,66.0
1790783296.0826716,0,hit wall,1.006,1.0361,,,,18.0,66.0
1790783296.1027436,0,hit wall,0.212,1.2803,0.09999999999999787,0.9358031956974764,1.9301279805765685,18.0,66.0
1790783296.1106105,0,slipped off A,1.67,0.9799,,,,18.0,66.0
1790783296.2066882,0,grip capacity exceeded,0.346,2.381,,,,18.0,66.0
1790783296.2136543,0,missed B,0.454,0.5726,0.11999999999999744,0.9369143068085874,1.3804501835238936,18.0,66.0
1790783296.2362916,0,slipped off A,1.61,1.5251,,,,18.0,66.0
1790783296.237114,0,slipped off A,0.09,1.63,,,,18.0,66.0
1790783296.2655663,0,slipped off A,0.09,1.4499,,,,18.0,66.0
1790783296.283157,0,hit wall,0.632,1.7631,,,,18.0,66.0
1790783296.2914932,0,slipped off A,1.33,1.1453,,,,18.0,66.0
1790783296.300558,0,hit wall,1.076,1.2763,0.9999999999999787,0.9858031956974753,1.9794765114245039,18.0,66.0
1790783296.3452685,0,slipped off A,0.19,1.2576,,,,18.0,66.0
1790783296.3816562,0,slipped off A,0.292,1.2539,,,,18.0,66.0
1790783296.4124002,0,grip capacity exceeded,0.688,2.1458,,,,18.0,66.0
1790783296.4269931,0,slipped off A,0.562,1.1616,,,,18.0,66.0
1790783296.4441397,0,grip capacity exceeded,0.73,2.1264,,,,18.0,66.0
1790783296.449184,0,grip capacity exceeded,1.658,2.2337,,,,18.0,66.0
1790783296.4901402,0,grip capacity exceeded,0.376,2.5197,,,,18.0,66.0
1790783296.5555882,0,slipped off A,0.93,1.692,,,,18.0,66.0
1790783296.565825,0,slipped off A,0.79,1.2771,,,,18.0,66.0
1790783296.5741456,0,grip capacity exceeded,0.29,2.3706,,,,18.0,66.0
1790783296.625896,0,grip capacity exceeded,0.176,2.044,,,,18.0,66.0
1790783296.669431,0,hit wall,0.832,1.4253,,,,18.0,66.0
1790783296.6988385,0,slipped off A,3.104,1.8896,,,,18.0,66.0
1790783296.7466605,0,grip capacity exceeded,1.19,2.5283,,,,18.0,66.0
1790783296.7495265,0,hit wall,1.046,1.7227,,,,18.0,66.0
1790783296.7729917,0,slipped off A,0.77,1.1306,,,,18.0,66.0
1790783296.7869263,0,grip capacity exceeded,0.402,2.4137,,,,18.0,66.0
1790783296.8001273,0,slipped off A,0.606,1.2912,,,,18.0,66.0
1790783296.8976648,0,slipped off A,1.13,0.9805,,,,18.0,66.0
1790783296.942361,0,grip capacity exceeded,0.606,2.3088,,,,18.0,66.0
1790783296.9880438,0,grip capacity exceeded,0.152,2.0342,,,,18.0,66.0
1790783297.0261781,0,hit wall,1.972,1.6769,,,,18.0,66.0
1790783297.0399141,0,slipped off A,0.93,1.6199,,,,18.0,66.0
1790783297.0775762,0,missed B,1.222,1.7668,0.6799999999999855,0.9680254179196979,1.2211073535744168,18.0,66.0
1790783297.0939722,0,slipped off A,0.61,1.6053,,,,18.0,66.0
1790783297.1241267,0,hit wall,1.1,0.9111,0.9799999999999791,0.9846920845863641,1.8469262197676286,18.0,66.0
1790783297.1300428,0,grip capacity exceeded,0.16,2.2076,,,,18.0,66.0
1790783297.1487777,0,grip capacity exceeded,0.352,2.2594,,,,18.0,66.0
1790783297.1490726,0,hit wall,1.082,1.5958,,,,18.0,66.0
1790783297.1750565,0,slipped off A,1.21,1.9688,,,,18.0,66.0
1790783297.2300844,0,slipped off A,0.164,1.6492,,,,18.0,66.0
1790783297.2494867,0,slipped off A,0.63,1.0351,,,,18.0,66.0
1790783297.3426282,0,grip capacity exceeded,0.676,2.2459,,,,18.0,66.0
1790783297.3610396,0,grip capacity exceeded,0.82,2.6555,,,,18.0,66.0
1790783297.397675,0,slipped off A,0.83,1.7614,,,,18.0,66.0
1790783298.5439413,0,grip capacity exceeded,0.652,2.7229,,,,18.0,66.0
1790783298.6052039,0,missed B,1.076,1.1242,0.5999999999999872,0.9635809734752535,1.2312578483843972,18.0,66.0
1790783298.6311767,0,slipped off A,1.602,1.3094,,,,18.0,66.0
1790783298.6677027,0,grip capacity exceeded,0.564,2.4861,,,,18.0,66.0
1790783298.6736405,0,grip capacity exceeded,0.114,2.663,,,,18.0,66.0
1790783298.6756005,0,hit wall,1.244,1.8175,1.219999999999974,0.9980254179196972,2.012800115100419,18.0,66.0
1790783298.78049,0,slipped off A,0.706,1.5016,,,,18.0,66.0
1790783298.844748,0,hit wall,1.054,1.3537,,,,18.0,66.0
1790783298.8515031,0,hit wall,1.258,1.7912,,,,18.0,66.0
1790783298.9333131,0,missed B,1.752,1.2333,1.2999999999999723,0.002469862364141583,1.6807439675341511,18.0,66.0
1790783298.9802263,0,missed B,0.928,1.2452,0.3999999999999915,0.9524698623641427,1.2282758215954837,18.0,66.0
1790783298.9922872,0,grip capacity exceeded,0.994,2.3324,,,,18.0,66.0
1790783299.0019572,0,grip capacity exceeded,1.0,2.0155,,,,18.0,66.0
1790783299.0377455,0,grip capacity exceeded,0.734,2.6055,,,,18.0,66.0
1790783299.070713,0,slipped off A,0.098,0.9929,,,,18.0,66.0
1790783299.1013842,0,missed B,0.704,1.136,0.27999999999999403,0.9458031956974762,1.4227099440304791,18.0,66.0
1790783299.1074862,0,hit wall,1.482,1.191,,,,18.0,66.0
1790783299.144703,0,grip capacity exceeded,0.206,2.0141,,,,18.0,66.0
1790783299.1622007,0,slipped off A,0.89,1.6219,,,,18.0,66.0
1790783299.2486863,0,grip capacity exceeded,0.278,2.212,,,,18.0,66.0
1790783299.276917,0,grip capacity exceeded,0.908,2.0197,,,,18.0,66.0
1790783299.2922192,0,grip capacity exceeded,1.084,2.0661,,,,18.0,66.0
1790783299.2991414,0,grip capacity exceeded,0.924,2.3852,,,,18.0,66.0
1790783299.310606,0,grip capacity exceeded,0.644,2.0205,,,,18.0,66.0
1790783299.3277705,0,grip capacity exceeded,0.584,2.2328,,,,18.0,66.0
1790783299.4265144,0,hit wall,1.024,0.8651,0.93999999999998,0.982469862364142,1.9361389074123145,18.0,66.0
1790783299.4897666,0,slipped off A,0.47,0.9445,,,,18.0,66.0
1790783299.5019748,0,grip capacity exceeded,0.628,2.1422,,,,18.0,66.0
1790783299.5416348,0,slipped off A,1.698,1.3068,,,,18.0,66.0
1790783299.6282098,0,grip capacity exceeded,0.602,2.0022,,,,18.0,66.0
1790783299.7067482,0,grip capacity exceeded,1.43,2.1126,,,,18.0,66.0
1790783299.722598,0,hit wall,1.32,1.9057,1.2799999999999727,0.0013587512530304953,2.012442813647023,18.0,66.0
1790783299.8247607,0,slipped off A,0.57,1.548,,,,18.0,66.0
1790783299.8495123,0,slipped off A,1.11,1.3145,,,,18.0,66.0
1790783299.850376,0,missed B,0.944,1.6809,0.5399999999999885,0.9602476401419202,1.3600509809131902,18.0,66.0
1790783299.855638,0,slipped off A,0.43,0.9475,,,,18.0,66.0
1790783299.8577542,0,hit wall,0.396,1.6879,0.3599999999999923,0.9502476401419204,2.0518107347357777,18.0,66.0
1790783299.9063435,0,slipped off A,0.27,1.2792,,,,18.0,66.0
1790783299.9298997,0,grip capacity exceeded,2.014,2.6117,,,,18.0,66.0
1790783299.9401758,0,slipped off A,0.25,1.2605,,,,18.0,66.0
1790783299.9415982,0,grip capacity exceeded,0.086,2.1593,,,,18.0,66.0
1790783299.970522,0,grip capacity exceeded,0.088,2.0031,,,,18.0,66.0
1790783300.138074,0,slipped off A,0.698,1.3299,,,,18.0,66.0
1790783300.159628,0,slipped off A,2.07,1.1997,,,,18.0,66.0
1790783300.1620271,0,grip capacity exceeded,0.974,2.2776,,,,18.0,66.0
1790783300.1935818,0,slipped off A,0.11,0.8207,,,,18.0,66.0
1790783300.2504647,0,slipped off A,1.29,1.2878,,,,18.0,66.0
1790783300.3022132,0,grip capacity exceeded,1.064,2.0796,,,,18.0,66.0
1790783300.3446124,0,hit wall,1.316,0.9293,,,,18.0,66.0
1790783300.4194293,0,hit wall,0.938,1.528,,,,18.0,66.0
1790783300.4444976,0,grip capacity exceeded,0.082,2.0426,,,,18.0,66.0
1790783300.4485075,0,slipped off A,0.994,1.5956,,,,18.0,66.0
1790783300.486816,0,grip capacity exceeded,0.12,2.4168,,,,18.0,66.0
1790783300.5232565,0,grip capacity exceeded,0.63,2.6273,,,,18.0,66.0
1790783300.5478547,0,slipped off A,0.33,1.2258,,,,18.0,66.0
1790783300.5589242,0,slipped off A,2.35,1.9147,,,,18.0,66.0
1790783300.59846,0,grip capacity exceeded,1.002,2.7758,,,,18.0,66.0
1790783300.6248734,0,missed B,1.258,1.4569,0.8599999999999817,0.9780254179196977,1.445488459116412,18.0,66.0
1790783300.6306655,0,missed B,1.458,0.8198,0.9799999999999791,0.9846920845863641,1.2506502539619433,18.0,66.0
1790783300.6503365,0,grip capacity exceeded,0.296,2.4201,,,,18.0,66.0
1790783300.652916,0,slipped off A,0.334,1.5507,,,,18.0,66.0
1790783300.6650953,0,slipped off A,4.35,1.9956,,,,18.0,66.0
1790783300.684412,0,grip capacity exceeded,0.198,2.0746,,,,18.0,66.0
1790783300.7849996,0,slipped off A,1.016,1.9225,,,,18.0,66.0
1790783300.8023765,0,grip capacity exceeded,0.96,2.113,,,,18.0,66.0
1790783300.8248942,0,slipped off A,0.79,1.8539,,,,18.0,66.0
1790783300.8255472,0,grip capacity exceeded,0.13,2.3107,,,,18.0,66.0
1790783300.8631668,0,hit wall,0.638,1.5399,,,,18.0,66.0
1790783300.902054,0,grip capacity exceeded,0.234,2.0226,,,,18.0,66.0
1790783300.911199,0,hit wall,0.964,1.3907,,,,18.0,66.0
1790783300.9394698,0,grip capacity exceeded,0.092,2.058,,,,18.0,66.0
1790783301.099144,0,hit wall,0.792,1.396,,,,18.0,66.0
1790783301.1059835,0,slipped off A,0.69,1.2564,,,,18.0,66.0
1790783301.1161885,0,grip capacity exceeded,1.572,2.1004,,,,18.0,66.0
1790783301.1322706,0,hit wall,1.096,1.1333,,,,18.0,66.0
1790783301.1387928,0,missed B,1.648,1.7814,1.1799999999999748,0.9958031956974751,0.9776917997685394,18.0,66.0
1790783301.1468875,0,hit wall,0.136,0.9563,0.0799999999999983,0.9346920845863652,2.0528279824515576,18.0,66.0
1790783301.2793808,0,hit wall,1.1,1.5252,,,,18.0,66.0
1790783301.3037305,0,grip capacity exceeded,0.604,2.5817,,,,18.0,66.0
1790783301.316677,0,grip capacity exceeded,2.18,2.1778,,,,18.0,66.0
1790783301.342306,0,grip capacity exceeded,1.668,2.2153,,,,18.0,66.0
1790783301.4171891,0,grip capacity exceeded,0.944,2.0305,,,,18.0,66.0
1790783301.4673357,0,missed B,1.048,1.0047,0.5999999999999872,0.9635809734752535,1.2808319011653715,18.0,66.0
1790783301.4864507,0,slipped off A,0.53,1.2973,,,,18.0,66.0
1790783301.4877355,0,grip capacity exceeded,0.652,2.4155,,,,18.0,66.0
1790783301.514693,0,hit wall,0.654,0.8063,0.5799999999999876,0.9624698623641424,2.003492646521684,18.0,66.0
1790783301.552373,0,grip capacity exceeded,0.68,2.0002,,,,18.0,66.0
1790783301.5852659,0,hit wall,1.42,1.1047,1.3799999999999706,0.006914306808585933,2.014143193099077,18.0,66.0
1790783301.5977685,0,slipped off A,0.57,1.6388,,,,18.0,66.0
1790783301.6695886,0,grip capacity exceeded,1.668,2.6726,,,,18.0,66.0
1790783301.6789293,0,grip capacity exceeded,0.294,2.2019,,,,18.0,66.0
1790783301.7125354,0,slipped off A,0.35,1.2109,,,,18.0,66.0
1790783302.8988206,0,grip capacity exceeded,0.822,2.071,,,,18.0,66.0
1790783302.9312537,0,grip capacity exceeded,0.098,2.0708,,,,18.0,66.0
1790783302.95932,0,grip capacity exceeded,1.16,2.7691,,,,18.0,66.0
1790783302.9594846,0,slipped off A,1.09,1.3742,,,,18.0,66.0
1790783303.0347738,0,grip capacity exceeded,0.582,2.726,,,,18.0,66.0
1790783303.1331496,0,hit wall,0.992,1.7986,,,,18.0,66.0
1790783303.133359,0,grip capacity exceeded,1.374,2.1518,,,,18.0,66.0
1790783303.1528623,0,grip capacity exceeded,1.022,2.0208,,,,18.0,66.0
1790783303.159588,0,grip capacity exceeded,0.652,2.2377,,,,18.0,66.0
1790783303.3186555,0,grip capacity exceeded,0.58,2.057,,,,18.0,66.0
1790783303.3291628,0,slipped off A,2.212,1.4243,,,,18.0,66.0
1790783303.428666,0,grip capacity exceeded,1.236,2.5417,,,,18.0,66.0
1790783303.4697263,0,grip capacity exceeded,1.016,2.3023,,,,18.0,66.0
1790783303.534879,0,slipped off A,1.81,1.5547,,,,18.0,66.0
1790783303.561262,0,grip capacity exceeded,1.882,2.0081,,,,18.0,66.0
1790783303.5797641,0,grip capacity exceeded,0.052,2.3734,,,,18.0,66.0
1790783303.605243,0,grip capacity exceeded,0.978,2.3108,,,,18.0,66.0
1790783303.724148,0,hit wall,1.92,1.242,,,,18.0,66.0
1790783303.744611,0,missed B,1.008,1.2079,0.6599999999999859,0.9669143068085868,1.2297853435511208,18.0,66.0
1790783303.7799902,0,grip capacity exceeded,0.522,2.16,,,,18.0,66.0
1790783303.9591515,0,missed B,0.676,1.2605,0.33999999999999275,0.9491365290308094,1.2045332802119744,18.0,66.0
1790783303.9634802,0,grip capacity exceeded,2.048,2.1232,,,,18.0,66.0
1790783303.9723518,0,slipped off A,1.24,1.6655,,,,18.0,66.0
1790783303.9948761,0,grip capacity exceeded,0.086,2.1497,,,,18.0,66.0
1790783304.0325887,0,grip capacity exceeded,0.786,2.2566,,,,18.0,66.0
1790783304.1126873,0,grip capacity exceeded,0.274,2.0568,,,,18.0,66.0
1790783304.1495802,0,slipped off A,1.99,1.5027,,,,18.0,66.0
1790783304.1634896,0,grip capacity exceeded,2.25,2.706,,,,18.0,66.0
1790783304.1810687,0,grip capacity exceeded,0.226,2.1488,,,,18.0,66.0
1790783304.189618,0,slipped off A,0.738,1.3964,,,,18.0,66.0
1790783304.1956637,0,grip capacity exceeded,0.674,2.0275,,,,18.0,66.0
1790783304.2466874,0,grip capacity exceeded,0.166,2.7704,,,,18.0,66.0
1790783304.302573,0,slipped off A,1.152,1.7236,,,,18.0,66.0
1790783304.3060784,0,grip capacity exceeded,3.768,2.0965,,,,18.0,66.0
1790783304.3963253,0,grip capacity exceeded,0.512,2.0042,,,,18.0,66.0
1790783304.4193373,0,slipped off A,0.87,1.7558,,,,18.0,66.0
1790783304.4464421,0,hit wall,2.394,1.5882,,,,18.0,66.0
1790783304.5141406,0,hit wall,0.298,0.7665,0.1599999999999966,0.9391365290308096,1.824689266683877,18.0,66.0
1790783304.5471199,0,slipped off A,0.31,1.5297,,,,18.0,66.0
1790783304.554177,0,missed B,1.332,1.0548,0.8799999999999812,0.9791365290308087,1.335265650215667,18.0,66.0
1790783304.572816,0,grip capacity exceeded,0.878,2.1565,,,,18.0,66.0
1790783304.584738,0,grip capacity exceeded,0.918,2.2024,,,,18.0,66.0
1790783304.624376,0,slipped off A,1.45,1.781,,,,18.0,66.0
1790783304.6637795,0,slipped off A,0.13,0.9766,,,,18.0,66.0
1790783304.6980681,0,slipped off A,1.67,1.185,,,,18.0,66.0
1790783304.7099237,0,slipped off A,0.51,1.1192,,,,18.0,66.0
1790783304.810895,0,slipped off A,0.33,1.5141,,,,18.0,66.0
1790783304.8235376,0,grip capacity exceeded,0.782,2.6427,,,,18.0,66.0
1790783304.8661556,0,grip capacity exceeded,0.138,2.3357,,,,18.0,66.0
1790783304.8900905,0,grip capacity exceeded,0.064,2.558,,,,18.0,66.0
1790783304.9839923,0,hit wall,0.93,0.87,0.8599999999999817,0.9780254179196977,2.0171597523924087,18.0,66.0
1790783305.052129,0,hit wall,2.116,1.4723,,,,18.0,66.0
1790783305.0782003,0,slipped off A,1.35,1.1589,,,,18.0,66.0
1790783305.1180358,0,slipped off A,1.966,1.5271,,,,18.0,66.0
1790783305.1193027,0,grip capacity exceeded,1.792,2.0427,,,,18.0,66.0
1790783305.2469013,0,hit wall,1.216,0.8617,1.1799999999999748,0.9958031956974751,2.01284691208695,18.0,66.0
1790783305.252021,0,grip capacity exceeded,2.322,2.033,,,,18.0,66.0
1790783305.3440337,0,slipped off A,0.33,1.1994,,,,18.0,66.0
1790783305.3709297,0,hit wall,1.106,1.0658,,,,18.0,66.0
1790783305.3941624,0,hit wall,0.93,1.6882,,,,18.0,66.0
1790783305.4280536,0,hit wall,1.032,1.9584,,,,18.0,66.0
1790783305.4606671,0,missed B,2.13,1.3519,1.639999999999965,0.021358751253030068,1.635518676366629,18.0,66.0
1790783305.536258,0,hit wall,1.814,1.5706,,,,18.0,66.0
1790783305.5516453,0,hit wall,0.6,0.8146,0.5199999999999889,0.9591365290308091,1.9932042996871073,18.0,66.0
1790783305.5831273,0,grip capacity exceeded,0.636,2.0648,,,,18.0,66.0
1790783305.6457398,0,hit wall,0.3,0.9003,0.25999999999999446,0.944692084586365,2.0570365489255376,18.0,66.0
1790783305.6557763,0,grip capacity exceeded,1.876,2.1926,,,,18.0,66.0
1790783305.694955,0,slipped off A,0.15,1.1252,,,,18.0,66.0
1790783305.7570117,0,slipped off A,1.138,1.2613,,,,18.0,66.0
1790783305.8180988,0,grip capacity exceeded,1.778,2.1199,,,,18.0,66.0
1790783305.897336,0,grip capacity exceeded,1.378,2.9013,,,,18.0,66.0
1790783305.9364564,0,slipped off A,0.876,1.2718,,,,18.0,66.0
1790783305.9379113,0,grip capacity exceeded,1.254,2.376,,,,18.0,66.0
1790783306.006956,0,hit wall,0.544,1.651,0.5199999999999889,0.9591365290308091,2.043595722777575,18.0,66.0
1790783307.1716735,0,slipped off A,0.334,1.059,,,,18.0,66.0
1790783307.1858191,0,slipped off A,1.14,1.8702,,,,18.0,66.0
1790783307.1980157,0,missed B,1.506,1.842,1.1599999999999753,0.9946920845863639,1.241575571790183,18.0,66.0
1790783307.2573414,0,slipped off A,0.19,1.0969,,,,18.0,66.0
1790783307.4177995,0,slipped off A,2.634,1.4914,,,,18.0,66.0
1790783307.4477499,0,slipped off A,0.57,0.9182,,,,18.0,66.0
1790783307.4490058,0,grip capacity exceeded,1.696,2.1547,,,,18.0,66.0
1790783307.4632735,0,slipped off A,0.844,1.6987,,,,18.0,66.0
1790783307.4986303,0,hit wall,0.114,0.6877,0.05999999999999872,0.9335809734752541,2.0428359054332557,18.0,66.0
1790783307.5389385,0,grip capacity exceeded,0.112,2.5049,,,,18.0,66.0
1790783307.5410001,0,missed B,1.518,1.0135,1.079999999999977,0.9902476401419196,1.360180952963708,18.0,66.0
1790783307.616299,0,grip capacity exceeded,1.224,2.0107,,,,18.0,66.0
1790783307.6832166,0,hit wall,0.712,1.5782,,,,18.0,66.0
1790783307.796577,0,grip capacity exceeded,0.568,2.3857,,,,18.0,66.0
1790783307.8526692,0,grip capacity exceeded,1.018,2.5221,,,,18.0,66.0
1790783307.927814,0,grip capacity exceeded,2.43,2.4552,,,,18.0,66.0
1790783307.9327037,0,grip capacity exceeded,2.652,2.0008,,,,18.0,66.0
1790783308.0202084,0,slipped off A,1.75,1.9554,,,,18.0,66.0
1790783308.045807,0,missed B,0.792,1.0304,0.41999999999999105,0.9535809734752537,1.4022220563840617,18.0,66.0
1790783308.061159,0,grip capacity exceeded,2.04,2.3847,,,,18.0,66.0
1790783308.1000624,0,grip capacity exceeded,0.58,2.4157,,,,18.0,66.0
1790783308.1371765,0,hit wall,0.688,0.9815,0.5799999999999876,0.9624698623641424,1.8998954995625135,18.0,66.0
1790783308.1838467,0,slipped off A,2.11,1.5656,,,,18.0,66.0
1790783308.1966016,0,grip capacity exceeded,1.126,3.3034,,,,18.0,66.0
1790783308.225761,0,grip capacity exceeded,0.318,2.1191,,,,18.0,66.0
1790783308.2618375,0,hit wall,0.246,0.6225,0.17999999999999616,0.9402476401419206,2.020507758267619,18.0,66.0
1790783308.2792282,0,grip capacity exceeded,0.872,2.3683,,,,18.0,66.0
1790783308.303252,0,slipped off A,0.352,1.55,,,,18.0,66.0
1790783308.3297381,0,hit wall,0.758,1.1136,0.7399999999999842,0.9713587512530312,2.0325943537268945,18.0,66.0
1790783308.3369896,0,hit wall,0.914,1.8131,,,,18.0,66.0
1790783308.3767931,0,slipped off A,0.372,1.5338,,,,18.0,66.0
1790783308.4809158,0,grip capacity exceeded,0.88,2.2572,,,,18.0,66.0
1790783308.5021856,0,slipped off A,0.762,1.1247,,,,18.0,66.0
1790783308.567674,0,hit wall,1.786,1.4068,1.7599999999999625,0.028025417919696594,2.0320616405568934,18.0,66.0
1790783308.6117792,0,grip capacity exceeded,0.152,2.1597,,,,18.0,66.0
1790783308.6514611,0,hit wall,3.278,1.2031,3.239999999999931,0.11024764014191707,2.1147216000414883,18.0,66.0
1790783308.7525895,0,slipped off A,1.532,1.3381,,,,18.0,66.0
1790783308.8653069,0,slipped off A,1.37,1.0346,,,,18.0,66.0
1790783308.869532,0,grip capacity exceeded,1.762,2.0805,,,,18.0,66.0
1790783308.90909,0,grip capacity exceeded,0.516,2.0044,,,,18.0,66.0
1790783308.9166338,0,slipped off A,2.15,1.7932,,,,18.0,66.0
1790783309.0050888,0,slipped off A,2.35,1.3096,,,,18.0,66.0
1790783309.0411897,0,grip capacity exceeded,0.104,2.0776,,,,18.0,66.0
1790783309.056165,0,slipped off A,1.934,1.8799,,,,18.0,66.0
1790783309.2193716,0,grip capacity exceeded,0.57,2.0665,,,,18.0,66.0
1790783309.3017132,0,grip capacity exceeded,1.284,2.2262,,,,18.0,66.0
1790783309.3115928,0,hit wall,0.884,1.2701,,,,18.0,66.0
1790783309.3266768,0,slipped off A,2.29,1.1804,,,,18.0,66.0
1790783309.3464816,0,missed B,1.586,1.281,1.1999999999999744,0.9969143068085862,1.3902202383401314,18.0,66.0
1790783309.3553755,0,slipped off A,1.482,0.9269,,,,18.0,66.0
1790783309.4366436,0,hit wall,0.704,0.7974,0.6599999999999859,0.9669143068085868,2.0359801782508935,18.0,66.0
1790783309.5127895,0,hit wall,0.754,1.7262,,,,18.0,66.0
1790783309.5352247,0,slipped off A,0.75,1.1907,,,,18.0,66.0
1790783309.5506406,0,hit wall,0.856,1.4307,,,,18.0,66.0
1790783309.5855172,0,hit wall,0.824,1.9499,,,,18.0,66.0
1790783309.6308184,0,grip capacity exceeded,3.516,2.1481,,,,18.0,66.0
1790783309.6530862,0,slipped off A,2.646,1.4371,,,,18.0,66.0
1790783309.7334294,0,grip capacity exceeded,0.324,2.0517,,,,18.0,66.0
1790783309.751713,0,grip capacity exceeded,0.526,2.4926,,,,18.0,66.0
1790783309.8797147,0,grip capacity exceeded,1.434,2.4628,,,,18.0,66.0
1790783309.9444408,0,slipped off A,0.628,1.4173,,,,18.0,66.0
1790783310.0131702,0,slipped off A,0.18,1.6417,,,,18.0,66.0
1790783310.0422957,0,slipped off A,1.49,1.8446,,,,18.0,66.0
1790783310.047574,0,missed B,1.56,1.0076,1.1799999999999748,0.9958031956974751,1.1479622092383333,18.0,66.0
1790783310.0855875,0,slipped off A,2.33,1.5943,,,,18.0,66.0
1790783310.1896324,0,hit wall,0.948,1.7982,,,,18.0,66.0
1790783310.2153172,0,grip capacity exceeded,0.554,3.0635,,,,18.0,66.0
1790783310.255564,0,slipped off A,1.85,1.153,,,,18.0,66.0
1790783310.2600634,0,grip capacity exceeded,0.13,2.1851,,,,18.0,66.0
1790783311.3539114,0,grip capacity exceeded,2.368,2.1126,,,,18.0,66.0
1790783311.3934424,0,grip capacity exceeded,0.124,2.0641,,,,18.0,66.0
1790783311.4160504,0,hit wall,0.984,1.0947,,,,18.0,66.0
1790783311.469151,0,grip capacity exceeded,0.578,2.3915,,,,18.0,66.0
1790783311.6569338,0,grip capacity exceeded,1.604,2.6175,,,,18.0,66.0
1790783311.6615279,0,slipped off A,0.762,1.1667,,,,18.0,66.0
1790783311.6788032,0,slipped off A,0.59,1.2538,,,,18.0,66.0
1790783311.7152367,0,hit wall,1.036,1.6493,,,,18.0,66.0
1790783311.757064,0,hit wall,0.234,0.9078,0.19999999999999574,0.9413587512530318,2.0603506037907615,18.0,66.0
1790783311.7835097,0,grip capacity exceeded,0.19,2.0863,,,,18.0,66.0
1790783311.8179686,0,grip capacity exceeded,1.96,2.2909,,,,18.0,66.0
1790783311.823733,0,grip capacity exceeded,0.188,2.0843,,,,18.0,66.0
1790783311.8943546,0,slipped off A,3.19,1.1948,,,,18.0,66.0
1790783312.0578697,0,grip capacity exceeded,0.46,2.039,,,,18.0,66.0
1790783312.076711,0,grip capacity exceeded,0.744,2.2047,,,,18.0,66.0
1790783312.1425767,0,grip capacity exceeded,2.158,2.0897,,,,18.0,66.0
1790783312.1497612,0,grip capacity exceeded,0.228,2.3474,,,,18.0,66.0
1790783312.2443912,0,missed B,1.796,1.2634,1.3999999999999702,0.00802541791969702,1.162932502208089,18.0,66.0
1790783312.259203,0,slipped off A,2.75,1.7734,,,,18.0,66.0
1790783312.3532395,0,grip capacity exceeded,1.632,2.0009,,,,18.0,66.0
1790783312.3538017,0,missed B,2.106,1.2192,1.7599999999999625,0.028025417919696594,1.2234245002304427,18.0,66.0
1790783312.4944987,0,hit wall,1.17,0.9749,1.1199999999999761,0.9924698623641418,2.0127728578947663,18.0,66.0
1790783312.5115523,0,grip capacity exceeded,2.288,2.0288,,,,18.0,66.0
1790783312.5566528,0,grip capacity exceeded,0.19,2.3084,,,,18.0,66.0
1790783312.6214652,0,grip capacity exceeded,1.276,2.0755,,,,18.0,66.0
1790783312.6658788,0,grip capacity exceeded,2.052,2.2428,,,,18.0,66.0
1790783312.6661284,0,slipped off A,1.752,1.9549,,,,18.0,66.0
1790783312.7354617,0,grip capacity exceeded,0.782,2.1296,,,,18.0,66.0
1790783312.7980547,0,missed B,0.458,0.5219,0.03999999999999915,0.9324698623641431,1.4017882469045049,18.0,66.0
1790783312.8153648,0,grip capacity exceeded,0.52,2.547,,,,18.0,66.0
1790783312.8517914,0,grip capacity exceeded,1.758,2.1869,,,,18.0,66.0
1790783312.8761566,0,grip capacity exceeded,1.122,2.4561,,,,18.0,66.0
1790783312.8872225,0,hit wall,2.18,1.6883,,,,18.0,66.0
1790783312.898373,0,slipped off A,1.92,1.8574,,,,18.0,66.0
1790783312.9219272,0,grip capacity exceeded,0.078,2.1266,,,,18.0,66.0
1790783312.956125,0,grip capacity exceeded,1.182,2.6942,,,,18.0,66.0
1790783312.965865,0,slipped off A,0.168,0.8113,,,,18.0,66.0
1790783313.205922,0,hit wall,0.892,1.9105,0.8399999999999821,0.9769143068085866,2.007141295046399,18.0,66.0
1790783313.267412,0,grip capacity exceeded,1.412,2.0733,,,,18.0,66.0
1790783313.3407207,0,missed B,1.594,1.1897,1.1599999999999753,0.9946920845863639,1.0169900235719502,18.0,66.0
1790783313.3569827,0,slipped off A,1.358,1.8272,,,,18.0,66.0
1790783313.3725908,0,hit wall,1.958,1.7673,,,,18.0,66.0
1790783313.3845282,0,grip capacity exceeded,0.078,2.5227,,,,18.0,66.0
1790783313.3905458,0,hit wall,1.864,1.0712,,,,18.0,66.0
1790783313.6419322,0,hit wall,1.08,1.0351,,,,18.0,66.0
1790783313.6547375,0,slipped off A,2.812,1.5312,,,,18.0,66.0
1790783313.6816857,0,slipped off A,0.832,1.6478,,,,18.0,66.0
1790783313.799055,0,grip capacity exceeded,0.484,2.3066,,,,18.0,66.0
1790783313.8950298,0,hit wall,0.724,1.1528,0.6599999999999859,0.9669143068085868,2.0214479747562426,18.0,66.0
1790783313.90525,0,grip capacity exceeded,1.506,2.1837,,,,18.0,66.0
1790783313.9646058,0,slipped off A,1.87,1.3607,,,,18.0,66.0
1790783313.9664009,0,hit wall,0.884,1.8232,0.7799999999999834,0.9735809734752533,2.0220948924166526,18.0,66.0
1790783314.0428216,0,hit wall,2.564,1.8712,2.539999999999946,0.071358751253029,2.0734701374992888,18.0,66.0
1790783314.0564098,0,slipped off A,0.51,1.207,,,,18.0,66.0
1790783314.0741532,0,slipped off A,4.37,1.901,,,,18.0,66.0
1790783314.1598547,0,hit wall,0.302,0.6524,0.2199999999999953,0.9424698623641429,2.0547615324883117,18.0,66.0
1790783314.188797,0,grip capacity exceeded,0.062,2.3548,,,,18.0,66.0
1790783314.348808,0,grip capacity exceeded,2.964,2.185,,,,18.0,66.0
1790783314.3631532,0,slipped off A,0.878,1.5218,,,,18.0,66.0
1790783314.5018673,0,slipped off A,1.652,1.9582,,,,18.0,66.0
1790783314.5072002,0,slipped off A,2.186,1.9434,,,,18.0,66.0
1790783314.5238106,0,grip capacity exceeded,1.738,2.1283,,,,18.0,66.0
1790783314.5466611,0,grip capacity exceeded,1.548,2.0306,,,,18.0,66.0
1790783315.675079,0,grip capacity exceeded,2.12,2.3478,,,,18.0,66.0
1790783315.724275,0,grip capacity exceeded,0.358,2.1897,,,,18.0,66.0
1790783315.778789,0,grip capacity exceeded,0.414,2.2053,,,,18.0,66.0
1790783315.8252137,0,grip capacity exceeded,0.122,2.0103,,,,18.0,66.0
1790783315.847341,0,missed B,1.624,1.0645,1.1999999999999744,0.9969143068085862,1.461252313692639,18.0,66.0
1790783315.8968012,0,slipped off A,1.302,1.3035,,,,18.0,66.0
1790783315.8976245,0,grip capacity exceeded,0.218,2.5846,,,,18.0,66.0
1790783315.922548,0,grip capacity exceeded,1.348,2.0242,,,,18.0,66.0
1790783315.9370213,0,slipped off A,0.27,1.0487,,,,18.0,66.0
1790783315.9629369,0,grip capacity exceeded,0.878,2.0457,,,,18.0,66.0
1790783315.9931018,0,hit wall,0.772,1.1533,0.6999999999999851,0.9691365290308089,1.997038291920301,18.0,66.0
1790783316.0118773,0,hit wall,0.96,1.0307,0.8799999999999812,0.9791365290308087,1.9457582459403175,18.0,66.0
1790783316.1462345,0,grip capacity exceeded,0.634,2.0638,,,,18.0,66.0
1790783316.21663,0,grip capacity exceeded,0.244,2.2599,,,,18.0,66.0
1790783316.2327974,0,hit wall,0.97,1.3414,0.9199999999999804,0.981358751253031,2.02343739530181,18.0,66.0
1790783316.383981,0,hit wall,1.254,1.5695,,,,18.0,66.0
1790783316.385438,0,slipped off A,1.578,1.6111,,,,18.0,66.0
1790783316.459757,0,slipped off A,2.676,1.868,,,,18.0,66.0
1790783316.4923737,0,grip capacity exceeded,1.658,2.7243,,,,18.0,66.0
1790783316.6130588,0,slipped off A,1.33,1.2909,,,,18.0,66.0
1790783316.6301835,0,grip capacity exceeded,0.05,2.452,,,,18.0,66.0
1790783316.7539177,0,hit wall,1.3,1.5551,,,,18.0,66.0
1790783316.895662,0,slipped off A,1.804,1.1713,,,,18.0,66.0
1790783316.909053,0,hit wall,3.422,1.8213,3.379999999999928,0.11802541791969468,2.1235474564456216,18.0,66.0
1790783316.9274247,0,slipped off A,1.66,1.3893,,,,18.0,66.0
1790783316.9444752,0,grip capacity exceeded,3.372,2.2373,,,,18.0,66.0
1790783316.9596603,0,slipped off A,2.53,1.5879,,,,18.0,66.0
1790783317.0849807,0,missed B,0.634,0.9807,0.27999999999999403,0.9458031956974762,1.0411269086479256,18.0,66.0
1790783317.109548,0,grip capacity exceeded,0.604,2.0497,,,,18.0,66.0
1790783317.1341798,0,grip capacity exceeded,0.584,2.0429,,,,18.0,66.0
1790783317.1645937,0,grip capacity exceeded,0.74,2.0109,,,,18.0,66.0
1790783317.1886835,0,slipped off A,2.45,1.6355,,,,18.0,66.0
1790783317.209642,0,hit wall,1.028,1.8968,,,,18.0,66.0
1790783317.3215818,0,slipped off A,0.47,1.6235,,,,18.0,66.0
1790783317.3483014,0,grip capacity exceeded,0.908,2.1648,,,,18.0,66.0
1790783317.507368,0,hit wall,1.432,1.1689,,,,18.0,66.0
1790783317.5364633,0,grip capacity exceeded,2.742,2.0218,,,,18.0,66.0
1790783317.55925,0,hit wall,1.228,1.112,,,,18.0,66.0
1790783317.611367,0,grip capacity exceeded,0.302,2.3792,,,,18.0,66.0
1790783317.6161551,0,grip capacity exceeded,0.93,2.2616,,,,18.0,66.0
1790783317.6780522,0,slipped off A,3.67,1.7904,,,,18.0,66.0
1790783317.7221098,0,grip capacity exceeded,2.006,2.4456,,,,18.0,66.0
1790783317.8066883,0,grip capacity exceeded,0.25,2.0659,,,,18.0,66.0
1790783317.8568082,0,slipped off A,0.53,1.7462,,,,18.0,66.0
1790783317.9523573,0,grip capacity exceeded,0.244,2.3686,,,,18.0,66.0
1790783317.961784,0,slipped off A,1.27,1.2776,,,,18.0,66.0
1790783317.9772475,0,grip capacity exceeded,0.474,2.281,,,,18.0,66.0
1790783318.0724864,0,slipped off A,1.514,1.0957,,,,18.0,66.0
1790783318.09226,0,slipped off A,2.996,1.9726,,,,18.0,66.0
1790783318.1897285,0,grip capacity exceeded,0.636,2.2988,,,,18.0,66.0
1790783318.1986113,0,grip capacity exceeded,0.304,2.1804,,,,18.0,66.0
1790783318.2121103,0,missed B,2.766,1.1023,2.4599999999999476,0.06691430680858465,1.6470539460465472,18.0,66.0
1790783318.3298361,0,hit wall,2.166,1.8422,,,,18.0,66.0
1790783318.3455422,0,hit wall,0.488,1.3865,0.4599999999999902,0.955803195697476,2.046626771339592,18.0,66.0
1790783318.5854487,0,slipped off A,0.77,0.8238,,,,18.0,66.0
1790783318.6266387,0,hit wall,0.954,1.3011,,,,18.0,66.0
1790783318.7088268,0,hit wall,3.376,1.8965,3.339999999999929,0.1158031956974725,2.121067589654408,18.0,66.0
1790783319.9778678,0,grip capacity exceeded,2.39,2.3907,,,,18.0,66.0
1790783320.0099173,0,grip capacity exceeded,0.846,2.1927,,,,18.0,66.0
1790783320.0242774,0,grip capacity exceeded,2.88,2.0974,,,,18.0,66.0
1790783320.086522,0,grip capacity exceeded,0.924,2.1065,,,,18.0,66.0
1790783320.2287219,0,missed B,2.754,1.7328,2.4199999999999484,0.06469208458636248,1.2131856676532378,18.0,66.0
1790783320.287451,0,grip capacity exceeded,0.8,2.0149,,,,18.0,66.0
1790783320.3584363,0,hit wall,1.108,1.283,1.079999999999977,0.9902476401419196,2.0160916839541394,18.0,66.0
1790783320.3637822,0,slipped off A,3.844,1.5284,,,,18.0,66.0
1790783320.3990371,0,hit wall,3.228,1.0022,3.139999999999933,0.10469208458636163,2.0358725334374714,18.0,66.0
1790783320.52262,0,missed B,1.296,1.3604,0.8999999999999808,0.9802476401419198,1.0584656638909256,18.0,66.0
1790783320.7284918,0,slipped off A,2.11,1.0386,,,,18.0,66.0
1790783320.7443573,0,slipped off A,1.55,1.2455,,,,18.0,66.0
1790783320.8282857,0,grip capacity exceeded,1.288,2.294,,,,18.0,66.0
1790783320.8440917,0,grip capacity exceeded,1.474,2.1145,,,,18.0,66.0
1790783320.916357,0,grip capacity exceeded,1.2,2.0632,,,,18.0,66.0
1790783320.9348025,0,hit wall,0.244,0.7178,0.13999999999999702,0.9380254179196985,1.965531722505237,18.0,66.0
1790783321.0351908,0,hit wall,0.632,0.8889,0.5599999999999881,0.9613587512530314,2.0063365093860948,18.0,66.0
1790783321.0706975,0,grip capacity exceeded,1.04,2.0465,,,,18.0,66.0
1790783321.081478,0,grip capacity exceeded,2.238,2.2903,,,,18.0,66.0
1790783321.1944544,0,slipped off A,4.112,1.9,,,,18.0,66.0
1790783321.2160745,0,missed B,0.606,0.7542,0.23999999999999488,0.9435809734752539,1.6363795028468302,18.0,66.0
1790783321.241114,0,slipped off A,2.998,1.3943,,,,18.0,66.0
1790783321.356527,0,slipped off A,1.43,1.4693,,,,18.0,66.0
1790783321.4418952,0,missed B,1.192,0.9307,0.799999999999983,0.9746920845863644,1.3354472056840305,18.0,66.0
1790783321.4477742,0,grip capacity exceeded,1.254,2.0928,,,,18.0,66.0
1790783321.4757109,0,slipped off A,2.43,1.2234,,,,18.0,66.0
1790783321.4994905,0,slipped off A,0.198,1.5388,,,,18.0,66.0
1790783321.5494246,0,grip capacity exceeded,1.19,2.1074,,,,18.0,66.0
1790783321.6119273,0,slipped off A,0.87,1.1968,,,,18.0,66.0
1790783321.7830484,0,grip capacity exceeded,0.57,2.182,,,,18.0,66.0
1790783321.8048513,0,grip capacity exceeded,3.016,2.2743,,,,18.0,66.0
1790783321.8351133,0,hit wall,1.328,1.5195,,,,18.0,66.0
1790783321.9070354,0,hit wall,1.21,1.0629,,,,18.0,66.0
1790783321.9124649,0,grip capacity exceeded,0.254,2.1814,,,,18.0,66.0
1790783322.192477,0,grip capacity exceeded,2.218,2.0417,,,,18.0,66.0
1790783322.2462327,0,slipped off A,0.938,1.579,,,,18.0,66.0
1790783322.287393,0,grip capacity exceeded,3.326,2.5433,,,,18.0,66.0
1790783322.42423,0,missed B,1.46,0.8946,1.079999999999977,0.9902476401419196,1.3654374868893366,18.0,66.0
1790783322.58061,0,grip capacity exceeded,1.102,2.0407,,,,18.0,66.0
1790783322.6056154,0,slipped off A,2.35,1.5358,,,,18.0,66.0
1790783322.696712,0,grip capacity exceeded,3.776,2.1894,,,,18.0,66.0
1790783322.7339673,0,slipped off A,4.76,1.9872,,,,18.0,66.0
1790783322.851303,0,grip capacity exceeded,1.304,2.1389,,,,18.0,66.0
1790783323.0401068,0,grip capacity exceeded,1.068,2.5861,,,,18.0,66.0
1790783323.0507472,0,missed B,1.374,0.9334,0.93999999999998,0.982469862364142,1.3456405115909769,18.0,66.0
1790783323.0740092,0,slipped off A,2.49,1.119,,,,18.0,66.0
1790783323.1096215,0,hit wall,3.998,1.5968,,,,18.0,66.0
1790783324.7107854,0,missed B,2.594,1.9486,2.2199999999999527,0.053580973475251606,1.609930133776443,18.0,66.0
1790783324.7686665,0,grip capacity exceeded,0.198,2.6075,,,,18.0,66.0
1790783324.7876825,0,slipped off A,3.31,1.5174,,,,18.0,66.0
1790783324.9119751,0,grip capacity exceeded,2.02,2.7157,,,,18.0,66.0
1790783324.933383,0,hit wall,2.212,1.5988,,,,18.0,66.0
1790783324.9415412,0,hit wall,4.622,1.9179,4.599999999999902,0.185803195697471,2.2067948963917448,18.0,66.0
1790783325.1390207,0,grip capacity exceeded,0.576,2.6171,,,,18.0,66.0
1790783325.2051919,0,hit wall,1.21,1.5717,,,,18.0,66.0
1790783325.2408428,0,grip capacity exceeded,0.976,2.2844,,,,18.0,66.0
1790783325.2417989,0,missed B,3.168,1.4075,2.759999999999941,0.08358097347525097,1.587384416260279,18.0,66.0
1790783325.4539733,0,grip capacity exceeded,0.822,2.5976,,,,18.0,66.0
1790783325.6589246,0,grip capacity exceeded,1.496,2.0343,,,,18.0,66.0
1790783325.6797187,0,grip capacity exceeded,4.762,2.2239,,,,18.0,66.0
1790783325.72382,0,hit wall,2.034,1.8479,,,,18.0,66.0
1790783325.7385375,0,slipped off A,3.174,1.901,,,,18.0,66.0
1790783325.8068085,0,slipped off A,1.3,1.129,,,,18.0,66.0
1790783325.9034216,0,grip capacity exceeded,0.816,2.0839,,,,18.0,66.0
1790783325.9201958,0,slipped off A,6.246,1.5737,,,,18.0,66.0
1790783326.03218,0,grip capacity exceeded,2.782,3.0045,,,,18.0,66.0
1790783326.0583487,0,grip capacity exceeded,0.414,2.3659,,,,18.0,66.0
1790783326.1168451,0,slipped off A,3.954,1.5856,,,,18.0,66.0
1790783326.1419883,0,missed B,1.082,1.1978,0.6799999999999855,0.9680254179196979,0.9682654983271539,18.0,66.0
1790783326.153635,0,grip capacity exceeded,1.38,2.4388,,,,18.0,66.0
1790783326.2228985,0,grip capacity exceeded,0.616,2.7785,,,,18.0,66.0
1790783326.2740638,0,slipped off A,2.11,1.4306,,,,18.0,66.0
1790783326.3883944,0,grip capacity exceeded,1.57,2.2618,,,,18.0,66.0
1790783326.416346,0,grip capacity exceeded,0.982,2.8436,,,,18.0,66.0
1790783326.4937766,0,missed B,0.674,0.9615,0.25999999999999446,0.944692084586365,1.5974687733891766,18.0,66.0
1790783326.5326447,0,slipped off A,0.43,1.4717,,,,18.0,66.0
1790783326.538619,0,grip capacity exceeded,1.29,2.1615,,,,18.0,66.0
1790783326.6591856,0,slipped off A,3.01,1.7038,,,,18.0,66.0
1790783326.6960645,0,grip capacity exceeded,0.438,2.0746,,,,18.0,66.0
1790783326.730828,0,grip capacity exceeded,1.786,2.0607,,,,18.0,66.0
1790783326.8769174,0,grip capacity exceeded,1.176,2.0032,,,,18.0,66.0
1790783326.8833168,0,slipped off A,2.62,1.0289,,,,18.0,66.0
1790783326.996932,0,hit wall,2.446,1.3164,,,,18.0,66.0
1790783327.0073638,0,grip capacity exceeded,0.936,2.1279,,,,18.0,66.0
1790783327.1540937,0,slipped off A,0.446,1.4906,,,,18.0,66.0
1790783327.2350152,0,hit wall,2.544,1.0015,2.439999999999948,0.06580319569747356,1.938414181873001,18.0,66.0
1790783327.3681564,0,hit wall,2.196,0.9267,2.0999999999999552,0.04691430680858508,1.9577744333179534,18.0,66.0
1790783327.42734,0,slipped off A,1.744,1.2951,,,,18.0,66.0
1790783328.7081695,0,hit wall,3.4,1.4786,3.339999999999929,0.1158031956974725,2.097649564181998,18.0,66.0
1790783328.945176,0,grip capacity exceeded,2.662,2.2278,,,,18.0,66.0
1790783329.0913558,0,slipped off A,4.22,1.5884,,,,18.0,66.0
1790783329.1685607,0,slipped off A,1.39,1.8147,,,,18.0,66.0
1790783329.2541559,0,missed B,2.824,1.089,2.479999999999947,0.06802541791969574,1.4059260728978888,18.0,66.0
1790783329.3890927,0,grip capacity exceeded,3.478,2.1116,,,,18.0,66.0
1790783329.4045377,0,slipped off A,2.814,1.524,,,,18.0,66.0
1790783329.4468217,0,slipped off A,2.75,1.1591,,,,18.0,66.0
1790783329.4628544,0,slipped off A,4.57,1.9515,,,,18.0,66.0
1790783329.4734097,0,grip capacity exceeded,0.054,2.3038,,,,18.0,66.0
1790783329.5863104,0,slipped off A,0.376,0.8535,,,,18.0,66.0
1790783330.1804097,0,hit wall,2.542,1.2967,,,,18.0,66.0
1790783330.2130923,0,hit wall,3.962,1.4436,3.9199999999999164,0.14802541791969404,2.158794897192101,18.0,66.0
1790783330.2550683,0,grip capacity exceeded,2.62,2.0341,,,,18.0,66.0
1790783330.2927105,0,slipped off A,3.834,0.9938,,,,18.0,66.0
1790783330.5683484,0,slipped off A,3.782,1.3721,,,,18.0,66.0
1790783330.6655178,0,grip capacity exceeded,1.458,2.2294,,,,18.0,66.0
1790783330.7825763,0,hit wall,1.944,1.0357,,,,18.0,66.0
1790783330.8265154,0,slipped off A,5.312,1.657,,,,18.0,66.0
1790783330.916426,0,slipped off A,4.386,1.9099,,,,18.0,66.0
1790783330.9855993,0,grip capacity exceeded,1.374,2.1688,,,,18.0,66.0
1790783331.032039,0,hit wall,1.236,0.815,,,,18.0,66.0
1790783331.0467784,0,slipped off A,5.812,1.4512,,,,18.0,66.0
1790783331.1147828,0,grip capacity exceeded,2.818,2.0116,,,,18.0,66.0
1790783331.1434278,0,hit wall,0.486,1.1685,0.3999999999999915,0.9524698623641427,1.9588553719097548,18.0,66.0
1790783331.2175186,0,hit wall,0.934,1.1936,,,,18.0,66.0
1790783331.2639077,0,grip capacity exceeded,0.658,2.3645,,,,18.0,66.0
1790783331.4462807,0,hit wall,1.254,1.429,,,,18.0,66.0
1790783331.492733,0,grip capacity exceeded,3.808,2.541,,,,18.0,66.0
1790783331.6985033,0,grip capacity exceeded,2.92,2.3332,,,,18.0,66.0
1790783331.8223057,0,grip capacity exceeded,3.148,2.0304,,,,18.0,66.0
1790783333.2134213,0,slipped off A,1.83,1.8904,,,,18.0,66.0
1790783333.2917354,0,grip capacity exceeded,3.21,2.1353,,,,18.0,66.0
1790783333.4028194,0,grip capacity exceeded,0.546,2.0606,,,,18.0,66.0
1790783333.510511,0,slipped off A,3.39,1.1225,,,,18.0,66.0
1790783333.5878491,0,grip capacity exceeded,3.052,2.9825,,,,18.0,66.0
1790783333.863574,0,slipped off A,4.604,1.4181,,,,18.0,66.0
1790783333.88764,0,missed B,1.14,1.0218,0.7199999999999847,0.97024764014192,1.3565169340183196,18.0,66.0
1790783333.9185786,0,grip capacity exceeded,0.094,2.2951,,,,18.0,66.0
1790783333.939494,0,slipped off A,5.058,1.6324,,,,18.0,66.0
1790783333.959775,0,slipped off A,0.272,1.2686,,,,18.0,66.0
1790783334.0109403,0,grip capacity exceeded,0.202,2.4476,,,,18.0,66.0
1790783334.2778451,0,grip capacity exceeded,4.476,2.1033,,,,18.0,66.0
1790783334.4969923,0,hit wall,4.82,1.3756,4.799999999999898,0.19691430680858188,2.221472738848848,18.0,66.0
1790783334.8094752,0,slipped off A,4.77,1.2507,,,,18.0,66.0
1790783334.8706195,0,hit wall,1.94,0.9825,1.8599999999999604,0.03358097347525203,1.990586665473116,18.0,66.0
1790783334.9611168,0,hit wall,4.966,1.9745,4.939999999999895,0.20469208458635949,2.23175282188231,18.0,66.0
1790783335.211084,0,hit wall,5.188,1.4485,5.019999999999893,0.20913652903080385,2.0054424108604887,18.0,66.0
1790783335.2964642,0,missed B,4.298,1.0244,3.8799999999999173,0.14580319569747185,1.4187127766808048,18.0,66.0
1790783335.3993595,0,slipped off A,4.41,1.7519,,,,18.0,66.0
1790783335.500568,0,hit wall,0.598,1.0797,0.5199999999999889,0.9591365290308091,1.9989432747180433,18.0,66.0
1790783335.5964692,0,slipped off A,5.324,1.8537,,,,18.0,66.0
1790783335.6591256,0,slipped off A,0.216,1.864,,,,18.0,66.0
1790783335.9249947,0,grip capacity exceeded,4.46,2.4714,,,,18.0,66.0
1790783336.0322275,0,slipped off A,3.638,1.4667,,,,18.0,66.0
1790783336.2141519,0,grip capacity exceeded,2.712,2.2622,,,,18.0,66.0
1790783337.3256366,0,grip capacity exceeded,3.4,2.1351,,,,18.0,66.0
1790783337.527593,0,missed B,1.664,1.3442,1.1799999999999748,0.9958031956974751,1.1143003650116314,18.0,66.0
1790783337.5813153,0,grip capacity exceeded,2.698,2.2866,,,,18.0,66.0
1790783337.6237435,0,slipped off A,5.45,1.3903,,,,18.0,66.0
1790783337.9747682,0,slipped off A,6.06,1.2406,,,,18.0,66.0
1790783338.092312,0,slipped off A,1.786,0.9261,,,,18.0,66.0
1790783338.0970159,0,grip capacity exceeded,2.306,2.005,,,,18.0,66.0
1790783338.2519228,0,grip capacity exceeded,2.124,2.1528,,,,18.0,66.0
1790783338.4637253,0,hit wall,1.188,1.0948,1.1599999999999753,0.9946920845863639,2.0023672288892946,18.0,66.0
1790783338.62492,0,hit wall,4.79,1.4542,4.7599999999998985,0.1946920845863597,2.2182627985500143,18.0,66.0
1790783338.7053144,0,grip capacity exceeded,4.434,2.0371,,,,18.0,66.0
1790783338.7116003,0,missed B,6.856,1.2391,6.459999999999862,0.2891365290308021,1.9639078931619574,18.0,66.0
1790783338.7664168,0,slipped off A,3.68,1.3885,,,,18.0,66.0
1790783338.88051,0,hit wall,0.878,1.6754,0.8399999999999821,0.9769143068085866,2.0273912394466884,18.0,66.0
1790783338.9524684,0,hit wall,0.794,0.8424,0.6599999999999859,0.9669143068085868,1.817953325127396,18.0,66.0
1790783339.0358818,0,grip capacity exceeded,0.9,2.0894,,,,18.0,66.0
1790783339.198857,0,grip capacity exceeded,2.4,2.0871,,,,18.0,66.0
1790783339.4230824,0,grip capacity exceeded,1.234,3.0277,,,,18.0,66.0
1790783339.5439842,0,hit wall,0.33,0.8753,0.23999999999999488,0.9435809734752539,1.9702262695428507,18.0,66.0
1790783339.5493693,0,grip capacity exceeded,5.05,2.1519,,,,18.0,66.0
1790783339.7468777,0,slipped off A,0.57,0.9339,,,,18.0,66.0
1790783339.8051622,0,missed B,2.636,1.5163,2.199999999999953,0.052469862364140515,1.6262939666420766,18.0,66.0
1790783339.855744,0,slipped off A,3.61,1.2614,,,,18.0,66.0
1790783340.047806,0,grip capacity exceeded,5.656,2.3502,,,,18.0,66.0
1790783340.0732474,0,missed B,0.802,0.9939,0.3799999999999919,0.9513587512530316,1.5327193603923792,18.0,66.0
1790783340.31049,0,slipped off A,0.834,0.9023,,,,18.0,66.0
1790783340.33566,0,slipped off A,7.158,1.5923,,,,18.0,66.0
1790783340.3760536,0,grip capacity exceeded,4.744,2.2389,,,,18.0,66.0
1790783340.4642246,0,slipped off A,1.448,1.0116,,,,18.0,66.0
1790783341.656746,0,missed B,3.368,1.0623,2.959999999999937,0.09469208458636184,1.309261006988129,18.0,66.0
1790783341.8639007,0,hit wall,5.1,1.0709,5.059999999999892,0.21135875125302603,2.240537624760452,18.0,66.0
1790783342.007089,0,hit wall,3.53,0.9243,3.4399999999999267,0.12135875125302793,2.1000463636182483,18.0,66.0
1790783342.3404877,0,missed B,4.89,1.04,4.519999999999904,0.18135875125302667,1.5150817459366406,18.0,66.0
1790783342.3894494,0,hit wall,1.182,0.9628,,,,18.0,66.0
1790783342.8763213,0,grip capacity exceeded,4.19,2.0588,,,,18.0,66.0
1790783342.8988786,0,missed B,4.56,1.0063,4.1999999999999105,0.16358097347524925,1.4415352250784885,18.0,66.0
1790783342.9681468,0,hit wall,5.016,1.2738,4.959999999999894,0.20580319569747058,2.228182316302144,18.0,66.0
1790783343.0281038,0,grip capacity exceeded,4.25,2.0944,,,,18.0,66.0
1790783343.1259546,0,missed B,5.37,1.4966,5.019999999999893,0.20913652903080385,2.0303310939418786,18.0,66.0
1790783343.3802366,0,hit wall,1.094,1.165,,,,18.0,66.0
1790783343.6020808,0,hit wall,5.384,1.6013,,,,18.0,66.0
1790783343.8276663,0,slipped off A,4.416,1.311,,,,18.0,66.0
1790783343.8903978,0,slipped off A,3.09,1.6481,,,,18.0,66.0
1790783344.055221,0,missed B,0.478,0.9864,0.09999999999999787,0.9358031956974764,1.2163575529800643,18.0,66.0
1790783344.1175876,0,hit wall,3.08,0.9892,,,,18.0,66.0
1790783344.185775,0,slipped off A,5.672,1.6159,,,,18.0,66.0
1790783344.369477,0,grip capacity exceeded,4.558,2.235,,,,18.0,66.0
1790783344.4373145,0,grip capacity exceeded,4.542,2.0342,,,,18.0,66.0
1790783344.438852,0,hit wall,1.038,1.8124,0.9599999999999795,0.9835809734752531,1.9504569192299466,18.0,66.0
1790783344.4446883,0,hit wall,1.27,0.9726,,,,18.0,66.0
1790783346.0573719,0,grip capacity exceeded,3.814,2.0068,,,,18.0,66.0
1790783346.1330814,0,grip capacity exceeded,2.092,2.2675,,,,18.0,66.0
1790783346.194084,0,slipped off A,0.17,1.0796,,,,18.0,66.0
1790783346.34595,0,slipped off A,0.9,1.1065,,,,18.0,66.0
1790783346.5635087,0,hit wall,3.494,1.3992,3.4599999999999262,0.12246986236413902,2.128714351306517,18.0,66.0
1790783346.5753987,0,slipped off A,3.75,1.3976,,,,18.0,66.0
1790783346.6301968,0,grip capacity exceeded,6.974,2.2907,,,,18.0,66.0
1790783346.8214133,0,hit wall,0.62,0.8083,0.5199999999999889,0.9591365290308091,1.922770942638363,18.0,66.0
1790783347.0960336,0,slipped off A,5.15,1.6827,,,,18.0,66.0
1790783347.4574587,0,hit wall,3.462,1.125,3.379999999999928,0.11802541791969468,2.0714971125399675,18.0,66.0
1790783347.5544312,0,slipped off A,3.112,1.3575,,,,18.0,66.0
1790783347.7712388,0,grip capacity exceeded,4.986,2.0171,,,,18.0,66.0
1790783347.8811002,0,slipped off A,1.39,1.387,,,,18.0,66.0
1790783348.0202441,0,slipped off A,4.59,1.2643,,,,18.0,66.0
1790783348.4190547,0,slipped off A,10.33,1.6476,,,,18.0,66.0
1790783348.6719148,0,grip capacity exceeded,6.07,2.1653,,,,18.0,66.0
1790783348.6812997,0,hit wall,2.738,1.8731,2.6999999999999424,0.08024764014191771,2.082411546011512,18.0,66.0
1790783348.7407706,0,missed B,2.446,0.9425,2.0399999999999565,0.04358097347525182,1.5085926333000832,18.0,66.0
1790783348.745759,0,grip capacity exceeded,3.992,2.2214,,,,18.0,66.0
1790783348.8955343,0,grip capacity exceeded,1.578,2.4503,,,,18.0,66.0
1790783348.925089,0,slipped off A,13.756,1.7308,,,,18.0,66.0
1790783350.2343519,0,grip capacity exceeded,4.6,2.4496,,,,18.0,66.0
1790783350.4344902,0,hit wall,2.18,0.9772,2.0999999999999552,0.04691430680858508,1.9821282522004349,18.0,66.0
1790783351.097823,0,missed B,3.984,1.165,3.659999999999922,0.1335809734752499,1.300390581438418,18.0,66.0
1790783351.2983675,0,slipped off A,4.67,1.9139,,,,18.0,66.0
1790783351.321322,0,slipped off A,10.186,1.4589,,,,18.0,66.0
1790783351.4292283,0,hit wall,5.278,1.6151,,,,18.0,66.0
1790783351.5012853,0,slipped off A,4.87,1.525,,,,18.0,66.0
1790783351.8746443,0,hit wall,6.092,1.2904,,,,18.0,66.0
1790783351.8896286,0,slipped off A,5.44,1.6276,,,,18.0,66.0
1790783352.311054,0,hit wall,3.102,1.1441,3.0199999999999356,0.0980254179196951,2.037991707150162,18.0,66.0
1790783352.5558815,0,hit wall,0.934,1.7598,,,,18.0,66.0
1790783352.5769835,0,grip capacity exceeded,7.258,2.1689,,,,18.0,66.0
1790783352.6152883,0,grip capacity exceeded,4.698,2.2755,,,,18.0,66.0
1790783352.6373382,0,grip capacity exceeded,5.424,2.3587,,,,18.0,66.0
1790783352.703779,0,grip capacity exceeded,4.326,2.0337,,,,18.0,66.0
1790783353.0486927,0,slipped off A,6.078,1.4587,,,,18.0,66.0
1790783354.3216739,0,grip capacity exceeded,1.98,2.0394,,,,18.0,66.0
1790783354.554004,0,missed B,5.34,1.2585,5.039999999999893,0.21024764014191494,1.829999198167657,18.0,66.0
1790783355.0598922,0,slipped off A,4.56,1.3927,,,,18.0,66.0
1790783355.104206,0,grip capacity exceeded,7.166,2.1206,,,,18.0,66.0
1790783355.3965647,0,slipped off A,5.446,1.4721,,,,18.0,66.0
1790783355.5356834,0,hit wall,3.83,1.4083,3.7199999999999207,0.13691430680858316,2.021701504686526,18.0,66.0
1790783355.9175231,0,hit wall,5.678,1.6558,5.579999999999881,0.2402476401419143,2.2529662902966185,18.0,66.0
1790783355.9272673,0,slipped off A,6.826,1.0751,,,,18.0,66.0
1790783356.1382933,0,grip capacity exceeded,8.008,2.1975,,,,18.0,66.0
1790783356.1478443,0,missed B,5.198,1.028,4.859999999999896,0.20024764014191515,1.824139277482346,18.0,66.0
1790783356.2414825,0,hit wall,2.744,1.2623,2.679999999999943,0.07913652903080662,2.0493713673285763,18.0,66.0
1790783356.7200468,0,grip capacity exceeded,5.432,2.4309,,,,18.0,66.0
1790783356.9728432,0,grip capacity exceeded,4.688,2.1542,,,,18.0,66.0
1790783357.089193,0,grip capacity exceeded,6.488,2.1002,,,,18.0,66.0
1790783358.4496274,0,missed B,2.482,0.9149,2.0999999999999552,0.04691430680858508,1.43597035589781,18.0,66.0
1790783358.564755,0,hit wall,4.76,1.2702,4.659999999999901,0.18913652903080427,2.1038420043674115,18.0,66.0
1790783358.5714374,0,hit wall,4.422,1.972,4.359999999999907,0.17246986236413797,2.165927875365497,18.0,66.0
1790783358.6637666,0,grip capacity exceeded,4.998,2.3306,,,,18.0,66.0
1790783358.753158,0,grip capacity exceeded,6.0,2.0721,,,,18.0,66.0
1790783359.2457097,0,slipped off A,7.516,1.5092,,,,18.0,66.0
1790783359.8448336,0,grip capacity exceeded,3.956,2.0178,,,,18.0,66.0
1790783359.8600218,0,grip capacity exceeded,5.684,2.1449,,,,18.0,66.0
1790783359.9915085,0,grip capacity exceeded,4.52,2.0381,,,,18.0,66.0
1790783360.1476972,0,grip capacity exceeded,7.1,2.1135,,,,18.0,66.0
1790783360.2217355,0,grip capacity exceeded,5.672,2.1125,,,,18.0,66.0
1790783360.2581902,0,slipped off A,5.192,1.4555,,,,18.0,66.0
1790783360.3672993,0,slipped off A,0.772,0.7869,,,,18.0,66.0
1790783360.5810688,0,slipped off A,4.53,1.4337,,,,18.0,66.0
1790783360.7706187,0,slipped off A,6.614,1.4992,,,,18.0,66.0
1790783360.7785761,0,hit wall,0.596,0.912,0.47999999999998977,0.956914306808587,1.9092008487811618,18.0,66.0
1790783361.3390372,0,grip capacity exceeded,4.35,2.0211,,,,18.0,66.0
1790783361.3495715,0,slipped off A,4.868,1.9618,,,,18.0,66.0
1790783362.8766358,0,hit wall,2.792,1.1989,2.759999999999941,0.08358097347525097,2.0859384028557812,18.0,66.0
1790783362.9051726,0,slipped off A,1.136,1.2051,,,,18.0,66.0
1790783363.07562,0,slipped off A,6.566,1.667,,,,18.0,66.0
1790783363.1512349,0,grip capacity exceeded,5.34,2.0944,,,,18.0,66.0
1790783363.3672314,0,grip capacity exceeded,5.59,2.1654,,,,18.0,66.0
1790783363.630191,0,grip capacity exceeded,5.11,2.0948,,,,18.0,66.0
1790783363.6837857,0,grip capacity exceeded,2.48,2.3545,,,,18.0,66.0
1790783363.706864,0,grip capacity exceeded,3.646,2.0765,,,,18.0,66.0
1790783363.719004,0,grip capacity exceeded,7.248,2.0661,,,,18.0,66.0
1790783363.8666782,0,slipped off A,3.05,1.5081,,,,18.0,66.0
1790783364.435428,0,grip capacity exceeded,4.612,2.4054,,,,18.0,66.0
1790783364.5679874,0,grip capacity exceeded,4.83,2.0002,,,,18.0,66.0
1790783364.9796708,0,grip capacity exceeded,4.322,2.0235,,,,18.0,66.0
1790783365.0714455,0,slipped off A,4.7,1.643,,,,18.0,66.0
1790783365.0866294,0,missed B,4.598,0.9671,4.23999999999991,0.16580319569747143,1.4179592824565201,18.0,66.0
1790783365.2534852,0,grip capacity exceeded,4.558,2.3911,,,,18.0,66.0
1790783365.3697836,0,missed B,0.822,0.819,0.3799999999999919,0.9513587512530316,1.1643499570451823,18.0,66.0
1790783365.64332,0,slipped off A,3.808,1.6957,,,,18.0,66.0
1790783365.6582582,0,grip capacity exceeded,2.142,2.0094,,,,18.0,66.0
1790783365.9036,0,grip capacity exceeded,7.62,2.0429,,,,18.0,66.0
1790783367.0992873,0,hit wall,1.152,1.1766,1.079999999999977,0.9902476401419196,1.9598918410474353,18.0,66.0
1790783367.3067305,0,grip capacity exceeded,5.19,2.1462,,,,18.0,66.0
1790783367.5617387,0,grip capacity exceeded,1.452,2.2529,,,,18.0,66.0
1790783367.645584,0,slipped off A,4.728,1.4152,,,,18.0,66.0
1790783367.669839,0,slipped off A,10.506,1.9737,,,,18.0,66.0
1790783368.1033893,0,hit wall,5.486,1.419,5.4199999999998845,0.2313587512530256,2.2324564324487945,18.0,66.0
1790783368.3457031,0,hit wall,2.716,0.9036,2.6399999999999437,0.07691430680858444,2.016345058774996,18.0,66.0
1790783368.4709926,0,slipped off A,7.082,1.1498,,,,18.0,66.0
1790783368.6952157,0,hit wall,3.538,1.2259,,,,18.0,66.0
1790783368.7787938,0,grip capacity exceeded,6.61,2.1699,,,,18.0,66.0
1790783368.9944887,0,slipped off A,5.47,1.657,,,,18.0,66.0
1790783369.1000357,0,grip capacity exceeded,0.288,2.054,,,,18.0,66.0
1790783369.3590376,0,slipped off A,7.45,1.6592,,,,18.0,66.0
1790783369.3902996,0,slipped off A,2.656,1.6496,,,,18.0,66.0
1790783369.8901093,0,grip capacity exceeded,7.2,2.5592,,,,18.0,66.0
1790783371.552555,0,slipped off A,5.136,1.3869,,,,18.0,66.0
1790783371.8470495,0,missed B,0.942,0.8398,0.47999999999998977,0.956914306808587,1.174256209743965,18.0,66.0
1790783371.928342,0,missed B,7.694,1.6896,7.51999999999984,0.3480254179196898,2.1186676016822403,18.0,66.0
1790783372.0281413,0,slipped off A,8.89,1.5124,,,,18.0,66.0
1790783372.1134026,0,missed B,5.364,1.0946,5.079999999999892,0.21246986236413712,1.9531257994972961,18.0,66.0
1790783372.3307097,0,slipped off A,8.06,1.5873,,,,18.0,66.0
1790783372.4429216,0,missed B,0.374,0.5231,0.03999999999999915,0.9324698623641431,1.232557323530407,18.0,66.0
1790783372.997937,0,grip capacity exceeded,9.078,2.6879,,,,18.0,66.0
1790783373.3020468,0,hit wall,3.894,0.9133,3.839999999999918,0.14358097347524967,2.1522741438097994,18.0,66.0
1790783373.5144348,0,slipped off A,9.83,1.7604,,,,18.0,66.0
1790783373.692708,0,grip capacity exceeded,5.828,2.219,,,,18.0,66.0
1790783373.7571142,0,grip capacity exceeded,5.66,2.1256,,,,18.0,66.0
1790783373.787925,0,hit wall,0.268,1.3438,0.2199999999999953,0.9424698623641429,2.0572610435735825,18.0,66.0
1790783373.8610005,0,missed B,1.742,1.1078,1.359999999999971,0.005803195697474845,1.4165630624121859,18.0,66.0
1790783373.9097543,0,slipped off A,4.67,1.3561,,,,18.0,66.0
1790783374.1556737,0,hit wall,10.256,1.8785,,,,18.0,66.0
1790783374.2591693,0,slipped off A,1.394,1.6143,,,,18.0,66.0
1790783376.044717,0,slipped off A,10.17,1.2967,,,,18.0,66.0
1790783376.1184416,0,slipped off A,4.124,1.5119,,,,18.0,66.0
1790783376.6951501,0,slipped off A,8.39,1.8407,,,,18.0,66.0
1790783376.7122393,0,missed B,4.722,1.0634,4.359999999999907,0.17246986236413797,1.9090369995991163,18.0,66.0
1790783376.8628066,0,grip capacity exceeded,6.15,2.7345,,,,18.0,66.0
1790783377.354407,0,grip capacity exceeded,8.074,2.0097,,,,18.0,66.0
1790783377.4155006,0,grip capacity exceeded,2.354,2.0156,,,,18.0,66.0
1790783377.424705,0,hit wall,9.212,1.2665,,,,18.0,66.0
1790783377.4620168,0,slipped off A,2.46,1.1706,,,,18.0,66.0
1790783377.6802602,0,missed B,0.814,0.7663,0.3999999999999915,0.9524698623641427,1.1610398607516483,18.0,66.0
1790783377.9510632,0,missed B,5.932,1.1902,5.659999999999879,0.24469208458635863,2.0936239654437876,18.0,66.0
1790783377.9826734,0,grip capacity exceeded,6.318,2.0842,,,,18.0,66.0
1790783378.0591366,0,missed B,1.846,1.0272,1.4199999999999697,0.009136529030808107,1.5724667322367767,18.0,66.0
1790783378.5823464,0,missed B,2.034,0.9488,1.6599999999999646,0.022469862364141155,1.1524641571869771,18.0,66.0
1790783378.706599,0,grip capacity exceeded,10.812,2.339,,,,18.0,66.0
1790783379.838217,0,grip capacity exceeded,4.392,2.6266,,,,18.0,66.0
1790783380.2152014,0,grip capacity exceeded,4.76,2.244,,,,18.0,66.0
1790783380.5267742,0,grip capacity exceeded,4.582,2.4128,,,,18.0,66.0
1790783380.942447,0,slipped off A,2.23,1.9348,,,,18.0,66.0
1790783380.9644241,0,grip capacity exceeded,8.154,2.0142,,,,18.0,66.0
1790783381.4325573,0,hit wall,1.542,1.6906,1.5199999999999676,0.014692084586363544,2.0205887560892393,18.0,66.0
1790783381.520339,0,grip capacity exceeded,11.494,2.0519,,,,18.0,66.0
1790783381.736816,0,grip capacity exceeded,3.818,2.3972,,,,18.0,66.0
1790783381.8386304,0,slipped off A,8.97,1.8276,,,,18.0,66.0
1790783381.9564018,0,missed B,0.644,1.1214,0.2999999999999936,0.9469143068085872,1.4445708995938977,18.0,66.0
1790783381.976682,0,grip capacity exceeded,7.384,2.0128,,,,18.0,66.0
1790783382.4332812,0,slipped off A,3.062,1.7134,,,,18.0,66.0
1790783382.4389536,0,hit wall,8.118,1.3595,8.099999999999827,0.3802476401419113,2.499522224021783,18.0,66.0
1790783382.6069515,0,hit wall,0.526,1.0214,0.49999999999998934,0.9580254179196981,2.0445673251309207,18.0,66.0
1790783382.6852374,0,slipped off A,5.352,1.5469,,,,18.0,66.0
1790783382.8899856,0,grip capacity exceeded,0.672,2.1923,,,,18.0,66.0
1790783384.4759777,0,slipped off A,2.544,1.3003,,,,18.0,66.0
1790783384.7484932,0,grip capacity exceeded,5.428,2.309,,,,18.0,66.0
1790783385.0543547,0,grip capacity exceeded,3.64,2.3019,,,,18.0,66.0
1790783385.176821,0,grip capacity exceeded,6.938,2.3522,,,,18.0,66.0
1790783385.2156222,0,grip capacity exceeded,0.138,2.2956,,,,18.0,66.0
1790783385.6764116,0,grip capacity exceeded,8.972,2.223,,,,18.0,66.0
1790783386.0110404,0,hit wall,2.636,1.5323,2.5999999999999446,0.07469208458636227,2.076626933330727,18.0,66.0
1790783386.415795,0,no release,18.0,1.8065,,,,18.0,66.0
1790783386.5288916,0,slipped off A,1.62,1.5968,,,,18.0,66.0
1790783388.3851216,0,grip capacity exceeded,2.384,2.0828,,,,18.0,66.0
1790783388.8073149,0,grip capacity exceeded,10.72,2.1831,,,,18.0,66.0
1790783389.1055984,0,slipped off A,14.79,1.63,,,,18.0,66.0
1790783389.227358,0,no release,18.0,1.8462,,,,18.0,66.0
1790783389.2581437,0,slipped off A,11.29,1.5645,,,,18.0,66.0
1790783389.663179,0,slipped off A,7.03,1.6895,,,,18.0,66.0
1790783390.103998,0,grip capacity exceeded,12.976,2.0104,,,,18.0,66.0
1790783390.3299782,0,hit wall,2.022,1.3974,1.9999999999999574,0.041358751253029645,2.0442093112470716,18.0,66.0
1790783390.3900063,0,grip capacity exceeded,11.634,2.1825,,,,18.0,66.0
1790783392.8028264,0,missed B,7.86,1.5805,7.579999999999838,0.351358751253023,2.2009155366709243,18.0,66.0
1790783392.8832564,0,grip capacity exceeded,5.292,2.0848,,,,18.0,66.0
1790783392.8958037,0,missed B,4.528,1.1614,4.179999999999911,0.16246986236413818,1.706074368730491,18.0,66.0
1790783392.9292703,0,grip capacity exceeded,8.22,2.0366,,,,18.0,66.0
1790783392.9530706,0,grip capacity exceeded,11.256,2.1507,,,,18.0,66.0
1790783393.2395384,0,hit wall,9.854,1.8645,,,,18.0,66.0
1790783393.2661843,0,grip capacity exceeded,10.958,2.1255,,,,18.0,66.0
1790783393.593215,0,hit wall,2.432,1.0883,2.33999999999995,0.06024764014191813,1.9751953582134876,18.0,66.0
1790783393.9426503,0,grip capacity exceeded,8.258,2.0368,,,,18.0,66.0
1790783394.0021641,0,grip capacity exceeded,4.054,2.4776,,,,18.0,66.0
1790783394.3186293,0,hit wall,3.354,0.8667,3.199999999999932,0.10802541791969489,1.7523173158808267,18.0,66.0
1790783394.3657715,0,hit wall,1.132,1.8729,,,,18.0,66.0
1790783394.7536283,0,grip capacity exceeded,6.052,2.5315,,,,18.0,66.0
1790783395.244041,0,hit wall,7.544,1.3099,7.4799999999998406,0.3458031956974676,2.427368235598949,18.0,66.0
1790783395.3446102,0,grip capacity exceeded,5.68,2.404,,,,18.0,66.0
1790783395.5042653,0,grip capacity exceeded,3.83,2.0735,,,,18.0,66.0
1790783396.9262345,0,slipped off A,1.15,1.7808,,,,18.0,66.0
1790783396.9555318,0,hit wall,8.718,1.0088,8.659999999999815,0.41135875125302174,2.5358198778807255,18.0,66.0
1790783397.8399,0,hit wall,3.17,1.0501,,,,18.0,66.0
1790783398.4206862,0,grip capacity exceeded,11.182,2.1143,,,,18.0,66.0
1790783398.5275786,0,grip capacity exceeded,10.338,2.257,,,,18.0,66.0
1790783398.8277826,0,hit wall,6.0,1.1798,,,,18.0,66.0
1790783398.9939275,0,grip capacity exceeded,3.46,2.0882,,,,18.0,66.0
1790783399.0554101,0,slipped off A,8.59,1.4477,,,,18.0,66.0
1790783399.479718,0,no release,18.0,1.6705,,,,18.0,66.0
1790783399.7332659,0,slipped off A,2.44,1.3304,,,,18.0,66.0
1790783401.614472,0,grip capacity exceeded,5.686,2.096,,,,18.0,66.0
1790783401.9527276,0,slipped off A,16.716,1.7236,,,,18.0,66.0
1790783402.0117116,0,missed B,6.174,1.2215,5.919999999999874,0.25913652903080275,1.822082446565862,18.0,66.0
1790783402.060746,0,grip capacity exceeded,0.292,2.5171,,,,18.0,66.0
1790783402.3968756,0,hit wall,9.41,1.8097,9.3799999999998,0.4513587512530209,2.6223447808806277,18.0,66.0
1790783402.9025073,0,no release,18.0,1.4968,,,,18.0,66.0
1790783403.2036161,0,missed B,3.806,0.9815,3.4599999999999262,0.12246986236413902,1.6194104632906503,18.0,66.0
1790783403.3849185,0,missed B,4.192,1.321,3.839999999999918,0.14358097347524967,1.3308430110699156,18.0,66.0
1790783403.6433523,0,missed B,2.286,0.9627,1.8999999999999595,0.035803195697474206,1.1124653453918145,18.0,66.0
1790783405.2299073,0,hit wall,15.758,1.6006,15.679999999999744,0.8013587512530178,2.1668374165737685,18.0,66.0
1790783405.8010914,0,grip capacity exceeded,4.732,2.2245,,,,18.0,66.0
1790783406.0165913,0,grip capacity exceeded,2.712,2.0225,,,,18.0,66.0
1790783406.1840866,0,grip capacity exceeded,0.502,2.2604,,,,18.0,66.0
1790783406.2150016,0,grip capacity exceeded,9.972,2.5212,,,,18.0,66.0
1790783406.5935357,0,slipped off A,13.654,1.5523,,,,18.0,66.0
1790783406.8436098,0,no release,18.0,1.2616,,,,18.0,66.0
1790783406.9936252,0,slipped off A,3.814,1.2288,,,,18.0,66.0
1790783407.0956695,0,no release,18.0,1.6241,,,,18.0,66.0
1790783407.8336844,0,slipped off A,3.826,1.567,,,,18.0,66.0
1790783408.072723,0,grip capacity exceeded,5.774,2.077,,,,18.0,66.0
1790783408.0928671,0,grip capacity exceeded,3.346,2.1061,,,,18.0,66.0
1790783409.6030772,0,grip capacity exceeded,14.2,2.4132,,,,18.0,66.0
1790783409.8451924,0,slipped off A,2.27,1.5187,,,,18.0,66.0
1790783409.9713435,0,grip capacity exceeded,8.562,2.1493,,,,18.0,66.0
1790783410.461022,0,slipped off A,1.798,1.6674,,,,18.0,66.0
1790783410.5491633,0,no release,18.0,1.6756,,,,18.0,66.0
1790783410.8577695,0,slipped off A,3.512,1.3275,,,,18.0,66.0
1790783411.7044826,0,slipped off A,3.582,1.1124,,,,18.0,66.0
1790783412.077008,0,missed B,3.694,1.0386,3.3199999999999292,0.11469208458636142,1.5955327382663558,18.0,66.0
1790783412.2262456,0,grip capacity exceeded,10.728,2.5608,,,,18.0,66.0
1790783413.5035226,0,grip capacity exceeded,14.232,2.0637,,,,18.0,66.0
1790783413.9626806,0,slipped off A,15.05,1.5481,,,,18.0,66.0
1790783414.0013084,0,grip capacity exceeded,12.164,2.0368,,,,18.0,66.0
1790783414.0986724,0,hit wall,0.334,0.862,0.2999999999999936,0.9469143068085872,2.0549567508910105,18.0,66.0
1790783414.354539,0,grip capacity exceeded,11.982,2.5475,,,,18.0,66.0
1790783414.7545538,0,slipped off A,4.46,1.876,,,,18.0,66.0
1790783414.7559342,0,grip capacity exceeded,10.398,2.2487,,,,18.0,66.0
1790783414.9228861,0,grip capacity exceeded,3.32,2.4695,,,,18.0,66.0
1790783415.726451,0,grip capacity exceeded,2.976,2.0872,,,,18.0,66.0
1790783417.6822464,0,slipped off A,5.932,1.2526,,,,18.0,66.0
1790783417.6872382,0,slipped off A,2.978,1.8218,,,,18.0,66.0
1790783417.7726731,0,slipped off A,0.334,0.9504,,,,18.0,66.0
1790783417.9810588,0,hit wall,8.408,1.1328,,,,18.0,66.0
1790783418.7429967,0,slipped off A,3.252,1.5607,,,,18.0,66.0
1790783418.9039145,0,slipped off A,2.97,1.2816,,,,18.0,66.0
1790783419.1245046,0,missed B,17.142,1.2563,16.79999999999992,0.8635809734752498,1.4161096146678114,18.0,66.0
1790783419.5912986,0,slipped off A,2.122,1.2819,,,,18.0,66.0
1790783419.7391572,0,no release,18.0,1.6066,,,,18.0,66.0
1790783419.9018755,0,no release,18.0,1.5146,,,,18.0,66.0
1790783419.9880571,0,slipped off A,7.372,1.9256,,,,18.0,66.0
1790783420.0698729,0,grip capacity exceeded,0.968,2.2044,,,,18.0,66.0
1790783420.3798485,0,slipped off A,16.914,1.948,,,,18.0,66.0
1790783420.59898,0,hit wall,3.152,1.7646,,,,18.0,66.0
1790783421.9257996,0,missed B,6.39,0.9955,6.1199999999998695,0.27024764014191366,1.8075486926860254,18.0,66.0
1790783422.087997,0,grip capacity exceeded,16.054,2.0952,,,,18.0,66.0
1790783422.1105125,0,grip capacity exceeded,3.548,2.2097,,,,18.0,66.0
1790783422.1656919,0,hit wall,3.508,1.7766,3.479999999999926,0.12358097347525011,2.130044676935273,18.0,66.0
1790783422.2536228,0,grip capacity exceeded,6.452,2.0253,,,,18.0,66.0
1790783422.2724628,0,grip capacity exceeded,1.214,2.5947,,,,18.0,66.0
1790783422.608415,0,slipped off A,3.67,1.858,,,,18.0,66.0
1790783423.1636279,0,hit wall,6.438,1.7187,6.399999999999864,0.28580319569746887,2.3478802775592227,18.0,66.0
1790783423.3324409,0,grip capacity exceeded,0.514,2.0465,,,,18.0,66.0
1790783423.5369487,0,slipped off A,4.528,1.9427,,,,18.0,66.0
1790783423.5580168,0,hit wall,5.838,1.9935,5.799999999999876,0.25246986236413627,2.2984661734885106,18.0,66.0
1790783424.1349103,0,slipped off A,5.87,1.8105,,,,18.0,66.0
1790783424.503431,0,grip capacity exceeded,3.124,2.0179,,,,18.0,66.0
1790783424.5444863,0,grip capacity exceeded,1.38,2.1432,,,,18.0,66.0
1790783425.03454,0,slipped off A,1.85,1.0283,,,,18.0,66.0
1790783426.3215566,0,grip capacity exceeded,8.268,2.17,,,,18.0,66.0
1790783426.5979621,0,grip capacity exceeded,1.398,2.1865,,,,18.0,66.0
1790783427.0597878,0,hit wall,7.754,1.3281,7.719999999999835,0.3591365290308006,2.4639339159025813,18.0,66.0
1790783427.160061,0,slipped off A,12.586,1.6448,,,,18.0,66.0
1790783427.2582335,0,grip capacity exceeded,0.282,2.4826,,,,18.0,66.0
1790783427.3008404,0,slipped off A,2.156,1.3556,,,,18.0,66.0
1790783427.405438,0,grip capacity exceeded,0.348,2.4966,,,,18.0,66.0
1790783427.4440541,0,slipped off A,5.78,1.7352,,,,18.0,66.0
1790783427.7153375,0,grip capacity exceeded,4.45,2.111,,,,18.0,66.0
1790783428.248283,0,grip capacity exceeded,3.14,2.0784,,,,18.0,66.0
1790783428.6138258,0,grip capacity exceeded,2.842,2.067,,,,18.0,66.0
1790783428.8987427,0,no release,18.0,1.4191,,,,18.0,66.0
1790783429.0109012,0,no release,18.0,1.8732,,,,18.0,66.0
1790783429.314721,0,slipped off A,2.24,1.1711,,,,18.0,66.0
1790783429.3641047,0,slipped off A,7.374,1.4691,,,,18.0,66.0
1790783430.551123,0,slipped off A,6.606,1.2749,,,,18.0,66.0
1790783430.5573137,0,grip capacity exceeded,0.352,2.0248,,,,18.0,66.0
1790783430.644953,0,slipped off A,2.112,1.8539,,,,18.0,66.0
1790783430.760352,0,slipped off A,2.13,1.1382,,,,18.0,66.0
1790783431.1533852,0,no release,18.0,1.6396,,,,18.0,66.0
1790783431.3040674,0,grip capacity exceeded,8.856,2.0876,,,,18.0,66.0
1790783431.8248034,0,grip capacity exceeded,3.958,2.0003,,,,18.0,66.0
1790783432.0296168,0,slipped off A,8.59,1.6355,,,,18.0,66.0
1790783432.0779617,0,grip capacity exceeded,4.11,2.0195,,,,18.0,66.0
1790783432.9989243,0,slipped off A,8.25,1.6742,,,,18.0,66.0
1790783433.1938653,0,slipped off A,6.45,1.9872,,,,18.0,66.0
1790783433.495121,0,grip capacity exceeded,1.644,2.253,,,,18.0,66.0
1790783433.521806,0,grip capacity exceeded,7.11,2.0522,,,,18.0,66.0
1790783433.6281912,0,grip capacity exceeded,5.114,2.227,,,,18.0,66.0
1790783434.7053115,0,hit wall,5.522,1.219,5.499999999999883,0.23580319569746994,2.274817583000487,18.0,66.0
1790783435.038923,0,hit wall,11.218,1.7768,11.139999999999763,0.5491365290307966,2.578774032579233,18.0,66.0
1790783435.3209836,0,slipped off A,2.638,1.9594,,,,18.0,66.0
1790783435.9651752,0,grip capacity exceeded,3.958,2.1683,,,,18.0,66.0
1790783436.1176312,0,slipped off A,10.65,1.6852,,,,18.0,66.0
1790783436.204067,0,slipped off A,5.49,1.2497,,,,18.0,66.0
1790783436.3177655,0,slipped off A,0.39,1.2122,,,,18.0,66.0
1790783436.6142762,0,hit wall,2.144,1.1038,,,,18.0,66.0
1790783436.7341583,0,slipped off A,8.298,1.6847,,,,18.0,66.0
1790783437.0579495,0,grip capacity exceeded,6.494,2.577,,,,18.0,66.0
1790783437.246363,0,no release,18.0,1.7386,,,,18.0,66.0
1790783439.243617,0,slipped off A,11.358,1.4015,,,,18.0,66.0
1790783439.776223,0,grip capacity exceeded,6.754,2.2141,,,,18.0,66.0
1790783440.8288212,0,slipped off A,14.342,1.7817,,,,18.0,66.0
1790783441.4593546,0,slipped off A,2.146,1.1856,,,,18.0,66.0
1790783443.3667426,0,grip capacity exceeded,2.41,2.0404,,,,18.0,66.0
1790783443.51213,0,slipped off A,10.306,1.5453,,,,18.0,66.0
1790783443.6672957,0,hit wall,14.368,1.9367,14.299999999999695,0.7246920845863484,2.2996066905878787,18.0,66.0
1790783443.7455006,0,grip capacity exceeded,15.696,2.0599,,,,18.0,66.0
1790783443.8236675,0,no release,18.0,1.6372,,,,18.0,66.0
1790783444.0016098,0,slipped off A,2.114,1.5742,,,,18.0,66.0
1790783444.0507295,0,no release,18.0,1.7106,,,,18.0,66.0
1790783444.7918563,0,slipped off A,3.65,1.3186,,,,18.0,66.0
1790783444.9499645,0,no release,18.0,1.8697,,,,18.0,66.0
1790783444.9767618,0,slipped off A,13.358,1.6556,,,,18.0,66.0
1790783445.5266764,0,slipped off A,1.812,1.4211,,,,18.0,66.0
1790783446.1357942,0,slipped off A,3.686,1.0914,,,,18.0,66.0
1790783447.9204283,0,slipped off A,9.208,1.0522,,,,18.0,66.0
1790783448.3161407,0,slipped off A,5.632,1.606,,,,18.0,66.0
1790783448.5660298,0,grip capacity exceeded,13.056,2.301,,,,18.0,66.0
1790783448.9293005,0,hit wall,1.9,1.705,1.87999999999996,0.034692084586363116,2.038177362676692,18.0,66.0
1790783449.0001562,0,grip capacity exceeded,0.22,2.5915,,,,18.0,66.0
1790783450.068046,0,slipped off A,13.494,1.7534,,,,18.0,66.0
1790783450.203679,0,slipped off A,7.168,1.2662,,,,18.0,66.0
1790783450.2541096,0,grip capacity exceeded,17.5,2.1955,,,,18.0,66.0
1790783450.2730048,0,grip capacity exceeded,4.01,2.0263,,,,18.0,66.0
1790783450.286263,0,hit wall,9.836,1.3886,9.779999999999792,0.47358097347524264,2.662176709455875,18.0,66.0
1790783450.3487296,0,hit wall,0.868,1.1644,0.8199999999999825,0.9758031956974755,2.0254234193730274,18.0,66.0
1790783450.4762373,0,no release,18.0,1.0578,,,,18.0,66.0
1790783451.8077328,0,no release,18.0,1.7043,,,,18.0,66.0
1790783451.8439643,0,slipped off A,1.384,1.3427,,,,18.0,66.0
1790783452.7998912,0,slipped off A,4.47,1.7635,,,,18.0,66.0
1790783453.4930084,0,slipped off A,11.886,1.5577,,,,18.0,66.0
1790783453.564682,0,slipped off A,6.816,1.4986,,,,18.0,66.0
1790783453.8312736,0,hit wall,7.944,1.1569,7.919999999999831,0.3702476401419115,2.482473542641632,18.0,66.0
1790783454.2362041,0,slipped off A,2.19,1.3699,,,,18.0,66.0
1790783454.403952,0,grip capacity exceeded,8.868,2.1644,,,,18.0,66.0
1790783456.3949826,0,grip capacity exceeded,12.146,2.0138,,,,18.0,66.0
1790783456.4640226,0,slipped off A,5.96,1.016,,,,18.0,66.0
1790783456.7307372,0,slipped off A,5.7,1.2857,,,,18.0,66.0
1790783456.989921,0,grip capacity exceeded,4.648,2.0247,,,,18.0,66.0
1790783457.0827997,0,grip capacity exceeded,10.138,2.0961,,,,18.0,66.0
1790783457.188408,0,grip capacity exceeded,1.422,2.0652,,,,18.0,66.0
1790783457.4291046,0,hit wall,14.23,1.7776,14.199999999999697,0.719136529030793,2.340161692316875,18.0,66.0
1790783457.6167073,0,slipped off A,3.82,1.5626,,,,18.0,66.0
1790783458.309361,0,missed B,17.054,1.4426,16.719999999999906,0.8591365290308046,1.150789236718793,18.0,66.0
1790783458.6493433,0,grip capacity exceeded,10.46,2.2928,,,,18.0,66.0
1790783459.1191998,0,slipped off A,5.192,1.2829,,,,18.0,66.0
1790783460.5111346,0,hit wall,4.12,1.9057,,,,18.0,66.0
1790783460.9706094,0,slipped off A,8.25,1.2028,,,,18.0,66.0
1790783461.154729,0,grip capacity exceeded,9.912,2.0628,,,,18.0,66.0
1790783461.2165246,0,grip capacity exceeded,10.418,2.114,,,,18.0,66.0
1790783461.8297083,0,grip capacity exceeded,6.988,2.3847,,,,18.0,66.0
1790783461.9026556,0,grip capacity exceeded,14.14,2.0023,,,,18.0,66.0
1790783462.1826334,0,hit wall,0.918,1.4229,0.8799999999999812,0.9791365290308087,2.02540793109891,18.0,66.0
1790783462.2922487,0,grip capacity exceeded,1.448,2.1932,,,,18.0,66.0
1790783462.4809878,0,grip capacity exceeded,0.594,2.4162,,,,18.0,66.0
1790783462.5050056,0,grip capacity exceeded,1.02,2.0088,,,,18.0,66.0
1790783462.752461,0,grip capacity exceeded,0.916,2.4472,,,,18.0,66.0
1790783464.6759963,0,grip capacity exceeded,8.942,2.1029,,,,18.0,66.0
1790783464.6852052,0,no release,18.0,1.6448,,,,18.0,66.0
1790783464.765526,0,grip capacity exceeded,0.21,2.1028,,,,18.0,66.0
1790783465.3650458,0,slipped off A,12.558,1.6244,,,,18.0,66.0
1790783465.8778298,0,grip capacity exceeded,3.762,2.2318,,,,18.0,66.0
1790783466.1359093,0,grip capacity exceeded,16.004,2.2366,,,,18.0,66.0
1790783466.5161345,0,slipped off A,1.25,1.2341,,,,18.0,66.0
1790783466.584751,0,hit wall,2.306,1.4545,2.2799999999999514,0.056914306808584864,2.0589382212229257,18.0,66.0
1790783466.6153884,0,slipped off A,4.044,1.2362,,,,18.0,66.0
1790783466.9112515,0,grip capacity exceeded,11.662,2.2179,,,,18.0,66.0
1790783467.0436666,0,hit wall,16.274,1.7841,,,,18.0,66.0
1790783467.2346673,0,hit wall,16.912,1.8223,,,,18.0,66.0
1790783468.473245,0,grip capacity exceeded,9.126,2.0715,,,,18.0,66.0
1790783468.5196183,0,grip capacity exceeded,1.614,2.0413,,,,18.0,66.0
1790783468.557024,0,grip capacity exceeded,0.254,2.4123,,,,18.0,66.0
1790783468.6816223,0,slipped off A,3.802,1.4331,,,,18.0,66.0
1790783469.167345,0,slipped off A,5.768,1.2043,,,,18.0,66.0
1790783469.2138035,0,slipped off A,5.644,1.3582,,,,18.0,66.0
1790783469.6874628,0,hit wall,4.492,1.3435,4.459999999999905,0.1780254179196934,2.196472349555489,18.0,66.0
1790783469.72734,0,slipped off A,5.934,1.6731,,,,18.0,66.0
1790783469.8718898,0,grip capacity exceeded,0.6,2.0468,,,,18.0,66.0
1790783470.1315174,0,no release,18.0,1.2337,,,,18.0,66.0
1790783470.640192,0,slipped off A,6.528,1.2802,,,,18.0,66.0
1790783470.9197574,0,hit wall,8.184,1.1993,8.159999999999826,0.38358097347524456,2.5048184967746354,18.0,66.0
1790783472.4463134,0,slipped off A,9.892,1.5222,,,,18.0,66.0
1790783473.8610532,0,hit wall,12.424,1.6819,12.399999999999736,0.6191365290307951,2.499864017761382,18.0,66.0
1790783474.6823554,0,hit wall,9.422,1.3038,9.3999999999998,0.452469862364132,2.6246120767402243,18.0,66.0
1790783475.3835452,0,no release,18.0,1.8448,,,,18.0,66.0
1790783476.5886528,0,hit wall,0.27,0.7126,0.19999999999999574,0.9413587512530318,2.0271566331193944,18.0,66.0
1790783476.8709757,0,slipped off A,14.266,1.2058,,,,18.0,66.0
1790783477.0127785,0,no release,18.0,1.4595,,,,18.0,66.0
1790783477.060786,0,grip capacity exceeded,16.754,2.0163,,,,18.0,66.0
1790783477.1280487,0,grip capacity exceeded,0.184,2.2119,,,,18.0,66.0
1790783477.1486306,0,hit wall,12.206,1.4764,12.17999999999974,0.6069143068085732,2.5204871489380403,18.0,66.0
1790783477.164218,0,no release,18.0,1.8113,,,,18.0,66.0
1790783477.3336518,0,slipped off A,1.07,1.2505,,,,18.0,66.0
1790783477.4891276,0,slipped off A,3.044,1.4421,,,,18.0,66.0
1790783477.654041,0,slipped off A,9.31,1.5023,,,,18.0,66.0
1790783477.7402391,0,grip capacity exceeded,2.144,2.0377,,,,18.0,66.0
1790783481.5091455,0,grip capacity exceeded,16.1,2.1558,,,,18.0,66.0
1790783481.998649,0,grip capacity exceeded,11.546,2.0737,,,,18.0,66.0
1790783482.0707312,0,slipped off A,14.46,1.6195,,,,18.0,66.0
1790783482.5081866,0,slipped off A,1.652,1.056,,,,18.0,66.0
1790783483.3157783,0,grip capacity exceeded,17.724,2.1333,,,,18.0,66.0
1790783483.3988245,0,no release,18.0,1.4108,,,,18.0,66.0
1790783484.6711254,0,no release,18.0,1.8922,,,,18.0,66.0
1790783484.8226302,0,no release,18.0,1.6489,,,,18.0,66.0
1790783485.068488,0,no release,18.0,1.9846,,,,18.0,66.0
1790783485.1982489,0,grip capacity exceeded,2.542,2.187,,,,18.0,66.0
1790783485.2579525,0,slipped off A,5.87,1.2544,,,,18.0,66.0
1790783485.4962099,0,grip capacity exceeded,3.922,2.0746,,,,18.0,66.0
1790783485.7291734,0,hit wall,8.944,1.837,8.91999999999981,0.4258031956974659,2.5773561082572964,18.0,66.0
1790783486.872342,0,hit wall,3.618,0.9765,3.5999999999999233,0.13024764014191664,2.1380239042694917,18.0,66.0
1790783487.011349,0,grip capacity exceeded,6.518,2.4008,,,,18.0,66.0
1790783487.0316992,0,slipped off A,15.18,1.8985,,,,18.0,66.0
1790783487.3400636,0,slipped off A,1.094,1.4376,,,,18.0,66.0
1790783487.3556285,0,slipped off A,1.22,1.0537,,,,18.0,66.0
1790783489.5766428,0,slipped off A,3.936,1.1187,,,,18.0,66.0
1790783489.7006886,0,hit wall,13.502,1.4533,13.479999999999713,0.6791365290307938,2.40203574238354,18.0,66.0
1790783489.7608888,0,grip capacity exceeded,11.486,2.1271,,,,18.0,66.0
1790783489.8462014,0,grip capacity exceeded,0.262,2.1647,,,,18.0,66.0
1790783490.3337116,0,grip capacity exceeded,14.898,2.4928,,,,18.0,66.0
1790783490.7744126,0,hit wall,14.884,1.0717,14.859999999999683,0.7558031956974589,2.2863888021887013,18.0,66.0
1790783491.6591094,0,slipped off A,6.62,1.735,,,,18.0,66.0
1790783493.0237396,0,no release,18.0,1.5765,,,,18.0,66.0
1790783493.544878,0,hit wall,15.204,1.6507,15.179999999999676,0.7735809734752362,2.2612406770977933,18.0,66.0
1790783493.5925043,0,hit wall,1.82,1.1287,1.7999999999999616,0.030247640141918768,2.034097620406659,18.0,66.0
1790783493.7305956,0,grip capacity exceeded,7.814,2.0228,,,,18.0,66.0
1790783493.8568285,0,slipped off A,14.564,1.9477,,,,18.0,66.0
1790783494.2283456,0,grip capacity exceeded,11.322,2.408,,,,18.0,66.0
1790783494.2571177,0,slipped off A,1.662,1.3541,,,,18.0,66.0
1790783494.7920692,0,slipped off A,3.672,0.9961,,,,18.0,66.0
1790783495.3504229,0,slipped off A,4.752,1.7583,,,,18.0,66.0
1790783497.2877705,0,slipped off A,6.79,1.6611,,,,18.0,66.0
1790783497.3683376,0,no release,18.0,1.6338,,,,18.0,66.0
1790783497.5810761,0,slipped off A,0.87,1.049,,,,18.0,66.0
1790783498.2510896,0,grip capacity exceeded,2.82,2.042,,,,18.0,66.0
1790783498.271515,0,no release,18.0,1.4469,,,,18.0,66.0
1790783499.1631045,0,no release,18.0,1.7661,,,,18.0,66.0
1790783499.2389433,0,slipped off A,3.118,1.2122,,,,18.0,66.0
1790783501.1778107,0,no release,18.0,1.3209,,,,18.0,66.0
1790783501.2920127,0,grip capacity exceeded,3.074,2.1853,,,,18.0,66.0
1790783501.5022633,0,grip capacity exceeded,16.774,2.01,,,,18.0,66.0
1790783502.0383885,0,slipped off A,16.772,1.6538,,,,18.0,66.0
1790783502.2184958,0,grip capacity exceeded,6.122,2.0336,,,,18.0,66.0
1790783502.9781668,0,slipped off A,5.112,1.9141,,,,18.0,66.0
1790783503.0853255,0,no release,18.0,1.825,,,,18.0,66.0
1790783503.156453,0,grip capacity exceeded,5.992,2.0123,,,,18.0,66.0
1790783503.9704738,0,slipped off A,5.452,1.4609,,,,18.0,66.0
1790783504.328177,0,no release,18.0,1.5055,,,,18.0,66.0
1790783506.077809,0,no release,18.0,1.7361,,,,18.0,66.0
1790783506.7395403,0,slipped off A,8.53,1.2215,,,,18.0,66.0
1790783507.9971368,0,grip capacity exceeded,17.19,2.0645,,,,18.0,66.0
1790783508.4599903,0,slipped off A,5.65,1.3787,,,,18.0,66.0
1790783509.7992017,0,no release,18.0,1.3183,,,,18.0,66.0
1790783509.9188786,0,slipped off A,1.312,1.2935,,,,18.0,66.0
1790783510.8319561,0,no release,18.0,1.5066,,,,18.0,66.0
1790783510.9017966,0,no release,18.0,1.4755,,,,18.0,66.0
1790783510.9286728,0,slipped off A,14.164,1.6959,,,,18.0,66.0
1790783511.317412,0,slipped off A,1.312,1.211,,,,18.0,66.0
1790783511.3839993,0,grip capacity exceeded,16.902,2.0578,,,,18.0,66.0
1790783511.8079417,0,slipped off A,1.606,1.03,,,,18.0,66.0
1790783512.4381285,0,slipped off A,4.974,1.2353,,,,18.0,66.0
1790783512.5244114,0,grip capacity exceeded,3.836,2.0245,,,,18.0,66.0
1790783512.7128453,0,no release,18.0,1.2928,,,,18.0,66.0
1790783514.4852402,0,grip capacity exceeded,5.198,2.1116,,,,18.0,66.0
1790783514.660981,0,slipped off A,2.508,1.4074,,,,18.0,66.0
1790783515.517949,0,hit wall,5.922,1.6826,5.899999999999874,0.2580254179196917,2.306793668668127,18.0,66.0
1790783515.7497962,0,no release,18.0,1.2103,,,,18.0,66.0
1790783515.9650712,0,slipped off A,0.734,1.6853,,,,18.0,66.0
1790783516.3864298,0,no release,18.0,1.674,,,,18.0,66.0
1790783516.4664943,0,grip capacity exceeded,6.742,2.0123,,,,18.0,66.0
1790783516.493891,0,no release,18.0,1.8167,,,,18.0,66.0
1790783516.6207156,0,slipped off A,15.69,1.7704,,,,18.0,66.0
1790783516.630832,0,slipped off A,0.496,1.3828,,,,18.0,66.0
1790783516.801613,0,grip capacity exceeded,0.68,2.2514,,,,18.0,66.0
1790783518.2183402,0,slipped off A,1.152,1.2834,,,,18.0,66.0
1790783518.6923006,0,slipped off A,3.15,1.0043,,,,18.0,66.0
1790783518.738566,0,grip capacity exceeded,10.154,2.0176,,,,18.0,66.0
1790783518.955581,0,slipped off A,2.074,1.5109,,,,18.0,66.0
1790783518.9947639,0,grip capacity exceeded,4.878,2.0825,,,,18.0,66.0
1790783520.135998,0,no release,18.0,1.5184,,,,18.0,66.0
1790783520.4370444,0,grip capacity exceeded,12.996,2.08,,,,18.0,66.0
1790783520.6798453,0,hit wall,6.534,1.1203,6.4999999999998614,0.2913587512530243,2.3563170246058847,18.0,66.0
1790783522.3807669,0,grip capacity exceeded,2.91,2.0492,,,,18.0,66.0
1790783522.4125237,0,hit wall,14.484,1.6894,14.459999999999692,0.7335809734752371,2.3187448081388826,18.0,66.0
1790783524.1753364,0,no release,18.0,1.9415,,,,18.0,66.0
1790783524.865136,0,slipped off A,2.674,1.1182,,,,18.0,66.0
1790783525.1671605,0,no release,18.0,1.5908,,,,18.0,66.0
1790783525.2095616,0,slipped off A,17.39,1.5276,,,,18.0,66.0
1790783526.5452526,0,no release,18.0,1.8226,,,,18.0,66.0
1790783527.738026,0,no release,18.0,1.6213,,,,18.0,66.0
1790783528.38766,0,no release,18.0,1.2874,,,,18.0,66.0
1790783528.7666092,0,slipped off A,8.26,1.1124,,,,18.0,66.0
1790783528.8476503,0,no release,18.0,1.9725,,,,18.0,66.0
1790783528.8753765,0,no release,18.0,1.7366,,,,18.0,66.0
1790783529.220254,0,hit wall,10.984,1.5696,10.959999999999766,0.5391365290307968,2.639137434356674,18.0,66.0
1790783531.4729848,0,slipped off A,4.854,1.3583,,,,18.0,66.0
1790783532.8147306,0,no release,18.0,1.4782,,,,18.0,66.0
1790783532.8681455,0,grip capacity exceeded,0.228,2.1972,,,,18.0,66.0
1790783532.9680479,0,grip capacity exceeded,10.494,2.0044,,,,18.0,66.0
1790783532.9855545,0,no release,18.0,1.6047,,,,18.0,66.0
1790783533.1650965,0,slipped off A,5.956,1.4303,,,,18.0,66.0
1790783533.3461463,0,slipped off A,0.59,1.1135,,,,18.0,66.0
1790783535.1818278,0,no release,18.0,1.2855,,,,18.0,66.0
1790783535.4964998,0,slipped off A,5.01,1.6501,,,,18.0,66.0
1790783535.9067922,0,no release,18.0,1.7451,,,,18.0,66.0
1790783536.3991475,0,slipped off A,1.75,1.5913,,,,18.0,66.0
1790783536.4765022,0,no release,18.0,1.8751,,,,18.0,66.0
1790783536.7660584,0,no release,18.0,1.2267,,,,18.0,66.0
1790783539.1780512,0,slipped off A,4.196,1.9464,,,,18.0,66.0
1790783539.7677855,0,grip capacity exceeded,1.804,2.2162,,,,18.0,66.0
1790783540.5545917,0,no release,18.0,1.5877,,,,18.0,66.0
1790783540.5746274,0,no release,18.0,1.4539,,,,18.0,66.0
1790783540.8776717,0,grip capacity exceeded,17.92,2.3202,,,,18.0,66.0
1790783541.5533206,0,grip capacity exceeded,16.8,2.1779,,,,18.0,66.0
1790783541.625285,0,no release,18.0,1.7554,,,,18.0,66.0
1790783543.9106715,0,no release,18.0,1.9058,,,,18.0,66.0
1790783543.9887073,0,no release,18.0,1.6429,,,,18.0,66.0
1790783544.287501,0,hit wall,1.36,0.9763,1.3399999999999714,0.004692084586363758,2.013396508921727,18.0,66.0
1790783544.3959682,0,grip capacity exceeded,0.406,2.0119,,,,18.0,66.0
1790783545.2692225,0,slipped off A,15.076,1.1883,,,,18.0,66.0
1790783548.0426629,0,slipped off A,14.31,1.9877,,,,18.0,66.0
1790783548.0500968,0,no release,18.0,1.7261,,,,18.0,66.0
1790783548.0656133,0,no release,18.0,1.3997,,,,18.0,66.0
1790783548.1174116,0,grip capacity exceeded,0.242,2.5143,,,,18.0,66.0
1790783548.3360112,0,slipped off A,1.07,1.2241,,,,18.0,66.0
1790783548.3723783,0,no release,18.0,1.645,,,,18.0,66.0
1790783548.5170186,0,grip capacity exceeded,0.582,2.2548,,,,18.0,66.0
1790783548.83528,0,slipped off A,2.586,1.565,,,,18.0,66.0
1790783549.029216,0,slipped off A,13.332,1.7567,,,,18.0,66.0
1790783549.06439,0,no release,18.0,1.2972,,,,18.0,66.0
1790783549.8450754,0,hit wall,5.08,1.3493,5.059999999999892,0.21135875125302603,2.2409427603374934,18.0,66.0
1790783551.2747102,0,slipped off A,4.01,1.2696,,,,18.0,66.0
1790783551.7352235,0,no release,18.0,1.778,,,,18.0,66.0
1790783552.5271006,0,no release,18.0,1.5378,,,,18.0,66.0
1790783553.2080903,0,grip capacity exceeded,12.04,2.059,,,,18.0,66.0
1790783555.130257,0,slipped off A,17.51,1.6402,,,,18.0,66.0
1790783555.1643918,0,slipped off A,10.472,1.96,,,,18.0,66.0
1790783555.4715822,0,slipped off A,1.49,1.0756,,,,18.0,66.0
1790783555.5661583,0,no release,18.0,1.8191,,,,18.0,66.0
1790783556.03988,0,no release,18.0,1.9105,,,,18.0,66.0
1790783556.9023898,0,no release,18.0,1.9465,,,,18.0,66.0
1790783557.0908377,0,grip capacity exceeded,0.654,2.156,,,,18.0,66.0
1790783557.8008583,0,no release,18.0,1.369,,,,18.0,66.0
1790783559.2606585,0,grip capacity exceeded,8.8,2.4266,,,,18.0,66.0
1790783559.4088564,0,hit wall,7.766,1.6132,7.739999999999835,0.36024764014191174,2.4659038314700563,18.0,66.0
1790783559.688171,0,slipped off A,2.652,1.3448,,,,18.0,66.0
1790783559.7323945,0,no release,18.0,1.8122,,,,18.0,66.0
1790783560.4209754,0,slipped off A,4.114,1.6294,,,,18.0,66.0
1790783560.4485753,0,no release,18.0,1.2895,,,,18.0,66.0
1790783560.4816306,0,grip capacity exceeded,0.228,2.0932,,,,18.0,66.0
1790783561.1077754,0,slipped off A,4.97,1.8799,,,,18.0,66.0
1790783561.350021,0,no release,18.0,1.6916,,,,18.0,66.0
1790783561.5085125,0,slipped off A,3.614,1.6678,,,,18.0,66.0
1790783561.7565002,0,no release,18.0,1.2919,,,,18.0,66.0
1790783563.4670153,0,grip capacity exceeded,10.69,2.0138,,,,18.0,66.0
1790783563.7473083,0,grip capacity exceeded,8.04,2.7791,,,,18.0,66.0
1790783564.2183433,0,slipped off A,5.83,1.7936,,,,18.0,66.0
1790783564.3909426,0,no release,18.0,1.8986,,,,18.0,66.0
1790783565.394996,0,slipped off A,4.18,1.7955,,,,18.0,66.0
1790783565.9614918,0,no release,18.0,1.5449,,,,18.0,66.0
1790783567.343241,0,slipped off A,3.014,1.2534,,,,18.0,66.0
1790783568.3184388,0,slipped off A,4.608,1.7864,,,,18.0,66.0
1790783568.372472,0,slipped off A,17.11,1.9909,,,,18.0,66.0
1790783568.385339,0,no release,18.0,1.8771,,,,18.0,66.0
1790783568.5116062,0,grip capacity exceeded,0.402,2.1291,,,,18.0,66.0
1790783568.6638033,0,slipped off A,11.152,1.5822,,,,18.0,66.0
1790783569.010829,0,no release,18.0,1.712,,,,18.0,66.0
1790783569.0921845,0,slipped off A,15.764,1.8361,,,,18.0,66.0
1790783569.21916,0,grip capacity exceeded,0.42,2.0642,,,,18.0,66.0
1790783569.2761,0,slipped off A,6.682,1.4924,,,,18.0,66.0
1790783569.3004274,0,grip capacity exceeded,3.368,2.05,,,,18.0,66.0
1790783571.179772,0,no release,18.0,1.5801,,,,18.0,66.0
1790783571.4367058,0,grip capacity exceeded,3.49,2.0653,,,,18.0,66.0
1790783571.7802386,0,hit wall,7.446,1.2861,,,,18.0,66.0
1790783572.024561,0,grip capacity exceeded,8.74,2.2112,,,,18.0,66.0
1790783572.3079035,0,slipped off A,1.79,0.961,,,,18.0,66.0
1790783572.7186577,0,slipped off A,4.55,1.6991,,,,18.0,66.0
1790783572.8904636,0,slipped off A,2.034,1.9087,,,,18.0,66.0
1790783573.506381,0,hit wall,2.518,1.5228,2.4599999999999476,0.06691430680858465,2.068714522068205,18.0,66.0
1790783573.5871394,0,slipped off A,5.268,1.6452,,,,18.0,66.0
1790783573.8483825,0,slipped off A,14.05,1.8174,,,,18.0,66.0
1790783575.4316623,0,slipped off A,11.216,1.7954,,,,18.0,66.0
1790783575.6995497,0,grip capacity exceeded,0.96,2.2118,,,,18.0,66.0
1790783576.376313,0,no release,18.0,1.9126,,,,18.0,66.0
1790783576.597851,0,no release,18.0,1.4619,,,,18.0,66.0
1790783576.6766436,0,no release,18.0,1.6442,,,,18.0,66.0
1790783577.2119746,0,slipped off A,2.854,1.0439,,,,18.0,66.0
1790783579.3076124,0,grip capacity exceeded,11.844,2.0292,,,,18.0,66.0
1790783579.7289617,0,slipped off A,1.576,1.1164,,,,18.0,66.0
1790783579.8238468,0,slipped off A,17.13,1.6948,,,,18.0,66.0
1790783579.9277165,0,slipped off A,15.522,1.979,,,,18.0,66.0
1790783579.9570124,0,slipped off A,11.478,1.4666,,,,18.0,66.0
1790783580.1293576,0,grip capacity exceeded,0.678,2.6425,,,,18.0,66.0
1790783580.1537836,0,slipped off A,0.652,1.4347,,,,18.0,66.0
1790783580.5696888,0,slipped off A,3.018,1.2156,,,,18.0,66.0
1790783580.6810348,0,no release,18.0,1.7971,,,,18.0,66.0
1790783581.224094,0,slipped off A,2.166,1.6143,,,,18.0,66.0
1790783581.4470563,0,slipped off A,4.968,1.6043,,,,18.0,66.0
1790783581.5355756,0,slipped off A,3.728,1.4604,,,,18.0,66.0
1790783583.6527932,0,no release,18.0,1.7305,,,,18.0,66.0
1790783583.719727,0,no release,18.0,1.6884,,,,18.0,66.0
1790783583.7768254,0,grip capacity exceeded,0.196,2.4005,,,,18.0,66.0
1790783583.895184,0,hit wall,5.63,1.0509,5.599999999999881,0.2413587512530254,2.2825453634965265,18.0,66.0
1790783584.2200868,0,slipped off A,1.25,1.5535,,,,18.0,66.0
1790783584.2207398,0,no release,18.0,1.9384,,,,18.0,66.0
1790783584.358377,0,grip capacity exceeded,6.658,2.3356,,,,18.0,66.0
1790783584.8753877,0,grip capacity exceeded,13.738,2.1824,,,,18.0,66.0
1790783585.2373116,0,slipped off A,3.296,1.3546,,,,18.0,66.0
1790783585.3929968,0,grip capacity exceeded,10.206,2.0991,,,,18.0,66.0
1790783585.5257618,0,slipped off A,4.812,1.6014,,,,18.0,66.0
1790783586.8229392,0,slipped off A,2.916,1.3835,,,,18.0,66.0
1790783586.9169805,0,no release,18.0,1.7957,,,,18.0,66.0
1790783587.146713,0,grip capacity exceeded,8.818,2.2607,,,,18.0,66.0
1790783587.800212,0,slipped off A,3.292,1.2835,,,,18.0,66.0
1790783588.070045,0,hit wall,10.3,1.9758,10.27999999999978,0.5013587512530199,2.7005396653163243,18.0,66.0
1790783588.4358585,0,grip capacity exceeded,6.832,2.1332,,,,18.0,66.0
1790783588.6369917,0,grip capacity exceeded,6.878,2.0811,,,,18.0,66.0
1790783588.8805223,0,grip capacity exceeded,14.888,2.0135,,,,18.0,66.0
1790783589.3189301,0,slipped off A,4.296,1.3214,,,,18.0,66.0
1790783592.2770107,0,no release,18.0,1.9965,,,,18.0,66.0
1790783592.4188669,0,grip capacity exceeded,9.152,2.0174,,,,18.0,66.0
1790783592.4305792,0,no release,18.0,1.8933,,,,18.0,66.0
1790783592.6888244,0,slipped off A,14.19,1.9394,,,,18.0,66.0
1790783593.0853996,0,no release,18.0,1.9425,,,,18.0,66.0
1790783593.3607469,0,slipped off A,3.71,1.9726,,,,18.0,66.0
1790783595.4211507,0,no release,18.0,1.5448,,,,18.0,66.0
1790783595.5912695,0,no release,18.0,1.5909,,,,18.0,66.0
1790783596.1363883,0,grip capacity exceeded,9.976,2.1234,,,,18.0,66.0
1790783596.1980941,0,no release,18.0,1.4898,,,,18.0,66.0
1790783596.4081573,0,hit wall,10.93,1.5415,10.899999999999768,0.5358031956974636,2.6449666712845428,18.0,66.0
1790783596.6690972,0,slipped off A,3.82,1.3488,,,,18.0,66.0
1790783597.0415354,0,slipped off A,2.196,1.4928,,,,18.0,66.0
1790783597.0587873,0,grip capacity exceeded,10.898,2.1854,,,,18.0,66.0
1790783597.1392076,0,grip capacity exceeded,0.288,2.049,,,,18.0,66.0
1790783599.1560118,0,hit wall,9.68,1.4142,9.659999999999794,0.46691430680857615,2.650587649358065,18.0,66.0
1790783599.5911813,0,slipped off A,5.456,1.8171,,,,18.0,66.0
1790783599.662844,0,grip capacity exceeded,7.038,2.0594,,,,18.0,66.0
1790783599.6815345,0,no release,18.0,1.6921,,,,18.0,66.0
1790783599.8180354,0,grip capacity exceeded,9.14,2.0773,,,,18.0,66.0
1790783599.9442005,0,slipped off A,1.17,1.382,,,,18.0,66.0
1790783600.3589854,0,no release,18.0,1.9237,,,,18.0,66.0
1790783601.0684617,0,slipped off A,2.33,1.2149,,,,18.0,66.0
1790783602.2986164,0,hit wall,7.162,1.3668,7.139999999999848,0.32691430680857914,2.411988668295878,18.0,66.0
1790783602.5179267,0,grip capacity exceeded,6.266,2.0902,,,,18.0,66.0
1790783602.9192538,0,slipped off A,13.31,1.5606,,,,18.0,66.0
1790783603.2688947,0,no release,18.0,1.6039,,,,18.0,66.0
1790783603.4396036,0,hit wall,9.72,1.1806,9.699999999999793,0.4691365290307983,2.6545544401770633,18.0,66.0
1790783604.7451024,0,slipped off A,9.51,1.6345,,,,18.0,66.0
1790783604.783415,0,slipped off A,6.416,1.6805,,,,18.0,66.0
1790783607.1182032,0,no release,18.0,1.3425,,,,18.0,66.0
1790783607.245561,0,no release,18.0,1.8629,,,,18.0,66.0
1790783607.3914435,0,slipped off A,5.172,1.2869,,,,18.0,66.0
1790783607.6582139,0,hit wall,1.902,0.9486,1.87999999999996,0.034692084586363116,2.038096902391577,18.0,66.0
1790783608.4093852,0,grip capacity exceeded,3.916,2.0483,,,,18.0,66.0
1790783608.5219548,0,no release,18.0,1.7527,,,,18.0,66.0
1790783608.818377,0,no release,18.0,1.6666,,,,18.0,66.0
1790783610.781071,0,no release,18.0,1.285,,,,18.0,66.0
1790783610.9525282,0,no release,18.0,1.6635,,,,18.0,66.0
1790783611.3793168,0,grip capacity exceeded,6.308,2.2984,,,,18.0,66.0
1790783611.4480767,0,slipped off A,6.14,1.7134,,,,18.0,66.0
1790783611.6174853,0,grip capacity exceeded,0.768,2.0659,,,,18.0,66.0
1790783612.1089034,0,slipped off A,17.408,1.9871,,,,18.0,66.0
1790783612.812217,0,slipped off A,14.54,1.9002,,,,18.0,66.0
1790783612.910073,0,slipped off A,0.354,1.0321,,,,18.0,66.0
1790783612.9658778,0,slipped off A,4.616,1.2584,,,,18.0,66.0
1790783614.4641068,0,slipped off A,4.578,1.7587,,,,18.0,66.0
1790783615.0544696,0,no release,18.0,1.6199,,,,18.0,66.0
1790783615.1687474,0,slipped off A,14.516,1.6742,,,,18.0,66.0
1790783616.4113488,0,slipped off A,8.676,1.8215,,,,18.0,66.0
1790783616.9859684,0,no release,18.0,1.496,,,,18.0,66.0
1790783616.9985952,0,slipped off A,2.118,1.2947,,,,18.0,66.0
1790783617.124792,0,slipped off A,11.1,1.9363,,,,18.0,66.0
1790783617.1424844,0,no release,18.0,1.6206,,,,18.0,66.0
1790783618.7016265,0,no release,18.0,1.7811,,,,18.0,66.0
1790783618.8945467,0,grip capacity exceeded,2.418,2.0598,,,,18.0,66.0
1790783619.004117,0,grip capacity exceeded,9.78,2.0587,,,,18.0,66.0
1790783619.279828,0,slipped off A,4.31,1.2965,,,,18.0,66.0
1790783619.7746341,0,hit wall,14.944,1.8545,14.919999999999682,0.7591365290307921,2.281711594938969,18.0,66.0
1790783620.2786481,0,hit wall,3.522,1.3626,3.4999999999999254,0.1246920845863612,2.131498924978484,18.0,66.0
1790783620.8866546,0,grip capacity exceeded,17.014,2.1204,,,,18.0,66.0
1790783622.3525465,0,grip capacity exceeded,9.15,2.0128,,,,18.0,66.0
1790783622.5612812,0,grip capacity exceeded,10.778,2.1801,,,,18.0,66.0
1790783623.9837024,0,no release,18.0,1.3212,,,,18.0,66.0
1790783624.1270711,0,no release,18.0,1.6908,,,,18.0,66.0
1790783624.2427065,0,grip capacity exceeded,6.82,2.3636,,,,18.0,66.0
1790783624.8309739,0,grip capacity exceeded,10.91,2.1125,,,,18.0,66.0
1790783624.8927965,0,no release,18.0,1.682,,,,18.0,66.0
1790783626.0681148,0,slipped off A,3.73,1.5779,,,,18.0,66.0
1790783626.4454625,0,slipped off A,17.236,1.9912,,,,18.0,66.0
1790783626.7688932,0,slipped off A,1.198,1.4792,,,,18.0,66.0
1790783627.1569986,0,no release,18.0,1.8286,,,,18.0,66.0
1790783628.5772748,0,no release,18.0,1.5082,,,,18.0,66.0
1790783630.7400665,0,slipped off A,13.576,1.966,,,,18.0,66.0
1790783631.0655243,0,no release,18.0,1.7561,,,,18.0,66.0
1790783631.1784725,0,slipped off A,15.79,1.7086,,,,18.0,66.0
1790783631.1837187,0,no release,18.0,1.7809,,,,18.0,66.0
1790783631.4579852,0,slipped off A,2.708,1.5692,,,,18.0,66.0
1790783631.8829498,0,no release,18.0,1.5845,,,,18.0,66.0
1790783633.95386,0,no release,18.0,1.6253,,,,18.0,66.0
1790783633.9865036,0,slipped off A,5.53,1.3364,,,,18.0,66.0
1790783634.0192804,0,slipped off A,3.254,1.7033,,,,18.0,66.0
1790783634.2647707,0,slipped off A,5.682,1.6736,,,,18.0,66.0
1790783634.305657,0,no release,18.0,1.8935,,,,18.0,66.0
1790783635.667258,0,no release,18.0,1.4697,,,,18.0,66.0
1790783638.0799072,0,slipped off A,11.456,1.4619,,,,18.0,66.0
1790783638.2130954,0,no release,18.0,1.7623,,,,18.0,66.0
1790783638.3146696,0,no release,18.0,1.7937,,,,18.0,66.0
1790783639.8087134,0,no release,18.0,1.7257,,,,18.0,66.0
1790783639.850222,0,no release,18.0,1.4942,,,,18.0,66.0
1790783640.175164,0,no release,18.0,1.9348,,,,18.0,66.0
1790783640.226015,0,no release,18.0,1.6372,,,,18.0,66.0
1790783640.3376527,0,slipped off A,1.55,1.2287,,,,18.0,66.0
1790783642.5129836,0,no release,18.0,1.8233,,,,18.0,66.0
1790783643.5346763,0,slipped off A,15.464,1.8092,,,,18.0,66.0
1790783643.966226,0,no release,18.0,1.8534,,,,18.0,66.0
1790783644.1645198,0,no release,18.0,1.6274,,,,18.0,66.0
1790783644.1745417,0,grip capacity exceeded,10.84,2.0551,,,,18.0,66.0
1790783646.7425208,0,no release,18.0,1.5343,,,,18.0,66.0
1790783647.130963,0,no release,18.0,1.7548,,,,18.0,66.0
1790783647.2256374,0,no release,18.0,1.6872,,,,18.0,66.0
1790783647.516839,0,grip capacity exceeded,10.858,2.1128,,,,18.0,66.0
1790783649.4047673,0,slipped off A,12.13,1.4471,,,,18.0,66.0
1790783649.5508437,0,grip capacity exceeded,0.614,2.0232,,,,18.0,66.0
1790783649.6461587,0,no release,18.0,1.794,,,,18.0,66.0
1790783649.6747742,0,grip capacity exceeded,3.816,2.0031,,,,18.0,66.0
1790783650.9800851,0,no release,18.0,1.6213,,,,18.0,66.0
1790783650.9910052,0,no release,18.0,1.4514,,,,18.0,66.0
1790783651.5823135,0,hit wall,12.604,1.3662,12.579999999999732,0.6291365290307949,2.483144414350314,18.0,66.0
1790783653.3255687,0,hit wall,4.226,1.325,4.1999999999999105,0.16358097347524925,2.1782403049599144,18.0,66.0
1790783653.7249997,0,no release,18.0,1.7355,,,,18.0,66.0
1790783654.124081,0,no release,18.0,1.6331,,,,18.0,66.0
1790783654.3827462,0,hit wall,14.178,1.757,14.159999999999698,0.7169143068085708,2.3438981913334063,18.0,66.0
1790783654.6339502,0,hit wall,1.902,1.4526,1.87999999999996,0.034692084586363116,2.0380857674838846,18.0,66.0
1790783655.1592956,0,slipped off A,5.34,1.3548,,,,18.0,66.0
1790783655.2441869,0,grip capacity exceeded,1.982,2.0239,,,,18.0,66.0
1790783655.3996203,0,no release,18.0,1.5972,,,,18.0,66.0
1790783655.4767904,0,slipped off A,8.134,1.7633,,,,18.0,66.0
1790783655.5506942,0,no release,18.0,1.7217,,,,18.0,66.0
1790783655.5583966,0,grip capacity exceeded,1.266,2.0737,,,,18.0,66.0
1790783657.9812422,0,no release,18.0,1.4184,,,,18.0,66.0
1790783658.5277007,0,no release,18.0,1.7913,,,,18.0,66.0
1790783658.7686365,0,grip capacity exceeded,0.82,2.1262,,,,18.0,66.0
1790783661.4844224,0,no release,18.0,1.8984,,,,18.0,66.0
1790783662.2397544,0,no release,18.0,1.98,,,,18.0,66.0
1790783662.373563,0,no release,18.0,1.5544,,,,18.0,66.0
1790783662.4444084,0,no release,18.0,1.2576,,,,18.0,66.0
1790783662.508637,0,no release,18.0,1.4879,,,,18.0,66.0
1790783662.5128663,0,no release,18.0,1.3977,,,,18.0,66.0
1790783663.2768836,0,hit wall,2.758,1.2457,2.719999999999942,0.08135875125302879,2.0835687385795043,18.0,66.0
1790783664.5111682,0,slipped off A,12.64,1.9146,,,,18.0,66.0
1790783665.1775293,0,no release,18.0,1.6427,,,,18.0,66.0
1790783666.6375382,0,hit wall,8.296,1.2564,8.259999999999824,0.3891365290308,2.5140091224041385,18.0,66.0
1790783668.683927,0,grip capacity exceeded,8.636,2.3618,,,,18.0,66.0
1790783668.6845348,0,no release,18.0,1.6199,,,,18.0,66.0
1790783668.7970662,0,hit wall,15.422,1.5106,15.3999999999997,0.7858031956974598,2.244409595581471,18.0,66.0
1790783669.6275342,0,no release,18.0,1.8751,,,,18.0,66.0
1790783669.7532241,0,no release,18.0,1.8747,,,,18.0,66.0
1790783669.7627127,0,no release,18.0,1.4865,,,,18.0,66.0
1790783669.834668,0,slipped off A,3.808,1.5501,,,,18.0,66.0
1790783670.5572913,0,no release,18.0,1.5068,,,,18.0,66.0
1790783670.7550914,0,slipped off A,7.41,1.8275,,,,18.0,66.0
1790783672.46897,0,slipped off A,5.27,1.2859,,,,18.0,66.0
1790783672.8654618,0,slipped off A,1.35,1.4147,,,,18.0,66.0
1790783673.9324129,0,no release,18.0,1.6908,,,,18.0,66.0
1790783674.9013758,0,no release,18.0,1.6546,,,,18.0,66.0
1790783675.1100633,0,hit wall,7.764,1.7823,7.739999999999835,0.36024764014191174,2.4659345354757605,18.0,66.0
1790783677.0621564,0,no release,18.0,1.3687,,,,18.0,66.0
1790783677.1906073,0,no release,18.0,1.4478,,,,18.0,66.0
1790783677.1952643,0,no release,18.0,1.9233,,,,18.0,66.0
1790783677.231071,0,slipped off A,3.47,1.7579,,,,18.0,66.0
1790783677.6280015,0,hit wall,2.17,1.1535,2.1399999999999544,0.04913652903080726,2.0514885134034766,18.0,66.0
1790783677.9454806,0,no release,18.0,1.4839,,,,18.0,66.0
1790783678.1466463,0,no release,18.0,1.396,,,,18.0,66.0
1790783681.2081203,0,no release,18.0,1.7778,,,,18.0,66.0
1790783681.2794592,0,grip capacity exceeded,7.608,2.0066,,,,18.0,66.0
1790783682.1203847,0,no release,18.0,1.3195,,,,18.0,66.0
1790783684.269548,0,no release,18.0,1.4804,,,,18.0,66.0
1790783684.2736852,0,no release,18.0,1.8748,,,,18.0,66.0
1790783684.3090558,0,no release,18.0,1.1889,,,,18.0,66.0
1790783684.4029257,0,slipped off A,4.474,1.4382,,,,18.0,66.0
1790783684.722014,0,no release,18.0,1.4775,,,,18.0,66.0
1790783684.987349,0,no release,18.0,1.4191,,,,18.0,66.0
1790783686.6670716,0,slipped off A,8.942,1.3018,,,,18.0,66.0
1790783688.1867352,0,no release,18.0,1.5219,,,,18.0,66.0
1790783688.265492,0,no release,18.0,1.7297,,,,18.0,66.0
1790783688.5478497,0,hit wall,1.008,0.935,0.9599999999999795,0.9835809734752531,2.0199297370655627,18.0,66.0
1790783688.7581258,0,slipped off A,3.8,1.3262,,,,18.0,66.0
1790783688.9957237,0,slipped off A,12.238,1.776,,,,18.0,66.0
1790783690.039226,0,hit wall,4.0,1.2211,3.979999999999915,0.1513587512530273,2.163263605593207,18.0,66.0
1790783690.0600445,0,no release,18.0,1.2988,,,,18.0,66.0
1790783690.0645192,0,no release,18.0,1.5628,,,,18.0,66.0
1790783690.190671,0,no release,18.0,1.6021,,,,18.0,66.0
1790783691.9350975,0,no release,18.0,1.4419,,,,18.0,66.0
1790783692.7964666,0,hit wall,5.602,1.668,5.579999999999881,0.2402476401419143,2.28113734177399,18.0,66.0
1790783693.6048613,0,grip capacity exceeded,9.36,2.1803,,,,18.0,66.0
1790783693.7966158,0,slipped off A,10.112,1.9956,,,,18.0,66.0
1790783693.9829645,0,no release,18.0,1.5154,,,,18.0,66.0
1790783694.3942332,0,no release,18.0,1.183,,,,18.0,66.0
1790783695.7195554,0,no release,18.0,1.3769,,,,18.0,66.0
1790783695.8647358,0,slipped off A,0.51,1.2214,,,,18.0,66.0
1790783696.210905,0,grip capacity exceeded,1.382,2.5516,,,,18.0,66.0
1790783696.2829125,0,grip capacity exceeded,4.334,2.0331,,,,18.0,66.0
1790783696.425073,0,slipped off A,3.59,1.9697,,,,18.0,66.0
1790783696.9413602,0,no release,18.0,1.7069,,,,18.0,66.0
1790783697.3270118,0,slipped off A,4.486,1.705,,,,18.0,66.0
1790783697.6656377,0,no release,18.0,1.707,,,,18.0,66.0
1790783699.7166257,0,no release,18.0,1.3437,,,,18.0,66.0
1790783700.5048301,0,no release,18.0,1.4313,,,,18.0,66.0
1790783700.687097,0,no release,18.0,1.7201,,,,18.0,66.0
1790783701.2861228,0,slipped off A,2.518,1.3853,,,,18.0,66.0
1790783701.4054263,0,slipped off A,0.398,1.4778,,,,18.0,66.0
1790783701.4604506,0,slipped off A,10.402,1.7258,,,,18.0,66.0
1790783701.938615,0,no release,18.0,1.9336,,,,18.0,66.0
1790783703.2850494,0,no release,18.0,1.4343,,,,18.0,66.0
1790783703.8989844,0,no release,18.0,1.4108,,,,18.0,66.0
1790783704.258218,0,no release,18.0,1.4837,,,,18.0,66.0
1790783705.2698808,0,slipped off A,10.794,1.4862,,,,18.0,66.0
1790783705.3529058,0,no release,18.0,1.5788,,,,18.0,66.0
1790783707.3574274,0,no release,18.0,1.5432,,,,18.0,66.0
1790783708.241769,0,no release,18.0,1.4844,,,,18.0,66.0
1790783708.5565512,0,no release,18.0,1.7726,,,,18.0,66.0
1790783708.7750363,0,no release,18.0,1.5561,,,,18.0,66.0
1790783710.5294657,0,no release,18.0,1.4783,,,,18.0,66.0
1790783711.0403945,0,no release,18.0,1.5841,,,,18.0,66.0
1790783711.6980395,0,slipped off A,4.228,1.4799,,,,18.0,66.0
1790783712.0418518,0,no release,18.0,1.5644,,,,18.0,66.0
1790783712.0965507,0,no release,18.0,1.5146,,,,18.0,66.0
1790783712.3245199,0,grip capacity exceeded,1.24,2.0489,,,,18.0,66.0
1790783712.8575447,0,no release,18.0,1.6521,,,,18.0,66.0
1790783715.0642486,0,no release,18.0,1.7251,,,,18.0,66.0
1790783715.4581354,0,no release,18.0,1.5059,,,,18.0,66.0
1790783715.6484244,0,no release,18.0,1.5906,,,,18.0,66.0
1790783716.023624,0,hit wall,8.082,1.7377,8.059999999999828,0.37802541791968913,2.4955311372635904,18.0,66.0
1790783716.6097822,0,no release,18.0,1.6741,,,,18.0,66.0
1790783718.3747523,0,no release,18.0,1.7548,,,,18.0,66.0
1790783718.6930702,0,slipped off A,5.69,1.4213,,,,18.0,66.0
1790783718.881551,0,no release,18.0,1.4332,,,,18.0,66.0
1790783719.2376535,0,no release,18.0,1.6074,,,,18.0,66.0
1790783719.2488914,0,grip capacity exceeded,1.572,2.0064,,,,18.0,66.0
1790783721.814232,0,no release,18.0,1.8251,,,,18.0,66.0
1790783721.8526547,0,slipped off A,11.72,1.9898,,,,18.0,66.0
1790783721.8688123,0,slipped off A,0.19,1.3317,,,,18.0,66.0
1790783722.2818248,0,no release,18.0,1.6012,,,,18.0,66.0
1790783722.5297673,0,no release,18.0,1.7541,,,,18.0,66.0
1790783724.1624937,0,no release,18.0,1.7639,,,,18.0,66.0
1790783725.549478,0,no release,18.0,1.6108,,,,18.0,66.0
1790783726.1639254,0,no release,18.0,1.7192,,,,18.0,66.0
1790783726.173967,0,no release,18.0,1.4934,,,,18.0,66.0
1790783726.7460592,0,grip capacity exceeded,2.104,2.0182,,,,18.0,66.0
1790783727.0882995,0,hit wall,15.346,1.77,15.319999999999688,0.7813587512530147,2.250444587972017,18.0,66.0
1790783727.7519884,0,no release,18.0,1.7845,,,,18.0,66.0
1790783727.992002,0,slipped off A,4.61,1.2414,,,,18.0,66.0
1790783729.281859,0,no release,18.0,1.7248,,,,18.0,66.0
1790783729.5184238,0,no release,18.0,1.6867,,,,18.0,66.0
1790783731.3101425,0,no release,18.0,1.786,,,,18.0,66.0
1790783731.3452082,0,grip capacity exceeded,17.11,2.0554,,,,18.0,66.0
1790783731.8012102,0,grip capacity exceeded,8.284,2.1135,,,,18.0,66.0
1790783733.3505392,0,no release,18.0,1.7365,,,,18.0,66.0
1790783733.3867037,0,hit wall,3.242,1.7446,3.2199999999999314,0.10913652903080598,2.113756512875096,18.0,66.0
1790783733.4886887,0,grip capacity exceeded,0.5,2.0076,,,,18.0,66.0
1790783734.3195887,0,no release,18.0,1.4611,,,,18.0,66.0
1790783735.0634682,0,no release,18.0,1.7401,,,,18.0,66.0
1790783735.2904406,0,no release,18.0,1.7737,,,,18.0,66.0
1790783735.460665,0,no release,18.0,1.6235,,,,18.0,66.0
1790783737.9719293,0,slipped off A,6.634,1.3602,,,,18.0,66.0
1790783738.3312423,0,hit wall,1.142,1.5839,1.1199999999999761,0.9924698623641418,2.014564375667867,18.0,66.0
1790783738.6031697,0,no release,18.0,1.7286,,,,18.0,66.0
1790783738.7883234,0,grip capacity exceeded,0.638,2.1078,,,,18.0,66.0
1790783739.133377,0,no release,18.0,1.6952,,,,18.0,66.0
1790783739.542496,0,no release,18.0,1.6135,,,,18.0,66.0
1790783739.6446269,0,no release,18.0,1.5105,,,,18.0,66.0
1790783741.544932,0,no release,18.0,1.5142,,,,18.0,66.0
1790783741.80992,0,hit wall,3.706,1.5412,3.6799999999999216,0.13469208458636098,2.14305856108331,18.0,66.0
1790783742.5760906,0,no release,18.0,1.6633,,,,18.0,66.0
1790783742.7123687,0,hit wall,3.846,1.3059,3.8199999999999186,0.1424698623641386,2.152305170386833,18.0,66.0
1790783742.7698362,0,no release,18.0,1.7585,,,,18.0,66.0
1790783743.603546,0,slipped off A,6.208,1.2084,,,,18.0,66.0
1790783743.6361728,0,hit wall,0.1,0.498,0.0,0.9302476401419209,1.976449946034913,18.0,66.0
1790783745.763672,0,no release,18.0,1.8219,,,,18.0,66.0
1790783746.2483993,0,no release,18.0,1.3521,,,,18.0,66.0
1790783746.5880463,0,no release,18.0,1.6185,,,,18.0,66.0
1790783747.0181694,0,no release,18.0,1.3581,,,,18.0,66.0
1790783749.971438,0,no release,18.0,1.7494,,,,18.0,66.0
1790783750.0942507,0,no release,18.0,1.5371,,,,18.0,66.0
1790783750.1513054,0,no release,18.0,1.6189,,,,18.0,66.0
1790783750.8340414,0,slipped off A,3.09,1.8217,,,,18.0,66.0
1790783751.005579,0,no release,18.0,1.4755,,,,18.0,66.0
1790783751.2517955,0,grip capacity exceeded,1.558,2.0245,,,,18.0,66.0
1790783751.8399208,0,no release,18.0,1.4336,,,,18.0,66.0
1790783751.9362714,0,hit wall,6.904,1.4524,6.879999999999853,0.312469862364135,2.3891204840191023,18.0,66.0
1790783753.3433409,0,hit wall,1.076,1.073,1.0399999999999778,0.9880254179196974,2.0178751629574334,18.0,66.0
1790783753.3834515,0,no release,18.0,1.4579,,,,18.0,66.0
1790783753.748541,0,no release,18.0,1.5198,,,,18.0,66.0
1790783753.7826319,0,hit wall,1.466,1.6685,1.4399999999999693,0.010247640141919194,2.0166125810675783,18.0,66.0
1790783754.1571512,0,no release,18.0,1.6345,,,,18.0,66.0
1790783754.4600189,0,slipped off A,3.774,1.5586,,,,18.0,66.0
1790783757.1111846,0,no release,18.0,1.3364,,,,18.0,66.0
1790783758.0076249,0,no release,18.0,1.3968,,,,18.0,66.0
1790783758.2551537,0,no release,18.0,1.4054,,,,18.0,66.0
1790783758.8740005,0,no release,18.0,1.7463,,,,18.0,66.0
1790783759.5043604,0,no release,18.0,1.6726,,,,18.0,66.0
1790783759.5317008,0,no release,18.0,1.578,,,,18.0,66.0
1790783761.042232,0,no release,18.0,1.5086,,,,18.0,66.0
1790783761.350954,0,no release,18.0,1.584,,,,18.0,66.0
1790783761.5806677,0,hit wall,3.238,1.6215,3.2199999999999314,0.10913652903080598,2.1139363850987682,18.0,66.0
1790783761.6087282,0,grip capacity exceeded,0.9,2.5109,,,,18.0,66.0
1790783762.9933217,0,no release,18.0,1.4188,,,,18.0,66.0
1790783764.7865925,0,no release,18.0,1.5673,,,,18.0,66.0
1790783765.0409899,0,no release,18.0,1.8316,,,,18.0,66.0
1790783765.0424151,0,slipped off A,12.81,1.4296,,,,18.0,66.0
1790783765.708016,0,no release,18.0,1.5935,,,,18.0,66.0
1790783766.5296826,0,hit wall,14.7,1.3347,14.679999999999687,0.7458031956974591,2.3010420098115922,18.0,66.0
1790783766.8471906,0,no release,18.0,1.5751,,,,18.0,66.0
1790783768.4305713,0,no release,18.0,1.6221,,,,18.0,66.0
1790783769.7999475,0,slipped off A,8.002,1.6722,,,,18.0,66.0
1790783769.9475946,0,no release,18.0,1.4253,,,,18.0,66.0
1790783770.248637,0,slipped off A,8.47,1.4059,,,,18.0,66.0
1790783770.7064402,0,no release,18.0,1.4296,,,,18.0,66.0
1790783770.9316194,0,hit wall,3.882,1.7887,3.8599999999999177,0.14469208458636076,2.1551205084079927,18.0,66.0
1790783770.9578927,0,no release,18.0,1.7944,,,,18.0,66.0
1790783770.9587538,0,no release,18.0,1.2714,,,,18.0,66.0
1790783772.7745576,0,no release,18.0,1.5343,,,,18.0,66.0
1790783772.886424,0,hit wall,2.67,1.1585,2.6399999999999437,0.07691430680858444,2.078997527106764,18.0,66.0
1790783773.655061,0,slipped off A,5.61,1.5327,,,,18.0,66.0
1790783774.380087,0,hit wall,2.896,1.2555,2.859999999999939,0.0891365290308064,2.091715288648566,18.0,66.0
1790783774.4080632,0,no release,18.0,1.579,,,,18.0,66.0
1790783776.2587621,0,hit wall,15.788,1.7679,15.759999999999756,0.805803195697463,2.217354972823753,18.0,66.0
1790783777.2833495,0,no release,18.0,1.3935,,,,18.0,66.0
1790783777.33001,0,grip capacity exceeded,0.202,2.0887,,,,18.0,66.0
1790783777.750506,0,no release,18.0,1.5487,,,,18.0,66.0
1790783777.7888825,0,slipped off A,14.55,1.3389,,,,18.0,66.0
1790783777.9907236,0,no release,18.0,1.825,,,,18.0,66.0
1790783777.9910572,0,slipped off A,2.6,1.2651,,,,18.0,66.0
1790783778.658283,0,no release,18.0,1.5751,,,,18.0,66.0
1790783780.0735047,0,hit wall,10.304,1.4254,10.27999999999978,0.5013587512530199,2.700403967230005,18.0,66.0
1790783780.139365,0,hit wall,4.604,1.303,4.579999999999902,0.1846920845863599,2.205283829120267,18.0,66.0
1790783780.5724304,0,slipped off A,14.778,1.5718,,,,18.0,66.0
1790783781.3020227,0,no release,18.0,1.4859,,,,18.0,66.0
1790783784.492576,0,hit wall,15.9,1.6884,15.879999999999775,0.8124698623641307,2.208810777525258,18.0,66.0
1790783784.8007317,0,no release,18.0,1.5335,,,,18.0,66.0
1790783784.9577372,0,no release,18.0,1.6611,,,,18.0,66.0
1790783785.2123158,0,grip capacity exceeded,3.214,2.0939,,,,18.0,66.0
1790783785.5167127,0,no release,18.0,1.5202,,,,18.0,66.0
1790783785.839824,0,no release,18.0,1.6193,,,,18.0,66.0
1790783785.908592,0,no release,18.0,1.6961,,,,18.0,66.0
1790783786.3330586,0,no release,18.0,1.6273,,,,18.0,66.0
1790783787.7600338,0,hit wall,7.024,1.3937,6.999999999999851,0.3191365290308015,2.399619447232072,18.0,66.0
1790783788.2033427,0,hit wall,4.18,1.6182,4.159999999999911,0.1613587512530271,2.1756058099305573,18.0,66.0
1790783788.4159877,0,no release,18.0,1.4186,,,,18.0,66.0
1790783788.7480478,0,slipped off A,9.858,1.6065,,,,18.0,66.0
1790783792.2645993,0,no release,18.0,1.7641,,,,18.0,66.0
1790783792.5403798,0,slipped off A,17.95,1.4856,,,,18.0,66.0
1790783792.840952,0,no release,18.0,1.4667,,,,18.0,66.0
1790783793.2462547,0,no release,18.0,1.349,,,,18.0,66.0
1790783793.5290744,0,no release,18.0,1.5526,,,,18.0,66.0
1790783793.9056866,0,no release,18.0,1.4659,,,,18.0,66.0
1790783795.2151232,0,hit wall,16.5,1.5343,16.47999999999987,0.8458031956974692,2.166488373248072,18.0,66.0
1790783795.23034,0,no release,18.0,1.4563,,,,18.0,66.0
1790783796.1139932,0,grip capacity exceeded,10.42,2.2452,,,,18.0,66.0
1790783797.5416822,0,slipped off A,14.91,1.7948,,,,18.0,66.0
1790783799.893747,0,no release,18.0,1.5161,,,,18.0,66.0
1790783800.296761,0,no release,18.0,1.8896,,,,18.0,66.0
1790783800.5610378,0,no release,18.0,1.423,,,,18.0,66.0
1790783800.7157083,0,grip capacity exceeded,1.558,2.2365,,,,18.0,66.0
1790783800.92962,0,no release,18.0,1.6508,,,,18.0,66.0
1790783801.1135733,0,no release,18.0,1.4563,,,,18.0,66.0
1790783801.1327024,0,no release,18.0,1.5724,,,,18.0,66.0
1790783801.2161913,0,grip capacity exceeded,0.28,2.0187,,,,18.0,66.0
1790783803.1844945,0,no release,18.0,1.389,,,,18.0,66.0
1790783803.505773,0,hit wall,5.94,1.5102,5.919999999999874,0.25913652903080275,2.308508753692747,18.0,66.0
1790783804.6660268,0,no release,18.0,1.5322,,,,18.0,66.0
1790783804.8506134,0,hit wall,5.124,1.1627,5.099999999999891,0.21358097347524818,2.243875123373159,18.0,66.0
1790783806.9676523,0,no release,18.0,1.8848,,,,18.0,66.0
1790783807.6047046,0,slipped off A,6.84,1.2172,,,,18.0,66.0
1790783807.6256132,0,hit wall,2.402,1.5152,2.3799999999999493,0.0624698623641403,2.064548782016853,18.0,66.0
1790783807.663738,0,no release,18.0,1.5417,,,,18.0,66.0
1790783808.036932,0,no release,18.0,1.4403,,,,18.0,66.0
1790783808.2216246,0,no release,18.0,1.9643,,,,18.0,66.0
1790783808.3158755,0,no release,18.0,1.5015,,,,18.0,66.0
1790783809.1445503,0,no release,18.0,1.7577,,,,18.0,66.0
1790783810.7984579,0,hit wall,7.498,1.4278,7.4799999999998406,0.3458031956974676,2.4427044821984345,18.0,66.0
1790783811.76844,0,grip capacity exceeded,8.898,2.1096,,,,18.0,66.0
1790783811.9580345,0,no release,18.0,1.7841,,,,18.0,66.0
1790783812.3415194,0,grip capacity exceeded,11.738,2.2676,,,,18.0,66.0
1790783814.4840124,0,slipped off A,17.224,1.7712,,,,18.0,66.0
1790783814.7286038,0,no release,18.0,1.9686,,,,18.0,66.0
1790783814.9691381,0,slipped off A,7.09,1.3493,,,,18.0,66.0
1790783815.082721,0,grip capacity exceeded,13.96,2.0379,,,,18.0,66.0
1790783815.1427011,0,grip capacity exceeded,0.64,2.1542,,,,18.0,66.0
1790783815.400184,0,no release,18.0,1.5615,,,,18.0,66.0
1790783816.337325,0,slipped off A,6.808,1.3005,,,,18.0,66.0
1790783816.4611914,0,slipped off A,3.85,1.39,,,,18.0,66.0
1790783816.823382,0,no release,18.0,1.4691,,,,18.0,66.0
1790783818.9436834,0,no release,18.0,1.6194,,,,18.0,66.0
1790783819.526247,0,no release,18.0,1.6826,,,,18.0,66.0
1790783819.6205156,0,grip capacity exceeded,7.132,2.0323,,,,18.0,66.0
1790783820.8650656,0,no release,18.0,1.6869,,,,18.0,66.0
1790783821.1697035,0,no release,18.0,1.9529,,,,18.0,66.0
1790783822.371718,0,no release,18.0,1.6274,,,,18.0,66.0
1790783823.1375775,0,grip capacity exceeded,9.24,2.0219,,,,18.0,66.0
1790783823.580481,0,no release,18.0,1.7657,,,,18.0,66.0
1790783824.0685256,0,no release,18.0,1.4556,,,,18.0,66.0
1790783824.2579644,0,hit wall,0.658,0.8053,0.6199999999999868,0.9646920845863646,2.0383261537012034,18.0,66.0
1790783824.8926835,0,no release,18.0,1.4434,,,,18.0,66.0
1790783826.6198797,0,no release,18.0,1.4422,,,,18.0,66.0
1790783827.8443663,0,no release,18.0,1.4459,,,,18.0,66.0
1790783828.167131,0,no release,18.0,1.3863,,,,18.0,66.0
1790783828.2132483,0,no release,18.0,1.9368,,,,18.0,66.0
1790783829.982756,0,no release,18.0,1.8424,,,,18.0,66.0
1790783830.3807218,0,no release,18.0,1.5462,,,,18.0,66.0
1790783830.943802,0,hit wall,2.02,1.2745,1.9999999999999574,0.041358751253029645,2.04437656303679,18.0,66.0
1790783831.0296078,0,no release,18.0,1.5474,,,,18.0,66.0
1790783831.4544578,0,grip capacity exceeded,1.5,2.0572,,,,18.0,66.0
1790783831.7179322,0,hit wall,9.202,1.6374,9.179999999999804,0.44024764014191003,2.6027731855135294,18.0,66.0
1790783831.8027256,0,no release,18.0,1.3604,,,,18.0,66.0
1790783832.3642108,0,no release,18.0,1.4292,,,,18.0,66.0
1790783834.719438,0,no release,18.0,1.5889,,,,18.0,66.0
1790783835.093036,0,no release,18.0,1.4639,,,,18.0,66.0
1790783835.8864915,0,no release,18.0,1.6469,,,,18.0,66.0
1790783837.982698,0,no release,18.0,1.4517,,,,18.0,66.0
1790783838.4889228,0,no release,18.0,1.6852,,,,18.0,66.0
1790783838.7469652,0,no release,18.0,1.3521,,,,18.0,66.0
1790783838.834835,0,no release,18.0,1.7351,,,,18.0,66.0
1790783839.041354,0,slipped off A,1.05,1.227,,,,18.0,66.0
1790783839.4875758,0,no release,18.0,1.9133,,,,18.0,66.0
1790783841.6303015,0,slipped off A,9.39,1.2896,,,,18.0,66.0
1790783841.781775,0,no release,18.0,1.4651,,,,18.0,66.0
1790783841.789857,0,slipped off A,8.218,1.2436,,,,18.0,66.0
1790783841.9279094,0,slipped off A,1.17,1.1767,,,,18.0,66.0
1790783842.1412888,0,no release,18.0,1.5284,,,,18.0,66.0
1790783842.9662282,0,no release,18.0,1.461,,,,18.0,66.0
1790783843.1636786,0,hit wall,9.552,1.5526,,,,18.0,66.0
1790783843.3646111,0,grip capacity exceeded,0.682,2.0197,,,,18.0,66.0
1790783845.6329112,0,hit wall,4.322,1.5057,4.299999999999908,0.1691365290308047,2.1853166355340803,18.0,66.0
1790783845.850542,0,no release,18.0,1.6822,,,,18.0,66.0
1790783846.0306125,0,no release,18.0,1.2936,,,,18.0,66.0
1790783846.072571,0,slipped off A,0.17,1.5616,,,,18.0,66.0
1790783847.7720222,0,no release,18.0,1.8826,,,,18.0,66.0
1790783847.7764843,0,no release,18.0,1.3239,,,,18.0,66.0
1790783847.9343398,0,no release,18.0,1.5394,,,,18.0,66.0
1790783849.2508178,0,no release,18.0,1.6739,,,,18.0,66.0
1790783849.6839962,0,grip capacity exceeded,1.878,2.0082,,,,18.0,66.0
1790783850.0193784,0,no release,18.0,1.4664,,,,18.0,66.0
1790783851.401522,0,slipped off A,5.838,1.5247,,,,18.0,66.0
1790783851.7070663,0,no release,18.0,1.5134,,,,18.0,66.0
1790783851.9604409,0,no release,18.0,1.5953,,,,18.0,66.0
1790783853.2433686,0,no release,18.0,1.6079,,,,18.0,66.0
1790783854.010059,0,grip capacity exceeded,2.782,2.0242,,,,18.0,66.0
1790783854.2715657,0,grip capacity exceeded,15.638,2.11,,,,18.0,66.0
1790783854.9128945,0,hit wall,3.04,1.4711,3.0199999999999356,0.0980254179196951,2.101555476624983,18.0,66.0
1790783854.95775,0,no release,18.0,1.4418,,,,18.0,66.0
1790783855.0153463,0,slipped off A,7.092,1.7633,,,,18.0,66.0
1790783855.1210945,0,no release,18.0,1.5707,,,,18.0,66.0
1790783857.267144,0,no release,18.0,1.3657,,,,18.0,66.0
1790783857.6355026,0,hit wall,5.214,1.2194,5.17999999999989,0.21802541791969254,2.249756736056223,18.0,66.0
1790783858.5988493,0,no release,18.0,1.4845,,,,18.0,66.0
1790783858.8918724,0,no release,18.0,1.8911,,,,18.0,66.0
1790783859.6577098,0,slipped off A,8.332,1.4541,,,,18.0,66.0
1790783861.5488837,0,no release,18.0,1.8811,,,,18.0,66.0
1790783862.219946,0,no release,18.0,1.6304,,,,18.0,66.0
1790783862.2713847,0,no release,18.0,1.5445,,,,18.0,66.0
1790783862.3286128,0,no release,18.0,1.7868,,,,18.0,66.0
1790783863.362454,0,grip capacity exceeded,4.024,2.0741,,,,18.0,66.0
1790783863.9200149,0,no release,18.0,1.9076,,,,18.0,66.0
1790783865.2564034,0,slipped off A,6.068,1.4744,,,,18.0,66.0
1790783865.641149,0,slipped off A,7.634,1.5139,,,,18.0,66.0
1790783866.0442493,0,no release,18.0,1.4633,,,,18.0,66.0
1790783866.071005,0,hit wall,5.278,1.1582,5.259999999999888,0.2224698623641369,2.256358241913961,18.0,66.0
1790783866.365415,0,no release,18.0,1.4192,,,,18.0,66.0
1790783866.379054,0,hit wall,15.358,1.8799,15.33999999999969,0.782469862364126,2.2492698560483957,18.0,66.0
1790783867.456651,0,hit wall,4.74,1.7651,4.719999999999899,0.19246986236413755,2.2155704245933405,18.0,66.0
1790783867.8984218,0,no release,18.0,1.8972,,,,18.0,66.0
1790783871.3006935,0,no release,18.0,1.5308,,,,18.0,66.0
1790783871.4302073,0,no release,18.0,1.5595,,,,18.0,66.0
1790783871.7769954,0,no release,18.0,1.6575,,,,18.0,66.0
1790783873.2866542,0,no release,18.0,1.5926,,,,18.0,66.0
1790783873.4717877,0,grip capacity exceeded,0.62,2.021,,,,18.0,66.0
1790783873.597305,0,no release,18.0,1.3925,,,,18.0,66.0
1790783873.6079915,0,no release,18.0,1.507,,,,18.0,66.0
1790783874.4819474,0,slipped off A,3.53,1.3855,,,,18.0,66.0
1790783874.6675818,0,no release,18.0,1.2723,,,,18.0,66.0
1790783875.1137474,0,no release,18.0,1.263,,,,18.0,66.0
1790783875.3679707,0,grip capacity exceeded,10.338,2.074,,,,18.0,66.0
1790783877.2308202,0,grip capacity exceeded,3.54,2.2599,,,,18.0,66.0
1790783877.617905,0,hit wall,3.862,1.1298,3.839999999999918,0.14358097347524967,2.153740198116735,18.0,66.0
1790783878.4748442,0,no release,18.0,1.6008,,,,18.0,66.0
1790783878.5077221,0,grip capacity exceeded,0.11,2.0348,,,,18.0,66.0
1790783878.9670265,0,no release,18.0,1.4837,,,,18.0,66.0
1790783879.5212836,0,grip capacity exceeded,8.534,2.0886,,,,18.0,66.0
1790783879.62831,0,slipped off A,4.15,1.3566,,,,18.0,66.0
1790783879.6527667,0,no release,18.0,1.5348,,,,18.0,66.0
1790783879.669636,0,no release,18.0,1.4975,,,,18.0,66.0
1790783881.453443,0,grip capacity exceeded,4.84,2.1852,,,,18.0,66.0
1790783881.6699765,0,no release,18.0,1.5115,,,,18.0,66.0
1790783881.8320062,0,no release,18.0,1.5856,,,,18.0,66.0
1790783881.9928977,0,slipped off A,0.698,1.3286,,,,18.0,66.0
1790783882.7773666,0,grip capacity exceeded,7.524,2.1699,,,,18.0,66.0
1790783882.8659766,0,slipped off A,8.31,1.3118,,,,18.0,66.0
1790783883.6128,0,no release,18.0,1.538,,,,18.0,66.0
1790783885.6569562,0,slipped off A,5.938,1.3006,,,,18.0,66.0
1790783886.2029045,0,grip capacity exceeded,16.246,2.1082,,,,18.0,66.0
1790783886.2177203,0,grip capacity exceeded,16.228,2.2361,,,,18.0,66.0
1790783887.4075422,0,no release,18.0,1.4273,,,,18.0,66.0
1790783887.637775,0,no release,18.0,1.3433,,,,18.0,66.0
1790783889.1425393,0,no release,18.0,1.901,,,,18.0,66.0
1790783889.8538718,0,no release,18.0,1.7195,,,,18.0,66.0
1790783890.648472,0,no release,18.0,1.5179,,,,18.0,66.0
1790783892.7467356,0,no release,18.0,1.4661,,,,18.0,66.0
1790783893.3069305,0,no release,18.0,1.2847,,,,18.0,66.0
1790783893.319732,0,no release,18.0,1.9604,,,,18.0,66.0
1790783894.3942308,0,no release,18.0,1.4528,,,,18.0,66.0
1790783894.4336367,0,slipped off A,6.672,1.5965,,,,18.0,66.0
1790783894.6017368,0,no release,18.0,1.5835,,,,18.0,66.0
1790783894.998369,0,no release,18.0,1.3999,,,,18.0,66.0
1790783896.8780572,0,no release,18.0,1.4557,,,,18.0,66.0
1790783897.5867612,0,no release,18.0,1.4734,,,,18.0,66.0
1790783899.2653236,0,no release,18.0,1.2561,,,,18.0,66.0
1790783900.3518016,0,no release,18.0,1.6018,,,,18.0,66.0
1790783900.5992699,0,slipped off A,1.152,1.3036,,,,18.0,66.0
1790783900.718012,0,grip capacity exceeded,1.622,2.0109,,,,18.0,66.0
1790783901.1070733,0,slipped off A,8.992,1.4621,,,,18.0,66.0
1790783901.363219,0,no release,18.0,1.9445,,,,18.0,66.0
1790783901.4033084,0,no release,18.0,1.579,,,,18.0,66.0
1790783901.5567682,0,no release,18.0,1.3218,,,,18.0,66.0
1790783901.9341059,0,grip capacity exceeded,2.024,2.3094,,,,18.0,66.0
1790783901.9596503,0,no release,18.0,1.4531,,,,18.0,66.0
1790783902.5267434,0,grip capacity exceeded,1.978,2.0381,,,,18.0,66.0
1790783902.8707027,0,no release,18.0,1.3771,,,,18.0,66.0
1790783905.5950584,0,slipped off A,6.694,1.8649,,,,18.0,66.0
1790783906.3138833,0,hit wall,12.438,1.7668,12.419999999999735,0.6202476401419061,2.4982650029238616,18.0,66.0
1790783906.8445668,0,no release,18.0,1.2129,,,,18.0,66.0
1790783906.9341822,0,slipped off A,2.09,1.4991,,,,18.0,66.0
1790783907.0080369,0,no release,18.0,1.521,,,,18.0,66.0
1790783908.5228906,0,no release,18.0,1.5925,,,,18.0,66.0
1790783908.8347335,0,no release,18.0,1.5354,,,,18.0,66.0
1790783909.0855727,0,hit wall,4.022,1.3656,3.9999999999999147,0.1524698623641384,2.1646051876780494,18.0,66.0
1790783909.358559,0,no release,18.0,1.6973,,,,18.0,66.0
1790783909.5641177,0,slipped off A,0.714,1.4183,,,,18.0,66.0
1790783910.3448048,0,no release,18.0,1.4332,,,,18.0,66.0
1790783912.9459887,0,no release,18.0,1.3314,,,,18.0,66.0
1790783913.118747,0,hit wall,6.142,1.3689,6.1199999999998695,0.27024764014191366,2.3248235797050243,18.0,66.0
1790783914.238853,0,no release,18.0,1.3774,,,,18.0,66.0
1790783914.308698,0,no release,18.0,1.5936,,,,18.0,66.0
1790783914.7253838,0,no release,18.0,1.3001,,,,18.0,66.0
1790783915.0185003,0,no release,18.0,1.6915,,,,18.0,66.0
1790783916.3252892,0,no release,18.0,1.7464,,,,18.0,66.0
1790783916.7840118,0,no release,18.0,1.4355,,,,18.0,66.0
1790783918.4641645,0,grip capacity exceeded,11.252,2.2387,,,,18.0,66.0
1790783919.014917,0,hit wall,17.978,1.508,17.9600000000001,0.9280254179197043,2.0740518915203685,18.0,66.0
1790783920.2723107,0,no release,18.0,1.4275,,,,18.0,66.0
1790783921.318248,0,no release,18.0,1.4394,,,,18.0,66.0
1790783921.7690094,0,no release,18.0,1.8435,,,,18.0,66.0
1790783922.0670817,0,no release,18.0,1.5201,,,,18.0,66.0
1790783922.2416956,0,grip capacity exceeded,1.752,2.1629,,,,18.0,66.0
1790783922.3132944,0,no release,18.0,1.3702,,,,18.0,66.0
1790783922.826442,0,no release,18.0,1.727,,,,18.0,66.0
1790783925.141205,0,hit wall,4.818,1.1009,4.779999999999898,0.1958031956974708,2.219692696702259,18.0,66.0
1790783925.4588764,0,no release,18.0,1.5483,,,,18.0,66.0
1790783925.5621643,0,slipped off A,8.394,1.2616,,,,18.0,66.0
1790783925.9778938,0,hit wall,1.862,1.3557,1.8399999999999608,0.03246986236414094,2.0360674040447737,18.0,66.0
1790783926.0017219,0,no release,18.0,1.4019,,,,18.0,66.0
1790783926.1586716,0,grip capacity exceeded,0.54,2.2879,,,,18.0,66.0
1790783926.1917005,0,no release,18.0,1.2367,,,,18.0,66.0
1790783928.0561984,0,hit wall,2.782,1.3385,2.759999999999941,0.08358097347525097,2.0860326228955053,18.0,66.0
1790783928.29124,0,no release,18.0,1.2377,,,,18.0,66.0
1790783928.9461873,0,no release,18.0,1.1519,,,,18.0,66.0
1790783929.1014218,0,slipped off A,8.026,1.917,,,,18.0,66.0
1790783929.184241,0,no release,18.0,1.1383,,,,18.0,66.0
1790783932.086443,0,no release,18.0,1.3278,,,,18.0,66.0
1790783932.4205217,0,no release,18.0,1.143,,,,18.0,66.0
1790783932.9591963,0,no release,18.0,1.1648,,,,18.0,66.0
1790783933.7952073,0,no release,18.0,1.3287,,,,18.0,66.0
1790783934.0851011,0,no release,18.0,1.1462,,,,18.0,66.0
1790783935.893572,0,no release,18.0,1.1522,,,,18.0,66.0
1790783936.0035505,0,no release,18.0,1.1687,,,,18.0,66.0
1790783936.0755157,0,no release,18.0,1.2382,,,,18.0,66.0
1790783936.1347945,0,hit wall,5.066,1.5002,5.039999999999893,0.21024764014191494,2.2392703376124268,18.0,66.0
1790783937.4095445,0,slipped off A,4.636,1.6466,,,,18.0,66.0
1790783937.9214077,0,no release,18.0,1.1713,,,,18.0,66.0
1790783939.3969002,0,no release,18.0,1.4934,,,,18.0,66.0
1790783939.791518,0,no release,18.0,1.291,,,,18.0,66.0
1790783940.9372272,0,no release,18.0,1.3855,,,,18.0,66.0
1790783941.7721481,0,no release,18.0,1.3421,,,,18.0,66.0
1790783943.001567,0,no release,18.0,1.2071,,,,18.0,66.0
1790783943.0722802,0,no release,18.0,1.2822,,,,18.0,66.0
1790783944.2011533,0,no release,18.0,1.2717,,,,18.0,66.0
1790783944.6834114,0,no release,18.0,1.2978,,,,18.0,66.0
1790783945.1679506,0,no release,18.0,1.3466,,,,18.0,66.0
1790783946.7836218,0,hit wall,4.948,1.2022,4.919999999999895,0.2035809734752484,2.2301752207434506,18.0,66.0
1790783946.8759289,0,no release,18.0,1.5427,,,,18.0,66.0
1790783947.8185284,0,no release,18.0,1.0911,,,,18.0,66.0
1790783948.641575,0,no release,18.0,1.1316,,,,18.0,66.0
1790783948.7764745,0,hit wall,3.32,1.224,3.2999999999999297,0.11358097347525033,2.1187629204644844,18.0,66.0
1790783948.8159976,0,no release,18.0,1.1277,,,,18.0,66.0
1790783948.905694,0,no release,18.0,1.3713,,,,18.0,66.0
1790783951.65303,0,slipped off A,6.954,1.9469,,,,18.0,66.0
1790783951.6642764,0,no release,18.0,1.5889,,,,18.0,66.0
1790783952.1213167,0,no release,18.0,1.7132,,,,18.0,66.0
1790783952.6028543,0,no release,18.0,1.1673,,,,18.0,66.0
1790783952.733658,0,no release,18.0,1.1532,,,,18.0,66.0
1790783954.594495,0,slipped off A,2.946,1.4741,,,,18.0,66.0
1790783955.6751616,0,no release,18.0,1.335,,,,18.0,66.0
1790783955.7017224,0,hit wall,6.91,1.2859,6.879999999999853,0.312469862364135,2.389039661997724,18.0,66.0
1790783955.8412974,0,no release,18.0,1.5475,,,,18.0,66.0
1790783955.9279196,0,no release,18.0,1.327,,,,18.0,66.0
1790783958.6939561,0,no release,18.0,1.1254,,,,18.0,66.0
1790783958.700663,0,no release,18.0,1.1065,,,,18.0,66.0
1790783959.0916445,0,no release,18.0,1.6602,,,,18.0,66.0
1790783960.3979764,0,no release,18.0,1.3034,,,,18.0,66.0
1790783962.401679,0,slipped off A,17.358,1.3663,,,,18.0,66.0
1790783962.493105,0,grip capacity exceeded,4.104,2.0528,,,,18.0,66.0
1790783962.5392003,0,no release,18.0,1.4506,,,,18.0,66.0
1790783962.6665416,0,no release,18.0,1.4385,,,,18.0,66.0
1790783962.744275,0,no release,18.0,1.0692,,,,18.0,66.0
1790783964.4979968,0,no release,18.0,1.2155,,,,18.0,66.0
1790783964.505212,0,no release,18.0,1.1908,,,,18.0,66.0
1790783966.0006967,0,no release,18.0,1.1878,,,,18.0,66.0
1790783967.0121272,0,hit wall,4.086,1.2165,4.0599999999999135,0.15580319569747164,2.1685751790338097,18.0,66.0
1790783968.1121974,0,no release,18.0,1.4107,,,,18.0,66.0
1790783968.2201269,0,no release,18.0,1.1048,,,,18.0,66.0
1790783968.2803977,0,no release,18.0,1.0818,,,,18.0,66.0
1790783969.505445,0,no release,18.0,1.4099,,,,18.0,66.0
1790783969.5848641,0,no release,18.0,1.2207,,,,18.0,66.0
1790783970.6853938,0,slipped off A,4.866,1.4411,,,,18.0,66.0
1790783971.1591513,0,no release,18.0,1.5382,,,,18.0,66.0
1790783971.1650693,0,no release,18.0,1.2477,,,,18.0,66.0
1790783973.7374744,0,no release,18.0,1.6775,,,,18.0,66.0
1790783974.7634382,0,no release,18.0,1.1632,,,,18.0,66.0
1790783974.8661764,0,no release,18.0,1.9347,,,,18.0,66.0
1790783974.913794,0,no release,18.0,1.2409,,,,18.0,66.0
1790783975.1748576,0,no release,18.0,1.4637,,,,18.0,66.0
1790783977.4556541,0,no release,18.0,1.5518,,,,18.0,66.0
1790783977.829692,0,no release,18.0,1.1229,,,,18.0,66.0
1790783977.834508,0,no release,18.0,1.4902,,,,18.0,66.0
1790783979.055617,0,hit wall,5.042,1.3802,5.019999999999893,0.20913652903080385,2.23787491682099,18.0,66.0
1790783980.286988,0,no release,18.0,1.1453,,,,18.0,66.0
1790783981.4255602,0,no release,18.0,1.2035,,,,18.0,66.0
1790783981.4930391,0,no release,18.0,1.2248,,,,18.0,66.0
1790783981.5334008,0,no release,18.0,1.2542,,,,18.0,66.0
1790783981.719772,0,no release,18.0,1.2945,,,,18.0,66.0
1790783984.0689032,0,no release,18.0,1.2359,,,,18.0,66.0
1790783984.644639,0,no release,18.0,1.2425,,,,18.0,66.0
1790783985.7121437,0,no release,18.0,1.481,,,,18.0,66.0
1790783985.7331164,0,hit wall,13.124,1.3059,13.09999999999972,0.6580254179196832,2.4357392084068072,18.0,66.0
1790783985.8718235,0,no release,18.0,1.5204,,,,18.0,66.0
1790783988.3599057,0,no release,18.0,1.9257,,,,18.0,66.0
1790783988.408908,0,no release,18.0,1.3719,,,,18.0,66.0
1790783988.659611,0,no release,18.0,1.5622,,,,18.0,66.0
1790783989.5738573,0,no release,18.0,1.2164,,,,18.0,66.0
1790783990.0826256,0,no release,18.0,1.081,,,,18.0,66.0
1790783992.5600061,0,no release,18.0,1.3022,,,,18.0,66.0
1790783992.5822163,0,no release,18.0,1.245,,,,18.0,66.0
1790783992.7026913,0,no release,18.0,1.2401,,,,18.0,66.0
1790783994.8662682,0,no release,18.0,1.298,,,,18.0,66.0
1790783994.9306045,0,no release,18.0,1.2661,,,,18.0,66.0
1790783995.2080128,0,no release,18.0,1.2531,,,,18.0,66.0
1790783996.4424496,0,no release,18.0,1.3269,,,,18.0,66.0
1790783996.935344,0,no release,18.0,1.4041,,,,18.0,66.0
1790783999.5044894,0,no release,18.0,1.1529,,,,18.0,66.0
1790783999.536806,0,no release,18.0,1.2477,,,,18.0,66.0
1790783999.6904962,0,no release,18.0,1.3515,,,,18.0,66.0
1790784000.0660853,0,hit wall,1.94,0.9925,1.919999999999959,0.03691430680858529,2.040116456358376,18.0,66.0
1790784000.9430156,0,no release,18.0,1.6604,,,,18.0,66.0
1790784000.9937189,0,no release,18.0,1.38,,,,18.0,66.0
1790784001.0392482,0,hit wall,5.03,1.2467,4.999999999999893,0.20802541791969276,2.236174043029705,18.0,66.0
1790784001.2434444,0,no release,18.0,1.1987,,,,18.0,66.0
1790784003.330872,0,hit wall,3.42,1.2664,3.3999999999999275,0.11913652903080577,2.125068737354741,18.0,66.0
1790784003.633794,0,no release,18.0,1.5857,,,,18.0,66.0
1790784004.1654532,0,no release,18.0,1.186,,,,18.0,66.0
1790784006.5910904,0,no release,18.0,1.9512,,,,18.0,66.0
1790784007.1555133,0,no release,18.0,1.339,,,,18.0,66.0
1790784007.3680305,0,hit wall,7.952,1.515,7.919999999999831,0.3702476401419115,2.4823361804465836,18.0,66.0
1790784008.0947793,0,no release,18.0,1.4958,,,,18.0,66.0
1790784008.147563,0,no release,18.0,1.2113,,,,18.0,66.0
1790784008.1916833,0,no release,18.0,1.3407,,,,18.0,66.0
1790784009.1924832,0,hit wall,4.118,1.0079,4.099999999999913,0.15802541791969382,2.171588922253078,18.0,66.0
1790784009.3016346,0,no release,18.0,1.2544,,,,18.0,66.0
1790784010.6806178,0,no release,18.0,1.5028,,,,18.0,66.0
1790784012.0103884,0,hit wall,6.226,1.1691,6.199999999999868,0.274692084586358,2.3313096961562487,18.0,66.0
1790784012.629989,0,no release,18.0,1.2777,,,,18.0,66.0
1790784013.1797385,0,no release,18.0,1.2093,,,,18.0,66.0
1790784014.423191,0,no release,18.0,1.4633,,,,18.0,66.0
1790784015.1577268,0,no release,18.0,1.1435,,,,18.0,66.0
1790784015.2281706,0,no release,18.0,1.3926,,,,18.0,66.0
1790784016.1358883,0,hit wall,5.94,1.3275,5.919999999999874,0.25913652903080275,2.308494056303451,18.0,66.0
1790784016.432161,0,hit wall,0.998,1.3403,0.9799999999999791,0.9846920845863641,2.021035662421813,18.0,66.0
1790784016.432388,0,no release,18.0,1.2307,,,,18.0,66.0
1790784016.7438061,0,no release,18.0,1.4183,,,,18.0,66.0
1790784019.1817014,0,no release,18.0,1.129,,,,18.0,66.0
1790784019.8750618,0,no release,18.0,1.5196,,,,18.0,66.0
1790784020.4630826,0,no release,18.0,1.3712,,,,18.0,66.0
1790784022.5011156,0,no release,18.0,1.2205,,,,18.0,66.0
1790784022.5549905,0,no release,18.0,1.7224,,,,18.0,66.0
1790784023.7888622,0,no release,18.0,1.2383,,,,18.0,66.0
1790784023.7911494,0,no release,18.0,1.4564,,,,18.0,66.0
1790784024.102015,0,no release,18.0,1.2991,,,,18.0,66.0
1790784026.5160236,0,no release,18.0,1.1477,,,,18.0,66.0
1790784026.9166033,0,grip capacity exceeded,11.292,2.3637,,,,18.0,66.0
1790784027.2446485,0,no release,18.0,1.491,,,,18.0,66.0
1790784027.8472986,0,no release,18.0,1.6314,,,,18.0,66.0
1790784028.8027062,0,no release,18.0,1.5991,,,,18.0,66.0
1790784030.9834886,0,hit wall,17.422,1.9854,17.400000000000013,0.8969143068085883,2.106709384741057,18.0,66.0
1790784031.16166,0,no release,18.0,1.7681,,,,18.0,66.0
1790784031.4903557,0,no release,18.0,1.0966,,,,18.0,66.0
1790784032.7775142,0,no release,18.0,1.2953,,,,18.0,66.0
1790784033.0529435,0,no release,18.0,1.5059,,,,18.0,66.0
1790784034.4329777,0,no release,18.0,1.2958,,,,18.0,66.0
1790784034.610574,0,hit wall,2.864,1.2573,2.8399999999999395,0.08802541791969531,2.0906112955894556,18.0,66.0
1790784035.0137808,0,no release,18.0,1.4324,,,,18.0,66.0
1790784035.9664605,0,no release,18.0,1.7156,,,,18.0,66.0
1790784036.9239757,0,no release,18.0,1.3067,,,,18.0,66.0
1790784037.072307,0,no release,18.0,1.3003,,,,18.0,66.0
1790784038.512238,0,no release,18.0,1.403,,,,18.0,66.0
1790784038.9152803,0,slipped off A,11.868,1.7631,,,,18.0,66.0
1790784038.9843097,0,hit wall,12.652,1.5299,12.619999999999731,0.6313587512530171,2.4793175013687963,18.0,66.0
1790784040.112896,0,no release,18.0,1.1975,,,,18.0,66.0
1790784040.1758082,0,grip capacity exceeded,4.578,2.2222,,,,18.0,66.0
1790784040.5237982,0,slipped off A,7.648,1.6344,,,,18.0,66.0
1790784040.871274,0,no release,18.0,1.9297,,,,18.0,66.0
1790784042.5355346,0,hit wall,3.706,1.8027,3.6799999999999216,0.13469208458636098,2.1430031947017265,18.0,66.0
1790784042.8657377,0,no release,18.0,1.3318,,,,18.0,66.0
1790784043.7632,0,grip capacity exceeded,10.174,2.1101,,,,18.0,66.0
1790784043.7990887,0,no release,18.0,1.7996,,,,18.0,66.0
1790784043.9613864,0,no release,18.0,1.9848,,,,18.0,66.0
1790784045.795299,0,no release,18.0,1.4997,,,,18.0,66.0
1790784046.0910306,0,grip capacity exceeded,4.322,2.036,,,,18.0,66.0
1790784047.1024675,0,no release,18.0,1.4239,,,,18.0,66.0
1790784047.840624,0,no release,18.0,1.4442,,,,18.0,66.0
1790784048.5262933,0,no release,18.0,1.4582,,,,18.0,66.0
1790784049.9946766,0,no release,18.0,1.3891,,,,18.0,66.0
1790784050.4532003,0,grip capacity exceeded,5.358,2.2819,,,,18.0,66.0
1790784050.8902938,0,no release,18.0,1.5128,,,,18.0,66.0
1790784051.025859,0,no release,18.0,1.2652,,,,18.0,66.0
1790784051.79765,0,no release,18.0,1.4055,,,,18.0,66.0
1790784052.1087916,0,no release,18.0,1.6142,,,,18.0,66.0
1790784054.2003722,0,no release,18.0,1.4916,,,,18.0,66.0
1790784055.5843997,0,no release,18.0,1.7391,,,,18.0,66.0
1790784055.9209425,0,no release,18.0,1.2799,,,,18.0,66.0
1790784057.464489,0,hit wall,17.742,1.4648,17.720000000000063,0.9146920845863689,2.0875900273400596,18.0,66.0
1790784058.0244849,0,no release,18.0,1.0957,,,,18.0,66.0
1790784058.1717513,0,no release,18.0,1.2961,,,,18.0,66.0
1790784058.8803587,0,no release,18.0,1.5184,,,,18.0,66.0
1790784059.1765778,0,no release,18.0,1.5393,,,,18.0,66.0
1790784060.2288475,0,no release,18.0,1.1838,,,,18.0,66.0
1790784061.7011814,0,hit wall,6.028,1.1101,5.999999999999872,0.2635809734752471,2.3147750111392438,18.0,66.0
1790784062.7739754,0,no release,18.0,1.4552,,,,18.0,66.0
1790784063.105318,0,no release,18.0,1.4255,,,,18.0,66.0
1790784063.620569,0,no release,18.0,1.7822,,,,18.0,66.0
1790784063.9344182,0,hit wall,9.062,1.63,9.039999999999807,0.43246986236413243,2.589132539864588,18.0,66.0
1790784064.028129,0,hit wall,13.152,1.3248,13.11999999999972,0.6591365290307942,2.4337927847953655,18.0,66.0
1790784064.198455,0,no release,18.0,1.2275,,,,18.0,66.0
1790784065.4882169,0,no release,18.0,1.1868,,,,18.0,66.0
1790784066.6772094,0,grip capacity exceeded,5.73,2.0418,,,,18.0,66.0
1790784067.955988,0,no release,18.0,1.46,,,,18.0,66.0
1790784069.4641075,0,hit wall,1.546,1.1544,1.499999999999968,0.013580973475252457,2.0192831266121347,18.0,66.0
1790784070.0922318,0,no release,18.0,1.4229,,,,18.0,66.0
1790784070.4222398,0,no release,18.0,1.3585,,,,18.0,66.0
1790784070.909472,0,no release,18.0,1.2593,,,,18.0,66.0
1790784071.383551,0,no release,18.0,1.3014,,,,18.0,66.0
1790784071.534816,0,no release,18.0,1.3944,,,,18.0,66.0
1790784071.671506,0,no release,18.0,1.8813,,,,18.0,66.0
1790784073.5409048,0,slipped off A,8.488,1.3163,,,,18.0,66.0
1790784073.8923979,0,no release,18.0,1.4286,,,,18.0,66.0
1790784074.181828,0,grip capacity exceeded,5.872,2.0522,,,,18.0,66.0
1790784074.2892861,0,grip capacity exceeded,5.662,2.1965,,,,18.0,66.0
1790784074.3093631,0,slipped off A,6.896,1.2549,,,,18.0,66.0
1790784074.4035087,0,hit wall,3.006,1.155,2.9799999999999365,0.09580319569747292,2.0989599210767755,18.0,66.0
1790784075.5716033,0,no release,18.0,1.7984,,,,18.0,66.0
1790784075.8701305,0,slipped off A,7.168,1.2125,,,,18.0,66.0
1790784077.2948523,0,slipped off A,7.17,1.3637,,,,18.0,66.0
1790784077.6362355,0,no release,18.0,1.5159,,,,18.0,66.0
1790784078.085069,0,no release,18.0,1.5742,,,,18.0,66.0
1790784081.4682312,0,no release,18.0,1.2934,,,,18.0,66.0
1790784081.4833446,0,no release,18.0,1.6351,,,,18.0,66.0
1790784081.5627809,0,no release,18.0,1.4156,,,,18.0,66.0
1790784082.7249668,0,no release,18.0,1.276,,,,18.0,66.0
1790784083.052692,0,no release,18.0,1.4164,,,,18.0,66.0
1790784083.3276536,0,no release,18.0,1.338,,,,18.0,66.0
1790784083.626444,0,no release,18.0,1.7218,,,,18.0,66.0
1790784085.1670945,0,no release,18.0,1.4239,,,,18.0,66.0
1790784086.6585257,0,grip capacity exceeded,8.196,2.1736,,,,18.0,66.0
1790784087.4359388,0,no release,18.0,1.8152,,,,18.0,66.0
1790784087.4536614,0,no release,18.0,1.1611,,,,18.0,66.0
1790784087.5269403,0,no release,18.0,1.3399,,,,18.0,66.0
1790784089.6225348,0,slipped off A,3.858,1.9367,,,,18.0,66.0
1790784089.793219,0,no release,18.0,1.3659,,,,18.0,66.0
1790784090.168161,0,no release,18.0,1.4136,,,,18.0,66.0
1790784090.2012568,0,hit wall,15.842,1.4951,15.819999999999766,0.8091365290307968,2.213089127819725,18.0,66.0
1790784090.5322554,0,hit wall,2.464,1.0521,2.439999999999948,0.06580319569747356,2.0678080389031783,18.0,66.0
1790784091.2851577,0,no release,18.0,1.2454,,,,18.0,66.0
1790784093.8537195,0,no release,18.0,1.3325,,,,18.0,66.0
1790784094.2323978,0,hit wall,9.322,1.6028,9.299999999999802,0.4469143068085766,2.614646454654406,18.0,66.0
1790784094.7177548,0,no release,18.0,1.3512,,,,18.0,66.0
1790784094.8176663,0,no release,18.0,1.8636,,,,18.0,66.0
1790784095.7723365,0,no release,18.0,1.4727,,,,18.0,66.0
1790784097.243937,0,hit wall,8.0,1.1443,7.97999999999983,0.37358097347524477,2.488196563060155,18.0,66.0
1790784097.2982407,0,hit wall,6.9,1.2536,6.879999999999853,0.312469862364135,2.389285793314804,18.0,66.0
1790784097.4136975,0,no release,18.0,1.5132,,,,18.0,66.0
1790784097.4463124,0,no release,18.0,1.2873,,,,18.0,66.0
1790784098.5509775,0,no release,18.0,1.366,,,,18.0,66.0
1790784101.2404013,0,slipped off A,5.556,1.1812,,,,18.0,66.0
1790784102.0371714,0,no release,18.0,1.7618,,,,18.0,66.0
1790784102.1411533,0,no release,18.0,1.342,,,,18.0,66.0
1790784103.1546886,0,no release,18.0,1.6865,,,,18.0,66.0
1790784103.486494,0,no release,18.0,1.4011,,,,18.0,66.0
1790784103.557607,0,no release,18.0,1.6924,,,,18.0,66.0
1790784103.7079444,0,no release,18.0,1.6204,,,,18.0,66.0
1790784103.7517154,0,no release,18.0,1.1955,,,,18.0,66.0
1790784106.2862709,0,hit wall,7.238,1.3181,7.219999999999846,0.33135875125302344,2.4193809370295267,18.0,66.0
1790784107.4012969,0,no release,18.0,1.3846,,,,18.0,66.0
1790784109.2501879,0,no release,18.0,1.6853,,,,18.0,66.0
1790784109.34244,0,no release,18.0,1.3116,,,,18.0,66.0
1790784110.6358047,0,slipped off A,4.59,1.7615,,,,18.0,66.0
1790784110.65494,0,no release,18.0,1.5349,,,,18.0,66.0
1790784110.7195497,0,no release,18.0,1.3706,,,,18.0,66.0
1790784110.8690634,0,no release,18.0,1.6108,,,,18.0,66.0
1790784110.9103127,0,no release,18.0,1.2337,,,,18.0,66.0
1790784113.4929612,0,no release,18.0,1.2531,,,,18.0,66.0
1790784114.591702,0,no release,18.0,1.8276,,,,18.0,66.0
1790784115.3542492,0,no release,18.0,1.1839,,,,18.0,66.0
1790784117.7850573,0,no release,18.0,1.4729,,,,18.0,66.0
1790784117.802748,0,no release,18.0,1.3058,,,,18.0,66.0
1790784117.8671257,0,no release,18.0,1.2321,,,,18.0,66.0
1790784117.9775772,0,no release,18.0,1.3414,,,,18.0,66.0
1790784118.0131304,0,no release,18.0,1.2739,,,,18.0,66.0
1790784119.421475,0,no release,18.0,1.4742,,,,18.0,66.0
1790784120.9284842,0,hit wall,6.784,1.3576,6.759999999999856,0.30580319569746844,2.3787799971847963,18.0,66.0
1790784121.28598,0,hit wall,2.772,1.4375,2.7399999999999416,0.08246986236413988,2.084708343741993,18.0,66.0
1790784121.5898898,0,no release,18.0,1.6458,,,,18.0,66.0
1790784122.3276742,0,no release,18.0,1.3833,,,,18.0,66.0
1790784124.7865493,0,no release,18.0,1.4482,,,,18.0,66.0
1790784124.805057,0,no release,18.0,1.2534,,,,18.0,66.0
1790784124.864218,0,no release,18.0,1.8102,,,,18.0,66.0
1790784124.9857688,0,no release,18.0,1.187,,,,18.0,66.0
1790784125.8904247,0,hit wall,4.166,1.3459,4.139999999999912,0.160247640141916,2.174048911388088,18.0,66.0
1790784126.737959,0,no release,18.0,1.3687,,,,18.0,66.0
1790784127.011123,0,hit wall,13.526,1.1882,13.499999999999712,0.6802476401419049,2.4002060254127104,18.0,66.0
1790784128.2148852,0,no release,18.0,1.4932,,,,18.0,66.0
1790784128.5509431,0,no release,18.0,1.4365,,,,18.0,66.0
1790784130.5120018,0,no release,18.0,1.1954,,,,18.0,66.0
1790784130.5289116,0,no release,18.0,1.5513,,,,18.0,66.0
1790784130.7366972,0,no release,18.0,1.6562,,,,18.0,66.0
1790784132.761195,0,no release,18.0,1.3279,,,,18.0,66.0
1790784133.5838504,0,no release,18.0,1.314,,,,18.0,66.0
1790784133.828007,0,no release,18.0,1.8896,,,,18.0,66.0
1790784133.935452,0,no release,18.0,1.4876,,,,18.0,66.0
1790784134.309216,0,no release,18.0,1.9319,,,,18.0,66.0
1790784137.3752651,0,no release,18.0,1.4874,,,,18.0,66.0
1790784137.3891387,0,no release,18.0,1.3698,,,,18.0,66.0
1790784137.603894,0,no release,18.0,1.414,,,,18.0,66.0
1790784139.8362153,0,no release,18.0,1.1536,,,,18.0,66.0
1790784140.6120052,0,no release,18.0,1.7755,,,,18.0,66.0
1790784140.8463988,0,no release,18.0,1.4136,,,,18.0,66.0
1790784140.9634273,0,no release,18.0,1.2719,,,,18.0,66.0
1790784141.3572211,0,no release,18.0,1.2707,,,,18.0,66.0
1790784142.1388896,0,hit wall,3.88,1.3079,3.8599999999999177,0.14469208458636076,2.1552173336377174,18.0,66.0
1790784144.5027215,0,no release,18.0,1.7201,,,,18.0,66.0
1790784144.52244,0,no release,18.0,1.4,,,,18.0,66.0
1790784144.7184966,0,no release,18.0,1.2644,,,,18.0,66.0
1790784145.8151388,0,no release,18.0,1.6671,,,,18.0,66.0
1790784147.711521,0,no release,18.0,1.2616,,,,18.0,66.0
1790784147.9415948,0,no release,18.0,1.4376,,,,18.0,66.0
1790784148.3875113,0,no release,18.0,1.2507,,,,18.0,66.0
1790784149.1092477,0,no release,18.0,1.1922,,,,18.0,66.0
1790784149.3956473,0,slipped off A,5.244,1.63,,,,18.0,66.0
1790784151.7718835,0,no release,18.0,1.4537,,,,18.0,66.0
1790784151.7886512,0,no release,18.0,1.732,,,,18.0,66.0
1790784151.9829364,0,no release,18.0,1.3704,,,,18.0,66.0
1790784153.045807,0,no release,18.0,1.2024,,,,18.0,66.0
1790784153.9977856,0,no release,18.0,1.4196,,,,18.0,66.0
1790784155.7300994,0,no release,18.0,1.2278,,,,18.0,66.0
1790784156.454239,0,no release,18.0,1.4324,,,,18.0,66.0
1790784156.7590177,0,no release,18.0,1.4282,,,,18.0,66.0
1790784157.678106,0,hit wall,17.14,1.2196,17.11999999999997,0.8813587512530303,2.1242846998756053,18.0,66.0
1790784157.9044514,0,no release,18.0,1.4238,,,,18.0,66.0
1790784158.133337,0,no release,18.0,1.4876,,,,18.0,66.0
1790784159.5100577,0,slipped off A,5.984,1.2614,,,,18.0,66.0
1790784160.190726,0,no release,18.0,1.3731,,,,18.0,66.0
1790784161.1179535,0,no release,18.0,1.1431,,,,18.0,66.0
1790784161.8175128,0,no release,18.0,1.5206,,,,18.0,66.0
1790784163.5260723,0,no release,18.0,1.5186,,,,18.0,66.0
1790784163.549757,0,hit wall,0.088,0.7777,0.05999999999999872,0.9335809734752541,2.0681727825413323,18.0,66.0
1790784164.6597996,0,no release,18.0,1.2264,,,,18.0,66.0
1790784164.8806093,0,no release,18.0,1.186,,,,18.0,66.0
1790784165.091829,0,no release,18.0,1.3671,,,,18.0,66.0
1790784165.3835206,0,no release,18.0,1.4631,,,,18.0,66.0
1790784167.1988842,0,no release,18.0,1.4021,,,,18.0,66.0
1790784167.9501746,0,no release,18.0,1.4596,,,,18.0,66.0
1790784168.6355972,0,no release,18.0,1.2799,,,,18.0,66.0
1790784169.3857114,0,no release,18.0,1.4324,,,,18.0,66.0
1790784171.4781225,0,no release,18.0,1.8309,,,,18.0,66.0
1790784171.6645894,0,no release,18.0,1.7594,,,,18.0,66.0
1790784171.8407073,0,no release,18.0,1.1999,,,,18.0,66.0
1790784172.1153994,0,no release,18.0,1.5699,,,,18.0,66.0
1790784172.8764884,0,no release,18.0,1.3306,,,,18.0,66.0
1790784172.8901052,0,slipped off A,5.32,1.6253,,,,18.0,66.0
1790784174.8011875,0,no release,18.0,1.4241,,,,18.0,66.0
1790784175.363908,0,no release,18.0,1.2109,,,,18.0,66.0
1790784176.0577948,0,no release,18.0,1.4519,,,,18.0,66.0
1790784178.5879004,0,no release,18.0,1.63,,,,18.0,66.0
1790784178.7732363,0,no release,18.0,1.2496,,,,18.0,66.0
1790784179.0169282,0,no release,18.0,1.4285,,,,18.0,66.0
1790784179.662843,0,no release,18.0,1.3328,,,,18.0,66.0
1790784179.673523,0,no release,18.0,1.4107,,,,18.0,66.0
1790784180.6153123,0,no release,18.0,1.6176,,,,18.0,66.0
1790784182.3643966,0,no release,18.0,1.573,,,,18.0,66.0
1790784182.9541497,0,no release,18.0,1.4884,,,,18.0,66.0
1790784184.3372445,0,no release,18.0,1.2241,,,,18.0,66.0
1790784185.7451174,0,no release,18.0,1.1699,,,,18.0,66.0
1790784186.0291288,0,no release,18.0,1.3789,,,,18.0,66.0
1790784186.6665769,0,no release,18.0,1.5636,,,,18.0,66.0
1790784186.6792274,0,no release,18.0,1.5231,,,,18.0,66.0
1790784186.8362434,0,hit wall,10.164,1.4435,10.139999999999784,0.4935809734752422,2.697741126046642,18.0,66.0
1790784187.5366895,0,no release,18.0,1.1384,,,,18.0,66.0
1790784188.3065853,0,no release,18.0,1.2106,,,,18.0,66.0
1790784191.444571,0,no release,18.0,1.1536,,,,18.0,66.0
1790784191.6815002,0,no release,18.0,1.1913,,,,18.0,66.0
1790784191.9676824,0,no release,18.0,1.3443,,,,18.0,66.0
1790784193.8154993,0,no release,18.0,1.2681,,,,18.0,66.0
1790784193.8257754,0,no release,18.0,1.7352,,,,18.0,66.0
1790784193.9925284,0,no release,18.0,1.6819,,,,18.0,66.0
1790784194.6574154,0,no release,18.0,1.9029,,,,18.0,66.0
1790784195.350855,0,no release,18.0,1.5686,,,,18.0,66.0
1790784195.8445776,0,slipped off A,7.618,1.2835,,,,18.0,66.0
1790784198.560137,0,no release,18.0,1.4498,,,,18.0,66.0
1790784198.7566853,0,no release,18.0,1.4838,,,,18.0,66.0
1790784199.014842,0,no release,18.0,1.4329,,,,18.0,66.0
1790784199.7455444,0,no release,18.0,1.4184,,,,18.0,66.0
1790784199.9243016,0,no release,18.0,1.63,,,,18.0,66.0
1790784201.7445042,0,no release,18.0,1.9633,,,,18.0,66.0
1790784202.4139688,0,no release,18.0,1.6583,,,,18.0,66.0
1790784202.858689,0,no release,18.0,1.2283,,,,18.0,66.0
1790784205.6352632,0,no release,18.0,1.2609,,,,18.0,66.0
1790784205.8476279,0,no release,18.0,1.63,,,,18.0,66.0
1790784206.1081698,0,no release,18.0,1.6132,,,,18.0,66.0
1790784206.783346,0,no release,18.0,1.2976,,,,18.0,66.0
1790784206.9650226,0,no release,18.0,1.3882,,,,18.0,66.0
1790784207.67018,0,no release,18.0,1.2724,,,,18.0,66.0
1790784209.4988537,0,no release,18.0,1.6957,,,,18.0,66.0
1790784209.9546933,0,no release,18.0,1.1669,,,,18.0,66.0
1790784211.5671713,0,no release,18.0,1.4067,,,,18.0,66.0
1790784212.9196188,0,no release,18.0,1.63,,,,18.0,66.0
1790784213.2244842,0,no release,18.0,1.2095,,,,18.0,66.0
1790784213.903851,0,no release,18.0,1.305,,,,18.0,66.0
1790784214.066018,0,no release,18.0,1.2288,,,,18.0,66.0
1790784214.6938362,0,no release,18.0,1.4968,,,,18.0,66.0
1790784215.4083884,0,no release,18.0,1.4316,,,,18.0,66.0
1790784217.0487137,0,no release,18.0,1.3663,,,,18.0,66.0
1790784218.4943178,0,no release,18.0,1.5552,,,,18.0,66.0
1790784218.6859832,0,no release,18.0,1.4307,,,,18.0,66.0
1790784218.9897223,0,no release,18.0,1.63,,,,18.0,66.0
1790784220.7267354,0,slipped off A,14.428,1.6357,,,,18.0,66.0
1790784220.816875,0,no release,18.0,1.4041,,,,18.0,66.0
1790784220.9619014,0,no release,18.0,1.3445,,,,18.0,66.0
1790784222.2288568,0,no release,18.0,1.4529,,,,18.0,66.0
1790784222.7423403,0,no release,18.0,1.2967,,,,18.0,66.0
1790784225.3771555,0,no release,18.0,1.3642,,,,18.0,66.0
1790784225.55903,0,no release,18.0,1.2359,,,,18.0,66.0
1790784225.8409023,0,no release,18.0,1.7557,,,,18.0,66.0
1790784226.4761944,0,no release,18.0,1.2568,,,,18.0,66.0
1790784226.5801585,0,no release,18.0,1.2053,,,,18.0,66.0
1790784226.7577505,0,no release,18.0,1.8306,,,,18.0,66.0
1790784229.140079,0,no release,18.0,1.5077,,,,18.0,66.0
1790784229.590931,0,no release,18.0,1.1584,,,,18.0,66.0
1790784232.297517,0,no release,18.0,1.3373,,,,18.0,66.0
1790784232.4880764,0,no release,18.0,1.5035,,,,18.0,66.0
1790784232.7575505,0,no release,18.0,1.5115,,,,18.0,66.0
1790784233.3377025,0,no release,18.0,1.207,,,,18.0,66.0
1790784233.4377334,0,no release,18.0,1.1946,,,,18.0,66.0
1790784233.6076214,0,no release,18.0,1.6179,,,,18.0,66.0
1790784235.5454338,0,grip capacity exceeded,15.9,2.1019,,,,18.0,66.0
1790784236.5637107,0,no release,18.0,1.1032,,,,18.0,66.0
1790784239.2569518,0,no release,18.0,1.3186,,,,18.0,66.0
1790784239.4558403,0,no release,18.0,1.309,,,,18.0,66.0
1790784239.7414792,0,no release,18.0,1.252,,,,18.0,66.0
1790784240.364094,0,no release,18.0,1.2607,,,,18.0,66.0
1790784240.45757,0,no release,18.0,1.1524,,,,18.0,66.0
1790784240.6240416,0,no release,18.0,1.1849,,,,18.0,66.0
1790784241.4367993,0,no release,18.0,1.6199,,,,18.0,66.0
1790784243.7081096,0,no release,18.0,1.63,,,,18.0,66.0
1790784245.3494697,0,no release,18.0,1.63,,,,18.0,66.0
1790784245.582208,0,no release,18.0,1.5807,,,,18.0,66.0
1790784245.8978066,0,no release,18.0,1.5434,,,,18.0,66.0
1790784247.632829,0,no release,18.0,1.1988,,,,18.0,66.0
1790784247.7309742,0,no release,18.0,1.3728,,,,18.0,66.0
1790784247.904404,0,no release,18.0,1.3815,,,,18.0,66.0
1790784248.726513,0,no release,18.0,1.4002,,,,18.0,66.0
1790784249.8314502,0,no release,18.0,1.2786,,,,18.0,66.0
1790784252.5308635,0,no release,18.0,1.63,,,,18.0,66.0
1790784252.7554216,0,no release,18.0,1.2693,,,,18.0,66.0
1790784253.0284104,0,no release,18.0,1.2224,,,,18.0,66.0
1790784253.6673937,0,no release,18.0,1.63,,,,18.0,66.0
1790784253.7607925,0,no release,18.0,1.1692,,,,18.0,66.0
1790784255.0625012,0,no release,18.0,1.4668,,,,18.0,66.0
1790784255.8952806,0,no release,18.0,1.4228,,,,18.0,66.0
1790784256.89804,0,no release,18.0,1.0805,,,,18.0,66.0
1790784259.667376,0,no release,18.0,1.1317,,,,18.0,66.0
1790784259.8954458,0,no release,18.0,1.3084,,,,18.0,66.0
1790784260.155999,0,no release,18.0,1.3144,,,,18.0,66.0
1790784260.7487245,0,no release,18.0,1.0747,,,,18.0,66.0
1790784260.8414931,0,no release,18.0,1.2132,,,,18.0,66.0
1790784260.9944842,0,no release,18.0,1.9422,,,,18.0,66.0
1790784262.9251392,0,no release,18.0,1.1051,,,,18.0,66.0
1790784263.9538612,0,no release,18.0,1.5465,,,,18.0,66.0
1790784266.6044714,0,no release,18.0,1.2032,,,,18.0,66.0
1790784266.819557,0,no release,18.0,1.1522,,,,18.0,66.0
1790784267.110827,0,no release,18.0,1.2818,,,,18.0,66.0
1790784267.7103727,0,no release,18.0,1.1468,,,,18.0,66.0
1790784267.7920322,0,no release,18.0,1.277,,,,18.0,66.0
1790784267.9380372,0,no release,18.0,1.5778,,,,18.0,66.0
1790784268.7021394,0,no release,18.0,1.1928,,,,18.0,66.0
1790784270.898107,0,no release,18.0,1.1401,,,,18.0,66.0
1790784271.0453916,0,hit wall,12.664,1.2589,12.63999999999973,0.6324698623641282,2.4776359804602377,18.0,66.0
1790784272.602444,0,no release,18.0,1.4694,,,,18.0,66.0
1790784272.9346783,0,no release,18.0,1.1435,,,,18.0,66.0
1790784274.6577365,0,no release,18.0,1.0797,,,,18.0,66.0
1790784274.7565303,0,no release,18.0,1.1423,,,,18.0,66.0
1790784274.915648,0,no release,18.0,1.53,,,,18.0,66.0
1790784275.6388435,0,no release,18.0,1.1992,,,,18.0,66.0
1790784276.6617994,0,hit wall,6.628,1.8214,6.599999999999859,0.2969143068085798,2.3649057100569566,18.0,66.0
1790784276.7557123,0,no release,18.0,1.1799,,,,18.0,66.0
1790784278.0734034,0,no release,18.0,1.8201,,,,18.0,66.0
1790784279.6035426,0,no release,18.0,1.1555,,,,18.0,66.0
1790784279.8862286,0,no release,18.0,1.63,,,,18.0,66.0
1790784280.5509639,0,no release,18.0,1.5397,,,,18.0,66.0
1790784281.768699,0,no release,18.0,1.6016,,,,18.0,66.0
1790784282.7371001,0,no release,18.0,1.4877,,,,18.0,66.0
1790784283.6473594,0,no release,18.0,1.5306,,,,18.0,66.0
1790784283.7277756,0,no release,18.0,1.1491,,,,18.0,66.0
1790784283.8905382,0,no release,18.0,1.3458,,,,18.0,66.0
1790784286.6020622,0,no release,18.0,1.63,,,,18.0,66.0
1790784286.872492,0,no release,18.0,1.5605,,,,18.0,66.0
1790784287.500871,0,no release,18.0,1.4041,,,,18.0,66.0
1790784287.6158981,0,no release,18.0,1.5007,,,,18.0,66.0
1790784289.7388186,0,no release,18.0,1.63,,,,18.0,66.0
1790784290.686397,0,no release,18.0,1.2902,,,,18.0,66.0
1790784290.777729,0,no release,18.0,1.1707,,,,18.0,66.0
1790784290.921195,0,no release,18.0,1.3535,,,,18.0,66.0
1790784293.7176647,0,no release,18.0,1.63,,,,18.0,66.0
1790784294.0008934,0,no release,18.0,1.2808,,,,18.0,66.0
1790784294.6348996,0,no release,18.0,1.4041,,,,18.0,66.0
1790784294.7240977,0,no release,18.0,1.4312,,,,18.0,66.0
1790784295.6676936,0,no release,18.0,1.8234,,,,18.0,66.0
1790784297.7788754,0,no release,18.0,1.3945,,,,18.0,66.0
1790784297.870738,0,no release,18.0,1.63,,,,18.0,66.0
1790784298.017997,0,no release,18.0,1.2969,,,,18.0,66.0
1790784299.5678964,0,no release,18.0,1.3412,,,,18.0,66.0
1790784300.9277728,0,no release,18.0,1.4369,,,,18.0,66.0
1790784301.5828989,0,no release,18.0,1.63,,,,18.0,66.0
1790784301.6779985,0,no release,18.0,1.3867,,,,18.0,66.0
1790784302.589138,0,no release,18.0,1.435,,,,18.0,66.0
1790784303.513129,0,no release,18.0,1.5115,,,,18.0,66.0
1790784304.697965,0,no release,18.0,1.7864,,,,18.0,66.0
1790784304.863635,0,no release,18.0,1.7829,,,,18.0,66.0
1790784306.471718,0,no release,18.0,1.63,,,,18.0,66.0
1790784306.7312112,0,no release,18.0,1.3799,,,,18.0,66.0
1790784307.330646,0,no release,18.0,1.221,,,,18.0,66.0
1790784308.5505357,0,no release,18.0,1.2552,,,,18.0,66.0
1790784309.5756054,0,no release,18.0,1.5597,,,,18.0,66.0
1790784310.440457,0,no release,18.0,1.6909,,,,18.0,66.0
1790784310.5160666,0,no release,18.0,1.1662,,,,18.0,66.0
1790784310.6658669,0,no release,18.0,1.4357,,,,18.0,66.0
1790784313.3757477,0,no release,18.0,1.4882,,,,18.0,66.0
1790784313.631634,0,no release,18.0,1.437,,,,18.0,66.0
1790784314.2036831,0,no release,18.0,1.4619,,,,18.0,66.0
1790784314.294402,0,no release,18.0,1.5653,,,,18.0,66.0
1790784316.37723,0,no release,18.0,1.2676,,,,18.0,66.0
1790784317.3278086,0,no release,18.0,1.2979,,,,18.0,66.0
1790784317.408737,0,no release,18.0,1.2605,,,,18.0,66.0
1790784317.5647628,0,no release,18.0,1.63,,,,18.0,66.0
1790784320.2910538,0,no release,18.0,1.351,,,,18.0,66.0
1790784320.5573366,0,no release,18.0,1.2256,,,,18.0,66.0
1790784321.1681268,0,no release,18.0,1.3999,,,,18.0,66.0
1790784321.270052,0,no release,18.0,1.3811,,,,18.0,66.0
1790784322.190562,0,no release,18.0,1.0835,,,,18.0,66.0
1790784324.2675996,0,no release,18.0,1.63,,,,18.0,66.0
1790784324.3508837,0,no release,18.0,1.4326,,,,18.0,66.0
1790784324.511791,0,no release,18.0,1.0464,,,,18.0,66.0
1790784326.0770826,0,no release,18.0,1.2478,,,,18.0,66.0
1790784327.4590096,0,no release,18.0,1.1691,,,,18.0,66.0
1790784328.0947192,0,no release,18.0,1.5724,,,,18.0,66.0
1790784328.186353,0,no release,18.0,1.1595,,,,18.0,66.0
1790784328.886284,0,hit wall,12.526,1.63,12.499999999999734,0.6246920845863505,2.4905118278443235,18.0,66.0
1790784329.1195495,0,no release,18.0,1.46,,,,18.0,66.0
1790784331.201067,0,no release,18.0,1.204,,,,18.0,66.0
1790784331.2897522,0,no release,18.0,1.4425,,,,18.0,66.0
1790784333.0921228,0,no release,18.0,1.7123,,,,18.0,66.0
1790784333.4030993,0,no release,18.0,1.5152,,,,18.0,66.0
1790784333.6372185,0,hit wall,0.824,0.8674,0.799999999999983,0.9746920845863644,2.029443232264992,18.0,66.0
1790784335.1254597,0,no release,18.0,1.406,,,,18.0,66.0
1790784335.2332156,0,no release,18.0,1.031,,,,18.0,66.0
1790784335.9997463,0,no release,18.0,1.1134,,,,18.0,66.0
1790784336.2294245,0,no release,18.0,1.3261,,,,18.0,66.0
1790784337.2284355,0,no release,18.0,1.2004,,,,18.0,66.0
1790784337.3145142,0,no release,18.0,1.4427,,,,18.0,66.0
1790784340.135442,0,no release,18.0,1.4423,,,,18.0,66.0
1790784340.6623585,0,no release,18.0,1.3141,,,,18.0,66.0
1790784341.0777652,0,no release,18.0,1.324,,,,18.0,66.0
1790784341.173958,0,no release,18.0,1.1335,,,,18.0,66.0
1790784342.999399,0,no release,18.0,1.1794,,,,18.0,66.0
1790784343.2569435,0,no release,18.0,1.2877,,,,18.0,66.0
1790784344.2765305,0,no release,18.0,1.383,,,,18.0,66.0
1790784344.3729405,0,no release,18.0,1.2689,,,,18.0,66.0
1790784347.3623242,0,no release,18.0,1.247,,,,18.0,66.0
1790784347.879524,0,no release,18.0,1.4917,,,,18.0,66.0
1790784348.2839825,0,no release,18.0,1.2373,,,,18.0,66.0
1790784348.3897066,0,no release,18.0,1.4395,,,,18.0,66.0
1790784349.0966709,0,no release,18.0,1.3235,,,,18.0,66.0
1790784349.3426821,0,no release,18.0,1.2505,,,,18.0,66.0
1790784351.5059006,0,no release,18.0,1.4603,,,,18.0,66.0
1790784351.603646,0,no release,18.0,1.8449,,,,18.0,66.0
1790784353.4281974,0,no release,18.0,1.5854,,,,18.0,66.0
1790784355.0644555,0,no release,18.0,1.162,,,,18.0,66.0
1790784355.4854765,0,no release,18.0,1.1744,,,,18.0,66.0
1790784355.5825286,0,no release,18.0,1.4733,,,,18.0,66.0
1790784356.3205936,0,no release,18.0,1.3051,,,,18.0,66.0
1790784356.6047926,0,no release,18.0,1.63,,,,18.0,66.0
1790784358.8124714,0,no release,18.0,1.4241,,,,18.0,66.0
1790784358.8939471,0,no release,18.0,1.1711,,,,18.0,66.0
1790784360.7563186,0,no release,18.0,1.5591,,,,18.0,66.0
1790784361.2442102,0,no release,18.0,1.1603,,,,18.0,66.0
1790784362.7742589,0,no release,18.0,1.5115,,,,18.0,66.0
1790784362.8752337,0,no release,18.0,1.5562,,,,18.0,66.0
1790784363.5781446,0,no release,18.0,1.3052,,,,18.0,66.0
1790784363.8312933,0,no release,18.0,1.4041,,,,18.0,66.0
1790784364.8972583,0,no release,18.0,1.1737,,,,18.0,66.0
1790784364.9808083,0,no release,18.0,1.4127,,,,18.0,66.0
1790784367.9152083,0,no release,18.0,1.3203,,,,18.0,66.0
1790784368.4888015,0,no release,18.0,1.4167,,,,18.0,66.0
1790784368.8800333,0,no release,18.0,1.5636,,,,18.0,66.0
1790784368.9750597,0,no release,18.0,1.3024,,,,18.0,66.0
1790784370.8201773,0,no release,18.0,1.4013,,,,18.0,66.0
1790784371.068506,0,no release,18.0,1.1083,,,,18.0,66.0
1790784372.1082883,0,no release,18.0,1.2862,,,,18.0,66.0
1790784372.195526,0,no release,18.0,1.4392,,,,18.0,66.0
1790784375.1478808,0,no release,18.0,1.4973,,,,18.0,66.0
1790784375.6992917,0,no release,18.0,1.264,,,,18.0,66.0
1790784376.1114173,0,no release,18.0,1.0783,,,,18.0,66.0
1790784376.2131412,0,no release,18.0,1.3808,,,,18.0,66.0
1790784376.8272774,0,grip capacity exceeded,2.556,2.0228,,,,18.0,66.0
1790784376.9685626,0,no release,18.0,1.1709,,,,18.0,66.0
1790784377.211446,0,no release,18.0,1.3912,,,,18.0,66.0
1790784379.276347,0,no release,18.0,1.3032,,,,18.0,66.0
1790784379.3505113,0,no release,18.0,1.344,,,,18.0,66.0
1790784382.2379525,0,no release,18.0,1.0971,,,,18.0,66.0
1790784382.7549357,0,no release,18.0,1.3874,,,,18.0,66.0
1790784383.2134435,0,no release,18.0,1.5419,,,,18.0,66.0
1790784383.8191612,0,no release,18.0,1.1701,,,,18.0,66.0
1790784383.9687057,0,no release,18.0,1.2256,,,,18.0,66.0
1790784384.2590303,0,no release,18.0,1.4645,,,,18.0,66.0
1790784386.36422,0,no release,18.0,1.1,,,,18.0,66.0
1790784386.4457772,0,no release,18.0,1.2975,,,,18.0,66.0
1790784388.2969265,0,no release,18.0,1.63,,,,18.0,66.0
1790784388.7992635,0,no release,18.0,1.1671,,,,18.0,66.0
1790784390.398202,0,no release,18.0,1.3862,,,,18.0,66.0
1790784390.9887347,0,no release,18.0,1.1942,,,,18.0,66.0
1790784391.1344376,0,no release,18.0,1.1246,,,,18.0,66.0
1790784391.397726,0,no release,18.0,1.3295,,,,18.0,66.0
1790784392.432634,0,no release,18.0,1.6475,,,,18.0,66.0
1790784392.5096133,0,no release,18.0,1.6131,,,,18.0,66.0
1790784394.7754538,0,hit wall,8.142,1.3052,8.119999999999827,0.3813587512530224,2.501199949973424,18.0,66.0
1790784395.490166,0,no release,18.0,1.3353,,,,18.0,66.0
1790784396.0122857,0,no release,18.0,1.2604,,,,18.0,66.0
1790784396.4934323,0,no release,18.0,1.3692,,,,18.0,66.0
1790784398.2751093,0,no release,18.0,1.4346,,,,18.0,66.0
1790784398.4101837,0,no release,18.0,1.1999,,,,18.0,66.0
1790784399.6492708,0,no release,18.0,0.9816,,,,18.0,66.0
1790784399.7427127,0,no release,18.0,1.1396,,,,18.0,66.0
1790784402.1037214,0,no release,18.0,1.0808,,,,18.0,66.0
1790784402.7775106,0,no release,18.0,1.63,,,,18.0,66.0
1790784403.2868567,0,no release,18.0,1.2813,,,,18.0,66.0
1790784403.8241591,0,no release,18.0,1.3016,,,,18.0,66.0
1790784404.4018264,0,no release,18.0,1.1771,,,,18.0,66.0
1790784404.5166357,0,no release,18.0,1.63,,,,18.0,66.0
1790784406.7655313,0,no release,18.0,1.1024,,,,18.0,66.0
1790784406.8558328,0,no release,18.0,1.7735,,,,18.0,66.0
1790784408.0691893,0,no release,18.0,1.2031,,,,18.0,66.0
1790784409.794392,0,no release,18.0,1.6249,,,,18.0,66.0
1790784410.276521,0,no release,18.0,1.2708,,,,18.0,66.0
1790784410.7604318,0,no release,18.0,1.2041,,,,18.0,66.0
1790784411.4027624,0,no release,18.0,1.1063,,,,18.0,66.0
1790784411.5407877,0,no release,18.0,1.4067,,,,18.0,66.0
1790784413.8301823,0,no release,18.0,1.2477,,,,18.0,66.0
1790784413.9113045,0,no release,18.0,1.3792,,,,18.0,66.0
1790784415.099299,0,no release,18.0,1.0702,,,,18.0,66.0
1790784415.7229967,0,no release,18.0,1.63,,,,18.0,66.0
1790784416.2180264,0,no release,18.0,1.0921,,,,18.0,66.0
1790784417.8167362,0,no release,18.0,1.1072,,,,18.0,66.0
1790784418.4313574,0,no release,18.0,1.1194,,,,18.0,66.0
1790784418.5784032,0,no release,18.0,1.3165,,,,18.0,66.0
1790784419.833006,0,no release,18.0,1.0766,,,,18.0,66.0
1790784419.9334903,0,no release,18.0,1.1686,,,,18.0,66.0
1790784422.1786783,0,no release,18.0,1.1616,,,,18.0,66.0
1790784422.8654187,0,no release,18.0,1.1906,,,,18.0,66.0
1790784423.3874865,0,no release,18.0,1.3852,,,,18.0,66.0
1790784423.9069858,0,no release,18.0,1.4022,,,,18.0,66.0
1790784425.6672618,0,no release,18.0,1.7992,,,,18.0,66.0
1790784425.7962902,0,no release,18.0,1.3997,,,,18.0,66.0
1790784427.0140724,0,no release,18.0,1.194,,,,18.0,66.0
1790784427.1057162,0,no release,18.0,1.275,,,,18.0,66.0
1790784429.3449104,0,no release,18.0,1.9981,,,,18.0,66.0
1790784429.932951,0,grip capacity exceeded,14.14,2.0763,,,,18.0,66.0
1790784429.9626503,0,no release,18.0,1.9845,,,,18.0,66.0
1790784430.5226703,0,no release,18.0,1.5896,,,,18.0,66.0
1790784431.5930464,0,no release,18.0,1.1225,,,,18.0,66.0
1790784431.7208126,0,no release,18.0,1.8388,,,,18.0,66.0
1790784434.0563128,0,no release,18.0,1.319,,,,18.0,66.0
1790784434.0899768,0,grip capacity exceeded,0.118,2.006,,,,18.0,66.0
1790784434.1514263,0,no release,18.0,1.6007,,,,18.0,66.0
1790784435.2740784,0,no release,18.0,1.2433,,,,18.0,66.0
1790784436.9611914,0,no release,18.0,1.63,,,,18.0,66.0
1790784436.990485,0,no release,18.0,1.3195,,,,18.0,66.0
1790784437.4969277,0,no release,18.0,1.4878,,,,18.0,66.0
1790784438.5788395,0,no release,18.0,1.1085,,,,18.0,66.0
1790784438.7006454,0,no release,18.0,1.096,,,,18.0,66.0
1790784441.0336542,0,no release,18.0,1.3222,,,,18.0,66.0
1790784441.0908709,0,no release,18.0,1.4523,,,,18.0,66.0
1790784442.239705,0,no release,18.0,1.174,,,,18.0,66.0
1790784442.8346837,0,no release,18.0,1.0963,,,,18.0,66.0
1790784442.874033,0,no release,18.0,1.698,,,,18.0,66.0
1790784444.4862568,0,no release,18.0,1.2371,,,,18.0,66.0
1790784445.6458347,0,no release,18.0,1.2946,,,,18.0,66.0
1790784445.783426,0,no release,18.0,1.2463,,,,18.0,66.0
1790784446.6133108,0,hit wall,3.652,1.2161,3.619999999999923,0.13135875125302773,2.138997185885806,18.0,66.0
1790784447.0264401,0,no release,18.0,1.3236,,,,18.0,66.0
1790784447.0821762,0,no release,18.0,1.2137,,,,18.0,66.0
1790784449.320697,0,no release,18.0,1.1426,,,,18.0,66.0
1790784449.9531398,0,no release,18.0,1.5638,,,,18.0,66.0
1790784449.989155,0,no release,18.0,1.2262,,,,18.0,66.0
1790784450.493362,0,no release,18.0,1.1953,,,,18.0,66.0
1790784452.794156,0,no release,18.0,1.2544,,,,18.0,66.0
1790784453.711813,0,no release,18.0,1.1927,,,,18.0,66.0
1790784454.1070738,0,no release,18.0,1.4203,,,,18.0,66.0
1790784454.1583076,0,no release,18.0,1.1123,,,,18.0,66.0
1790784456.3632035,0,no release,18.0,1.5023,,,,18.0,66.0
1790784457.023908,0,no release,18.0,1.22,,,,18.0,66.0
1790784457.0545464,0,no release,18.0,1.245,,,,18.0,66.0
1790784457.5867436,0,no release,18.0,1.0577,,,,18.0,66.0
1790784458.80687,0,no release,18.0,1.5889,,,,18.0,66.0
1790784460.7604296,0,no release,18.0,0.9781,,,,18.0,66.0
1790784461.189109,0,no release,18.0,1.3152,,,,18.0,66.0
1790784461.2413917,0,no release,18.0,1.5194,,,,18.0,66.0
1790784462.3658724,0,no release,18.0,1.1499,,,,18.0,66.0
1790784464.1868012,0,no release,18.0,1.0438,,,,18.0,66.0
1790784464.2228367,0,no release,18.0,1.63,,,,18.0,66.0
1790784464.7512348,0,no release,18.0,1.6029,,,,18.0,66.0
1790784465.9864495,0,no release,18.0,1.1448,,,,18.0,66.0
1790784468.087894,0,no release,18.0,1.0333,,,,18.0,66.0
1790784468.4673429,0,no release,18.0,1.017,,,,18.0,66.0
1790784468.517465,0,no release,18.0,1.1461,,,,18.0,66.0
1790784469.7093763,0,no release,18.0,1.2548,,,,18.0,66.0
1790784470.3745096,0,no release,18.0,1.1468,,,,18.0,66.0
1790784470.4082677,0,no release,18.0,1.4329,,,,18.0,66.0
1790784472.125398,0,no release,18.0,1.2636,,,,18.0,66.0
1790784473.364431,0,no release,18.0,1.0638,,,,18.0,66.0
1790784474.2526462,0,no release,18.0,1.3007,,,,18.0,66.0
1790784474.6811893,0,no release,18.0,1.059,,,,18.0,66.0
1790784474.7358809,0,no release,18.0,0.9781,,,,18.0,66.0
1790784477.0293393,0,no release,18.0,1.0898,,,,18.0,66.0
1790784477.6592207,0,no release,18.0,1.3929,,,,18.0,66.0
1790784477.6932466,0,no release,18.0,1.0805,,,,18.0,66.0
1790784478.1952224,0,no release,18.0,1.0951,,,,18.0,66.0
1790784480.5976067,0,no release,18.0,1.4005,,,,18.0,66.0
1790784481.4436078,0,no release,18.0,1.2469,,,,18.0,66.0
1790784481.823138,0,no release,18.0,1.1736,,,,18.0,66.0
1790784481.8830824,0,no release,18.0,1.4899,,,,18.0,66.0
1790784484.1697493,0,no release,18.0,1.1596,,,,18.0,66.0
1790784484.795303,0,no release,18.0,1.1373,,,,18.0,66.0
1790784484.8224006,0,no release,18.0,1.0996,,,,18.0,66.0
1790784485.2900174,0,no release,18.0,1.2175,,,,18.0,66.0
1790784486.5821934,0,no release,18.0,1.3091,,,,18.0,66.0
1790784488.4923592,0,no release,18.0,1.0768,,,,18.0,66.0
1790784488.7877033,0,hit wall,17.642,1.0003,17.620000000000047,0.9091365290308124,2.0935092433782803,18.0,66.0
1790784488.9208512,0,no release,18.0,1.1343,,,,18.0,66.0
1790784490.1032684,0,no release,18.0,1.1319,,,,18.0,66.0
1790784491.8541121,0,no release,18.0,1.095,,,,18.0,66.0
1790784491.8848383,0,no release,18.0,1.0939,,,,18.0,66.0
1790784492.358277,0,no release,18.0,1.1413,,,,18.0,66.0
1790784493.5739331,0,no release,18.0,1.1944,,,,18.0,66.0
1790784495.5433953,0,no release,18.0,1.1614,,,,18.0,66.0
1790784495.837052,0,no release,18.0,1.63,,,,18.0,66.0
1790784495.983262,0,no release,18.0,1.1564,,,,18.0,66.0
1790784497.143418,0,no release,18.0,1.1731,,,,18.0,66.0
1790784497.778794,0,no release,18.0,1.0385,,,,18.0,66.0
1790784497.8067584,0,no release,18.0,1.0339,,,,18.0,66.0
1790784499.4143991,0,no release,18.0,1.6251,,,,18.0,66.0
1790784500.5872238,0,no release,18.0,1.5017,,,,18.0,66.0
1790784501.4524732,0,no release,18.0,1.4635,,,,18.0,66.0
1790784501.8197699,0,no release,18.0,1.1869,,,,18.0,66.0
1790784501.972107,0,no release,18.0,1.653,,,,18.0,66.0
1790784504.2441096,0,no release,18.0,1.3468,,,,18.0,66.0
1790784504.8218403,0,no release,18.0,1.183,,,,18.0,66.0
1790784504.848795,0,no release,18.0,1.1271,,,,18.0,66.0
1790784505.3925662,0,no release,18.0,1.3192,,,,18.0,66.0
1790784507.7532303,0,no release,18.0,1.1505,,,,18.0,66.0
1790784508.5419862,0,no release,18.0,1.1088,,,,18.0,66.0
1790784508.8964958,0,no release,18.0,1.63,,,,18.0,66.0
1790784509.062926,0,no release,18.0,1.0975,,,,18.0,66.0
1790784511.3470545,0,no release,18.0,1.2507,,,,18.0,66.0
1790784511.8929834,0,no release,18.0,1.011,,,,18.0,66.0
1790784511.9236321,0,no release,18.0,1.1933,,,,18.0,66.0
1790784512.4219294,0,no release,18.0,1.1236,,,,18.0,66.0
1790784514.8459952,0,no release,18.0,1.1821,,,,18.0,66.0
1790784515.5752544,0,no release,18.0,1.63,,,,18.0,66.0
1790784515.9071536,0,no release,18.0,1.161,,,,18.0,66.0
1790784516.0522282,0,no release,18.0,1.2665,,,,18.0,66.0
1790784517.212193,0,no release,18.0,1.6028,,,,18.0,66.0
1790784518.8925517,0,no release,18.0,1.3486,,,,18.0,66.0
1790784518.9258184,0,no release,18.0,1.3706,,,,18.0,66.0
1790784519.375396,0,no release,18.0,1.1021,,,,18.0,66.0
1790784520.048473,0,hit wall,12.804,1.2366,12.779999999999728,0.6402476401419057,2.464760774759299,18.0,66.0
1790784520.6199152,0,no release,18.0,1.0596,,,,18.0,66.0
1790784522.800549,0,no release,18.0,1.2973,,,,18.0,66.0
1790784522.9330454,0,no release,18.0,1.8159,,,,18.0,66.0
1790784523.9943852,0,no release,18.0,1.5052,,,,18.0,66.0
1790784524.626493,0,no release,18.0,1.63,,,,18.0,66.0
1790784524.6651351,0,no release,18.0,1.3159,,,,18.0,66.0
1790784526.2815251,0,no release,18.0,1.1376,,,,18.0,66.0
1790784526.5227375,0,hit wall,14.322,1.0701,14.299999999999695,0.7246920845863484,2.3320189292018307,18.0,66.0
1790784526.927662,0,no release,18.0,1.2778,,,,18.0,66.0
1790784528.626709,0,no release,18.0,1.0544,,,,18.0,66.0
1790784529.8574626,0,no release,18.0,1.0747,,,,18.0,66.0
1790784530.9294686,0,no release,18.0,0.9895,,,,18.0,66.0
1790784531.0337157,0,hit wall,0.412,1.2021,0.3799999999999919,0.9513587512530316,2.043878933288015,18.0,66.0
1790784531.5142915,0,no release,18.0,1.0245,,,,18.0,66.0
1790784531.5519128,0,no release,18.0,0.9556,,,,18.0,66.0
1790784531.5572596,0,hit wall,13.6,1.1662,13.57999999999971,0.6846920845863492,2.393481889551246,18.0,66.0
1790784532.1008215,0,no release,18.0,1.2044,,,,18.0,66.0
1790784532.3485556,0,no release,18.0,1.5045,,,,18.0,66.0
1790784535.4861262,0,no release,18.0,1.3048,,,,18.0,66.0
1790784535.6312943,0,no release,18.0,1.039,,,,18.0,66.0
1790784537.957071,0,no release,18.0,1.63,,,,18.0,66.0
1790784538.37388,0,no release,18.0,1.171,,,,18.0,66.0
1790784538.4015763,0,no release,18.0,1.2702,,,,18.0,66.0
1790784538.4059808,0,no release,18.0,1.1764,,,,18.0,66.0
1790784538.9236112,0,no release,18.0,1.0612,,,,18.0,66.0
1790784539.1537797,0,no release,18.0,1.0255,,,,18.0,66.0
1790784539.58077,0,hit wall,10.966,1.1044,10.939999999999767,0.5380254179196857,2.64109723193441,18.0,66.0
1790784542.3652241,0,no release,18.0,1.4739,,,,18.0,66.0
1790784543.777425,0,no release,18.0,1.3656,,,,18.0,66.0
1790784545.3461173,0,no release,18.0,1.4624,,,,18.0,66.0
1790784545.3740861,0,no release,18.0,1.2546,,,,18.0,66.0
1790784545.37811,0,no release,18.0,1.4369,,,,18.0,66.0
1790784545.8378031,0,no release,18.0,0.9816,,,,18.0,66.0
1790784546.0480654,0,no release,18.0,1.0231,,,,18.0,66.0
1790784546.4497063,0,no release,18.0,1.1368,,,,18.0,66.0
1790784549.1737933,0,no release,18.0,1.3241,,,,18.0,66.0
1790784550.4726164,0,no release,18.0,1.2055,,,,18.0,66.0
1790784550.6384869,0,hit wall,14.606,1.159,14.57999999999969,0.7402476401419036,2.3088641166308372,18.0,66.0
1790784551.0062652,0,no release,18.0,1.2068,,,,18.0,66.0
1790784551.0437646,0,no release,18.0,1.1899,,,,18.0,66.0
1790784551.0473857,0,no release,18.0,0.9563,,,,18.0,66.0
1790784552.8940766,0,no release,18.0,1.2774,,,,18.0,66.0
1790784553.2829409,0,no release,18.0,1.302,,,,18.0,66.0
1790784556.1005547,0,no release,18.0,1.9368,,,,18.0,66.0
1790784557.450877,0,no release,18.0,1.0965,,,,18.0,66.0
1790784557.595312,0,no release,18.0,1.0488,,,,18.0,66.0
1790784557.9155834,0,no release,18.0,1.0193,,,,18.0,66.0
1790784557.9427152,0,no release,18.0,1.31,,,,18.0,66.0
1790784557.9469233,0,no release,18.0,0.946,,,,18.0,66.0
1790784558.7275157,0,no release,18.0,1.0424,,,,18.0,66.0
1790784560.3101656,0,no release,18.0,1.2812,,,,18.0,66.0
1790784561.960172,0,no release,18.0,1.358,,,,18.0,66.0
1790784564.4008799,0,no release,18.0,1.0126,,,,18.0,66.0
1790784564.5450897,0,no release,18.0,1.8122,,,,18.0,66.0
1790784564.862588,0,no release,18.0,1.3174,,,,18.0,66.0
1790784564.8871312,0,no release,18.0,1.1958,,,,18.0,66.0
1790784564.891238,0,no release,18.0,1.2248,,,,18.0,66.0
1790784565.570348,0,no release,18.0,1.0976,,,,18.0,66.0
1790784565.9523554,0,no release,18.0,1.2633,,,,18.0,66.0
1790784568.747965,0,no release,18.0,1.1812,,,,18.0,66.0
1790784571.2310686,0,no release,18.0,1.1633,,,,18.0,66.0
1790784571.397156,0,no release,18.0,1.2211,,,,18.0,66.0
1790784571.7332354,0,no release,18.0,1.4129,,,,18.0,66.0
1790784571.7627766,0,no release,18.0,1.2283,,,,18.0,66.0
1790784571.767105,0,no release,18.0,1.1865,,,,18.0,66.0
1790784572.4987938,0,no release,18.0,1.2918,,,,18.0,66.0
1790784572.8434901,0,no release,18.0,1.0346,,,,18.0,66.0
1790784575.710256,0,no release,18.0,1.4258,,,,18.0,66.0
1790784576.9642727,0,no release,18.0,1.1678,,,,18.0,66.0
1790784577.1033661,0,no release,18.0,1.1106,,,,18.0,66.0
1790784577.4786313,0,no release,18.0,1.0571,,,,18.0,66.0
1790784577.5200112,0,no release,18.0,1.3236,,,,18.0,66.0
1790784577.5246146,0,no release,18.0,1.2152,,,,18.0,66.0
1790784579.4396923,0,no release,18.0,1.2791,,,,18.0,66.0
1790784579.8237472,0,no release,18.0,1.2722,,,,18.0,66.0
1790784582.72536,0,no release,18.0,1.1804,,,,18.0,66.0
1790784584.1326993,0,no release,18.0,1.1064,,,,18.0,66.0
1790784584.277041,0,no release,18.0,1.3446,,,,18.0,66.0
1790784584.6317902,0,no release,18.0,1.5344,,,,18.0,66.0
1790784584.6608722,0,no release,18.0,1.1218,,,,18.0,66.0
1790784584.6648428,0,no release,18.0,1.4081,,,,18.0,66.0
1790784586.5569298,0,no release,18.0,1.414,,,,18.0,66.0
1790784587.0116436,0,no release,18.0,1.4195,,,,18.0,66.0
1790784588.7466025,0,no release,18.0,1.1256,,,,18.0,66.0
1790784591.3017054,0,no release,18.0,1.244,,,,18.0,66.0
1790784591.4673426,0,no release,18.0,1.2352,,,,18.0,66.0
1790784591.8654106,0,no release,18.0,1.1435,,,,18.0,66.0
1790784591.8990157,0,no release,18.0,1.1754,,,,18.0,66.0
1790784591.903251,0,no release,18.0,1.1263,,,,18.0,66.0
1790784592.1041362,0,hit wall,0.786,1.0387,0.7599999999999838,0.9724698623641422,2.0312753064156364,18.0,66.0
1790784592.6184096,0,no release,18.0,1.122,,,,18.0,66.0
1790784593.03404,0,no release,18.0,1.1607,,,,18.0,66.0
1790784595.9954114,0,no release,18.0,1.2415,,,,18.0,66.0
1790784598.4467585,0,no release,18.0,1.1195,,,,18.0,66.0
1790784598.6290393,0,no release,18.0,1.4022,,,,18.0,66.0
1790784599.0552058,0,no release,18.0,1.0473,,,,18.0,66.0
1790784599.0996232,0,no release,18.0,1.918,,,,18.0,66.0
1790784599.3206835,0,no release,18.0,1.3626,,,,18.0,66.0
1790784599.8743773,0,no release,18.0,1.2492,,,,18.0,66.0
1790784600.2413502,0,no release,18.0,1.2076,,,,18.0,66.0
1790784603.2355864,0,no release,18.0,1.2422,,,,18.0,66.0
1790784604.6119003,0,no release,18.0,1.1326,,,,18.0,66.0
1790784604.7737644,0,no release,18.0,1.4133,,,,18.0,66.0
1790784605.1271963,0,no release,18.0,1.6254,,,,18.0,66.0
1790784606.3190973,0,no release,18.0,1.0423,,,,18.0,66.0
1790784606.5594273,0,no release,18.0,1.3909,,,,18.0,66.0
1790784607.1652453,0,no release,18.0,1.1811,,,,18.0,66.0
1790784607.5781019,0,no release,18.0,1.4013,,,,18.0,66.0
1790784610.3414142,0,no release,18.0,1.8131,,,,18.0,66.0
1790784611.7598033,0,no release,18.0,1.3002,,,,18.0,66.0
1790784611.9197621,0,no release,18.0,1.4995,,,,18.0,66.0
1790784612.2700624,0,no release,18.0,1.0461,,,,18.0,66.0
1790784612.3039331,0,no release,18.0,1.3703,,,,18.0,66.0
1790784612.4991934,0,no release,18.0,1.6098,,,,18.0,66.0
1790784614.184843,0,no release,18.0,1.0089,,,,18.0,66.0
1790784614.6267269,0,no release,18.0,1.3061,,,,18.0,66.0
1790784616.1009686,0,hit wall,7.118,1.1345,7.099999999999849,0.32469208458635695,2.408732820188465,18.0,66.0
1790784616.3363986,0,no release,18.0,1.1755,,,,18.0,66.0
1790784618.9378,0,no release,18.0,1.4713,,,,18.0,66.0
1790784619.0906794,0,no release,18.0,1.4089,,,,18.0,66.0
1790784619.4456758,0,no release,18.0,1.2767,,,,18.0,66.0
1790784619.4813106,0,no release,18.0,1.4344,,,,18.0,66.0
1790784619.6716895,0,no release,18.0,1.4986,,,,18.0,66.0
1790784620.5664952,0,no release,18.0,1.3462,,,,18.0,66.0
1790784623.1884365,0,no release,18.0,1.2338,,,,18.0,66.0
1790784623.4093802,0,no release,18.0,1.5354,,,,18.0,66.0
1790784625.8577683,0,no release,18.0,1.6035,,,,18.0,66.0
1790784626.0078225,0,no release,18.0,1.586,,,,18.0,66.0
1790784626.38614,0,no release,18.0,1.2163,,,,18.0,66.0
1790784626.4327345,0,no release,18.0,1.3358,,,,18.0,66.0
1790784626.6581104,0,no release,18.0,1.3527,,,,18.0,66.0
1790784627.5658693,0,no release,18.0,1.4262,,,,18.0,66.0
1790784630.185108,0,no release,18.0,1.3707,,,,18.0,66.0
1790784630.4231577,0,no release,18.0,1.4455,,,,18.0,66.0
1790784630.5892115,0,grip capacity exceeded,13.382,2.0691,,,,18.0,66.0
1790784631.9370365,0,no release,18.0,1.4498,,,,18.0,66.0
1790784633.4190269,0,no release,18.0,1.1892,,,,18.0,66.0
1790784633.4569235,0,no release,18.0,1.0502,,,,18.0,66.0
1790784633.6697798,0,no release,18.0,1.0432,,,,18.0,66.0
1790784634.6659713,0,no release,18.0,1.0678,,,,18.0,66.0
1790784637.4270487,0,no release,18.0,1.2126,,,,18.0,66.0
1790784637.6659799,0,no release,18.0,1.0847,,,,18.0,66.0
1790784637.6929665,0,grip capacity exceeded,0.954,2.0462,,,,18.0,66.0
1790784637.851802,0,no release,18.0,1.108,,,,18.0,66.0
1790784639.349673,0,no release,18.0,1.2505,,,,18.0,66.0
1790784639.7038786,0,no release,18.0,1.114,,,,18.0,66.0
1790784639.7387457,0,no release,18.0,1.0509,,,,18.0,66.0
1790784639.9625225,0,no release,18.0,1.1552,,,,18.0,66.0
1790784642.0799387,0,no release,18.0,1.434,,,,18.0,66.0
1790784643.8129807,0,no release,18.0,1.0198,,,,18.0,66.0
1790784643.8361802,0,no release,18.0,1.3351,,,,18.0,66.0
1790784643.9619484,0,no release,18.0,1.5301,,,,18.0,66.0
1790784643.981596,0,hit wall,0.066,0.8527,0.03999999999999915,0.9324698623641431,2.069318799714499,18.0,66.0
1790784646.1786869,0,missed B,16.838,1.2641,16.439999999999863,0.8435809734752466,1.1912728597489186,18.0,66.0
1790784646.8484447,0,no release,18.0,1.1831,,,,18.0,66.0
1790784646.8847606,0,no release,18.0,1.2989,,,,18.0,66.0
1790784647.1046457,0,no release,18.0,1.0292,,,,18.0,66.0
1790784647.9631696,0,no release,18.0,1.2617,,,,18.0,66.0
1790784650.8764641,0,no release,18.0,1.3015,,,,18.0,66.0
1790784650.9011378,0,no release,18.0,1.2915,,,,18.0,66.0
1790784651.0561602,0,no release,18.0,1.2004,,,,18.0,66.0
1790784653.1586187,0,no release,18.0,1.2208,,,,18.0,66.0
1790784653.8548725,0,no release,18.0,1.5772,,,,18.0,66.0
1790784653.8934224,0,no release,18.0,1.1454,,,,18.0,66.0
1790784654.1296976,0,no release,18.0,1.6044,,,,18.0,66.0
1790784655.095628,0,no release,18.0,1.3481,,,,18.0,66.0
1790784657.9405365,0,no release,18.0,1.327,,,,18.0,66.0
1790784657.9627566,0,no release,18.0,1.5807,,,,18.0,66.0
1790784658.108002,0,no release,18.0,1.2473,,,,18.0,66.0
1790784659.1458335,0,no release,18.0,1.4255,,,,18.0,66.0
1790784660.945158,0,no release,18.0,1.4443,,,,18.0,66.0
1790784660.985748,0,no release,18.0,1.186,,,,18.0,66.0
1790784661.1994116,0,no release,18.0,1.7692,,,,18.0,66.0
1790784661.4791565,0,grip capacity exceeded,1.028,2.0371,,,,18.0,66.0
1790784662.0643225,0,no release,18.0,1.1541,,,,18.0,66.0
1790784664.94754,0,no release,18.0,1.48,,,,18.0,66.0
1790784664.9670548,0,no release,18.0,1.3869,,,,18.0,66.0
1790784665.1292005,0,no release,18.0,1.3276,,,,18.0,66.0
1790784666.076088,0,no release,18.0,1.3864,,,,18.0,66.0
1790784666.779831,0,no release,18.0,1.4009,,,,18.0,66.0
1790784666.819981,0,no release,18.0,1.4761,,,,18.0,66.0
1790784668.3991752,0,no release,18.0,1.3971,,,,18.0,66.0
1790784669.082954,0,no release,18.0,1.1099,,,,18.0,66.0
1790784670.7558246,0,no release,18.0,1.4235,,,,18.0,66.0
1790784670.7788677,0,no release,18.0,1.4167,,,,18.0,66.0
1790784670.9383938,0,no release,18.0,1.1373,,,,18.0,66.0
1790784673.055173,0,no release,18.0,1.8142,,,,18.0,66.0
1790784673.6754603,0,no release,18.0,1.4765,,,,18.0,66.0
1790784673.7134092,0,no release,18.0,1.6229,,,,18.0,66.0
1790784674.2331362,0,no release,18.0,1.4203,,,,18.0,66.0
1790784676.026489,0,no release,18.0,1.6626,,,,18.0,66.0
1790784677.446953,0,missed B,16.574,1.8342,16.179999999999822,0.8291365290307999,1.3423157215096537,18.0,66.0
1790784677.6549108,0,no release,18.0,1.3215,,,,18.0,66.0
1790784677.682813,0,no release,18.0,1.1084,,,,18.0,66.0
1790784680.100776,0,no release,18.0,1.3315,,,,18.0,66.0
1790784680.7356877,0,no release,18.0,1.6381,,,,18.0,66.0
1790784680.7706387,0,no release,18.0,1.1548,,,,18.0,66.0
1790784681.2679927,0,no release,18.0,1.1922,,,,18.0,66.0
1790784682.0285718,0,no release,18.0,1.1054,,,,18.0,66.0
1790784684.6300116,0,no release,18.0,1.1946,,,,18.0,66.0
1790784684.845936,0,no release,18.0,1.189,,,,18.0,66.0
1790784684.8663905,0,no release,18.0,1.3513,,,,18.0,66.0
1790784686.1589248,0,no release,18.0,1.3093,,,,18.0,66.0
1790784687.966773,0,no release,18.0,1.3612,,,,18.0,66.0
1790784688.0004764,0,no release,18.0,1.3107,,,,18.0,66.0
1790784688.4950309,0,no release,18.0,1.2178,,,,18.0,66.0
1790784689.194183,0,no release,18.0,1.1995,,,,18.0,66.0
1790784691.8636312,0,no release,18.0,1.0823,,,,18.0,66.0
1790784692.0825589,0,no release,18.0,1.1716,,,,18.0,66.0
1790784692.1102035,0,no release,18.0,1.3467,,,,18.0,66.0
1790784693.4274695,0,no release,18.0,1.2707,,,,18.0,66.0
1790784694.1416194,0,no release,18.0,1.6445,,,,18.0,66.0
1790784694.173691,0,no release,18.0,1.5494,,,,18.0,66.0
1790784695.7153015,0,no release,18.0,1.3405,,,,18.0,66.0
1790784696.366491,0,no release,18.0,1.4044,,,,18.0,66.0
1790784698.0067503,0,no release,18.0,1.4756,,,,18.0,66.0
1790784698.182257,0,no release,18.0,1.1623,,,,18.0,66.0
1790784698.2007847,0,no release,18.0,1.0953,,,,18.0,66.0
1790784700.5551267,0,no release,18.0,1.1014,,,,18.0,66.0
1790784701.2899003,0,no release,18.0,1.2333,,,,18.0,66.0
1790784701.3239288,0,no release,18.0,1.1184,,,,18.0,66.0
1790784701.800509,0,no release,18.0,1.3098,,,,18.0,66.0
1790784703.5727098,0,no release,18.0,1.2554,,,,18.0,66.0
1790784705.1534142,0,no release,18.0,1.3705,,,,18.0,66.0
1790784705.368123,0,no release,18.0,1.2378,,,,18.0,66.0
1790784705.3898594,0,no release,18.0,1.1488,,,,18.0,66.0
1790784707.7348313,0,no release,18.0,1.0909,,,,18.0,66.0
1790784708.4246309,0,no release,18.0,1.3206,,,,18.0,66.0
1790784708.4587204,0,no release,18.0,1.4613,,,,18.0,66.0
1790784708.9544342,0,no release,18.0,1.0385,,,,18.0,66.0
1790784709.641778,0,no release,18.0,1.2998,,,,18.0,66.0
1790784712.2107403,0,no release,18.0,1.5004,,,,18.0,66.0
1790784712.4199395,0,no release,18.0,1.3293,,,,18.0,66.0
1790784712.4393377,0,no release,18.0,1.0896,,,,18.0,66.0
1790784713.7656765,0,no release,18.0,1.228,,,,18.0,66.0
1790784715.5225902,0,no release,18.0,1.5717,,,,18.0,66.0
1790784715.5583107,0,no release,18.0,1.2948,,,,18.0,66.0
1790784715.9553025,0,hit wall,15.398,1.5405,,,,18.0,66.0
1790784715.9915946,0,no release,18.0,1.3945,,,,18.0,66.0
1790784719.3706331,0,no release,18.0,1.5493,,,,18.0,66.0
1790784719.5264268,0,no release,18.0,1.2553,,,,18.0,66.0
1790784719.5445008,0,no release,18.0,1.3189,,,,18.0,66.0
1790784720.774727,0,no release,18.0,1.4694,,,,18.0,66.0
1790784721.5194223,0,no release,18.0,1.2332,,,,18.0,66.0
1790784721.5598316,0,no release,18.0,1.2154,,,,18.0,66.0
1790784723.051829,0,no release,18.0,1.3614,,,,18.0,66.0
1790784723.0813053,0,no release,18.0,1.412,,,,18.0,66.0
1790784724.7209802,0,hit wall,15.188,1.1123,,,,18.0,66.0
1790784725.2732701,0,no release,18.0,1.4282,,,,18.0,66.0
1790784725.470508,0,no release,18.0,1.1622,,,,18.0,66.0
1790784727.7446697,0,no release,18.0,1.1639,,,,18.0,66.0
1790784728.4822433,0,no release,18.0,1.0604,,,,18.0,66.0
1790784728.5249753,0,no release,18.0,1.0731,,,,18.0,66.0
1790784729.029208,0,no release,18.0,1.1334,,,,18.0,66.0
1790784729.0697947,0,no release,18.0,1.3035,,,,18.0,66.0
1790784731.8846757,0,no release,18.0,1.0989,,,,18.0,66.0
1790784732.4927933,0,no release,18.0,1.2689,,,,18.0,66.0
1790784732.7348907,0,no release,18.0,1.3892,,,,18.0,66.0
1790784735.2080522,0,no release,18.0,1.3883,,,,18.0,66.0
1790784736.0336618,0,no release,18.0,1.2805,,,,18.0,66.0
1790784736.0793946,0,no release,18.0,1.3298,,,,18.0,66.0
1790784736.610121,0,no release,18.0,1.3964,,,,18.0,66.0
1790784736.65739,0,no release,18.0,1.6197,,,,18.0,66.0
1790784739.5529978,0,no release,18.0,1.161,,,,18.0,66.0
1790784740.1911607,0,no release,18.0,1.3589,,,,18.0,66.0
1790784740.4401932,0,no release,18.0,1.4244,,,,18.0,66.0
1790784741.7157176,0,no release,18.0,1.1593,,,,18.0,66.0
1790784743.5592592,0,no release,18.0,1.2458,,,,18.0,66.0
1790784743.595066,0,no release,18.0,1.5206,,,,18.0,66.0
1790784744.102924,0,no release,18.0,1.0848,,,,18.0,66.0
1790784744.1461294,0,no release,18.0,1.2661,,,,18.0,66.0
1790784745.8605595,0,no release,18.0,1.3912,,,,18.0,66.0
1790784747.2300684,0,no release,18.0,1.1408,,,,18.0,66.0
1790784747.4854255,0,no release,18.0,1.7525,,,,18.0,66.0
1790784748.5670986,0,hit wall,12.544,1.2772,12.519999999999733,0.6258031956974617,2.4887039963365325,18.0,66.0
1790784748.8510904,0,no release,18.0,1.4811,,,,18.0,66.0
1790784749.5624855,0,no release,18.0,1.084,,,,18.0,66.0
1790784749.5982435,0,no release,18.0,1.1683,,,,18.0,66.0
1790784751.2171526,0,no release,18.0,1.4524,,,,18.0,66.0
1790784752.99484,0,no release,18.0,1.5411,,,,18.0,66.0
1790784753.572653,0,no release,18.0,1.3244,,,,18.0,66.0
1790784753.7744808,0,no release,18.0,1.6558,,,,18.0,66.0
1790784755.7731533,0,no release,18.0,1.2576,,,,18.0,66.0
1790784756.0321388,0,no release,18.0,1.228,,,,18.0,66.0
1790784756.5563214,0,hit wall,17.242,1.1976,,,,18.0,66.0
1790784756.7305746,0,no release,18.0,1.3387,,,,18.0,66.0
1790784757.3032625,0,no release,18.0,1.4585,,,,18.0,66.0
1790784759.814457,0,grip capacity exceeded,14.662,2.117,,,,18.0,66.0
1790784759.9823747,0,no release,18.0,1.2057,,,,18.0,66.0
1790784760.5735197,0,no release,18.0,1.318,,,,18.0,66.0
1790784762.7452426,0,no release,18.0,1.3158,,,,18.0,66.0
1790784762.9882562,0,no release,18.0,1.3691,,,,18.0,66.0
1790784763.530647,0,no release,18.0,1.1198,,,,18.0,66.0
1790784763.7059927,0,no release,18.0,1.3019,,,,18.0,66.0
1790784764.2761312,0,no release,18.0,1.3126,,,,18.0,66.0
1790784766.7455282,0,no release,18.0,1.3209,,,,18.0,66.0
1790784766.9079952,0,no release,18.0,1.2058,,,,18.0,66.0
1790784767.4833791,0,no release,18.0,1.1486,,,,18.0,66.0
1790784768.6371617,0,no release,18.0,1.1668,,,,18.0,66.0
1790784768.9194407,0,no release,18.0,1.1377,,,,18.0,66.0
1790784770.4298427,0,hit wall,15.292,1.3554,,,,18.0,66.0
1790784770.4651074,0,no release,18.0,1.377,,,,18.0,66.0
1790784770.6074567,0,no release,18.0,1.1583,,,,18.0,66.0
1790784772.689519,0,no release,18.0,0.9808,,,,18.0,66.0
1790784772.8575115,0,no release,18.0,1.155,,,,18.0,66.0
1790784774.4526956,0,no release,18.0,1.2046,,,,18.0,66.0
1790784775.6370575,0,no release,18.0,1.5052,,,,18.0,66.0
1790784775.9204814,0,no release,18.0,1.3235,,,,18.0,66.0
1790784776.4074614,0,no release,18.0,1.0975,,,,18.0,66.0
1790784776.444498,0,no release,18.0,1.2959,,,,18.0,66.0
1790784776.5888696,0,no release,18.0,1.4083,,,,18.0,66.0
1790784779.8119626,0,no release,18.0,1.2094,,,,18.0,66.0
1790784779.962815,0,no release,18.0,1.3452,,,,18.0,66.0
1790784780.2255337,0,grip capacity exceeded,12.864,2.0718,,,,18.0,66.0
1790784780.4314582,0,no release,18.0,1.3583,,,,18.0,66.0
1790784783.0659766,0,no release,18.0,1.353,,,,18.0,66.0
1790784783.5556026,0,no release,18.0,1.0613,,,,18.0,66.0
1790784783.5907662,0,no release,18.0,1.2557,,,,18.0,66.0
1790784783.740178,0,no release,18.0,1.2808,,,,18.0,66.0
1790784786.795754,0,no release,18.0,1.8076,,,,18.0,66.0
1790784786.9807298,0,no release,18.0,1.2287,,,,18.0,66.0
1790784787.2611604,0,no release,18.0,1.2597,,,,18.0,66.0
1790784787.477872,0,no release,18.0,1.6039,,,,18.0,66.0
1790784789.7113624,0,hit wall,5.582,1.0155,5.5599999999998815,0.2391365290308032,2.2795955267047185,18.0,66.0
1790784789.8786013,0,no release,18.0,1.0089,,,,18.0,66.0
1790784790.3829808,0,no release,18.0,1.1998,,,,18.0,66.0
1790784790.4166825,0,no release,18.0,1.2453,,,,18.0,66.0
1790784790.5940487,0,no release,18.0,1.1372,,,,18.0,66.0
1790784793.5959811,0,no release,18.0,1.2087,,,,18.0,66.0
1790784793.7644234,0,no release,18.0,1.8353,,,,18.0,66.0
1790784794.365912,0,no release,18.0,1.0426,,,,18.0,66.0
1790784795.551526,0,no release,18.0,1.0698,,,,18.0,66.0
1790784795.7141266,0,no release,18.0,1.1595,,,,18.0,66.0
1790784797.3329978,0,no release,18.0,1.3532,,,,18.0,66.0
1790784797.3729324,0,no release,18.0,1.3832,,,,18.0,66.0
1790784797.549245,0,no release,18.0,1.0837,,,,18.0,66.0
1790784799.5758545,0,no release,18.0,1.1637,,,,18.0,66.0
1790784800.8214226,0,no release,18.0,1.1097,,,,18.0,66.0
1790784801.3577166,0,no release,18.0,1.2993,,,,18.0,66.0
1790784802.612829,0,no release,18.0,1.0702,,,,18.0,66.0
1790784802.7928593,0,no release,18.0,1.1092,,,,18.0,66.0
1790784803.2649198,0,no release,18.0,1.2825,,,,18.0,66.0
1790784803.300596,0,no release,18.0,1.1177,,,,18.0,66.0
1790784803.463841,0,no release,18.0,1.0724,,,,18.0,66.0
1790784806.7084715,0,no release,18.0,1.0851,,,,18.0,66.0
1790784806.8770125,0,no release,18.0,1.1723,,,,18.0,66.0
1790784807.4316173,0,no release,18.0,1.1619,,,,18.0,66.0
1790784809.7948403,0,no release,18.0,1.367,,,,18.0,66.0
1790784809.9732752,0,no release,18.0,1.0283,,,,18.0,66.0
1790784810.4989436,0,no release,18.0,1.1107,,,,18.0,66.0
1790784810.5377846,0,no release,18.0,1.1426,,,,18.0,66.0
1790784810.707649,0,no release,18.0,1.1693,,,,18.0,66.0
1790784813.96483,0,no release,18.0,1.079,,,,18.0,66.0
1790784814.154998,0,no release,18.0,1.1765,,,,18.0,66.0
1790784814.7179368,0,no release,18.0,1.4515,,,,18.0,66.0
1790784817.0512931,0,no release,18.0,1.3865,,,,18.0,66.0
1790784817.229357,0,no release,18.0,1.0517,,,,18.0,66.0
1790784817.792444,0,no release,18.0,1.1396,,,,18.0,66.0
1790784817.8307147,0,no release,18.0,1.3651,,,,18.0,66.0
1790784818.0025244,0,no release,18.0,1.1908,,,,18.0,66.0
1790784821.104042,0,no release,18.0,1.5933,,,,18.0,66.0
1790784821.2788582,0,no release,18.0,1.3036,,,,18.0,66.0
1790784821.844302,0,no release,18.0,1.3232,,,,18.0,66.0
1790784823.179243,0,no release,18.0,1.121,,,,18.0,66.0
1790784824.375134,0,no release,18.0,1.1309,,,,18.0,66.0
1790784824.8295271,0,no release,18.0,1.0948,,,,18.0,66.0
1790784824.8705983,0,no release,18.0,1.1548,,,,18.0,66.0
1790784825.056289,0,no release,18.0,1.0403,,,,18.0,66.0
1790784827.2697542,0,no release,18.0,1.3599,,,,18.0,66.0
1790784828.5355456,0,no release,18.0,1.2549,,,,18.0,66.0
1790784829.0990136,0,no release,18.0,1.4165,,,,18.0,66.0
1790784830.4412727,0,no release,18.0,1.2215,,,,18.0,66.0
1790784830.6348357,0,no release,18.0,1.1766,,,,18.0,66.0
1790784831.144491,0,no release,18.0,1.3996,,,,18.0,66.0
1790784831.1774492,0,no release,18.0,1.3605,,,,18.0,66.0
1790784832.3650157,0,no release,18.0,1.3825,,,,18.0,66.0
1790784834.504471,0,no release,18.0,1.158,,,,18.0,66.0
1790784834.6722927,0,no release,18.0,1.3572,,,,18.0,66.0
1790784835.189154,0,no release,18.0,1.1997,,,,18.0,66.0
1790784837.5337913,0,no release,18.0,1.5461,,,,18.0,66.0
1790784837.6969488,0,no release,18.0,1.8046,,,,18.0,66.0
1790784838.2042396,0,no release,18.0,1.5044,,,,18.0,66.0
1790784838.2379255,0,no release,18.0,1.3972,,,,18.0,66.0
1790784838.392275,0,no release,18.0,1.3519,,,,18.0,66.0
1790784841.550952,0,no release,18.0,1.22,,,,18.0,66.0
1790784841.7203074,0,no release,18.0,1.2432,,,,18.0,66.0
1790784842.241006,0,no release,18.0,1.1087,,,,18.0,66.0
1790784844.5867834,0,no release,18.0,1.205,,,,18.0,66.0
1790784844.7537982,0,no release,18.0,1.6376,,,,18.0,66.0
1790784845.2614648,0,no release,18.0,0.9777,,,,18.0,66.0
1790784845.301953,0,no release,18.0,1.4548,,,,18.0,66.0
1790784845.4842298,0,no release,18.0,1.8966,,,,18.0,66.0
1790784848.6309066,0,no release,18.0,1.2072,,,,18.0,66.0
1790784848.8052106,0,no release,18.0,1.5345,,,,18.0,66.0
1790784849.334224,0,no release,18.0,1.0463,,,,18.0,66.0
1790784850.6480246,0,no release,18.0,1.1268,,,,18.0,66.0
1790784851.9620457,0,no release,18.0,1.2783,,,,18.0,66.0
1790784852.4777358,0,no release,18.0,1.3057,,,,18.0,66.0
1790784852.513551,0,no release,18.0,1.0279,,,,18.0,66.0
1790784852.6847813,0,no release,18.0,1.2096,,,,18.0,66.0
1790784854.2584805,0,hit wall,9.12,1.1645,9.099999999999806,0.4358031956974657,2.595096980705699,18.0,66.0
1790784855.8387117,0,no release,18.0,1.3122,,,,18.0,66.0
1790784856.0126119,0,no release,18.0,1.288,,,,18.0,66.0
1790784856.539927,0,no release,18.0,1.1507,,,,18.0,66.0
1790784857.847243,0,no release,18.0,1.0984,,,,18.0,66.0
1790784858.3934853,0,no release,18.0,1.7602,,,,18.0,66.0
1790784858.4272258,0,no release,18.0,1.1484,,,,18.0,66.0
1790784859.6838198,0,no release,18.0,1.2422,,,,18.0,66.0
1790784861.187544,0,no release,18.0,1.2959,,,,18.0,66.0
1790784861.6769488,0,no release,18.0,1.261,,,,18.0,66.0
1790784861.8574517,0,no release,18.0,1.1194,,,,18.0,66.0
1790784863.4732308,0,no release,18.0,1.0374,,,,18.0,66.0
1790784864.5332274,0,slipped off A,14.772,1.6583,,,,18.0,66.0
1790784864.9584348,0,no release,18.0,1.3055,,,,18.0,66.0
1790784865.5204914,0,no release,18.0,1.6345,,,,18.0,66.0
1790784865.7426267,0,no release,18.0,1.1539,,,,18.0,66.0
1790784868.554584,0,no release,18.0,1.6074,,,,18.0,66.0
1790784869.005982,0,no release,18.0,1.3426,,,,18.0,66.0
1790784869.1981106,0,no release,18.0,1.3571,,,,18.0,66.0
1790784869.8109,0,no release,18.0,1.0618,,,,18.0,66.0
1790784872.1618001,0,no release,18.0,1.6825,,,,18.0,66.0
1790784872.5651295,0,no release,18.0,1.3303,,,,18.0,66.0
1790784873.1012626,0,no release,18.0,1.2171,,,,18.0,66.0
1790784873.339421,0,no release,18.0,1.5119,,,,18.0,66.0
1790784876.2467432,0,no release,18.0,1.6945,,,,18.0,66.0
1790784876.7143934,0,no release,18.0,1.5231,,,,18.0,66.0
1790784876.8931963,0,no release,18.0,1.4107,,,,18.0,66.0
1790784877.4921947,0,no release,18.0,1.2208,,,,18.0,66.0
1790784878.8087482,0,no release,18.0,1.5464,,,,18.0,66.0
1790784880.2761118,0,no release,18.0,1.4225,,,,18.0,66.0
1790784880.804342,0,no release,18.0,1.6311,,,,18.0,66.0
1790784881.025433,0,no release,18.0,1.1735,,,,18.0,66.0
1790784882.9650316,0,no release,18.0,1.2321,,,,18.0,66.0
1790784884.483275,0,no release,18.0,1.3014,,,,18.0,66.0
1790784884.6774201,0,no release,18.0,1.4018,,,,18.0,66.0
1790784885.2511985,0,no release,18.0,1.351,,,,18.0,66.0
1790784886.5807183,0,no release,18.0,1.1467,,,,18.0,66.0
1790784887.02064,0,no release,18.0,1.2741,,,,18.0,66.0
1790784887.52345,0,no release,18.0,1.2644,,,,18.0,66.0
1790784888.8031092,0,no release,18.0,1.2538,,,,18.0,66.0
1790784890.6877291,0,no release,18.0,1.5448,,,,18.0,66.0
1790784891.169145,0,no release,18.0,1.041,,,,18.0,66.0
1790784891.331902,0,no release,18.0,1.3558,,,,18.0,66.0
1790784892.973542,0,no release,18.0,1.2791,,,,18.0,66.0
1790784894.2557738,0,no release,18.0,1.1849,,,,18.0,66.0
1790784894.6416633,0,no release,18.0,1.1679,,,,18.0,66.0
1790784895.148169,0,no release,18.0,1.3218,,,,18.0,66.0
1790784895.361209,0,no release,18.0,1.1431,,,,18.0,66.0
1790784898.3233602,0,no release,18.0,1.1643,,,,18.0,66.0
1790784898.7774997,0,no release,18.0,1.1151,,,,18.0,66.0
1790784898.9311008,0,no release,18.0,1.357,,,,18.0,66.0
1790784899.5226104,0,no release,18.0,1.3246,,,,18.0,66.0
1790784901.8603666,0,no release,18.0,1.2918,,,,18.0,66.0
1790784902.2759972,0,no release,18.0,1.3156,,,,18.0,66.0
1790784902.769285,0,no release,18.0,1.3163,,,,18.0,66.0
1790784902.96708,0,no release,18.0,1.5818,,,,18.0,66.0
1790784905.8684866,0,no release,18.0,1.3513,,,,18.0,66.0
1790784906.3168097,0,no release,18.0,1.2373,,,,18.0,66.0
1790784906.4688208,0,no release,18.0,1.3392,,,,18.0,66.0
1790784907.0685778,0,no release,18.0,1.4812,,,,18.0,66.0
1790784908.376129,0,no release,18.0,1.1468,,,,18.0,66.0
1790784909.8390367,0,no release,18.0,1.1791,,,,18.0,66.0
1790784910.2706892,0,no release,18.0,1.4895,,,,18.0,66.0
1790784910.4792602,0,no release,18.0,1.8789,,,,18.0,66.0
1790784910.5169652,0,grip capacity exceeded,0.114,2.0292,,,,18.0,66.0
1790784912.3140333,0,hit wall,15.52,1.3079,,,,18.0,66.0
1790784912.3942516,0,no release,18.0,1.4921,,,,18.0,66.0
1790784913.9433455,0,no release,18.0,1.6179,,,,18.0,66.0
1790784914.6260602,0,no release,18.0,1.3377,,,,18.0,66.0
1790784915.9301207,0,no release,18.0,1.2432,,,,18.0,66.0
1790784916.3442283,0,no release,18.0,1.2421,,,,18.0,66.0
1790784917.9289937,0,no release,18.0,1.1861,,,,18.0,66.0
1790784918.1479702,0,no release,18.0,1.2458,,,,18.0,66.0
1790784918.2006354,0,grip capacity exceeded,1.042,2.0676,,,,18.0,66.0
1790784919.9119782,0,no release,18.0,1.3219,,,,18.0,66.0
1790784919.9975953,0,no release,18.0,1.5524,,,,18.0,66.0
1790784920.529823,0,no release,18.0,1.311,,,,18.0,66.0
1790784922.3531697,0,no release,18.0,1.2773,,,,18.0,66.0
1790784923.5810018,0,no release,18.0,1.4259,,,,18.0,66.0
1790784923.996247,0,no release,18.0,1.0301,,,,18.0,66.0
1790784924.0329545,0,grip capacity exceeded,0.116,2.0016,,,,18.0,66.0
1790784924.8499517,0,no release,18.0,1.3134,,,,18.0,66.0
1790784924.9076254,0,no release,18.0,1.371,,,,18.0,66.0
1790784927.8698196,0,no release,18.0,0.9827,,,,18.0,66.0
1790784927.9539192,0,no release,18.0,1.0512,,,,18.0,66.0
1790784928.5194464,0,no release,18.0,1.4922,,,,18.0,66.0
1790784929.3696134,0,no release,18.0,1.093,,,,18.0,66.0
1790784929.4410682,0,slipped off A,12.772,1.2456,,,,18.0,66.0
1790784931.6679368,0,no release,18.0,1.3694,,,,18.0,66.0
1790784932.957081,0,no release,18.0,1.7873,,,,18.0,66.0
1790784933.0242202,0,no release,18.0,1.4045,,,,18.0,66.0
1790784935.7992876,0,no release,18.0,1.9209,,,,18.0,66.0
1790784935.8931444,0,no release,18.0,1.1657,,,,18.0,66.0
1790784936.4241269,0,no release,18.0,1.1486,,,,18.0,66.0
1790784937.2600558,0,no release,18.0,1.8793,,,,18.0,66.0
1790784937.3365982,0,no release,18.0,1.3897,,,,18.0,66.0
1790784939.4918756,0,no release,18.0,1.4321,,,,18.0,66.0
1790784940.5453048,0,hit wall,17.03,1.7358,,,,18.0,66.0
1790784940.8061128,0,no release,18.0,1.3088,,,,18.0,66.0
1790784942.3844266,0,no release,18.0,1.2575,,,,18.0,66.0
1790784942.4732826,0,no release,18.0,1.1441,,,,18.0,66.0
1790784944.0475824,0,no release,18.0,1.4839,,,,18.0,66.0
1790784944.849065,0,no release,18.0,1.2641,,,,18.0,66.0
1790784944.9087007,0,no release,18.0,1.231,,,,18.0,66.0
1790784945.9579954,0,no release,18.0,1.1714,,,,18.0,66.0
1790784947.9930108,0,no release,18.0,1.103,,,,18.0,66.0
1790784948.2490263,0,no release,18.0,1.3716,,,,18.0,66.0
1790784949.5188298,0,hit wall,4.302,1.268,4.279999999999909,0.1680254179196936,2.1838519164369052,18.0,66.0
1790784949.8663883,0,no release,18.0,1.1409,,,,18.0,66.0
1790784949.9748387,0,no release,18.0,1.1956,,,,18.0,66.0
1790784950.4683905,0,no release,18.0,1.0773,,,,18.0,66.0
1790784952.352702,0,no release,18.0,1.0699,,,,18.0,66.0
1790784952.4229527,0,no release,18.0,1.0191,,,,18.0,66.0
1790784953.5089035,0,no release,18.0,1.1344,,,,18.0,66.0
1790784954.4892962,0,no release,18.0,1.5254,,,,18.0,66.0
1790784957.182899,0,no release,18.0,1.0349,,,,18.0,66.0
1790784957.5825,0,no release,18.0,1.0622,,,,18.0,66.0
1790784957.6834898,0,no release,18.0,1.2082,,,,18.0,66.0
1790784958.1711164,0,no release,18.0,1.7234,,,,18.0,66.0
1790784958.9266696,0,no release,18.0,1.1924,,,,18.0,66.0
1790784959.00864,0,no release,18.0,1.3883,,,,18.0,66.0
1790784961.1996124,0,no release,18.0,1.2639,,,,18.0,66.0
1790784962.2932897,0,no release,18.0,1.1647,,,,18.0,66.0
1790784963.088927,0,missed B,14.292,1.036,13.979999999999702,0.706914306808571,1.2586590125311043,18.0,66.0
1790784964.8857598,0,no release,18.0,1.2373,,,,18.0,66.0
1790784965.3455667,0,no release,18.0,1.2682,,,,18.0,66.0
1790784965.866176,0,no release,18.0,1.662,,,,18.0,66.0
1790784966.6488109,0,no release,18.0,1.2935,,,,18.0,66.0
1790784966.7195601,0,no release,18.0,1.2869,,,,18.0,66.0
1790784968.9700344,0,no release,18.0,1.277,,,,18.0,66.0
1790784969.9317617,0,no release,18.0,1.2066,,,,18.0,66.0
1790784970.7903523,0,no release,18.0,1.1093,,,,18.0,66.0
1790784971.4908094,0,no release,18.0,1.1302,,,,18.0,66.0
1790784972.0111532,0,no release,18.0,1.1839,,,,18.0,66.0
1790784973.802159,0,no release,18.0,1.1377,,,,18.0,66.0
1790784974.621041,0,no release,18.0,1.5592,,,,18.0,66.0
1790784974.7026463,0,no release,18.0,1.1171,,,,18.0,66.0
1790784975.8764584,0,no release,18.0,1.1529,,,,18.0,66.0
1790784977.8671665,0,no release,18.0,1.0407,,,,18.0,66.0
1790784978.710539,0,no release,18.0,1.3668,,,,18.0,66.0
1790784979.455733,0,no release,18.0,1.2784,,,,18.0,66.0
1790784979.966189,0,no release,18.0,1.0435,,,,18.0,66.0
1790784980.4620316,0,no release,18.0,1.2368,,,,18.0,66.0
1790784982.3420532,0,no release,18.0,1.4411,,,,18.0,66.0
1790784982.424865,0,no release,18.0,1.2875,,,,18.0,66.0
1790784983.577016,0,no release,18.0,1.29,,,,18.0,66.0
1790784984.6339805,0,no release,18.0,1.0116,,,,18.0,66.0
1790784986.4722762,0,no release,18.0,1.0373,,,,18.0,66.0
1790784987.245391,0,no release,18.0,1.106,,,,18.0,66.0
1790784987.7259526,0,no release,18.0,1.1178,,,,18.0,66.0
1790784988.2639167,0,no release,18.0,1.2079,,,,18.0,66.0
1790784989.0197072,0,no release,18.0,1.2574,,,,18.0,66.0
1790784989.0875843,0,no release,18.0,1.2243,,,,18.0,66.0
1790784991.406941,0,no release,18.0,1.1198,,,,18.0,66.0
1790784992.3959506,0,no release,18.0,1.0483,,,,18.0,66.0
1790784993.1475298,0,no release,18.0,0.9747,,,,18.0,66.0
1790784993.579757,0,hit wall,15.23,1.0652,,,,18.0,66.0
1790784995.1020522,0,no release,18.0,1.1542,,,,18.0,66.0
1790784996.0566285,0,no release,18.0,1.0549,,,,18.0,66.0
1790784996.7931116,0,no release,18.0,1.0259,,,,18.0,66.0
1790784996.8782923,0,no release,18.0,1.1478,,,,18.0,66.0
1790784999.1917784,0,no release,18.0,0.9737,,,,18.0,66.0
1790785000.1189117,0,no release,18.0,0.8714,,,,18.0,66.0
1790785000.8736541,0,no release,18.0,1.2821,,,,18.0,66.0
1790785001.253555,0,no release,18.0,1.3769,,,,18.0,66.0
1790785001.671057,0,no release,18.0,1.3955,,,,18.0,66.0
1790785003.694242,0,no release,18.0,1.0084,,,,18.0,66.0
1790785004.3902264,0,no release,18.0,1.0596,,,,18.0,66.0
1790785004.465063,0,no release,18.0,1.1803,,,,18.0,66.0
1790785005.6840725,0,no release,18.0,1.1357,,,,18.0,66.0
1790785007.72886,0,no release,18.0,1.0535,,,,18.0,66.0
1790785008.4249828,0,no release,18.0,0.9419,,,,18.0,66.0
1790785008.7776642,0,no release,18.0,1.2793,,,,18.0,66.0
1790785009.1631715,0,no release,18.0,1.0842,,,,18.0,66.0
1790785010.1979103,0,no release,18.0,1.1551,,,,18.0,66.0
1790785011.9178765,0,slipped off A,13.398,1.0084,,,,18.0,66.0
1790785012.061443,0,no release,18.0,1.418,,,,18.0,66.0
1790785012.1229138,0,no release,18.0,0.9743,,,,18.0,66.0
1790785014.3114474,0,no release,18.0,0.9731,,,,18.0,66.0
1790785016.1101742,0,no release,18.0,1.0821,,,,18.0,66.0
1790785016.4519727,0,no release,18.0,1.6272,,,,18.0,66.0
1790785016.8224943,0,no release,18.0,1.1348,,,,18.0,66.0
1790785017.8464777,0,no release,18.0,0.8647,,,,18.0,66.0
1790785018.507901,0,no release,18.0,1.1342,,,,18.0,66.0
1790785018.703789,0,no release,18.0,1.0256,,,,18.0,66.0
1790785018.7744422,0,no release,18.0,1.0343,,,,18.0,66.0
1790785021.9765778,0,no release,18.0,1.1227,,,,18.0,66.0
1790785022.8376462,0,no release,18.0,1.0162,,,,18.0,66.0
1790785024.2623081,0,no release,18.0,1.4841,,,,18.0,66.0
1790785024.6292245,0,no release,18.0,1.0302,,,,18.0,66.0
1790785025.6288981,0,no release,18.0,0.9284,,,,18.0,66.0
1790785026.2906992,0,no release,18.0,1.4226,,,,18.0,66.0
1790785026.5054271,0,no release,18.0,1.0295,,,,18.0,66.0
1790785026.5948477,0,no release,18.0,1.0084,,,,18.0,66.0
1790785029.9665275,0,no release,18.0,1.1494,,,,18.0,66.0
1790785030.8316402,0,no release,18.0,1.1669,,,,18.0,66.0
1790785031.2258039,0,no release,18.0,0.9691,,,,18.0,66.0
1790785031.5953064,0,no release,18.0,1.5921,,,,18.0,66.0
1790785033.596019,0,no release,18.0,1.3216,,,,18.0,66.0
1790785034.2338047,0,no release,18.0,1.0685,,,,18.0,66.0
1790785034.412854,0,no release,18.0,1.0192,,,,18.0,66.0
1790785034.4976022,0,no release,18.0,0.9589,,,,18.0,66.0
1790785037.7497761,0,no release,18.0,0.9719,,,,18.0,66.0
1790785038.597852,0,no release,18.0,1.0687,,,,18.0,66.0
1790785038.9540226,0,no release,18.0,1.631,,,,18.0,66.0
1790785039.3020864,0,no release,18.0,0.9608,,,,18.0,66.0
1790785040.213285,0,no release,18.0,1.0062,,,,18.0,66.0
1790785041.8996255,0,no release,18.0,1.227,,,,18.0,66.0
1790785042.0749328,0,no release,18.0,1.3082,,,,18.0,66.0
1790785042.1505935,0,no release,18.0,1.314,,,,18.0,66.0
1790785044.3333902,0,no release,18.0,1.4288,,,,18.0,66.0
1790785046.2829115,0,no release,18.0,1.045,,,,18.0,66.0
1790785046.644259,0,no release,18.0,1.4335,,,,18.0,66.0
1790785046.7189577,0,grip capacity exceeded,0.28,2.1959,,,,18.0,66.0
1790785046.9885483,0,no release,18.0,1.5401,,,,18.0,66.0
1790785047.9747381,0,no release,18.0,1.145,,,,18.0,66.0
1790785048.0124483,0,grip capacity exceeded,0.12,2.0461,,,,18.0,66.0
1790785048.6271071,0,no release,18.0,0.9189,,,,18.0,66.0
1790785048.810462,0,no release,18.0,1.063,,,,18.0,66.0
1790785048.8956137,0,no release,18.0,0.9582,,,,18.0,66.0
1790785052.018727,0,no release,18.0,1.0572,,,,18.0,66.0
1790785052.8980134,0,no release,18.0,1.1026,,,,18.0,66.0
1790785052.9868917,0,slipped off A,0.23,1.1288,,,,18.0,66.0
1790785054.420043,0,no release,18.0,1.5906,,,,18.0,66.0
1790785054.6554606,0,no release,18.0,0.9517,,,,18.0,66.0
1790785055.6620011,0,no release,18.0,1.1039,,,,18.0,66.0
1790785056.2671506,0,no release,18.0,1.1615,,,,18.0,66.0
1790785056.449933,0,no release,18.0,1.108,,,,18.0,66.0
1790785056.5282803,0,no release,18.0,0.9736,,,,18.0,66.0
1790785059.6698287,0,no release,18.0,1.1317,,,,18.0,66.0
1790785060.5915594,0,no release,18.0,1.3854,,,,18.0,66.0
1790785060.9871504,0,no release,18.0,1.63,,,,18.0,66.0
1790785061.2866669,0,no release,18.0,1.0367,,,,18.0,66.0
1790785063.1687515,0,no release,18.0,1.278,,,,18.0,66.0
1790785063.762195,0,no release,18.0,1.59,,,,18.0,66.0
1790785063.9514794,0,no release,18.0,1.1488,,,,18.0,66.0
1790785064.028365,0,no release,18.0,1.0449,,,,18.0,66.0
1790785067.11017,0,no release,18.0,1.0757,,,,18.0,66.0
1790785067.9931452,0,no release,18.0,1.0139,,,,18.0,66.0
1790785068.4115195,0,no release,18.0,1.2439,,,,18.0,66.0
1790785068.6974123,0,no release,18.0,1.63,,,,18.0,66.0
1790785070.8947093,0,no release,18.0,1.0084,,,,18.0,66.0
1790785071.419579,0,no release,18.0,0.9444,,,,18.0,66.0
1790785071.5871825,0,no release,18.0,1.0738,,,,18.0,66.0
1790785071.6606975,0,no release,18.0,1.1619,,,,18.0,66.0
1790785073.8477268,0,no release,18.0,0.9959,,,,18.0,66.0
1790785075.7783377,0,no release,18.0,0.9433,,,,18.0,66.0
1790785076.1811001,0,no release,18.0,1.1071,,,,18.0,66.0
1790785076.4937456,0,no release,18.0,1.2598,,,,18.0,66.0
1790785077.522853,0,no release,18.0,1.0928,,,,18.0,66.0
1790785078.0521152,0,no release,18.0,1.0599,,,,18.0,66.0
1790785079.2855823,0,no release,18.0,1.0084,,,,18.0,66.0
1790785079.367573,0,no release,18.0,1.3061,,,,18.0,66.0
1790785081.4836376,0,no release,18.0,0.9541,,,,18.0,66.0
1790785082.2779202,0,no release,18.0,1.0084,,,,18.0,66.0
1790785083.6998096,0,no release,18.0,1.0486,,,,18.0,66.0
1790785083.9655607,0,no release,18.0,0.978,,,,18.0,66.0
1790785085.0007734,0,no release,18.0,1.0278,,,,18.0,66.0
1790785085.534699,0,no release,18.0,1.0267,,,,18.0,66.0
1790785085.6857936,0,no release,18.0,1.036,,,,18.0,66.0
1790785085.7495458,0,no release,18.0,1.0256,,,,18.0,66.0
1790785088.9049382,0,no release,18.0,1.2158,,,,18.0,66.0
1790785089.7299635,0,no release,18.0,1.6548,,,,18.0,66.0
1790785090.1150389,0,no release,18.0,1.0084,,,,18.0,66.0
1790785090.4081202,0,no release,18.0,1.258,,,,18.0,66.0
1790785092.3947108,0,no release,18.0,0.9379,,,,18.0,66.0
1790785092.9559977,0,no release,18.0,1.1587,,,,18.0,66.0
1790785093.1116502,0,no release,18.0,0.9848,,,,18.0,66.0
1790785093.1783602,0,no release,18.0,1.5171,,,,18.0,66.0
1790785096.3517246,0,no release,18.0,1.2751,,,,18.0,66.0
1790785097.203867,0,no release,18.0,1.137,,,,18.0,66.0
1790785097.5835474,0,no release,18.0,1.304,,,,18.0,66.0
1790785097.870741,0,no release,18.0,0.9364,,,,18.0,66.0
1790785099.9716976,0,no release,18.0,1.0664,,,,18.0,66.0
1790785100.4445274,0,no release,18.0,1.0084,,,,18.0,66.0
1790785100.5791283,0,no release,18.0,0.8715,,,,18.0,66.0
1790785100.6420043,0,no release,18.0,1.1791,,,,18.0,66.0
1790785102.7651927,0,no release,18.0,1.2392,,,,18.0,66.0
1790785104.6291013,0,no release,18.0,1.1193,,,,18.0,66.0
1790785104.9316528,0,no release,18.0,0.994,,,,18.0,66.0
1790785105.1799326,0,no release,18.0,1.5934,,,,18.0,66.0
1790785106.20601,0,no release,18.0,0.9437,,,,18.0,66.0
1790785106.8242254,0,no release,18.0,1.177,,,,18.0,66.0
1790785108.0998282,0,no release,18.0,1.1547,,,,18.0,66.0
1790785108.1700616,0,no release,18.0,1.3825,,,,18.0,66.0
1790785110.1680164,0,no release,18.0,1.1299,,,,18.0,66.0
1790785112.1967678,0,no release,18.0,1.1361,,,,18.0,66.0
1790785112.496184,0,no release,18.0,0.8974,,,,18.0,66.0
1790785112.7253146,0,no release,18.0,1.9782,,,,18.0,66.0
1790785113.6091,0,no release,18.0,1.0158,,,,18.0,66.0
1790785114.2146928,0,no release,18.0,1.343,,,,18.0,66.0
1790785114.3915963,0,no release,18.0,1.1375,,,,18.0,66.0
1790785114.460415,0,no release,18.0,1.2301,,,,18.0,66.0
1790785117.5119212,0,no release,18.0,1.1195,,,,18.0,66.0
1790785118.4497871,0,no release,18.0,1.097,,,,18.0,66.0
1790785118.8592181,0,no release,18.0,1.137,,,,18.0,66.0
1790785119.1423051,0,no release,18.0,1.1128,,,,18.0,66.0
1790785121.1159506,0,no release,18.0,1.0199,,,,18.0,66.0
1790785121.616765,0,no release,18.0,1.8614,,,,18.0,66.0
1790785121.7888875,0,no release,18.0,1.1423,,,,18.0,66.0
1790785121.8618672,0,no release,18.0,1.2772,,,,18.0,66.0
1790785125.167798,0,no release,18.0,1.0461,,,,18.0,66.0
1790785125.9669108,0,no release,18.0,1.0656,,,,18.0,66.0
1790785126.11779,0,hit wall,11.144,0.8847,11.119999999999763,0.5480254179196855,2.623193487869182,18.0,66.0
1790785126.386106,0,no release,18.0,1.1266,,,,18.0,66.0
1790785126.6976116,0,no release,18.0,1.0084,,,,18.0,66.0
1790785128.8676891,0,no release,18.0,1.1641,,,,18.0,66.0
1790785129.575067,0,no release,18.0,0.9672,,,,18.0,66.0
1790785129.6394885,0,no release,18.0,1.2255,,,,18.0,66.0
1790785132.9730227,0,no release,18.0,1.2252,,,,18.0,66.0
1790785133.7978363,0,no release,18.0,1.1911,,,,18.0,66.0
1790785133.928791,0,no release,18.0,1.0149,,,,18.0,66.0
1790785134.139919,0,no release,18.0,1.0777,,,,18.0,66.0
1790785134.4322016,0,no release,18.0,1.6711,,,,18.0,66.0
1790785135.4992397,0,no release,18.0,0.9987,,,,18.0,66.0
1790785137.366445,0,no release,18.0,1.029,,,,18.0,66.0
1790785137.4435692,0,no release,18.0,0.9102,,,,18.0,66.0
1790785139.5106747,0,no release,18.0,1.1702,,,,18.0,66.0
1790785141.465663,0,no release,18.0,0.9492,,,,18.0,66.0
1790785141.6194887,0,no release,18.0,1.1861,,,,18.0,66.0
1790785141.837393,0,no release,18.0,0.9004,,,,18.0,66.0
1790785142.0832746,0,no release,18.0,1.2055,,,,18.0,66.0
1790785143.0652902,0,no release,18.0,1.2229,,,,18.0,66.0
1790785143.7935665,0,no release,18.0,0.879,,,,18.0,66.0
1790785143.8565407,0,no release,18.0,1.0687,,,,18.0,66.0
1790785146.890895,0,no release,18.0,1.0467,,,,18.0,66.0
1790785147.7209141,0,no release,18.0,0.9469,,,,18.0,66.0
1790785147.8519998,0,no release,18.0,0.8551,,,,18.0,66.0
1790785148.064802,0,no release,18.0,1.0489,,,,18.0,66.0
1790785149.4900308,0,no release,18.0,0.9607,,,,18.0,66.0
1790785150.4501731,0,no release,18.0,1.032,,,,18.0,66.0
1790785151.175408,0,no release,18.0,1.0647,,,,18.0,66.0
1790785151.245473,0,no release,18.0,1.1441,,,,18.0,66.0
1790785154.4707193,0,no release,18.0,1.0653,,,,18.0,66.0
1790785155.2689314,0,no release,18.0,1.1058,,,,18.0,66.0
1790785155.4033759,0,no release,18.0,1.0968,,,,18.0,66.0
1790785155.6173887,0,no release,18.0,1.0274,,,,18.0,66.0
1790785155.8928223,0,no release,18.0,1.198,,,,18.0,66.0
1790785158.0818274,0,no release,18.0,1.0662,,,,18.0,66.0
1790785158.7928414,0,no release,18.0,1.0106,,,,18.0,66.0
1790785158.8640947,0,no release,18.0,1.0528,,,,18.0,66.0
1790785161.996252,0,no release,18.0,0.8555,,,,18.0,66.0
1790785162.9065354,0,no release,18.0,1.3512,,,,18.0,66.0
1790785163.0562503,0,no release,18.0,1.2709,,,,18.0,66.0
1790785163.2441418,0,no release,18.0,1.0869,,,,18.0,66.0
1790785163.4879017,0,no release,18.0,0.8954,,,,18.0,66.0
1790785164.4166505,0,no release,18.0,0.9169,,,,18.0,66.0
1790785166.361878,0,no release,18.0,0.9259,,,,18.0,66.0
1790785166.4419775,0,no release,18.0,1.0051,,,,18.0,66.0
1790785168.3602939,0,no release,18.0,0.9462,,,,18.0,66.0
1790785170.4151537,0,no release,18.0,1.1781,,,,18.0,66.0
1790785170.5827713,0,no release,18.0,0.9899,,,,18.0,66.0
1790785170.817688,0,no release,18.0,0.8769,,,,18.0,66.0
1790785171.132566,0,no release,18.0,1.0826,,,,18.0,66.0
1790785171.9382586,0,no release,18.0,0.9204,,,,18.0,66.0
1790785172.624809,0,no release,18.0,1.0647,,,,18.0,66.0
1790785172.70749,0,no release,18.0,1.0216,,,,18.0,66.0
1790785175.8916833,0,no release,18.0,1.0178,,,,18.0,66.0
1790785176.707624,0,no release,18.0,1.3578,,,,18.0,66.0
1790785176.8908305,0,no release,18.0,1.0841,,,,18.0,66.0
1790785177.1441815,0,no release,18.0,0.8818,,,,18.0,66.0
1790785178.5487053,0,no release,18.0,1.1073,,,,18.0,66.0
1790785179.542689,0,no release,18.0,1.7991,,,,18.0,66.0
1790785180.1956637,0,no release,18.0,0.9751,,,,18.0,66.0
1790785180.2713647,0,no release,18.0,1.1679,,,,18.0,66.0
1790785183.3806584,0,no release,18.0,1.0497,,,,18.0,66.0
1790785184.178861,0,no release,18.0,0.9544,,,,18.0,66.0
1790785184.3106563,0,no release,18.0,1.0442,,,,18.0,66.0
1790785184.518376,0,no release,18.0,0.9376,,,,18.0,66.0
1790785184.7755733,0,no release,18.0,1.0754,,,,18.0,66.0
1790785186.8561134,0,no release,18.0,0.9519,,,,18.0,66.0
1790785187.5507789,0,no release,18.0,1.0503,,,,18.0,66.0
1790785187.623035,0,no release,18.0,0.9995,,,,18.0,66.0
1790785190.7552273,0,no release,18.0,1.0067,,,,18.0,66.0
1790785191.6172628,0,no release,18.0,0.9818,,,,18.0,66.0
1790785191.781267,0,no release,18.0,1.1841,,,,18.0,66.0
1790785192.012699,0,no release,18.0,1.1055,,,,18.0,66.0
1790785192.2797873,0,no release,18.0,0.9341,,,,18.0,66.0
1790785193.2320979,0,no release,18.0,1.0852,,,,18.0,66.0
1790785195.0403047,0,no release,18.0,1.1326,,,,18.0,66.0
1790785195.1122992,0,no release,18.0,0.8975,,,,18.0,66.0
1790785197.2110343,0,no release,18.0,1.0442,,,,18.0,66.0
1790785199.1407902,0,no release,18.0,0.992,,,,18.0,66.0
1790785199.3026752,0,no release,18.0,1.0118,,,,18.0,66.0
1790785199.5797074,0,no release,18.0,0.9207,,,,18.0,66.0
1790785199.883898,0,no release,18.0,1.1353,,,,18.0,66.0
1790785200.8920143,0,no release,18.0,1.082,,,,18.0,66.0
1790785201.6364825,0,no release,18.0,1.0062,,,,18.0,66.0
1790785201.712879,0,no release,18.0,0.9109,,,,18.0,66.0
1790785204.9960403,0,no release,18.0,1.0181,,,,18.0,66.0
1790785205.8788471,0,no release,18.0,1.0049,,,,18.0,66.0
1790785206.0221722,0,no release,18.0,0.8984,,,,18.0,66.0
1790785206.2448268,0,no release,18.0,0.9536,,,,18.0,66.0
1790785207.6601722,0,no release,18.0,1.0248,,,,18.0,66.0
1790785208.6682718,0,hit wall,5.384,0.9404,5.359999999999886,0.22802541791969233,2.263835793996082,18.0,66.0
1790785208.6853776,0,no release,18.0,1.2284,,,,18.0,66.0
1790785209.430504,0,no release,18.0,1.0251,,,,18.0,66.0
1790785209.4984176,0,no release,18.0,1.0894,,,,18.0,66.0
1790785212.804917,0,no release,18.0,0.9947,,,,18.0,66.0
1790785213.8474026,0,no release,18.0,1.08,,,,18.0,66.0
1790785214.0617461,0,no release,18.0,0.8942,,,,18.0,66.0
1790785214.2971368,0,no release,18.0,1.2303,,,,18.0,66.0
1790785216.2885475,0,no release,18.0,1.2574,,,,18.0,66.0
1790785216.308646,0,no release,18.0,1.0137,,,,18.0,66.0
1790785217.0616055,0,no release,18.0,1.2175,,,,18.0,66.0
1790785217.1327577,0,no release,18.0,1.0143,,,,18.0,66.0
1790785220.2657983,0,no release,18.0,0.937,,,,18.0,66.0
1790785221.3061488,0,no release,18.0,1.0164,,,,18.0,66.0
1790785221.5719092,0,no release,18.0,1.0789,,,,18.0,66.0
1790785221.8770833,0,no release,18.0,1.0566,,,,18.0,66.0
1790785222.7231343,0,no release,18.0,1.3595,,,,18.0,66.0
1790785222.740775,0,no release,18.0,1.2456,,,,18.0,66.0
1790785224.6300733,0,no release,18.0,0.9105,,,,18.0,66.0
1790785224.706752,0,no release,18.0,0.827,,,,18.0,66.0
1790785226.6831698,0,no release,18.0,0.9938,,,,18.0,66.0
1790785228.9467673,0,no release,18.0,1.0502,,,,18.0,66.0
1790785229.1857345,0,no release,18.0,1.0762,,,,18.0,66.0
1790785229.4576466,0,no release,18.0,0.9681,,,,18.0,66.0
1790785230.347679,0,no release,18.0,1.0406,,,,18.0,66.0
1790785230.364058,0,no release,18.0,1.0098,,,,18.0,66.0
1790785231.0848403,0,no release,18.0,0.891,,,,18.0,66.0
1790785231.1523976,0,no release,18.0,0.9136,,,,18.0,66.0
1790785234.3053129,0,no release,18.0,0.9288,,,,18.0,66.0
1790785235.402536,0,no release,18.0,1.0478,,,,18.0,66.0
1790785236.8385694,0,no release,18.0,1.1909,,,,18.0,66.0
1790785237.1331918,0,no release,18.0,1.0507,,,,18.0,66.0
1790785238.0167809,0,no release,18.0,1.1299,,,,18.0,66.0
1790785238.030294,0,no release,18.0,1.6661,,,,18.0,66.0
1790785238.779189,0,no release,18.0,1.0498,,,,18.0,66.0
1790785238.8662863,0,no release,18.0,0.8864,,,,18.0,66.0
1790785242.1247487,0,no release,18.0,1.0442,,,,18.0,66.0
1790785243.185929,0,no release,18.0,0.9325,,,,18.0,66.0
1790785243.3085468,0,hit wall,10.76,1.0662,10.739999999999771,0.5269143068085749,2.661392456934368,18.0,66.0
1790785243.435403,0,no release,18.0,0.946,,,,18.0,66.0
1790785243.747083,0,no release,18.0,0.9861,,,,18.0,66.0
1790785245.8728569,0,no release,18.0,0.9694,,,,18.0,66.0
1790785245.8890448,0,no release,18.0,1.261,,,,18.0,66.0
1790785246.5119123,0,no release,18.0,1.0654,,,,18.0,66.0
1790785247.244793,0,hit wall,9.644,1.1734,9.619999999999795,0.46469208458635397,2.6464280055799194,18.0,66.0
1790785249.9204443,0,no release,18.0,1.0843,,,,18.0,66.0
1790785250.9722564,0,no release,18.0,1.141,,,,18.0,66.0
1790785251.087671,0,no release,18.0,1.1377,,,,18.0,66.0
1790785251.406265,0,no release,18.0,1.0451,,,,18.0,66.0
1790785252.4232333,0,no release,18.0,1.0313,,,,18.0,66.0
1790785252.4459674,0,no release,18.0,1.2191,,,,18.0,66.0
1790785254.3361838,0,no release,18.0,1.0569,,,,18.0,66.0
1790785254.97668,0,no release,18.0,0.8984,,,,18.0,66.0
1790785256.5584848,0,no release,18.0,0.903,,,,18.0,66.0
1790785258.7667599,0,no release,18.0,1.0442,,,,18.0,66.0
1790785258.870616,0,no release,18.0,1.1068,,,,18.0,66.0
1790785259.1507401,0,no release,18.0,0.9265,,,,18.0,66.0
1790785260.1538491,0,no release,18.0,0.9064,,,,18.0,66.0
1790785260.1688793,0,no release,18.0,0.9186,,,,18.0,66.0
1790785260.9164581,0,no release,18.0,0.9707,,,,18.0,66.0
1790785262.6212497,0,no release,18.0,0.9288,,,,18.0,66.0
1790785264.133303,0,no release,18.0,1.2578,,,,18.0,66.0
1790785266.4550455,0,no release,18.0,0.9698,,,,18.0,66.0
1790785266.567285,0,no release,18.0,1.2511,,,,18.0,66.0
1790785266.8488212,0,no release,18.0,1.2485,,,,18.0,66.0
1790785267.8311172,0,no release,18.0,1.0442,,,,18.0,66.0
1790785267.8525717,0,no release,18.0,0.9795,,,,18.0,66.0
1790785268.6376665,0,no release,18.0,1.0351,,,,18.0,66.0
1790785269.2278206,0,hit wall,17.704,1.0527,17.680000000000057,0.9124698623641463,2.089857024172379,18.0,66.0
1790785272.1203086,0,no release,18.0,1.0633,,,,18.0,66.0
1790785273.302877,0,no release,18.0,1.0807,,,,18.0,66.0
1790785273.4122133,0,no release,18.0,1.237,,,,18.0,66.0
1790785273.7121277,0,no release,18.0,1.1055,,,,18.0,66.0
1790785275.8259969,0,hit wall,8.142,1.0702,8.119999999999827,0.3813587512530224,2.501155160069835,18.0,66.0
1790785275.8603249,0,no release,18.0,0.9099,,,,18.0,66.0
1790785275.8781013,0,no release,18.0,1.1371,,,,18.0,66.0
1790785276.6831367,0,no release,18.0,0.9223,,,,18.0,66.0
1790785277.2806444,0,no release,18.0,1.0332,,,,18.0,66.0
1790785281.2309642,0,no release,18.0,0.9157,,,,18.0,66.0
1790785281.3383076,0,no release,18.0,1.0353,,,,18.0,66.0
1790785281.6254997,0,no release,18.0,1.0189,,,,18.0,66.0
1790785282.5305421,0,no release,18.0,0.9273,,,,18.0,66.0
1790785282.5653484,0,no release,18.0,0.9282,,,,18.0,66.0
1790785282.5836577,0,no release,18.0,1.1143,,,,18.0,66.0
1790785284.4374046,0,no release,18.0,0.9511,,,,18.0,66.0
1790785285.0874546,0,no release,18.0,1.1025,,,,18.0,66.0
1790785288.9759276,0,no release,18.0,1.0912,,,,18.0,66.0
1790785289.0966442,0,no release,18.0,1.0976,,,,18.0,66.0
1790785289.4225686,0,no release,18.0,0.9393,,,,18.0,66.0
1790785290.2732797,0,no release,18.0,0.9016,,,,18.0,66.0
1790785290.3022308,0,no release,18.0,1.1204,,,,18.0,66.0
1790785290.3160357,0,no release,18.0,1.2759,,,,18.0,66.0
1790785291.0313115,0,no release,18.0,1.1144,,,,18.0,66.0
1790785292.8428102,0,no release,18.0,1.0302,,,,18.0,66.0
1790785296.7527936,0,no release,18.0,1.0696,,,,18.0,66.0
1790785296.8605042,0,no release,18.0,1.1782,,,,18.0,66.0
1790785297.1558645,0,no release,18.0,0.9844,,,,18.0,66.0
1790785298.1300964,0,no release,18.0,1.0601,,,,18.0,66.0
1790785298.1665134,0,no release,18.0,1.1002,,,,18.0,66.0
1790785298.1809094,0,no release,18.0,1.0591,,,,18.0,66.0
1790785298.827833,0,no release,18.0,1.1069,,,,18.0,66.0
1790785299.4178767,0,no release,18.0,1.0404,,,,18.0,66.0
1790785303.3058987,0,no release,18.0,1.1804,,,,18.0,66.0
1790785303.4101808,0,no release,18.0,1.0257,,,,18.0,66.0
1790785303.7148466,0,no release,18.0,0.9809,,,,18.0,66.0
1790785305.790766,0,no release,18.0,1.1069,,,,18.0,66.0
1790785305.8216867,0,no release,18.0,1.0964,,,,18.0,66.0
1790785305.8420444,0,no release,18.0,1.1272,,,,18.0,66.0
1790785306.5864787,0,no release,18.0,1.1061,,,,18.0,66.0
1790785307.1386218,0,no release,18.0,1.2216,,,,18.0,66.0
1790785310.9532685,0,no release,18.0,0.9251,,,,18.0,66.0
1790785311.060181,0,no release,18.0,0.9264,,,,18.0,66.0
1790785311.3530462,0,no release,18.0,1.0796,,,,18.0,66.0
1790785312.3234205,0,no release,18.0,1.0582,,,,18.0,66.0
1790785313.4855256,0,no release,18.0,1.136,,,,18.0,66.0
1790785313.503198,0,no release,18.0,1.0759,,,,18.0,66.0
1790785314.232955,0,no release,18.0,1.1543,,,,18.0,66.0
1790785314.8060114,0,no release,18.0,1.2848,,,,18.0,66.0
1790785318.7309241,0,no release,18.0,1.2433,,,,18.0,66.0
1790785318.832426,0,no release,18.0,1.1101,,,,18.0,66.0
1790785319.1300359,0,no release,18.0,1.9332,,,,18.0,66.0
1790785320.124576,0,no release,18.0,0.9937,,,,18.0,66.0
1790785320.1646328,0,no release,18.0,1.0577,,,,18.0,66.0
1790785320.1833649,0,no release,18.0,1.2368,,,,18.0,66.0
1790785322.0580575,0,no release,18.0,1.0768,,,,18.0,66.0
1790785322.5875013,0,no release,18.0,0.9383,,,,18.0,66.0
1790785326.5482748,0,no release,18.0,1.2257,,,,18.0,66.0
1790785326.6380832,0,no release,18.0,1.0926,,,,18.0,66.0
1790785326.8830988,0,no release,18.0,1.0498,,,,18.0,66.0
1790785327.8159933,0,no release,18.0,1.3133,,,,18.0,66.0
1790785327.855753,0,no release,18.0,1.1167,,,,18.0,66.0
1790785327.8715997,0,no release,18.0,1.0107,,,,18.0,66.0
1790785328.6801074,0,no release,18.0,1.0924,,,,18.0,66.0
1790785329.3648064,0,no release,18.0,1.1769,,,,18.0,66.0
1790785334.26165,0,no release,18.0,1.1158,,,,18.0,66.0
1790785334.537164,0,no release,18.0,1.1288,,,,18.0,66.0
1790785335.3598168,0,no release,18.0,1.2272,,,,18.0,66.0
1790785338.7486255,0,no release,18.0,1.3176,,,,18.0,66.0
1790785338.8219974,0,no release,18.0,1.0306,,,,18.0,66.0
1790785338.8601916,0,no release,18.0,1.2666,,,,18.0,66.0
1790785340.3762107,0,no release,18.0,1.029,,,,18.0,66.0
1790785341.6583235,0,no release,18.0,1.1971,,,,18.0,66.0
1790785347.85103,0,no release,18.0,0.9689,,,,18.0,66.0
1790785348.032642,0,no release,18.0,1.1529,,,,18.0,66.0
1790785348.5041385,0,no release,18.0,1.1295,,,,18.0,66.0
1790785351.1547658,0,no release,18.0,0.9975,,,,18.0,66.0
1790785351.208928,0,no release,18.0,1.0853,,,,18.0,66.0
1790785351.2396708,0,no release,18.0,1.1979,,,,18.0,66.0
1790785352.4650826,0,no release,18.0,1.0112,,,,18.0,66.0
1790785353.508347,0,no release,18.0,1.4492,,,,18.0,66.0
1790785359.2585692,0,no release,18.0,1.2119,,,,18.0,66.0
1790785359.462735,0,no release,18.0,1.0998,,,,18.0,66.0
1790785359.984075,0,no release,18.0,1.7844,,,,18.0,66.0
1790785361.5780213,0,no release,18.0,1.1794,,,,18.0,66.0
1790785361.6436965,0,no release,18.0,0.9338,,,,18.0,66.0
1790785361.6768422,0,no release,18.0,1.0084,,,,18.0,66.0
1790785364.2316184,0,no release,18.0,1.2245,,,,18.0,66.0
1790785365.2655065,0,no release,18.0,1.1304,,,,18.0,66.0
1790785365.3253071,0,grip capacity exceeded,0.114,2.007,,,,18.0,66.0
1790785371.2995746,0,no release,18.0,1.0895,,,,18.0,66.0
1790785371.4844575,0,no release,18.0,1.1494,,,,18.0,66.0
1790785371.965143,0,no release,18.0,1.1938,,,,18.0,66.0
1790785373.5397887,0,no release,18.0,0.9742,,,,18.0,66.0
1790785373.6033406,0,no release,18.0,1.06,,,,18.0,66.0
1790785373.6281452,0,no release,18.0,1.1242,,,,18.0,66.0
1790785374.848211,0,no release,18.0,1.0297,,,,18.0,66.0
1790785377.1112926,0,no release,18.0,1.1977,,,,18.0,66.0
1790785381.7359834,0,no release,18.0,1.1878,,,,18.0,66.0
1790785381.9011257,0,no release,18.0,1.0092,,,,18.0,66.0
1790785383.6366613,0,no release,18.0,1.2732,,,,18.0,66.0
1790785385.1880167,0,no release,18.0,1.0373,,,,18.0,66.0
1790785385.2543898,0,no release,18.0,1.2547,,,,18.0,66.0
1790785385.282364,0,no release,18.0,1.3539,,,,18.0,66.0
1790785386.5469713,0,no release,18.0,1.9287,,,,18.0,66.0
1790785387.6323528,0,no release,18.0,1.3062,,,,18.0,66.0
1790785393.3521967,0,no release,18.0,1.14,,,,18.0,66.0
1790785393.5146384,0,no release,18.0,1.1896,,,,18.0,66.0
1790785393.9752955,0,no release,18.0,1.0952,,,,18.0,66.0
1790785396.7230124,0,no release,18.0,1.2687,,,,18.0,66.0
1790785396.775855,0,no release,18.0,1.0759,,,,18.0,66.0
1790785396.8112245,0,no release,18.0,1.045,,,,18.0,66.0
1790785397.9968731,0,no release,18.0,1.041,,,,18.0,66.0
1790785399.0437765,0,no release,18.0,1.1099,,,,18.0,66.0
1790785399.2116249,0,hit wall,0.284,1.1657,0.25999999999999446,0.944692084586365,2.0572759839310484,18.0,66.0
1790785404.8886402,0,no release,18.0,1.1802,,,,18.0,66.0
1790785405.086193,0,no release,18.0,1.2635,,,,18.0,66.0
1790785405.6007888,0,no release,18.0,1.8153,,,,18.0,66.0
1790785407.119354,0,no release,18.0,0.9757,,,,18.0,66.0
1790785407.1740823,0,no release,18.0,1.9755,,,,18.0,66.0
1790785407.1980042,0,no release,18.0,1.3898,,,,18.0,66.0
1790785409.6291404,0,no release,18.0,1.058,,,,18.0,66.0
1790785410.9311934,0,no release,18.0,1.2726,,,,18.0,66.0
1790785416.663725,0,no release,18.0,1.0419,,,,18.0,66.0
1790785416.869486,0,no release,18.0,1.3112,,,,18.0,66.0
1790785417.348425,0,no release,18.0,1.301,,,,18.0,66.0
1790785418.8405561,0,no release,18.0,0.9944,,,,18.0,66.0
1790785418.89657,0,no release,18.0,1.1191,,,,18.0,66.0
1790785418.9247181,0,no release,18.0,1.295,,,,18.0,66.0
1790785420.2287457,0,no release,18.0,1.0042,,,,18.0,66.0
1790785422.5559413,0,no release,18.0,0.9431,,,,18.0,66.0
1790785426.8803134,0,no release,18.0,1.181,,,,18.0,66.0
1790785427.0669503,0,no release,18.0,1.1698,,,,18.0,66.0
1790785428.8327312,0,no release,18.0,1.1839,,,,18.0,66.0
1790785430.414078,0,no release,18.0,1.1657,,,,18.0,66.0
1790785430.4677668,0,no release,18.0,1.0196,,,,18.0,66.0
1790785430.501215,0,no release,18.0,1.0084,,,,18.0,66.0
1790785431.7606177,0,no release,18.0,1.0588,,,,18.0,66.0
1790785432.999033,0,no release,18.0,1.118,,,,18.0,66.0
1790785438.3714824,0,no release,18.0,1.1797,,,,18.0,66.0
1790785438.5450768,0,no release,18.0,1.1005,,,,18.0,66.0
1790785439.0150805,0,no release,18.0,1.1953,,,,18.0,66.0
1790785441.7244887,0,no release,18.0,1.352,,,,18.0,66.0
1790785441.7661388,0,no release,18.0,1.1283,,,,18.0,66.0
1790785441.792959,0,no release,18.0,1.3289,,,,18.0,66.0
1790785442.9996955,0,no release,18.0,1.028,,,,18.0,66.0
1790785444.273557,0,no release,18.0,0.9578,,,,18.0,66.0
1790785449.8493745,0,no release,18.0,1.8287,,,,18.0,66.0
1790785450.018636,0,no release,18.0,1.1361,,,,18.0,66.0
1790785450.5319662,0,no release,18.0,1.1265,,,,18.0,66.0
1790785451.5336072,0,slipped off A,2.092,1.2968,,,,18.0,66.0
1790785452.079637,0,no release,18.0,0.9983,,,,18.0,66.0
1790785452.1465514,0,no release,18.0,1.2084,,,,18.0,66.0
1790785452.2194877,0,missed B,18.03,1.1042,17.480000000000025,0.9013587512530334,0.8829816644818038,18.0,66.0
1790785454.592834,0,no release,18.0,1.0796,,,,18.0,66.0
1790785455.8396142,0,no release,18.0,0.9615,,,,18.0,66.0
1790785461.4811375,0,no release,18.0,1.2927,,,,18.0,66.0
1790785461.517585,0,slipped off A,0.078,1.1007,,,,18.0,66.0
1790785461.645003,0,no release,18.0,1.0375,,,,18.0,66.0
1790785463.2175744,0,no release,18.0,1.3434,,,,18.0,66.0
1790785463.7199533,0,no release,18.0,1.4148,,,,18.0,66.0
1790785463.7695606,0,no release,18.0,1.9836,,,,18.0,66.0
1790785463.8226142,0,no release,18.0,1.1332,,,,18.0,66.0
1790785465.08831,0,no release,18.0,1.0972,,,,18.0,66.0
1790785467.451277,0,no release,18.0,1.238,,,,18.0,66.0
1790785471.966819,0,no release,18.0,1.7719,,,,18.0,66.0
1790785472.1293015,0,no release,18.0,1.051,,,,18.0,66.0
1790785474.7499518,0,no release,18.0,0.9984,,,,18.0,66.0
1790785475.1939387,0,no release,18.0,1.3867,,,,18.0,66.0
1790785475.2669542,0,no release,18.0,1.2095,,,,18.0,66.0
1790785475.3224573,0,no release,18.0,1.2529,,,,18.0,66.0
1790785476.546019,0,no release,18.0,1.1412,,,,18.0,66.0
1790785477.7539127,0,no release,18.0,1.1095,,,,18.0,66.0
1790785483.2417443,0,no release,18.0,1.2318,,,,18.0,66.0
1790785483.4015636,0,no release,18.0,1.7099,,,,18.0,66.0
1790785486.102146,0,no release,18.0,1.0765,,,,18.0,66.0
1790785486.5526419,0,no release,18.0,1.1148,,,,18.0,66.0
1790785486.6080978,0,no release,18.0,1.0654,,,,18.0,66.0
1790785486.6496272,0,no release,18.0,0.9819,,,,18.0,66.0
1790785487.9426203,0,no release,18.0,1.0719,,,,18.0,66.0
1790785489.2165468,0,no release,18.0,1.3171,,,,18.0,66.0
1790785495.1080933,0,no release,18.0,1.6904,,,,18.0,66.0
1790785495.231005,0,no release,18.0,1.1645,,,,18.0,66.0
1790785496.7209594,0,no release,18.0,1.5333,,,,18.0,66.0
1790785497.2536552,0,no release,18.0,1.2971,,,,18.0,66.0
1790785497.313142,0,no release,18.0,1.0765,,,,18.0,66.0
1790785497.364101,0,no release,18.0,1.0533,,,,18.0,66.0
1790785499.7589638,0,no release,18.0,1.1974,,,,18.0,66.0
1790785500.9298942,0,no release,18.0,1.5887,,,,18.0,66.0
1790785506.5390077,0,no release,18.0,1.2545,,,,18.0,66.0
1790785506.6798298,0,no release,18.0,1.2973,,,,18.0,66.0
1790785508.2393486,0,no release,18.0,1.7346,,,,18.0,66.0
1790785508.7079773,0,no release,18.0,1.064,,,,18.0,66.0
1790785508.7786314,0,no release,18.0,1.2377,,,,18.0,66.0
1790785508.8241925,0,no release,18.0,1.1226,,,,18.0,66.0
1790785509.9328413,0,no release,18.0,1.0604,,,,18.0,66.0
1790785512.2619014,0,no release,18.0,1.18,,,,18.0,66.0
1790785516.5383058,0,no release,18.0,1.3267,,,,18.0,66.0
1790785517.8692214,0,no release,18.0,1.1246,,,,18.0,66.0
1790785519.342744,0,no release,18.0,1.1741,,,,18.0,66.0
1790785519.8715415,0,no release,18.0,1.1437,,,,18.0,66.0
1790785519.9322388,0,no release,18.0,1.1845,,,,18.0,66.0
1790785519.97655,0,no release,18.0,1.3217,,,,18.0,66.0
1790785521.2165394,0,no release,18.0,1.2931,,,,18.0,66.0
1790785522.3749704,0,no release,18.0,1.112,,,,18.0,66.0
1790785528.081347,0,no release,18.0,1.3019,,,,18.0,66.0
1790785528.2191029,0,no release,18.0,1.0518,,,,18.0,66.0
1790785530.8011343,0,no release,18.0,1.1604,,,,18.0,66.0
1790785531.3005283,0,no release,18.0,1.1737,,,,18.0,66.0
1790785531.3627238,0,no release,18.0,1.0591,,,,18.0,66.0
1790785531.4124033,0,no release,18.0,1.1487,,,,18.0,66.0
1790785531.912742,0,slipped off A,1.212,1.6059,,,,18.0,66.0
1790785532.5638766,0,no release,18.0,1.2246,,,,18.0,66.0
1790785533.7847362,0,no release,18.0,1.0902,,,,18.0,66.0
1790785539.1622627,0,no release,18.0,1.3851,,,,18.0,66.0
1790785539.2973773,0,no release,18.0,1.2778,,,,18.0,66.0
1790785540.7599998,0,no release,18.0,1.0823,,,,18.0,66.0
1790785541.3405504,0,no release,18.0,1.046,,,,18.0,66.0
1790785541.3930962,0,no release,18.0,1.1605,,,,18.0,66.0
1790785543.0513802,0,no release,18.0,1.2717,,,,18.0,66.0
1790785543.7773747,0,no release,18.0,1.16,,,,18.0,66.0
1790785544.881689,0,no release,18.0,1.2642,,,,18.0,66.0
1790785549.6610394,0,hit wall,16.216,1.5074,,,,18.0,66.0
1790785550.4052463,0,no release,18.0,1.3863,,,,18.0,66.0
1790785552.1184719,0,no release,18.0,1.1512,,,,18.0,66.0
1790785552.6296716,0,no release,18.0,1.15,,,,18.0,66.0
1790785552.6756449,0,no release,18.0,1.2657,,,,18.0,66.0
1790785553.1405077,0,no release,18.0,1.1089,,,,18.0,66.0
1790785553.8333993,0,no release,18.0,1.1208,,,,18.0,66.0
1790785556.2719383,0,no release,18.0,1.2357,,,,18.0,66.0
1790785559.4941607,0,hit wall,11.042,0.9549,11.019999999999765,0.5424698623641301,2.633169839622135,18.0,66.0
1790785559.9605305,0,no release,18.0,1.0517,,,,18.0,66.0
1790785561.8324695,0,no release,18.0,1.3439,,,,18.0,66.0
1790785562.280882,0,hit wall,14.456,1.3799,,,,18.0,66.0
1790785563.546715,0,no release,18.0,1.1286,,,,18.0,66.0
1790785564.6470668,0,no release,18.0,1.2496,,,,18.0,66.0
1790785565.3504593,0,no release,18.0,1.1903,,,,18.0,66.0
1790785566.4791915,0,no release,18.0,1.1128,,,,18.0,66.0
1790785570.8744376,0,no release,18.0,1.1538,,,,18.0,66.0
1790785571.333221,0,no release,18.0,1.2499,,,,18.0,66.0
1790785572.0722768,0,no release,18.0,1.0898,,,,18.0,66.0
1790785572.4707851,0,no release,18.0,1.3964,,,,18.0,66.0
1790785574.9082594,0,no release,18.0,1.3402,,,,18.0,66.0
1790785575.957473,0,no release,18.0,1.4504,,,,18.0,66.0
1790785576.6846278,0,no release,18.0,1.2853,,,,18.0,66.0
1790785576.7375624,0,grip capacity exceeded,0.114,2.0284,,,,18.0,66.0
1790785577.8234816,0,no release,18.0,1.2593,,,,18.0,66.0
1790785582.2914877,0,no release,18.0,1.2256,,,,18.0,66.0
1790785582.7082515,0,no release,18.0,1.1822,,,,18.0,66.0
1790785583.4642684,0,no release,18.0,1.9555,,,,18.0,66.0
1790785583.863469,0,no release,18.0,1.271,,,,18.0,66.0
1790785584.9639742,0,no release,18.0,1.3207,,,,18.0,66.0
1790785587.2740378,0,no release,18.0,1.1321,,,,18.0,66.0
1790785587.889614,0,no release,18.0,1.2903,,,,18.0,66.0
1790785588.9416244,0,no release,18.0,1.1558,,,,18.0,66.0
1790785593.147486,0,no release,18.0,1.1216,,,,18.0,66.0
1790785593.4928372,0,no release,18.0,1.0676,,,,18.0,66.0
1790785594.1456454,0,no release,18.0,1.2703,,,,18.0,66.0
1790785594.5300174,0,no release,18.0,1.2462,,,,18.0,66.0
1790785594.6971354,0,slipped off A,1.198,1.6396,,,,18.0,66.0
1790785595.7237957,0,no release,18.0,1.0255,,,,18.0,66.0
1790785596.743571,0,no release,18.0,1.0175,,,,18.0,66.0
1790785597.4548092,0,no release,18.0,1.0586,,,,18.0,66.0
1790785599.5799165,0,no release,18.0,1.4192,,,,18.0,66.0
1790785602.6703756,0,no release,18.0,1.0198,,,,18.0,66.0
1790785603.1744246,0,no release,18.0,1.0396,,,,18.0,66.0
1790785605.5050874,0,no release,18.0,1.3303,,,,18.0,66.0
1790785605.648272,0,no release,18.0,1.4373,,,,18.0,66.0
1790785606.6973135,0,no release,18.0,1.0662,,,,18.0,66.0
1790785607.7307727,0,no release,18.0,1.2927,,,,18.0,66.0
1790785608.5029619,0,no release,18.0,1.342,,,,18.0,66.0
1790785609.5959349,0,no release,18.0,1.5034,,,,18.0,66.0
1790785613.7406318,0,no release,18.0,1.226,,,,18.0,66.0
1790785614.1426141,0,no release,18.0,0.9947,,,,18.0,66.0
1790785615.2487004,0,no release,18.0,1.2089,,,,18.0,66.0
1790785615.393299,0,no release,18.0,1.1193,,,,18.0,66.0
1790785617.58428,0,no release,18.0,1.2317,,,,18.0,66.0
1790785618.6817641,0,no release,18.0,1.3677,,,,18.0,66.0
1790785619.3999436,0,no release,18.0,1.0665,,,,18.0,66.0
1790785620.456521,0,no release,18.0,1.2757,,,,18.0,66.0
1790785624.579119,0,no release,18.0,1.2649,,,,18.0,66.0
1790785625.002265,0,no release,18.0,1.2033,,,,18.0,66.0
1790785626.0473804,0,no release,18.0,1.5895,,,,18.0,66.0
1790785626.198604,0,no release,18.0,0.9554,,,,18.0,66.0
1790785627.23639,0,no release,18.0,1.0586,,,,18.0,66.0
1790785629.3609223,0,no release,18.0,1.2339,,,,18.0,66.0
1790785630.1018949,0,no release,18.0,1.0783,,,,18.0,66.0
1790785631.1179752,0,no release,18.0,1.1361,,,,18.0,66.0
1790785635.1218812,0,no release,18.0,1.0386,,,,18.0,66.0
1790785635.5300055,0,no release,18.0,1.3115,,,,18.0,66.0
1790785636.694039,0,no release,18.0,1.0646,,,,18.0,66.0
1790785636.873578,0,no release,18.0,1.1229,,,,18.0,66.0
1790785637.8264334,0,no release,18.0,1.0609,,,,18.0,66.0
1790785638.8156419,0,no release,18.0,1.0801,,,,18.0,66.0
1790785640.5999339,0,no release,18.0,1.1219,,,,18.0,66.0
1790785641.6361563,0,no release,18.0,1.0819,,,,18.0,66.0
1790785644.4890723,0,no release,18.0,1.2659,,,,18.0,66.0
1790785644.8658836,0,no release,18.0,1.1928,,,,18.0,66.0
1790785647.1491373,0,no release,18.0,1.1608,,,,18.0,66.0
1790785647.322262,0,no release,18.0,1.21,,,,18.0,66.0
1790785648.2933168,0,no release,18.0,1.0613,,,,18.0,66.0
1790785649.3482492,0,no release,18.0,1.0971,,,,18.0,66.0
1790785649.9727032,0,no release,18.0,1.0735,,,,18.0,66.0
1790785650.9125907,0,no release,18.0,1.2652,,,,18.0,66.0
1790785654.98049,0,no release,18.0,1.1364,,,,18.0,66.0
1790785655.3793657,0,no release,18.0,1.142,,,,18.0,66.0
1790785655.836578,0,hit wall,12.026,1.1701,11.999999999999744,0.5969143068085734,2.537625528696918,18.0,66.0
1790785656.0232074,0,hit wall,10.98,1.0681,10.959999999999766,0.5391365290307968,2.639348064799013,18.0,66.0
1790785656.418887,0,no release,18.0,1.1707,,,,18.0,66.0
1790785656.5440092,0,no release,18.0,1.4258,,,,18.0,66.0
1790785658.669253,0,no release,18.0,1.335,,,,18.0,66.0
1790785660.3568764,0,hit wall,3.564,1.0198,3.5399999999999245,0.12691430680858337,2.133932980408864,18.0,66.0
1790785661.3919673,0,no release,18.0,1.9889,,,,18.0,66.0
1790785665.6097755,0,no release,18.0,1.0678,,,,18.0,66.0
1790785666.062361,0,no release,18.0,1.0763,,,,18.0,66.0
1790785666.539407,0,no release,18.0,1.0231,,,,18.0,66.0
1790785666.7076967,0,no release,18.0,1.1898,,,,18.0,66.0
1790785667.0444105,0,no release,18.0,1.0639,,,,18.0,66.0
1790785667.1732132,0,no release,18.0,1.0353,,,,18.0,66.0
1790785671.1332312,0,no release,18.0,1.1311,,,,18.0,66.0
1790785672.265496,0,no release,18.0,1.0437,,,,18.0,66.0
1790785676.3656209,0,no release,18.0,1.1991,,,,18.0,66.0
1790785676.7721283,0,no release,18.0,1.1349,,,,18.0,66.0
1790785677.2670898,0,no release,18.0,1.1457,,,,18.0,66.0
1790785677.4786603,0,no release,18.0,1.3012,,,,18.0,66.0
1790785677.87084,0,no release,18.0,1.0139,,,,18.0,66.0
1790785678.0099576,0,no release,18.0,1.0403,,,,18.0,66.0
1790785681.8344307,0,no release,18.0,0.9893,,,,18.0,66.0
1790785682.983276,0,no release,18.0,0.9416,,,,18.0,66.0
1790785685.992519,0,no release,18.0,1.123,,,,18.0,66.0
1790785686.432068,0,no release,18.0,1.0282,,,,18.0,66.0
1790785688.1089184,0,no release,18.0,1.0718,,,,18.0,66.0
1790785688.3355074,0,no release,18.0,1.2345,,,,18.0,66.0
1790785688.7390382,0,no release,18.0,1.0448,,,,18.0,66.0
1790785688.881853,0,no release,18.0,0.9664,,,,18.0,66.0
1790785691.6105394,0,no release,18.0,1.1421,,,,18.0,66.0
1790785693.8728487,0,no release,18.0,1.0111,,,,18.0,66.0
1790785696.6642275,0,no release,18.0,1.9633,,,,18.0,66.0
1790785697.0930603,0,no release,18.0,1.0636,,,,18.0,66.0
1790785697.5546029,0,no release,18.0,1.0773,,,,18.0,66.0
1790785697.7778373,0,no release,18.0,1.1598,,,,18.0,66.0
1790785698.184394,0,no release,18.0,0.9792,,,,18.0,66.0
1790785698.3338826,0,no release,18.0,1.2446,,,,18.0,66.0
1790785702.044749,0,no release,18.0,1.0217,,,,18.0,66.0
1790785703.1470847,0,no release,18.0,1.6719,,,,18.0,66.0
1790785707.1978066,0,no release,18.0,1.167,,,,18.0,66.0
1790785707.6291223,0,no release,18.0,0.9904,,,,18.0,66.0
1790785708.0828001,0,no release,18.0,1.031,,,,18.0,66.0
1790785708.29048,0,no release,18.0,1.1361,,,,18.0,66.0
1790785708.6927373,0,no release,18.0,1.5197,,,,18.0,66.0
1790785708.852153,0,no release,18.0,1.0595,,,,18.0,66.0
1790785712.6694846,0,no release,18.0,1.066,,,,18.0,66.0
1790785713.7997541,0,no release,18.0,1.2309,,,,18.0,66.0
1790785717.8201954,0,no release,18.0,1.0751,,,,18.0,66.0
1790785718.2869415,0,no release,18.0,1.14,,,,18.0,66.0
1790785718.8127863,0,no release,18.0,1.1568,,,,18.0,66.0
1790785719.0282857,0,no release,18.0,1.866,,,,18.0,66.0
1790785719.379522,0,no release,18.0,1.304,,,,18.0,66.0
1790785719.5331016,0,no release,18.0,1.1677,,,,18.0,66.0
1790785723.6350362,0,no release,18.0,1.1166,,,,18.0,66.0
1790785724.7554932,0,no release,18.0,1.1939,,,,18.0,66.0
1790785727.6399083,0,no release,18.0,1.0836,,,,18.0,66.0
1790785728.0701392,0,no release,18.0,1.137,,,,18.0,66.0
1790785729.8196964,0,no release,18.0,1.0973,,,,18.0,66.0
1790785730.0066898,0,no release,18.0,1.0987,,,,18.0,66.0
1790785730.3629959,0,no release,18.0,1.0688,,,,18.0,66.0
1790785730.5074024,0,no release,18.0,1.143,,,,18.0,66.0
1790785733.0906205,0,no release,18.0,1.0217,,,,18.0,66.0
1790785733.7088823,0,slipped off A,1.216,1.3642,,,,18.0,66.0
1790785735.4304707,0,no release,18.0,1.2441,,,,18.0,66.0
1790785738.3029046,0,no release,18.0,1.0915,,,,18.0,66.0
1790785738.7558675,0,no release,18.0,1.0452,,,,18.0,66.0
1790785739.2432427,0,no release,18.0,1.0325,,,,18.0,66.0
1790785739.4489658,0,no release,18.0,1.0775,,,,18.0,66.0
1790785739.8114316,0,no release,18.0,1.1552,,,,18.0,66.0
1790785740.9300835,0,no release,18.0,1.058,,,,18.0,66.0
1790785744.0909839,0,no release,18.0,1.092,,,,18.0,66.0
1790785744.6443956,0,no release,18.0,1.201,,,,18.0,66.0
1790785748.5994422,0,no release,18.0,1.1543,,,,18.0,66.0
1790785749.0418465,0,no release,18.0,1.1193,,,,18.0,66.0
1790785749.5291522,0,no release,18.0,1.0916,,,,18.0,66.0
1790785749.7701368,0,no release,18.0,1.1788,,,,18.0,66.0
1790785750.1950734,0,no release,18.0,1.0992,,,,18.0,66.0
1790785750.3398433,0,no release,18.0,1.2083,,,,18.0,66.0
1790785754.4981153,0,no release,18.0,1.0343,,,,18.0,66.0
1790785755.0091703,0,no release,18.0,1.1246,,,,18.0,66.0
1790785758.9663246,0,no release,18.0,1.1145,,,,18.0,66.0
1790785759.4080215,0,no release,18.0,1.3654,,,,18.0,66.0
1790785759.9108593,0,no release,18.0,1.1492,,,,18.0,66.0
1790785760.1041574,0,no release,18.0,0.9861,,,,18.0,66.0
1790785760.4925458,0,no release,18.0,1.0534,,,,18.0,66.0
1790785760.6633677,0,no release,18.0,1.1553,,,,18.0,66.0
1790785761.33142,0,hit wall,12.504,1.0206,12.479999999999734,0.6235809734752394,2.4924317587490044,18.0,66.0
1790785765.4691722,0,no release,18.0,1.1081,,,,18.0,66.0
1790785766.436476,0,hit wall,13.768,1.1574,13.739999999999707,0.693580973475238,2.379312791817625,18.0,66.0
1790785769.9242508,0,no release,18.0,1.1921,,,,18.0,66.0
1790785770.3348432,0,hit wall,17.784,1.2474,17.76000000000007,0.9169143068085914,2.085227286150115,18.0,66.0
1790785770.6417508,0,no release,18.0,1.1775,,,,18.0,66.0
1790785771.0295196,0,no release,18.0,1.1118,,,,18.0,66.0
1790785771.1762955,0,no release,18.0,1.1274,,,,18.0,66.0
1790785771.8019536,0,no release,18.0,1.04,,,,18.0,66.0
1790785775.9857464,0,no release,18.0,1.0707,,,,18.0,66.0
1790785776.920372,0,no release,18.0,1.1374,,,,18.0,66.0
1790785779.2952614,0,no release,18.0,1.3121,,,,18.0,66.0
1790785779.7049146,0,no release,18.0,1.2265,,,,18.0,66.0
1790785780.0206032,0,no release,18.0,1.1549,,,,18.0,66.0
1790785781.6182475,0,no release,18.0,1.1193,,,,18.0,66.0
1790785781.758196,0,no release,18.0,1.1434,,,,18.0,66.0
1790785782.4436843,0,no release,18.0,1.1997,,,,18.0,66.0
1790785785.3807583,0,no release,18.0,1.7418,,,,18.0,66.0
1790785787.6057591,0,no release,18.0,0.9826,,,,18.0,66.0
1790785789.532338,0,hit wall,16.38,1.1381,,,,18.0,66.0
1790785789.8649344,0,no release,18.0,1.0888,,,,18.0,66.0
1790785790.5378656,0,no release,18.0,1.0722,,,,18.0,66.0
1790785790.9635162,0,no release,18.0,1.1494,,,,18.0,66.0
1790785791.1054003,0,no release,18.0,1.0079,,,,18.0,66.0
1790785791.773022,0,no release,18.0,1.3432,,,,18.0,66.0
1790785793.4362,0,slipped off A,1.238,1.3938,,,,18.0,66.0
1790785795.9013824,0,no release,18.0,1.0746,,,,18.0,66.0
1790785796.8844788,0,no release,18.0,1.035,,,,18.0,66.0
1790785799.9775715,0,no release,18.0,1.1223,,,,18.0,66.0
1790785800.2530944,0,no release,18.0,0.9553,,,,18.0,66.0
1790785800.871336,0,no release,18.0,1.0896,,,,18.0,66.0
1790785801.2877073,0,no release,18.0,1.2269,,,,18.0,66.0
1790785801.439212,0,no release,18.0,1.0318,,,,18.0,66.0
1790785802.7388303,0,no release,18.0,1.1837,,,,18.0,66.0
1790785806.1525264,0,no release,18.0,1.1368,,,,18.0,66.0
1790785807.10617,0,no release,18.0,1.067,,,,18.0,66.0
1790785807.588949,0,hit wall,14.61,1.0681,,,,18.0,66.0
1790785810.6961775,0,no release,18.0,1.0652,,,,18.0,66.0
1790785811.3815787,0,no release,18.0,1.1777,,,,18.0,66.0
1790785811.727914,0,no release,18.0,1.4677,,,,18.0,66.0
1790785811.8922493,0,no release,18.0,1.1525,,,,18.0,66.0
1790785813.1204414,0,no release,18.0,1.1814,,,,18.0,66.0
1790785816.9813125,0,no release,18.0,1.2197,,,,18.0,66.0
1790785817.7827601,0,hit wall,10.228,1.0936,10.199999999999783,0.4969143068085755,2.7000654835304125,18.0,66.0
1790785817.88413,0,no release,18.0,1.1385,,,,18.0,66.0
1790785818.3437653,0,no release,18.0,1.1464,,,,18.0,66.0
1790785820.3237157,0,no release,18.0,1.2672,,,,18.0,66.0
1790785821.0046723,0,no release,18.0,1.246,,,,18.0,66.0
1790785822.630049,0,no release,18.0,1.3324,,,,18.0,66.0
1790785823.0212865,0,hit wall,8.946,1.3595,,,,18.0,66.0
1790785823.805577,0,no release,18.0,1.1632,,,,18.0,66.0
1790785826.3733225,0,no release,18.0,1.3658,,,,18.0,66.0
1790785826.7297938,0,hit wall,16.722,1.2852,,,,18.0,66.0
1790785828.9200954,0,no release,18.0,1.4038,,,,18.0,66.0
1790785829.98451,0,hit wall,14.63,1.2614,,,,18.0,66.0
1790785830.8731525,0,no release,18.0,1.3349,,,,18.0,66.0
1790785832.163206,0,no release,18.0,1.3402,,,,18.0,66.0
1790785832.571347,0,no release,18.0,1.4274,,,,18.0,66.0
1790785834.554699,0,no release,18.0,1.1709,,,,18.0,66.0
1790785836.1045983,0,hit wall,10.69,1.0922,,,,18.0,66.0
1790785836.982669,0,no release,18.0,1.0806,,,,18.0,66.0
1790785837.3224125,0,no release,18.0,1.1944,,,,18.0,66.0
1790785838.4100447,0,no release,18.0,1.2844,,,,18.0,66.0
1790785840.8098404,0,hit wall,16.826,1.1819,,,,18.0,66.0
1790785842.5901046,0,no release,18.0,1.1736,,,,18.0,66.0
1790785843.0556543,0,no release,18.0,1.4471,,,,18.0,66.0
1790785843.9016562,0,no release,18.0,1.5303,,,,18.0,66.0
1790785846.2217283,0,no release,18.0,1.3565,,,,18.0,66.0
1790785847.1224694,0,no release,18.0,1.3138,,,,18.0,66.0
1790785847.484481,0,no release,18.0,1.27,,,,18.0,66.0
1790785848.5245616,0,no release,18.0,1.1433,,,,18.0,66.0
1790785849.8821297,0,no release,18.0,1.1496,,,,18.0,66.0
1790785852.6516168,0,no release,18.0,1.0942,,,,18.0,66.0
1790785853.081364,0,no release,18.0,1.1904,,,,18.0,66.0
1790785853.9491222,0,no release,18.0,1.3966,,,,18.0,66.0
1790785855.5465071,0,no release,18.0,1.3299,,,,18.0,66.0
1790785857.6276286,0,no release,18.0,1.1277,,,,18.0,66.0
1790785857.9825246,0,no release,18.0,1.1494,,,,18.0,66.0
1790785858.9924316,0,no release,18.0,1.3219,,,,18.0,66.0
1790785860.3948946,0,no release,18.0,1.1744,,,,18.0,66.0
1790785863.285275,0,no release,18.0,1.0462,,,,18.0,66.0
1790785863.682128,0,no release,18.0,1.1165,,,,18.0,66.0
1790785863.7450993,0,hit wall,16.332,1.0904,,,,18.0,66.0
1790785866.1467087,0,no release,18.0,1.1592,,,,18.0,66.0
1790785867.0446389,0,no release,18.0,1.149,,,,18.0,66.0
1790785867.4015226,0,no release,18.0,1.1484,,,,18.0,66.0
1790785869.613245,0,no release,18.0,1.1736,,,,18.0,66.0
1790785870.97768,0,no release,18.0,1.2602,,,,18.0,66.0
1790785872.5389843,0,hit wall,16.474,1.0106,,,,18.0,66.0
1790785872.8056083,0,no release,18.0,1.13,,,,18.0,66.0
1790785873.261072,0,no release,18.0,1.2687,,,,18.0,66.0
1790785876.61324,0,no release,18.0,1.0784,,,,18.0,66.0
1790785877.5463817,0,no release,18.0,1.1788,,,,18.0,66.0
1790785877.9047902,0,no release,18.0,1.1184,,,,18.0,66.0
1790785877.9885018,0,hit wall,0.198,0.8736,0.17999999999999616,0.9402476401419206,2.0618526803860147,18.0,66.0
1790785878.9691794,0,no release,18.0,1.2302,,,,18.0,66.0
1790785881.5547266,0,no release,18.0,1.3475,,,,18.0,66.0
1790785882.6668541,0,hit wall,16.482,1.1841,,,,18.0,66.0
1790785883.1066525,0,no release,18.0,1.4048,,,,18.0,66.0
1790785883.8551178,0,no release,18.0,1.1753,,,,18.0,66.0
1790785887.3794773,0,no release,18.0,1.3055,,,,18.0,66.0
1790785888.248742,0,no release,18.0,1.1706,,,,18.0,66.0
1790785888.6869957,0,no release,18.0,1.1389,,,,18.0,66.0
1790785889.6306674,0,no release,18.0,1.1566,,,,18.0,66.0
1790785891.0007732,0,no release,18.0,1.0678,,,,18.0,66.0
1790785893.1940928,0,no release,18.0,1.293,,,,18.0,66.0
1790785893.5094848,0,no release,18.0,1.851,,,,18.0,66.0
1790785894.255693,0,no release,18.0,1.1623,,,,18.0,66.0
1790785896.6842697,0,no release,18.0,1.1304,,,,18.0,66.0
1790785898.5927048,0,no release,18.0,1.1278,,,,18.0,66.0
1790785899.000813,0,no release,18.0,1.3899,,,,18.0,66.0
1790785899.8989637,0,no release,18.0,1.2055,,,,18.0,66.0
1790785901.1803079,0,hit wall,14.504,1.1713,14.479999999999691,0.7346920845863482,2.3170726085856064,18.0,66.0
1790785901.305138,0,no release,18.0,1.1121,,,,18.0,66.0
1790785901.785085,0,hit wall,16.64,1.2162,16.61999999999989,0.8535809734752482,2.1569492403761488,18.0,66.0
1790785904.7092934,0,no release,18.0,1.1323,,,,18.0,66.0
1790785907.0006256,0,no release,18.0,1.0736,,,,18.0,66.0
1790785907.9249792,0,no release,18.0,1.1009,,,,18.0,66.0
1790785909.479013,0,no release,18.0,1.2473,,,,18.0,66.0
1790785910.35865,0,no release,18.0,1.1814,,,,18.0,66.0
1790785911.0391,0,hit wall,16.72,1.1268,,,,18.0,66.0
1790785911.5064983,0,no release,18.0,1.3146,,,,18.0,66.0
1790785912.1435509,0,no release,18.0,1.3293,,,,18.0,66.0
1790785913.9504845,0,no release,18.0,1.2147,,,,18.0,66.0
1790785916.6298394,0,hit wall,14.244,1.1287,14.219999999999697,0.720247640141904,2.338639224737794,18.0,66.0
1790785917.4609919,0,no release,18.0,1.0365,,,,18.0,66.0
1790785918.7761912,0,no release,18.0,1.1598,,,,18.0,66.0
1790785919.754198,0,no release,18.0,1.0725,,,,18.0,66.0
1790785921.6458662,0,no release,18.0,1.303,,,,18.0,66.0
1790785922.0661714,0,hit wall,16.588,1.1108,,,,18.0,66.0
1790785922.1275501,0,no release,18.0,1.0688,,,,18.0,66.0
1790785922.668154,0,slipped off A,1.2,1.2521,,,,18.0,66.0
1790785924.585295,0,no release,18.0,1.1657,,,,18.0,66.0
1790785927.1888325,0,no release,18.0,1.0429,,,,18.0,66.0
1790785927.9327986,0,no release,18.0,1.1844,,,,18.0,66.0
1790785929.2627404,0,no release,18.0,1.1065,,,,18.0,66.0
1790785930.1887398,0,no release,18.0,1.2539,,,,18.0,66.0
1790785930.9378996,0,no release,18.0,0.9553,,,,18.0,66.0
1790785931.3398578,0,no release,18.0,1.2637,,,,18.0,66.0
1790785933.0184853,0,no release,18.0,1.767,,,,18.0,66.0
1790785934.8316295,0,no release,18.0,1.1248,,,,18.0,66.0
1790785935.6475897,0,hit wall,14.646,1.1105,,,,18.0,66.0
1790785935.9766538,0,hit wall,12.346,1.0032,12.319999999999737,0.6146920845863507,2.5073271457396658,18.0,66.0
1790785936.4151225,0,no release,18.0,1.6447,,,,18.0,66.0
1790785940.690276,0,no release,18.0,1.0553,,,,18.0,66.0
1790785941.5084984,0,no release,18.0,1.0972,,,,18.0,66.0
1790785941.919921,0,no release,18.0,1.0662,,,,18.0,66.0
1790785942.50195,0,no release,18.0,1.1175,,,,18.0,66.0
1790785944.8660612,0,hit wall,14.324,1.2105,14.299999999999695,0.7246920845863484,2.331927697063036,18.0,66.0
1790785945.4326954,0,no release,18.0,1.2965,,,,18.0,66.0
1790785946.2676187,0,no release,18.0,1.0338,,,,18.0,66.0
1790785946.9820375,0,no release,18.0,1.2206,,,,18.0,66.0
1790785951.0000777,0,no release,18.0,1.1748,,,,18.0,66.0
1790785951.7872427,0,no release,18.0,1.0078,,,,18.0,66.0
1790785952.1605413,0,no release,18.0,1.2072,,,,18.0,66.0
1790785952.7682993,0,no release,18.0,1.0721,,,,18.0,66.0
1790785953.9296489,0,no release,18.0,1.1261,,,,18.0,66.0
1790785955.661962,0,no release,18.0,1.1512,,,,18.0,66.0
1790785956.5024989,0,no release,18.0,1.1613,,,,18.0,66.0
1790785957.1800005,0,no release,18.0,1.027,,,,18.0,66.0
1790785961.3716261,0,no release,18.0,1.1266,,,,18.0,66.0
1790785961.61235,0,hit wall,14.624,1.0603,,,,18.0,66.0
1790785962.1032662,0,no release,18.0,1.0057,,,,18.0,66.0
1790785962.5996995,0,no release,18.0,1.1994,,,,18.0,66.0
1790785964.535169,0,no release,18.0,1.225,,,,18.0,66.0
1790785965.1015284,0,no release,18.0,1.1794,,,,18.0,66.0
1790785966.0565732,0,missed B,18.202,1.0627,17.720000000000063,0.9146920845863689,1.1500384742523921,18.0,66.0
1790785967.9607978,0,no release,18.0,1.0928,,,,18.0,66.0
1790785971.110722,0,no release,18.0,1.2787,,,,18.0,66.0
1790785971.3626382,0,no release,18.0,0.9937,,,,18.0,66.0
1790785971.8955789,0,no release,18.0,1.0142,,,,18.0,66.0
1790785973.5578732,0,no release,18.0,1.1046,,,,18.0,66.0
1790785975.4592276,0,no release,18.0,1.0574,,,,18.0,66.0
1790785976.0135455,0,no release,18.0,1.1141,,,,18.0,66.0
1790785976.9019778,0,no release,18.0,1.1717,,,,18.0,66.0
1790785977.5017943,0,no release,18.0,1.5956,,,,18.0,66.0
1790785981.753495,0,no release,18.0,1.2994,,,,18.0,66.0
1790785982.0296347,0,no release,18.0,1.1042,,,,18.0,66.0
1790785982.5930834,0,no release,18.0,1.4567,,,,18.0,66.0
1790785982.992804,0,no release,18.0,1.1028,,,,18.0,66.0
1790785986.0070078,0,no release,18.0,1.2002,,,,18.0,66.0
1790785986.0670044,0,grip capacity exceeded,0.116,2.0313,,,,18.0,66.0
1790785986.5671911,0,no release,18.0,1.0839,,,,18.0,66.0
1790785987.5060842,0,no release,18.0,1.2202,,,,18.0,66.0
1790785988.1001654,0,no release,18.0,1.0841,,,,18.0,66.0
1790785992.3464434,0,no release,18.0,1.8567,,,,18.0,66.0
1790785992.6091406,0,no release,18.0,1.2038,,,,18.0,66.0
1790785993.1578782,0,no release,18.0,1.1565,,,,18.0,66.0
1790785993.6826947,0,no release,18.0,1.0128,,,,18.0,66.0
1790785995.749878,0,no release,18.0,1.1414,,,,18.0,66.0
1790785997.4505749,0,no release,18.0,1.0765,,,,18.0,66.0
1790785998.3758535,0,no release,18.0,1.0626,,,,18.0,66.0
1790785998.9988217,0,no release,18.0,1.0687,,,,18.0,66.0
1790785999.9568229,0,missed B,12.612,1.1639,12.259999999999739,0.6113587512530175,1.5294410137577665,18.0,66.0
1790786001.778727,0,hit wall,14.684,1.0779,,,,18.0,66.0
1790786003.1965127,0,no release,18.0,1.3968,,,,18.0,66.0
1790786003.912152,0,no release,18.0,1.637,,,,18.0,66.0
1790786006.324161,0,no release,18.0,1.4887,,,,18.0,66.0
1790786006.8532162,0,no release,18.0,1.1411,,,,18.0,66.0
1790786007.2035768,0,hit wall,16.714,1.2518,,,,18.0,66.0
1790786009.5688612,0,no release,18.0,1.1144,,,,18.0,66.0
1790786010.4678645,0,no release,18.0,1.0227,,,,18.0,66.0
1790786012.016459,0,hit wall,14.738,1.1887,,,,18.0,66.0
1790786012.440902,0,no release,18.0,1.0711,,,,18.0,66.0
1790786012.751297,0,no release,18.0,1.0408,,,,18.0,66.0
1790786017.0018404,0,no release,18.0,1.1316,,,,18.0,66.0
1790786017.5465755,0,no release,18.0,1.0416,,,,18.0,66.0
1790786017.9152179,0,no release,18.0,1.7119,,,,18.0,66.0
1790786018.2365286,0,hit wall,2.52,1.1404,2.4999999999999467,0.06913652903080683,2.071324442758412,18.0,66.0
1790786019.0952218,0,no release,18.0,1.4423,,,,18.0,66.0
1790786021.1257572,0,no release,18.0,1.0979,,,,18.0,66.0
1790786022.6931784,0,no release,18.0,1.0565,,,,18.0,66.0
1790786023.086955,0,no release,18.0,1.2054,,,,18.0,66.0
1790786023.4501526,0,no release,18.0,1.224,,,,18.0,66.0
1790786028.1585279,0,no release,18.0,1.7807,,,,18.0,66.0
1790786028.511292,0,no release,18.0,1.2152,,,,18.0,66.0
1790786028.8418324,0,no release,18.0,1.0296,,,,18.0,66.0
1790786029.7674854,0,no release,18.0,1.0246,,,,18.0,66.0
1790786030.6329186,0,no release,18.0,1.1759,,,,18.0,66.0
1790786033.3302329,0,no release,18.0,1.0384,,,,18.0,66.0
1790786033.7171462,0,no release,18.0,1.0023,,,,18.0,66.0
1790786034.0894775,0,no release,18.0,1.8345,,,,18.0,66.0
1790786038.852947,0,no release,18.0,1.0718,,,,18.0,66.0
1790786039.1668565,0,no release,18.0,1.9264,,,,18.0,66.0
1790786039.483839,0,no release,18.0,1.1373,,,,18.0,66.0
1790786040.3204339,0,no release,18.0,1.4587,,,,18.0,66.0
1790786041.1868842,0,no release,18.0,1.0894,,,,18.0,66.0
1790786042.540836,0,no release,18.0,1.0084,,,,18.0,66.0
1790786044.111191,0,no release,18.0,1.1522,,,,18.0,66.0
1790786044.4121017,0,no release,18.0,1.2177,,,,18.0,66.0
1790786047.8060963,0,no release,18.0,1.0914,,,,18.0,66.0
1790786047.9427533,0,hit wall,16.898,1.1931,,,,18.0,66.0
1790786048.1559935,0,no release,18.0,1.3958,,,,18.0,66.0
1790786050.5648484,0,no release,18.0,1.0223,,,,18.0,66.0
1790786051.4474335,0,no release,18.0,1.4955,,,,18.0,66.0
1790786052.8953433,0,no release,18.0,1.0796,,,,18.0,66.0
1790786053.2357073,0,no release,18.0,1.0563,,,,18.0,66.0
1790786053.5428865,0,no release,18.0,1.1895,,,,18.0,66.0
1790786058.2490463,0,no release,18.0,1.0008,,,,18.0,66.0
1790786058.3678405,0,no release,18.0,1.2057,,,,18.0,66.0
1790786058.533838,0,no release,18.0,1.0729,,,,18.0,66.0
1790786059.6900866,0,no release,18.0,1.0979,,,,18.0,66.0
1790786061.7489073,0,no release,18.0,1.0334,,,,18.0,66.0
1790786063.2779882,0,no release,18.0,1.1139,,,,18.0,66.0
1790786063.6499703,0,no release,18.0,1.2243,,,,18.0,66.0
1790786063.9361844,0,no release,18.0,1.3015,,,,18.0,66.0
1790786068.7550085,0,no release,18.0,1.0481,,,,18.0,66.0
1790786068.8962836,0,no release,18.0,1.0278,,,,18.0,66.0
1790786069.115868,0,no release,18.0,1.0396,,,,18.0,66.0
1790786070.1335626,0,hit wall,2.46,1.0474,2.439999999999948,0.06580319569747356,2.0679121249471293,18.0,66.0
1790786070.2102416,0,no release,18.0,1.035,,,,18.0,66.0
1790786071.0715432,0,no release,18.0,1.0601,,,,18.0,66.0
1790786073.789191,0,no release,18.0,1.1304,,,,18.0,66.0
1790786074.1930876,0,no release,18.0,1.1214,,,,18.0,66.0
1790786074.505897,0,no release,18.0,1.3587,,,,18.0,66.0
1790786076.8899307,0,hit wall,12.428,1.1593,12.399999999999736,0.6191365290307951,2.4997906317424348,18.0,66.0
1790786079.1459126,0,no release,18.0,1.0589,,,,18.0,66.0
1790786079.30439,0,no release,18.0,1.0445,,,,18.0,66.0
1790786080.688594,0,no release,18.0,1.08,,,,18.0,66.0
1790786081.5621212,0,no release,18.0,1.0624,,,,18.0,66.0
1790786083.0787916,0,no release,18.0,1.0152,,,,18.0,66.0
1790786084.6070352,0,no release,18.0,1.1828,,,,18.0,66.0
1790786084.890288,0,no release,18.0,1.2288,,,,18.0,66.0
1790786087.318282,0,no release,18.0,1.0646,,,,18.0,66.0
1790786088.3370824,0,no release,18.0,1.0537,,,,18.0,66.0
1790786088.4795525,0,no release,18.0,1.0994,,,,18.0,66.0
1790786090.8647237,0,no release,18.0,1.1418,,,,18.0,66.0
1790786091.723043,0,no release,18.0,1.2572,,,,18.0,66.0
1790786093.2143016,0,no release,18.0,1.0857,,,,18.0,66.0
1790786093.6648707,0,no release,18.0,1.0757,,,,18.0,66.0
1790786094.0032449,0,no release,18.0,1.0751,,,,18.0,66.0
1790786097.5193405,0,no release,18.0,1.0256,,,,18.0,66.0
1790786098.5735514,0,no release,18.0,1.0425,,,,18.0,66.0
1790786098.7243216,0,no release,18.0,1.3141,,,,18.0,66.0
1790786099.0179367,0,hit wall,10.286,1.1318,10.259999999999781,0.5002476401419087,2.7004685530521906,18.0,66.0
1790786100.1765165,0,no release,18.0,1.1985,,,,18.0,66.0
1790786102.061888,0,no release,18.0,1.185,,,,18.0,66.0
1790786103.195813,0,hit wall,16.36,1.0084,16.339999999999847,0.8380254179196902,2.1760890569803832,18.0,66.0
1790786104.3346753,0,no release,18.0,0.9929,,,,18.0,66.0
1790786108.0172791,0,no release,18.0,1.1524,,,,18.0,66.0
1790786109.146996,0,no release,18.0,1.0067,,,,18.0,66.0
1790786109.2734535,0,no release,18.0,1.0638,,,,18.0,66.0
1790786109.5412567,0,no release,18.0,1.1747,,,,18.0,66.0
1790786110.7549005,0,no release,18.0,1.0998,,,,18.0,66.0
1790786111.5950599,0,no release,18.0,1.012,,,,18.0,66.0
1790786113.8453088,0,no release,18.0,1.2387,,,,18.0,66.0
1790786114.9095957,0,no release,18.0,1.2099,,,,18.0,66.0
1790786117.5480711,0,no release,18.0,1.0799,,,,18.0,66.0
1790786119.8119452,0,no release,18.0,1.0642,,,,18.0,66.0
1790786119.955752,0,no release,18.0,0.9607,,,,18.0,66.0
1790786120.2072313,0,no release,18.0,1.0753,,,,18.0,66.0
1790786121.2940977,0,no release,18.0,1.1239,,,,18.0,66.0
1790786122.2071111,0,no release,18.0,1.1366,,,,18.0,66.0
1790786123.312696,0,no release,18.0,1.0733,,,,18.0,66.0
1790786125.5431004,0,no release,18.0,1.0771,,,,18.0,66.0
1790786127.9305344,0,no release,18.0,0.9758,,,,18.0,66.0
1790786128.9821537,0,no release,18.0,1.478,,,,18.0,66.0
1790786129.136933,0,no release,18.0,1.0052,,,,18.0,66.0
1790786129.4330924,0,no release,18.0,1.0357,,,,18.0,66.0
1790786131.7340212,0,no release,18.0,1.127,,,,18.0,66.0
1790786132.6668007,0,no release,18.0,1.0858,,,,18.0,66.0
1790786133.8035452,0,no release,18.0,1.1752,,,,18.0,66.0
1790786134.9138882,0,hit wall,18.01,1.0484,17.980000000000103,0.9291365290308156,2.0678807593130855,18.0,66.0
1790786138.6050487,0,no release,18.0,1.1365,,,,18.0,66.0
1790786139.824991,0,no release,18.0,1.0516,,,,18.0,66.0
1790786139.9896727,0,no release,18.0,1.2242,,,,18.0,66.0
1790786140.2518685,0,no release,18.0,1.1306,,,,18.0,66.0
1790786141.3777626,0,no release,18.0,1.1287,,,,18.0,66.0
1790786143.5138352,0,no release,18.0,0.9824,,,,18.0,66.0
1790786144.6841266,0,no release,18.0,1.0662,,,,18.0,66.0
1790786145.8113499,0,no release,18.0,1.1787,,,,18.0,66.0
1790786149.5646708,0,no release,18.0,1.1054,,,,18.0,66.0
1790786150.6313977,0,no release,18.0,1.0237,,,,18.0,66.0
1790786150.8004704,0,no release,18.0,1.1585,,,,18.0,66.0
1790786151.1067355,0,no release,18.0,1.036,,,,18.0,66.0
1790786152.3278866,0,no release,18.0,1.126,,,,18.0,66.0
1790786153.2054813,0,no release,18.0,1.1857,,,,18.0,66.0
1790786155.512113,0,no release,18.0,0.956,,,,18.0,66.0
1790786156.6415277,0,no release,18.0,1.0126,,,,18.0,66.0
1790786159.2313423,0,no release,18.0,1.0147,,,,18.0,66.0
1790786161.4841459,0,no release,18.0,1.1055,,,,18.0,66.0
1790786161.6345625,0,no release,18.0,1.1411,,,,18.0,66.0
1790786161.903775,0,no release,18.0,1.0284,,,,18.0,66.0
1790786163.0675764,0,no release,18.0,1.2308,,,,18.0,66.0
1790786163.9432108,0,no release,18.0,1.0188,,,,18.0,66.0
1790786165.0389302,0,no release,18.0,1.0942,,,,18.0,66.0
1790786167.4033823,0,no release,18.0,1.1038,,,,18.0,66.0
1790786169.7872922,0,no release,18.0,1.0258,,,,18.0,66.0
1790786170.8728209,0,no release,18.0,0.9685,,,,18.0,66.0
1790786171.0224166,0,no release,18.0,1.7,,,,18.0,66.0
1790786172.5411062,0,no release,18.0,1.0915,,,,18.0,66.0
1790786173.6509063,0,no release,18.0,1.0453,,,,18.0,66.0
1790786174.5210848,0,no release,18.0,1.2051,,,,18.0,66.0
1790786175.631149,0,no release,18.0,1.3857,,,,18.0,66.0
1790786176.7407634,0,no release,18.0,1.3609,,,,18.0,66.0
1790786180.3817341,0,no release,18.0,1.1837,,,,18.0,66.0
1790786181.4656103,0,no release,18.0,1.037,,,,18.0,66.0
1790786181.6228037,0,no release,18.0,1.1335,,,,18.0,66.0
1790786181.9374547,0,no release,18.0,1.0838,,,,18.0,66.0
1790786184.4122188,0,no release,18.0,1.0323,,,,18.0,66.0
1790786185.3452928,0,no release,18.0,1.1659,,,,18.0,66.0
1790786186.5792296,0,no release,18.0,1.1738,,,,18.0,66.0
1790786187.814323,0,no release,18.0,1.1215,,,,18.0,66.0
1790786191.8475795,0,no release,18.0,1.2684,,,,18.0,66.0
1790786193.0000072,0,no release,18.0,1.3341,,,,18.0,66.0
1790786193.1457283,0,no release,18.0,1.0307,,,,18.0,66.0
1790786193.4220524,0,no release,18.0,1.4683,,,,18.0,66.0
1790786194.7487552,0,no release,18.0,1.0882,,,,18.0,66.0
1790786195.7757072,0,no release,18.0,1.1102,,,,18.0,66.0
1790786198.1876118,0,no release,18.0,1.3353,,,,18.0,66.0
1790786199.1961026,0,no release,18.0,1.2116,,,,18.0,66.0
1790786201.434081,0,hit wall,16.718,1.0568,16.699999999999903,0.8580254179196933,2.151729630143751,18.0,66.0
1790786204.5227504,0,no release,18.0,1.6577,,,,18.0,66.0
1790786204.631454,0,no release,18.0,1.1437,,,,18.0,66.0
1790786204.8481607,0,no release,18.0,1.0181,,,,18.0,66.0
1790786205.9939017,0,no release,18.0,1.1985,,,,18.0,66.0
1790786207.0234432,0,no release,18.0,1.106,,,,18.0,66.0
1790786208.3281612,0,no release,18.0,1.0712,,,,18.0,66.0
1790786210.6729386,0,no release,18.0,1.1511,,,,18.0,66.0
1790786212.6492841,0,no release,18.0,1.1196,,,,18.0,66.0
1790786214.5046778,0,no release,18.0,1.0558,,,,18.0,66.0
1790786214.6763134,0,no release,18.0,1.2249,,,,18.0,66.0
1790786216.0261524,0,no release,18.0,1.1493,,,,18.0,66.0
1790786217.1364987,0,no release,18.0,1.0942,,,,18.0,66.0
1790786218.0336392,0,no release,18.0,1.2349,,,,18.0,66.0
1790786219.3037672,0,no release,18.0,1.1172,,,,18.0,66.0
1790786220.5432568,0,no release,18.0,1.1565,,,,18.0,66.0
1790786223.6490302,0,no release,18.0,1.2783,,,,18.0,66.0
1790786224.5152423,0,hit wall,12.884,1.1395,,,,18.0,66.0
1790786225.4706094,0,no release,18.0,1.2835,,,,18.0,66.0
1790786225.626939,0,no release,18.0,1.1165,,,,18.0,66.0
1790786225.9039154,0,no release,18.0,1.1692,,,,18.0,66.0
1790786229.3989909,0,no release,18.0,1.2773,,,,18.0,66.0
1790786230.4883099,0,no release,18.0,1.3164,,,,18.0,66.0
1790786231.7162716,0,no release,18.0,1.0604,,,,18.0,66.0
1790786235.1048343,0,no release,18.0,1.2234,,,,18.0,66.0
1790786236.0019724,0,no release,18.0,1.0203,,,,18.0,66.0
1790786236.8092673,0,no release,18.0,1.4172,,,,18.0,66.0
1790786236.9464397,0,no release,18.0,1.1976,,,,18.0,66.0
1790786237.2184322,0,no release,18.0,1.0128,,,,18.0,66.0
1790786239.0760102,0,hit wall,16.854,1.144,,,,18.0,66.0
1790786242.131103,0,no release,18.0,1.2878,,,,18.0,66.0
1790786243.2034328,0,no release,18.0,1.1674,,,,18.0,66.0
1790786245.4435074,0,no release,18.0,1.0535,,,,18.0,66.0
1790786245.8124042,0,hit wall,16.826,1.0785,,,,18.0,66.0
1790786248.3609195,0,no release,18.0,1.0175,,,,18.0,66.0
1790786248.4999557,0,no release,18.0,1.2337,,,,18.0,66.0
1790786248.72352,0,no release,18.0,1.0596,,,,18.0,66.0
1790786248.8759239,0,hit wall,1.198,1.2276,,,,18.0,66.0
1790786250.4596593,0,no release,18.0,1.2265,,,,18.0,66.0
1790786250.73275,0,hit wall,14.93,1.1058,,,,18.0,66.0
1790786254.742908,0,no release,18.0,1.1665,,,,18.0,66.0
1790786255.2684238,0,hit wall,7.068,1.0859,,,,18.0,66.0
1790786256.8830163,0,no release,18.0,1.2188,,,,18.0,66.0
1790786257.2530909,0,no release,18.0,1.133,,,,18.0,66.0
1790786260.0288427,0,no release,18.0,1.1119,,,,18.0,66.0
1790786260.3123038,0,no release,18.0,1.421,,,,18.0,66.0
1790786260.4944925,0,no release,18.0,1.1544,,,,18.0,66.0
1790786262.343388,0,no release,18.0,1.3109,,,,18.0,66.0
1790786265.2029834,0,no release,18.0,1.0992,,,,18.0,66.0
1790786266.9318483,0,no release,18.0,1.1834,,,,18.0,66.0
1790786268.5098538,0,no release,18.0,1.9854,,,,18.0,66.0
1790786268.8341095,0,no release,18.0,1.2338,,,,18.0,66.0
1790786270.015197,0,hit wall,16.732,1.106,,,,18.0,66.0
1790786270.4341643,0,no release,18.0,1.1118,,,,18.0,66.0
1790786270.895626,0,no release,18.0,1.0706,,,,18.0,66.0
1790786273.9212523,0,no release,18.0,1.0061,,,,18.0,66.0
1790786274.1367247,0,hit wall,12.936,1.0101,,,,18.0,66.0
1790786277.2566204,0,no release,18.0,1.1075,,,,18.0,66.0
1790786279.956958,0,no release,18.0,1.0865,,,,18.0,66.0
1790786280.336686,0,no release,18.0,1.209,,,,18.0,66.0
1790786281.5697021,0,no release,18.0,1.012,,,,18.0,66.0
1790786281.9180841,0,no release,18.0,1.1133,,,,18.0,66.0
1790786282.3875544,0,no release,18.0,1.3113,,,,18.0,66.0
1790786284.26678,0,no release,18.0,1.1388,,,,18.0,66.0
1790786285.6700137,0,no release,18.0,1.0591,,,,18.0,66.0
1790786286.1140916,0,hit wall,9.682,1.1194,9.659999999999794,0.46691430680857615,2.6504801113820107,18.0,66.0
1790786288.386496,0,no release,18.0,0.9804,,,,18.0,66.0
1790786290.076722,0,no release,18.0,1.0679,,,,18.0,66.0
1790786292.4428434,0,no release,18.0,1.0856,,,,18.0,66.0
1790786292.7147906,0,no release,18.0,1.063,,,,18.0,66.0
1790786293.0497253,0,no release,18.0,0.9913,,,,18.0,66.0
1790786294.5845811,0,no release,18.0,0.9812,,,,18.0,66.0
1790786294.751821,0,no release,18.0,1.3333,,,,18.0,66.0
1790786295.1291707,0,no release,18.0,0.9916,,,,18.0,66.0
1790786298.2581098,0,no release,18.0,1.0898,,,,18.0,66.0
1790786299.6609058,0,no release,18.0,1.1947,,,,18.0,66.0
1790786300.5536597,0,no release,18.0,1.0768,,,,18.0,66.0
1790786302.0137186,0,no release,18.0,1.0604,,,,18.0,66.0
1790786302.3435009,0,no release,18.0,1.0457,,,,18.0,66.0
1790786303.4633439,0,no release,18.0,1.2472,,,,18.0,66.0
1790786303.5907607,0,no release,18.0,1.2396,,,,18.0,66.0
1790786303.920214,0,no release,18.0,1.1774,,,,18.0,66.0
1790786307.0206697,0,no release,18.0,1.2337,,,,18.0,66.0
1790786308.295339,0,no release,18.0,1.0763,,,,18.0,66.0
1790786309.1391497,0,no release,18.0,1.35,,,,18.0,66.0
1790786309.3688962,0,no release,18.0,1.0825,,,,18.0,66.0
1790786309.6949735,0,no release,18.0,1.1932,,,,18.0,66.0
1790786312.1759179,0,no release,18.0,1.333,,,,18.0,66.0
1790786312.3105192,0,no release,18.0,1.0988,,,,18.0,66.0
1790786312.6405065,0,no release,18.0,1.1016,,,,18.0,66.0
1790786314.3864183,0,no release,18.0,1.1966,,,,18.0,66.0
1790786314.4754243,0,hit wall,11.198,1.0255,,,,18.0,66.0
1790786316.8296185,0,hit wall,8.472,1.153,8.43999999999982,0.39913652903079977,2.5310652663413555,18.0,66.0
1790786317.0328982,0,no release,18.0,0.9704,,,,18.0,66.0
1790786317.8517737,0,no release,18.0,1.1863,,,,18.0,66.0
1790786318.3483782,0,no release,18.0,1.0414,,,,18.0,66.0
1790786320.847023,0,no release,18.0,1.2139,,,,18.0,66.0
1790786320.9966156,0,no release,18.0,1.3031,,,,18.0,66.0
1790786323.105638,0,no release,18.0,1.3308,,,,18.0,66.0
1790786323.183063,0,no release,18.0,1.0557,,,,18.0,66.0
1790786324.3358314,0,no release,18.0,1.2666,,,,18.0,66.0
1790786325.723045,0,no release,18.0,1.236,,,,18.0,66.0
1790786326.7106373,0,no release,18.0,1.0601,,,,18.0,66.0
1790786327.2819943,0,no release,18.0,1.3652,,,,18.0,66.0
1790786328.431187,0,no release,18.0,1.1813,,,,18.0,66.0
1790786328.5657403,0,no release,18.0,1.0713,,,,18.0,66.0
1790786331.9941463,0,no release,18.0,1.0483,,,,18.0,66.0
1790786332.0793538,0,no release,18.0,1.2121,,,,18.0,66.0
1790786333.1081288,0,no release,18.0,0.9875,,,,18.0,66.0
1790786333.2988827,0,no release,18.0,1.1333,,,,18.0,66.0
1790786335.4074578,0,no release,18.0,1.1799,,,,18.0,66.0
1790786336.0017266,0,no release,18.0,1.0632,,,,18.0,66.0
1790786337.23269,0,no release,18.0,1.0324,,,,18.0,66.0
1790786337.3697786,0,no release,18.0,1.5775,,,,18.0,66.0
1790786340.7681656,0,no release,18.0,1.2076,,,,18.0,66.0
1790786340.864542,0,no release,18.0,0.985,,,,18.0,66.0
1790786341.9528673,0,no release,18.0,1.0798,,,,18.0,66.0
1790786342.1205044,0,no release,18.0,1.0166,,,,18.0,66.0
1790786342.9707944,0,no release,18.0,1.0184,,,,18.0,66.0
1790786343.546265,0,no release,18.0,1.1632,,,,18.0,66.0
1790786345.9400299,0,no release,18.0,1.1638,,,,18.0,66.0
1790786346.0717077,0,no release,18.0,1.1798,,,,18.0,66.0
1790786348.1987798,0,no release,18.0,1.2261,,,,18.0,66.0
1790786348.3050792,0,no release,18.0,1.0088,,,,18.0,66.0
1790786350.6917684,0,no release,18.0,1.0624,,,,18.0,66.0
1790786350.873388,0,no release,18.0,1.0946,,,,18.0,66.0
1790786351.8008296,0,no release,18.0,1.0107,,,,18.0,66.0
1790786352.345837,0,no release,18.0,1.2253,,,,18.0,66.0
1790786354.8929331,0,no release,18.0,1.0213,,,,18.0,66.0
1790786355.0221267,0,no release,18.0,0.9975,,,,18.0,66.0
1790786357.2682102,0,no release,18.0,1.2704,,,,18.0,66.0
1790786357.3572462,0,no release,18.0,1.0611,,,,18.0,66.0
1790786358.4815736,0,no release,18.0,1.2081,,,,18.0,66.0
1790786359.8185706,0,no release,18.0,1.1595,,,,18.0,66.0
1790786360.7648208,0,no release,18.0,0.9516,,,,18.0,66.0
1790786361.3622992,0,no release,18.0,0.9973,,,,18.0,66.0
1790786362.5723922,0,no release,18.0,1.0304,,,,18.0,66.0
1790786362.7257533,0,no release,18.0,1.0996,,,,18.0,66.0
1790786366.163975,0,no release,18.0,1.0608,,,,18.0,66.0
1790786366.2764578,0,no release,18.0,1.0699,,,,18.0,66.0
1790786367.3604457,0,no release,18.0,1.1393,,,,18.0,66.0
1790786367.5551956,0,no release,18.0,1.3072,,,,18.0,66.0
1790786367.86009,0,hit wall,14.69,1.0251,,,,18.0,66.0
1790786369.6977558,0,no release,18.0,1.0541,,,,18.0,66.0
1790786371.5368822,0,no release,18.0,1.0889,,,,18.0,66.0
1790786371.6917412,0,no release,18.0,0.9964,,,,18.0,66.0
1790786374.6981063,0,hit wall,16.69,1.0539,,,,18.0,66.0
1790786375.0737712,0,no release,18.0,1.0178,,,,18.0,66.0
1790786376.2502782,0,no release,18.0,1.069,,,,18.0,66.0
1790786376.4378352,0,no release,18.0,1.0086,,,,18.0,66.0
1790786376.689257,0,no release,18.0,1.1089,,,,18.0,66.0
1790786377.2563844,0,no release,18.0,0.9513,,,,18.0,66.0
1790786380.065359,0,no release,18.0,1.0988,,,,18.0,66.0
1790786380.190624,0,no release,18.0,1.1356,,,,18.0,66.0
1790786381.982897,0,no release,18.0,1.0758,,,,18.0,66.0
1790786382.3817155,0,no release,18.0,1.0864,,,,18.0,66.0
1790786384.7251697,0,no release,18.0,1.1185,,,,18.0,66.0
1790786384.9144087,0,no release,18.0,1.0671,,,,18.0,66.0
1790786385.2094445,0,no release,18.0,1.063,,,,18.0,66.0
1790786385.8418527,0,no release,18.0,1.1041,,,,18.0,66.0
1790786388.774686,0,no release,18.0,1.0515,,,,18.0,66.0
1790786388.9121408,0,no release,18.0,1.0551,,,,18.0,66.0
1790786390.7276368,0,no release,18.0,1.0826,,,,18.0,66.0
1790786391.0851507,0,no release,18.0,1.0519,,,,18.0,66.0
1790786393.3783638,0,no release,18.0,1.0853,,,,18.0,66.0
1790786393.581225,0,no release,18.0,1.0815,,,,18.0,66.0
1790786393.8694606,0,no release,18.0,1.0789,,,,18.0,66.0
1790786394.4225473,0,no release,18.0,1.1546,,,,18.0,66.0
1790786396.21801,0,no release,18.0,1.1974,,,,18.0,66.0
1790786396.3462577,0,no release,18.0,1.0388,,,,18.0,66.0
1790786399.3992035,0,no release,18.0,1.0684,,,,18.0,66.0
1790786399.735984,0,no release,18.0,1.1639,,,,18.0,66.0
1790786400.887768,0,no release,18.0,1.0585,,,,18.0,66.0
1790786401.0860984,0,no release,18.0,1.0095,,,,18.0,66.0
1790786401.3880181,0,no release,18.0,1.4333,,,,18.0,66.0
1790786403.2241378,0,no release,18.0,1.0183,,,,18.0,66.0
1790786404.9864213,0,no release,18.0,1.0868,,,,18.0,66.0
1790786405.1149302,0,no release,18.0,1.1291,,,,18.0,66.0
1790786407.827008,0,no release,18.0,1.0792,,,,18.0,66.0
1790786408.1771982,0,no release,18.0,1.0902,,,,18.0,66.0
1790786409.3124766,0,no release,18.0,1.1349,,,,18.0,66.0
1790786409.5194886,0,no release,18.0,1.2725,,,,18.0,66.0
1790786409.8048785,0,no release,18.0,1.2859,,,,18.0,66.0
1790786410.393899,0,no release,18.0,1.1963,,,,18.0,66.0
1790786413.2897482,0,no release,18.0,1.011,,,,18.0,66.0
1790786413.4097943,0,no release,18.0,1.0214,,,,18.0,66.0
1790786415.200424,0,no release,18.0,1.1214,,,,18.0,66.0
1790786415.6020036,0,no release,18.0,1.1226,,,,18.0,66.0
1790786417.9690893,0,no release,18.0,1.0999,,,,18.0,66.0
1790786418.169255,0,no release,18.0,1.0683,,,,18.0,66.0
1790786418.4412847,0,no release,18.0,1.1376,,,,18.0,66.0
1790786419.0933871,0,no release,18.0,1.0419,,,,18.0,66.0
1790786422.0016475,0,no release,18.0,0.9922,,,,18.0,66.0
1790786422.117535,0,no release,18.0,1.0834,,,,18.0,66.0
1790786423.8754864,0,no release,18.0,1.0388,,,,18.0,66.0
1790786424.2255654,0,no release,18.0,1.0911,,,,18.0,66.0
1790786426.5141556,0,no release,18.0,1.2727,,,,18.0,66.0
1790786426.699507,0,no release,18.0,1.0582,,,,18.0,66.0
1790786426.9887269,0,no release,18.0,0.9111,,,,18.0,66.0
1790786427.5573177,0,no release,18.0,1.1072,,,,18.0,66.0
1790786429.3687723,0,no release,18.0,1.1047,,,,18.0,66.0
1790786429.4961388,0,no release,18.0,0.9862,,,,18.0,66.0
1790786432.5328069,0,no release,18.0,1.0432,,,,18.0,66.0
1790786432.9485505,0,no release,18.0,0.965,,,,18.0,66.0
1790786434.0707104,0,no release,18.0,1.0366,,,,18.0,66.0
1790786434.2614033,0,no release,18.0,1.0232,,,,18.0,66.0
1790786434.5530024,0,no release,18.0,0.9729,,,,18.0,66.0
1790786436.26505,0,no release,18.0,1.1021,,,,18.0,66.0
1790786438.1333854,0,no release,18.0,1.0071,,,,18.0,66.0
1790786438.2570987,0,no release,18.0,1.0354,,,,18.0,66.0
1790786441.256959,0,no release,18.0,1.084,,,,18.0,66.0
1790786441.6189291,0,no release,18.0,1.1255,,,,18.0,66.0
1790786442.84566,0,no release,18.0,1.2909,,,,18.0,66.0
1790786443.0591388,0,no release,18.0,1.1311,,,,18.0,66.0
1790786443.3254533,0,no release,18.0,1.2114,,,,18.0,66.0
1790786443.6552198,0,hit wall,6.65,1.0737,6.619999999999859,0.29802541791969084,2.3666079618596836,18.0,66.0
1790786443.887154,0,no release,18.0,0.9845,,,,18.0,66.0
1790786446.889636,0,no release,18.0,1.0577,,,,18.0,66.0
1790786447.04398,0,no release,18.0,1.1453,,,,18.0,66.0
1790786450.2436597,0,no release,18.0,0.9892,,,,18.0,66.0
1790786451.4108577,0,no release,18.0,1.012,,,,18.0,66.0
1790786451.6253648,0,no release,18.0,1.1012,,,,18.0,66.0
1790786451.911082,0,no release,18.0,1.124,,,,18.0,66.0
1790786452.29888,0,no release,18.0,1.0651,,,,18.0,66.0
1790786452.5617523,0,no release,18.0,1.1824,,,,18.0,66.0
1790786455.4922588,0,no release,18.0,1.0489,,,,18.0,66.0
1790786455.6289065,0,no release,18.0,1.0748,,,,18.0,66.0
1790786457.828583,0,no release,18.0,0.9786,,,,18.0,66.0
1790786460.114731,0,no release,18.0,1.1255,,,,18.0,66.0
1790786460.3112378,0,no release,18.0,0.9754,,,,18.0,66.0
1790786460.590993,0,no release,18.0,0.9113,,,,18.0,66.0
1790786460.9697866,0,no release,18.0,1.4769,,,,18.0,66.0
1790786461.2749987,0,no release,18.0,1.049,,,,18.0,66.0
1790786463.089522,0,no release,18.0,1.0157,,,,18.0,66.0
1790786463.228088,0,no release,18.0,1.0032,,,,18.0,66.0
1790786466.556911,0,no release,18.0,0.9865,,,,18.0,66.0
1790786467.6942897,0,no release,18.0,1.0102,,,,18.0,66.0
1790786467.8890321,0,no release,18.0,1.0003,,,,18.0,66.0
1790786468.1941462,0,no release,18.0,1.0615,,,,18.0,66.0
1790786469.6355565,0,no release,18.0,0.9392,,,,18.0,66.0
1790786469.872361,0,no release,18.0,0.9681,,,,18.0,66.0
1790786471.7260532,0,no release,18.0,1.151,,,,18.0,66.0
1790786471.8606377,0,no release,18.0,1.0137,,,,18.0,66.0
1790786475.2236066,0,no release,18.0,1.0261,,,,18.0,66.0
1790786476.3848534,0,no release,18.0,1.0759,,,,18.0,66.0
1790786476.5793743,0,no release,18.0,1.0354,,,,18.0,66.0
1790786476.8489003,0,no release,18.0,1.0544,,,,18.0,66.0
1790786477.2025855,0,no release,18.0,0.9603,,,,18.0,66.0
1790786477.4630382,0,no release,18.0,1.1563,,,,18.0,66.0
1790786480.5069401,0,no release,18.0,1.207,,,,18.0,66.0
1790786480.6596682,0,no release,18.0,1.0706,,,,18.0,66.0
1790786483.9155977,0,no release,18.0,1.0535,,,,18.0,66.0
1790786485.0639365,0,no release,18.0,1.032,,,,18.0,66.0
1790786485.2824364,0,no release,18.0,1.1657,,,,18.0,66.0
1790786485.6017184,0,no release,18.0,1.0897,,,,18.0,66.0
1790786485.9824145,0,no release,18.0,1.1564,,,,18.0,66.0
1790786486.1040823,0,hit wall,0.344,0.8637,0.3199999999999932,0.9480254179196983,2.0540509564922136,18.0,66.0
1790786486.2441225,0,no release,18.0,1.0795,,,,18.0,66.0
1790786486.5321503,0,hit wall,13.3,1.0259,13.279999999999717,0.668025417919683,2.419867831976965,18.0,66.0
1790786489.2442589,0,no release,18.0,1.1103,,,,18.0,66.0
1790786489.8047702,0,hit wall,1.504,0.9854,1.4799999999999685,0.01246986236414137,2.018525802114235,18.0,66.0
1790786491.626941,0,no release,18.0,1.1185,,,,18.0,66.0
1790786494.0359175,0,no release,18.0,1.1188,,,,18.0,66.0
1790786494.2209444,0,no release,18.0,1.0736,,,,18.0,66.0
1790786494.513785,0,no release,18.0,1.1272,,,,18.0,66.0
1790786495.046839,0,no release,18.0,1.0433,,,,18.0,66.0
1790786495.1889703,0,no release,18.0,1.0232,,,,18.0,66.0
1790786495.4636838,0,no release,18.0,1.0649,,,,18.0,66.0
1790786496.056986,0,hit wall,2.782,1.0084,2.759999999999941,0.08358097347525097,2.0860056769177264,18.0,66.0
1790786498.7321126,0,no release,18.0,1.0675,,,,18.0,66.0
1790786500.5678773,0,no release,18.0,1.0422,,,,18.0,66.0
1790786501.7872193,0,no release,18.0,1.0726,,,,18.0,66.0
1790786501.9772081,0,no release,18.0,1.2131,,,,18.0,66.0
1790786503.3689964,0,no release,18.0,1.1763,,,,18.0,66.0
1790786503.498792,0,hit wall,0.308,0.9911,0.27999999999999403,0.9458031956974762,2.055601800184173,18.0,66.0
1790786503.5061426,0,missed B,1.136,0.9354,0.5199999999999889,0.9591365290308091,1.0121661562869335,18.0,66.0
1790786503.996532,0,no release,18.0,1.0029,,,,18.0,66.0
1790786504.3068037,0,no release,18.0,1.0306,,,,18.0,66.0
1790786504.6631494,0,hit wall,4.782,1.1381,4.7599999999998985,0.1946920845863597,2.218473537665316,18.0,66.0
1790786504.9377627,0,no release,18.0,1.0706,,,,18.0,66.0
1790786506.5046823,0,no release,18.0,0.999,,,,18.0,66.0
1790786509.5027993,0,no release,18.0,1.0619,,,,18.0,66.0
1790786511.249752,0,no release,18.0,1.0289,,,,18.0,66.0
1790786511.2559998,0,no release,18.0,1.0226,,,,18.0,66.0
1790786511.7487795,0,no release,18.0,1.0683,,,,18.0,66.0
1790786513.051309,0,no release,18.0,1.0977,,,,18.0,66.0
1790786513.3749576,0,no release,18.0,1.0084,,,,18.0,66.0
1790786513.6244473,0,no release,18.0,1.1298,,,,18.0,66.0
1790786515.0608172,0,no release,18.0,1.1495,,,,18.0,66.0
1790786517.7222178,0,no release,18.0,0.9934,,,,18.0,66.0
1790786519.182425,0,no release,18.0,1.0761,,,,18.0,66.0
1790786519.188499,0,no release,18.0,1.1191,,,,18.0,66.0
1790786519.562591,0,no release,18.0,1.0828,,,,18.0,66.0
1790786519.7798383,0,no release,18.0,1.166,,,,18.0,66.0
1790786520.0525887,0,no release,18.0,1.0395,,,,18.0,66.0
1790786520.2471895,0,no release,18.0,1.2095,,,,18.0,66.0
1790786522.6997886,0,no release,18.0,1.1391,,,,18.0,66.0
1790786524.1767797,0,no release,18.0,0.9848,,,,18.0,66.0
