time,success,reason,t,U_peak,release_time,phi_release,d_min,T,m
1790783228.237085,0,hit wall,0.032,0.498,0.0,0.9302476401419209,2.0715152929646248,18.0,66.0
1790783228.323499,0,slipped off A,0.17,1.4776,,,,18.0,66.0
1790783228.3826559,0,hit wall,0.21,1.4466,0.17999999999999616,0.9402476401419206,2.061513455290727,18.0,66.0
1790783228.3979397,0,slipped off A,0.276,1.699,,,,18.0,66.0
1790783228.4093606,0,grip capacity exceeded,0.282,2.8706,,,,18.0,66.0
1790783228.420665,0,grip capacity exceeded,0.314,2.342,,,,18.0,66.0
1790783228.4405236,0,slipped off A,0.33,1.4752,,,,18.0,66.0
1790783228.461415,0,grip capacity exceeded,0.07,2.0461,,,,18.0,66.0
1790783228.4863055,0,grip capacity exceeded,0.122,2.2261,,,,18.0,66.0
1790783228.500751,0,grip capacity exceeded,0.252,2.0251,,,,18.0,66.0
1790783228.5059452,0,grip capacity exceeded,0.19,2.1386,,,,18.0,66.0
1790783228.526873,0,slipped off A,0.15,1.4912,,,,18.0,66.0
1790783228.5589151,0,grip capacity exceeded,0.538,2.6887,,,,18.0,66.0
1790783228.57213,0,grip capacity exceeded,0.076,2.313,,,,18.0,66.0
1790783228.6078265,0,grip capacity exceeded,0.632,2.2799,,,,18.0,66.0
1790783228.617304,0,grip capacity exceeded,0.09,2.0067,,,,18.0,66.0
1790783228.6684692,0,slipped off A,0.29,1.3916,,,,18.0,66.0
1790783228.6871388,0,grip capacity exceeded,0.354,2.1039,,,,18.0,66.0
1790783228.6924381,0,grip capacity exceeded,0.374,2.245,,,,18.0,66.0
1790783228.718832,0,grip capacity exceeded,0.488,2.4522,,,,18.0,66.0
1790783228.7641132,0,slipped off A,0.296,1.6142,,,,18.0,66.0
1790783228.8168128,0,slipped off A,0.222,1.162,,,,18.0,66.0
1790783228.8245308,0,hit wall,0.652,1.4433,0.6199999999999868,0.9646920845863646,2.0383448490493494,18.0,66.0
1790783228.8367064,0,slipped off A,0.51,1.279,,,,18.0,66.0
1790783228.8523588,0,grip capacity exceeded,0.238,2.0383,,,,18.0,66.0
1790783228.8555691,0,slipped off A,0.42,1.8496,,,,18.0,66.0
1790783228.9397933,0,grip capacity exceeded,0.134,2.0963,,,,18.0,66.0
1790783228.9423778,0,slipped off A,0.41,1.7263,,,,18.0,66.0
1790783228.9644258,0,slipped off A,0.22,0.961,,,,18.0,66.0
1790783228.9940288,0,hit wall,0.33,0.8505,0.1599999999999966,0.9391365290308096,1.979223243103201,18.0,66.0
1790783229.011596,0,grip capacity exceeded,0.278,2.7844,,,,18.0,66.0
1790783229.017587,0,slipped off A,0.25,1.1488,,,,18.0,66.0
1790783229.0329962,0,grip capacity exceeded,0.258,2.5537,,,,18.0,66.0
1790783229.1027899,0,grip capacity exceeded,0.154,3.0494,,,,18.0,66.0
1790783229.1088402,0,grip capacity exceeded,0.666,2.1229,,,,18.0,66.0
1790783229.1876242,0,grip capacity exceeded,0.3,2.0788,,,,18.0,66.0
1790783229.2201893,0,grip capacity exceeded,0.252,2.9944,,,,18.0,66.0
1790783229.2230756,0,slipped off A,0.37,1.2096,,,,18.0,66.0
1790783229.2285058,0,slipped off A,0.27,1.3635,,,,18.0,66.0
1790783229.271736,0,missed B,0.43,0.8289,0.0799999999999983,0.9346920845863652,1.3124193006091973,18.0,66.0
1790783229.3055568,0,slipped off A,0.266,1.2028,,,,18.0,66.0
1790783229.3055422,0,grip capacity exceeded,0.142,2.0832,,,,18.0,66.0
1790783229.3715267,0,slipped off A,0.49,1.7172,,,,18.0,66.0
1790783229.3924694,0,grip capacity exceeded,0.254,2.8023,,,,18.0,66.0
1790783229.4388206,0,grip capacity exceeded,0.068,2.009,,,,18.0,66.0
1790783229.4786084,0,slipped off A,0.19,1.0045,,,,18.0,66.0
1790783229.4949381,0,grip capacity exceeded,0.59,2.1213,,,,18.0,66.0
1790783229.5183876,0,grip capacity exceeded,0.35,2.0035,,,,18.0,66.0
1790783229.554349,0,hit wall,0.446,1.4405,0.33999999999999275,0.9491365290308094,1.9249790712509018,18.0,66.0
1790783229.5554657,0,missed B,0.504,0.8338,0.13999999999999702,0.9380254179196985,1.1955952232198055,18.0,66.0
1790783229.5707617,0,grip capacity exceeded,0.418,2.4689,,,,18.0,66.0
1790783229.599189,0,hit wall,0.238,1.3164,0.19999999999999574,0.9413587512530318,2.0603733586837625,18.0,66.0
1790783229.603884,0,missed B,0.57,0.7016,0.05999999999999872,0.9335809734752541,1.2811695615313863,18.0,66.0
1790783229.612794,0,slipped off A,0.07,1.4094,,,,18.0,66.0
1790783229.6212409,0,grip capacity exceeded,0.162,2.0245,,,,18.0,66.0
1790783229.6610253,0,grip capacity exceeded,0.08,2.0138,,,,18.0,66.0
1790783229.6795487,0,slipped off A,0.26,0.95,,,,18.0,66.0
1790783229.6936984,0,grip capacity exceeded,0.33,2.5993,,,,18.0,66.0
1790783229.7033167,0,slipped off A,0.222,1.6495,,,,18.0,66.0
1790783229.7047942,0,grip capacity exceeded,0.188,2.4677,,,,18.0,66.0
1790783229.7907832,0,grip capacity exceeded,0.32,2.3458,,,,18.0,66.0
1790783229.793355,0,slipped off A,0.154,1.3041,,,,18.0,66.0
1790783229.8280137,0,slipped off A,0.184,1.1993,,,,18.0,66.0
1790783229.830722,0,hit wall,0.4,1.2285,0.25999999999999446,0.944692084586365,1.9647173380900864,18.0,66.0
1790783229.8757424,0,grip capacity exceeded,0.13,2.3185,,,,18.0,66.0
1790783229.9302444,0,missed B,0.61,1.2242,0.13999999999999702,0.9380254179196985,1.249835997634995,18.0,66.0
1790783229.952694,0,grip capacity exceeded,0.384,2.4543,,,,18.0,66.0
1790783229.9694583,0,slipped off A,0.27,1.2115,,,,18.0,66.0
1790783230.009518,0,grip capacity exceeded,0.046,2.0341,,,,18.0,66.0
1790783230.0458114,0,grip capacity exceeded,0.334,2.135,,,,18.0,66.0
1790783230.0971231,0,slipped off A,0.67,1.623,,,,18.0,66.0
1790783230.1136856,0,grip capacity exceeded,0.316,2.0048,,,,18.0,66.0
1790783230.1253052,0,missed B,0.774,1.0583,0.41999999999999105,0.9535809734752537,1.2481395374399102,18.0,66.0
1790783230.144177,0,hit wall,0.548,1.5812,0.49999999999998934,0.9580254179196981,2.044388700696289,18.0,66.0
1790783230.14787,0,slipped off A,0.35,1.0181,,,,18.0,66.0
1790783230.1567307,0,grip capacity exceeded,0.292,2.2734,,,,18.0,66.0
1790783230.168758,0,grip capacity exceeded,0.118,3.2619,,,,18.0,66.0
1790783230.1776395,0,grip capacity exceeded,0.158,2.6616,,,,18.0,66.0
1790783230.1880062,0,hit wall,0.036,0.498,0.0,0.9302476401419209,2.071376729782247,18.0,66.0
1790783230.195625,0,slipped off A,0.338,1.2445,,,,18.0,66.0
1790783230.204604,0,grip capacity exceeded,0.254,2.0517,,,,18.0,66.0
1790783230.2237418,0,slipped off A,0.65,1.8795,,,,18.0,66.0
1790783230.230814,0,grip capacity exceeded,0.2,2.0569,,,,18.0,66.0
1790783230.2867727,0,hit wall,0.238,1.106,0.0799999999999983,0.9346920845863652,1.98381682889918,18.0,66.0
1790783230.2874184,0,grip capacity exceeded,0.16,2.1213,,,,18.0,66.0
1790783230.2936568,0,slipped off A,0.226,1.7687,,,,18.0,66.0
1790783230.3002458,0,slipped off A,0.176,1.7166,,,,18.0,66.0
1790783230.308189,0,slipped off A,0.374,1.7064,,,,18.0,66.0
1790783230.3204923,0,slipped off A,0.43,1.677,,,,18.0,66.0
1790783230.320509,0,slipped off A,0.3,1.2455,,,,18.0,66.0
1790783230.3340309,0,grip capacity exceeded,0.132,2.4111,,,,18.0,66.0
1790783230.3342125,0,grip capacity exceeded,0.384,2.0593,,,,18.0,66.0
1790783230.3347845,0,hit wall,0.11,0.6504,0.05999999999999872,0.9335809734752541,2.0670888123455122,18.0,66.0
1790783230.3411238,0,slipped off A,0.148,1.7748,,,,18.0,66.0
1790783230.3603225,0,slipped off A,0.09,1.1493,,,,18.0,66.0
1790783230.3728013,0,grip capacity exceeded,0.14,2.0943,,,,18.0,66.0
1790783230.3832753,0,slipped off A,0.194,1.4761,,,,18.0,66.0
1790783230.3898501,0,grip capacity exceeded,0.128,2.6599,,,,18.0,66.0
1790783230.395415,0,grip capacity exceeded,0.254,2.1494,,,,18.0,66.0
1790783230.4251049,0,grip capacity exceeded,0.172,2.0214,,,,18.0,66.0
1790783230.4497967,0,grip capacity exceeded,0.166,2.4614,,,,18.0,66.0
1790783230.4694712,0,grip capacity exceeded,0.358,2.4507,,,,18.0,66.0
1790783230.5062256,0,hit wall,0.338,1.2554,0.25999999999999446,0.944692084586365,2.057049058814408,18.0,66.0
1790783230.5062394,0,grip capacity exceeded,0.492,3.002,,,,18.0,66.0
1790783230.5139067,0,grip capacity exceeded,0.39,2.3004,,,,18.0,66.0
1790783230.5288572,0,hit wall,0.042,0.498,0.0,0.9302476401419209,2.071453179187342,18.0,66.0
1790783230.54339,0,hit wall,0.344,1.8719,0.19999999999999574,0.9413587512530318,1.871119751110687,18.0,66.0
1790783230.5550475,0,grip capacity exceeded,0.118,2.5377,,,,18.0,66.0
1790783230.55525,0,slipped off A,0.63,1.5088,,,,18.0,66.0
1790783230.5560129,0,hit wall,0.034,0.498,0.0,0.9302476401419209,2.071476540154999,18.0,66.0
1790783230.5722473,0,hit wall,0.178,1.0885,0.0799999999999983,0.9346920845863652,1.960541581436508,18.0,66.0
1790783230.591276,0,grip capacity exceeded,0.096,2.5438,,,,18.0,66.0
1790783230.5955455,0,slipped off A,0.19,1.1579,,,,18.0,66.0
1790783230.5977592,0,hit wall,0.65,1.3292,0.6199999999999868,0.9646920845863646,2.038428100170037,18.0,66.0
1790783230.621731,0,slipped off A,0.496,1.1637,,,,18.0,66.0
1790783230.656551,0,grip capacity exceeded,0.174,2.3907,,,,18.0,66.0
1790783230.6698122,0,grip capacity exceeded,0.192,2.582,,,,18.0,66.0
1790783230.669901,0,slipped off A,0.304,1.822,,,,18.0,66.0
1790783230.6970878,0,slipped off A,0.352,1.853,,,,18.0,66.0
1790783230.715225,0,slipped off A,0.27,0.9489,,,,18.0,66.0
1790783230.738661,0,missed B,0.532,0.9029,0.0799999999999983,0.9346920845863652,1.2607148034251874,18.0,66.0
1790783230.7433538,0,slipped off A,0.43,1.3501,,,,18.0,66.0
1790783230.7496583,0,slipped off A,0.11,1.3319,,,,18.0,66.0
1790783230.7792954,0,grip capacity exceeded,0.934,2.0789,,,,18.0,66.0
1790783230.79191,0,slipped off A,0.122,1.6069,,,,18.0,66.0
1790783230.8201385,0,slipped off A,0.48,1.4856,,,,18.0,66.0
1790783230.8240235,0,slipped off A,0.27,1.2481,,,,18.0,66.0
1790783230.826699,0,grip capacity exceeded,0.482,2.3402,,,,18.0,66.0
1790783230.8332355,0,grip capacity exceeded,0.142,2.3632,,,,18.0,66.0
1790783230.849348,0,grip capacity exceeded,0.072,2.1693,,,,18.0,66.0
1790783230.8550181,0,slipped off A,0.346,1.2993,,,,18.0,66.0
1790783230.8892708,0,slipped off A,0.31,1.4449,,,,18.0,66.0
1790783230.8894951,0,grip capacity exceeded,0.126,2.0338,,,,18.0,66.0
1790783230.8913891,0,missed B,0.752,1.386,0.2999999999999936,0.9469143068085872,1.2174863656877914,18.0,66.0
1790783230.9060044,0,grip capacity exceeded,0.29,2.6213,,,,18.0,66.0
1790783230.9061277,0,grip capacity exceeded,0.686,2.1154,,,,18.0,66.0
1790783230.9102323,0,slipped off A,0.27,1.328,,,,18.0,66.0
1790783230.9261622,0,slipped off A,0.35,1.1116,,,,18.0,66.0
1790783230.9456763,0,slipped off A,0.148,1.392,,,,18.0,66.0
1790783230.945833,0,grip capacity exceeded,0.218,2.7206,,,,18.0,66.0
1790783230.9590456,0,hit wall,0.112,0.6253,0.019999999999999574,0.931358751253032,1.9886910162163567,18.0,66.0
1790783230.963947,0,grip capacity exceeded,0.188,2.0231,,,,18.0,66.0
1790783230.9805334,0,grip capacity exceeded,0.106,2.0403,,,,18.0,66.0
1790783230.9914815,0,slipped off A,0.31,1.8973,,,,18.0,66.0
1790783231.000812,0,grip capacity exceeded,0.132,2.511,,,,18.0,66.0
1790783231.0051513,0,grip capacity exceeded,0.418,2.2494,,,,18.0,66.0
1790783231.0506392,0,slipped off A,0.23,0.8494,,,,18.0,66.0
1790783231.0745451,0,grip capacity exceeded,0.428,2.175,,,,18.0,66.0
1790783231.0761561,0,hit wall,0.264,1.4245,0.11999999999999744,0.9369143068085874,2.00333165501716,18.0,66.0
1790783231.0809052,0,grip capacity exceeded,0.256,2.5792,,,,18.0,66.0
1790783231.0872688,0,grip capacity exceeded,0.402,2.075,,,,18.0,66.0
1790783231.0893245,0,missed B,0.694,1.7576,0.2199999999999953,0.9424698623641429,1.360562337732977,18.0,66.0
1790783231.0956862,0,missed B,0.834,1.5119,0.3799999999999919,0.9513587512530316,1.2233229489085495,18.0,66.0
1790783231.1417546,0,grip capacity exceeded,0.128,2.1856,,,,18.0,66.0
1790783231.1470633,0,grip capacity exceeded,0.48,2.5321,,,,18.0,66.0
1790783231.1647093,0,slipped off A,0.268,1.3321,,,,18.0,66.0
1790783231.1923795,0,grip capacity exceeded,0.4,2.3267,,,,18.0,66.0
1790783231.1927242,0,slipped off A,0.35,1.8023,,,,18.0,66.0
1790783231.1927693,0,grip capacity exceeded,0.48,2.9268,,,,18.0,66.0
1790783231.2213392,0,missed B,0.476,0.5842,0.0799999999999983,0.9346920845863652,1.2360545089278983,18.0,66.0
1790783231.2357175,0,grip capacity exceeded,0.322,2.5883,,,,18.0,66.0
1790783231.2404974,0,slipped off A,0.162,1.2824,,,,18.0,66.0
1790783231.244886,0,slipped off A,0.192,1.4514,,,,18.0,66.0
1790783231.2507284,0,grip capacity exceeded,0.418,2.6111,,,,18.0,66.0
1790783231.256164,0,hit wall,0.582,1.7403,0.4599999999999902,0.955803195697476,1.9786016503335973,18.0,66.0
1790783231.2656648,0,grip capacity exceeded,0.11,2.355,,,,18.0,66.0
1790783231.2716327,0,slipped off A,0.404,1.7818,,,,18.0,66.0
1790783231.2804217,0,slipped off A,0.336,1.1167,,,,18.0,66.0
1790783231.3200195,0,grip capacity exceeded,0.284,2.0195,,,,18.0,66.0
1790783231.3381448,0,grip capacity exceeded,0.342,2.7307,,,,18.0,66.0
1790783231.3429089,0,grip capacity exceeded,0.354,2.1323,,,,18.0,66.0
1790783231.3438544,0,slipped off A,0.49,1.2684,,,,18.0,66.0
1790783231.3440173,0,grip capacity exceeded,0.314,2.746,,,,18.0,66.0
1790783231.386422,0,hit wall,0.15,0.5044,0.019999999999999574,0.931358751253032,1.9411972444182033,18.0,66.0
1790783231.429733,0,grip capacity exceeded,0.404,2.0063,,,,18.0,66.0
1790783231.4391718,0,slipped off A,0.37,0.8855,,,,18.0,66.0
1790783231.457813,0,slipped off A,0.25,1.7302,,,,18.0,66.0
1790783231.4787924,0,grip capacity exceeded,0.496,2.2598,,,,18.0,66.0
1790783231.4792593,0,missed B,0.75,1.5721,0.2199999999999953,0.9424698623641429,1.2566673102452162,18.0,66.0
1790783231.479584,0,hit wall,0.91,1.9703,0.8799999999999812,0.9791365290308087,2.0255496429651076,18.0,66.0
1790783231.493518,0,slipped off A,0.85,1.4057,,,,18.0,66.0
1790783231.4986098,0,slipped off A,0.212,1.3656,,,,18.0,66.0
1790783231.5156498,0,grip capacity exceeded,0.124,2.0871,,,,18.0,66.0
1790783231.5259323,0,slipped off A,0.252,1.6006,,,,18.0,66.0
1790783231.5318577,0,grip capacity exceeded,0.186,2.0179,,,,18.0,66.0
1790783231.5572186,0,slipped off A,0.29,1.3945,,,,18.0,66.0
1790783231.5730047,0,grip capacity exceeded,0.284,2.0567,,,,18.0,66.0
1790783231.5740738,0,missed B,0.85,0.9965,0.3199999999999932,0.9480254179196983,1.1090904906547707,18.0,66.0
1790783231.5895872,0,slipped off A,0.266,1.6455,,,,18.0,66.0
1790783231.589643,0,grip capacity exceeded,0.116,2.7745,,,,18.0,66.0
1790783231.5897815,0,grip capacity exceeded,0.218,2.0366,,,,18.0,66.0
1790783231.603995,0,grip capacity exceeded,0.294,2.0938,,,,18.0,66.0
1790783231.6084917,0,grip capacity exceeded,0.674,3.2812,,,,18.0,66.0
1790783231.642219,0,grip capacity exceeded,0.192,2.2361,,,,18.0,66.0
1790783231.6529682,0,missed B,0.57,0.9508,0.09999999999999787,0.9358031956974764,1.3311972565009638,18.0,66.0
1790783231.6711597,0,slipped off A,0.35,1.5009,,,,18.0,66.0
1790783231.6752403,0,grip capacity exceeded,0.232,2.0513,,,,18.0,66.0
1790783231.675302,0,grip capacity exceeded,0.368,2.0902,,,,18.0,66.0
1790783231.6966188,0,slipped off A,0.386,1.1143,,,,18.0,66.0
1790783231.7032604,0,slipped off A,0.11,1.5257,,,,18.0,66.0
1790783231.7219176,0,missed B,0.408,0.6137,0.03999999999999915,0.9324698623641431,1.3045147647870572,18.0,66.0
1790783231.7310948,0,hit wall,0.482,1.4725,0.3799999999999919,0.9513587512530316,1.9778814922234342,18.0,66.0
1790783231.7688475,0,hit wall,0.31,0.9697,0.27999999999999403,0.9458031956974762,2.056102275909559,18.0,66.0
1790783231.7728097,0,slipped off A,0.328,1.5238,,,,18.0,66.0
1790783231.781116,0,grip capacity exceeded,0.3,2.1971,,,,18.0,66.0
1790783231.7823205,0,hit wall,0.046,1.2784,0.019999999999999574,0.931358751253032,2.070458921972365,18.0,66.0
1790783231.7865047,0,slipped off A,0.23,0.9679,,,,18.0,66.0
1790783231.7913105,0,slipped off A,0.49,1.6199,,,,18.0,66.0
1790783231.7925677,0,slipped off A,0.522,1.7312,,,,18.0,66.0
1790783231.7978015,0,hit wall,0.26,1.4343,0.19999999999999574,0.9413587512530318,2.0565786452215047,18.0,66.0
1790783231.8019607,0,slipped off A,0.118,1.7597,,,,18.0,66.0
1790783231.8129108,0,slipped off A,0.09,1.4762,,,,18.0,66.0
1790783231.8143647,0,grip capacity exceeded,0.396,2.4814,,,,18.0,66.0
1790783231.8147755,0,grip capacity exceeded,0.102,2.0768,,,,18.0,66.0
1790783231.8285937,0,hit wall,0.092,1.5916,0.05999999999999872,0.9335809734752541,2.068122078085947,18.0,66.0
1790783231.8338864,0,hit wall,0.064,0.6492,0.019999999999999574,0.931358751253032,2.0701633687074614,18.0,66.0
1790783231.8539195,0,hit wall,0.206,1.2705,0.1599999999999966,0.9391365290308096,2.062509090109401,18.0,66.0
1790783231.8719225,0,grip capacity exceeded,0.358,2.181,,,,18.0,66.0
1790783231.8976805,0,slipped off A,0.39,1.6011,,,,18.0,66.0
1790783231.9075534,0,slipped off A,0.43,0.9939,,,,18.0,66.0
1790783231.9078834,0,grip capacity exceeded,0.342,2.1978,,,,18.0,66.0
1790783231.9137566,0,grip capacity exceeded,0.122,2.1859,,,,18.0,66.0
1790783231.9254003,0,grip capacity exceeded,0.418,2.1349,,,,18.0,66.0
1790783231.94369,0,slipped off A,0.306,1.5805,,,,18.0,66.0
1790783231.960265,0,slipped off A,0.462,1.7846,,,,18.0,66.0
1790783231.9747014,0,grip capacity exceeded,0.146,2.0284,,,,18.0,66.0
1790783231.9785142,0,slipped off A,0.236,1.8683,,,,18.0,66.0
1790783231.9912815,0,grip capacity exceeded,0.242,2.2066,,,,18.0,66.0
1790783231.9954708,0,grip capacity exceeded,0.114,2.0783,,,,18.0,66.0
1790783232.008137,0,grip capacity exceeded,0.086,2.4504,,,,18.0,66.0
1790783232.0156853,0,missed B,0.63,0.9926,0.17999999999999616,0.9402476401419206,1.218022308261829,18.0,66.0
1790783232.0221438,0,grip capacity exceeded,0.078,2.1013,,,,18.0,66.0
1790783232.0272596,0,grip capacity exceeded,0.27,3.2965,,,,18.0,66.0
1790783232.0391886,0,missed B,0.466,0.7592,0.03999999999999915,0.9324698623641431,1.2377418368725874,18.0,66.0
1790783232.051916,0,slipped off A,0.25,1.7059,,,,18.0,66.0
1790783232.06613,0,grip capacity exceeded,0.18,2.0694,,,,18.0,66.0
1790783232.0701509,0,grip capacity exceeded,0.068,2.0858,,,,18.0,66.0
1790783232.0705228,0,slipped off A,0.55,1.0254,,,,18.0,66.0
1790783232.0904074,0,grip capacity exceeded,0.298,2.0183,,,,18.0,66.0
1790783232.0948992,0,slipped off A,0.252,1.5162,,,,18.0,66.0
1790783232.111829,0,slipped off A,0.07,1.1998,,,,18.0,66.0
1790783232.1410706,0,grip capacity exceeded,0.242,3.0001,,,,18.0,66.0
1790783232.1514843,0,hit wall,0.27,1.1213,0.2199999999999953,0.9424698623641429,2.05439482660357,18.0,66.0
1790783232.1614866,0,slipped off A,0.49,1.4255,,,,18.0,66.0
1790783232.162005,0,grip capacity exceeded,0.042,2.04,,,,18.0,66.0
1790783232.1683872,0,grip capacity exceeded,0.23,2.0473,,,,18.0,66.0
1790783232.2084804,0,missed B,0.58,1.1077,0.11999999999999744,0.9369143068085874,1.2116136544094547,18.0,66.0
1790783232.2149086,0,missed B,0.742,1.3321,0.25999999999999446,0.944692084586365,1.1772618620606974,18.0,66.0
1790783232.2178843,0,hit wall,0.2,1.4807,0.1599999999999966,0.9391365290308096,2.062473387987277,18.0,66.0
1790783232.222107,0,grip capacity exceeded,0.322,2.0646,,,,18.0,66.0
1790783232.2221045,0,grip capacity exceeded,0.18,2.6939,,,,18.0,66.0
1790783232.2222693,0,grip capacity exceeded,0.152,2.2248,,,,18.0,66.0
1790783232.233607,0,hit wall,0.558,1.7511,,,,18.0,66.0
1790783233.216636,0,grip capacity exceeded,0.316,2.4052,,,,18.0,66.0
1790783233.223852,0,grip capacity exceeded,0.102,2.0023,,,,18.0,66.0
1790783233.2277465,0,slipped off A,0.17,1.4718,,,,18.0,66.0
1790783233.2284842,0,grip capacity exceeded,0.196,2.0367,,,,18.0,66.0
1790783233.2492394,0,slipped off A,0.23,0.8147,,,,18.0,66.0
1790783233.3090746,0,grip capacity exceeded,0.384,2.4552,,,,18.0,66.0
1790783233.3150544,0,slipped off A,0.226,1.2587,,,,18.0,66.0
1790783233.3302932,0,missed B,0.488,0.8035,0.11999999999999744,0.9369143068085874,1.1818107562566478,18.0,66.0
1790783233.3700671,0,slipped off A,0.172,1.6991,,,,18.0,66.0
1790783233.3706515,0,hit wall,0.15,0.5253,0.019999999999999574,0.931358751253032,1.9381192687779702,18.0,66.0
1790783233.3906515,0,missed B,0.474,0.5375,0.019999999999999574,0.931358751253032,1.2050672630353776,18.0,66.0
1790783233.401386,0,grip capacity exceeded,0.068,2.075,,,,18.0,66.0
1790783233.4059887,0,grip capacity exceeded,0.488,2.74,,,,18.0,66.0
1790783233.4112365,0,slipped off A,0.69,1.332,,,,18.0,66.0
1790783233.4352682,0,missed B,0.588,1.2705,0.1599999999999966,0.9391365290308096,1.2131131529236874,18.0,66.0
1790783233.47079,0,hit wall,0.188,0.521,0.05999999999999872,0.9335809734752541,1.928646567862309,18.0,66.0
1790783233.477882,0,slipped off A,0.2,1.7189,,,,18.0,66.0
1790783233.4849288,0,missed B,0.416,0.5328,0.019999999999999574,0.931358751253032,1.2965125027482214,18.0,66.0
1790783233.488966,0,slipped off A,0.15,1.2508,,,,18.0,66.0
1790783233.4969923,0,grip capacity exceeded,0.662,2.5865,,,,18.0,66.0
1790783233.5055313,0,grip capacity exceeded,0.352,2.1352,,,,18.0,66.0
1790783233.5283926,0,slipped off A,0.336,1.7029,,,,18.0,66.0
1790783233.5335274,0,grip capacity exceeded,0.114,2.3136,,,,18.0,66.0
1790783233.5648727,0,grip capacity exceeded,0.292,2.4774,,,,18.0,66.0
1790783233.5702574,0,slipped off A,0.254,1.3156,,,,18.0,66.0
1790783233.5933547,0,grip capacity exceeded,0.294,2.0422,,,,18.0,66.0
1790783233.5988693,0,grip capacity exceeded,0.212,2.2311,,,,18.0,66.0
1790783233.6001337,0,missed B,0.382,1.3999,0.019999999999999574,0.931358751253032,1.4053083633116266,18.0,66.0
1790783233.6132615,0,grip capacity exceeded,0.406,2.046,,,,18.0,66.0
1790783233.6182773,0,missed B,0.622,1.1915,0.0799999999999983,0.9346920845863652,1.2345038206104282,18.0,66.0
1790783233.639694,0,grip capacity exceeded,0.106,2.8366,,,,18.0,66.0
1790783233.6528091,0,hit wall,0.178,1.3355,0.11999999999999744,0.9369143068085874,2.0358087724368437,18.0,66.0
1790783233.6606565,0,grip capacity exceeded,0.14,2.8229,,,,18.0,66.0
1790783233.6718333,0,slipped off A,0.142,1.61,,,,18.0,66.0
1790783233.7145593,0,grip capacity exceeded,0.166,2.1833,,,,18.0,66.0
1790783233.745814,0,grip capacity exceeded,0.558,2.5331,,,,18.0,66.0
1790783233.7517076,0,slipped off A,0.25,1.3237,,,,18.0,66.0
1790783233.75456,0,hit wall,0.134,0.7448,0.0799999999999983,0.9346920845863652,2.053314962093961,18.0,66.0
1790783233.7588303,0,slipped off A,0.49,1.5957,,,,18.0,66.0
1790783233.7721553,0,slipped off A,0.77,1.596,,,,18.0,66.0
1790783233.7930036,0,missed B,0.704,1.057,0.2199999999999953,0.9424698623641429,1.3731186339786425,18.0,66.0
1790783233.8169508,0,missed B,0.53,0.9016,0.0799999999999983,0.9346920845863652,1.3046984372863148,18.0,66.0
1790783233.8432975,0,slipped off A,0.186,1.2224,,,,18.0,66.0
1790783233.8432837,0,grip capacity exceeded,0.244,2.7874,,,,18.0,66.0
1790783233.8456657,0,grip capacity exceeded,0.246,2.4731,,,,18.0,66.0
1790783233.8637846,0,grip capacity exceeded,0.194,2.2585,,,,18.0,66.0
1790783233.8900073,0,hit wall,0.134,1.54,0.09999999999999787,0.9358031956974764,2.0658632435973994,18.0,66.0
1790783233.8947115,0,slipped off A,0.394,1.4668,,,,18.0,66.0
1790783233.9100807,0,grip capacity exceeded,0.472,2.2084,,,,18.0,66.0
1790783233.911163,0,slipped off A,0.27,1.2791,,,,18.0,66.0
1790783233.9305687,0,missed B,0.818,1.6885,0.3599999999999923,0.9502476401419204,1.2913981479252759,18.0,66.0
1790783233.935001,0,grip capacity exceeded,0.278,2.2582,,,,18.0,66.0
1790783233.943891,0,grip capacity exceeded,0.298,2.0316,,,,18.0,66.0
1790783233.9509945,0,grip capacity exceeded,0.25,2.1511,,,,18.0,66.0
1790783233.9719648,0,slipped off A,0.11,1.6772,,,,18.0,66.0
1790783233.9856424,0,slipped off A,0.278,1.4851,,,,18.0,66.0
1790783233.9933448,0,grip capacity exceeded,0.182,2.5221,,,,18.0,66.0
1790783234.0037727,0,slipped off A,0.18,1.3568,,,,18.0,66.0
1790783234.004373,0,grip capacity exceeded,0.194,2.4723,,,,18.0,66.0
1790783234.014842,0,hit wall,0.34,1.4586,0.2999999999999936,0.9469143068085872,2.0548996669708828,18.0,66.0
1790783234.0205827,0,grip capacity exceeded,0.104,2.3467,,,,18.0,66.0
1790783234.0349545,0,grip capacity exceeded,0.1,2.2323,,,,18.0,66.0
1790783234.0717297,0,slipped off A,0.572,1.7572,,,,18.0,66.0
1790783234.0722947,0,slipped off A,0.248,1.9675,,,,18.0,66.0
1790783234.0847325,0,grip capacity exceeded,0.212,2.1819,,,,18.0,66.0
1790783234.0906265,0,grip capacity exceeded,0.368,2.2858,,,,18.0,66.0
1790783234.1126094,0,slipped off A,0.642,1.4597,,,,18.0,66.0
1790783234.1302028,0,grip capacity exceeded,0.412,2.3316,,,,18.0,66.0
1790783234.1323795,0,slipped off A,0.198,1.1242,,,,18.0,66.0
1790783234.136462,0,grip capacity exceeded,0.154,2.0129,,,,18.0,66.0
1790783234.1507988,0,grip capacity exceeded,0.112,2.458,,,,18.0,66.0
1790783234.1514142,0,grip capacity exceeded,0.252,2.2897,,,,18.0,66.0
1790783234.1533232,0,grip capacity exceeded,0.202,2.2251,,,,18.0,66.0
1790783234.1976137,0,grip capacity exceeded,0.15,2.0225,,,,18.0,66.0
1790783234.2023578,0,slipped off A,0.228,1.3663,,,,18.0,66.0
1790783234.2188716,0,slipped off A,0.296,1.3157,,,,18.0,66.0
1790783234.2190921,0,slipped off A,0.23,1.0306,,,,18.0,66.0
1790783234.223451,0,slipped off A,0.29,1.1558,,,,18.0,66.0
1790783234.2523806,0,missed B,0.704,1.2797,0.3599999999999923,0.9502476401419204,1.3962782514218768,18.0,66.0
1790783234.2642288,0,grip capacity exceeded,0.786,2.8267,,,,18.0,66.0
1790783234.2907252,0,slipped off A,0.076,1.1433,,,,18.0,66.0
1790783234.304268,0,grip capacity exceeded,0.498,2.5799,,,,18.0,66.0
1790783234.3083632,0,grip capacity exceeded,0.314,3.0697,,,,18.0,66.0
1790783234.308497,0,grip capacity exceeded,0.256,2.7764,,,,18.0,66.0
1790783234.3141034,0,slipped off A,0.27,1.5583,,,,18.0,66.0
1790783234.3149316,0,grip capacity exceeded,0.178,2.5267,,,,18.0,66.0
1790783234.3600113,0,slipped off A,0.11,1.6353,,,,18.0,66.0
1790783234.3701959,0,grip capacity exceeded,0.402,2.7219,,,,18.0,66.0
1790783234.3709033,0,slipped off A,0.152,1.1913,,,,18.0,66.0
1790783234.3972514,0,grip capacity exceeded,0.228,2.1567,,,,18.0,66.0
1790783234.3984928,0,missed B,0.578,1.1982,0.09999999999999787,0.9358031956974764,1.2383444948321907,18.0,66.0
1790783234.4128983,0,slipped off A,0.308,1.2342,,,,18.0,66.0
1790783234.4294748,0,hit wall,0.1,0.639,0.05999999999999872,0.9335809734752541,2.067985781175589,18.0,66.0
1790783234.4365075,0,grip capacity exceeded,0.36,2.0012,,,,18.0,66.0
1790783234.46101,0,grip capacity exceeded,0.26,2.14,,,,18.0,66.0
1790783234.4626775,0,slipped off A,0.296,0.8116,,,,18.0,66.0
1790783234.4717517,0,hit wall,0.454,1.7482,0.3999999999999915,0.9524698623641427,2.048978097467273,18.0,66.0
1790783234.507672,0,hit wall,0.4,1.4557,0.33999999999999275,0.9491365290308094,2.04871819476871,18.0,66.0
1790783234.5194693,0,slipped off A,0.13,1.1874,,,,18.0,66.0
1790783234.5483902,0,grip capacity exceeded,0.342,2.0133,,,,18.0,66.0
1790783234.5616772,0,slipped off A,0.146,1.2771,,,,18.0,66.0
1790783234.5742006,0,missed B,0.49,1.1839,0.09999999999999787,0.9358031956974764,1.2197987585045569,18.0,66.0
1790783234.577724,0,slipped off A,0.408,1.2699,,,,18.0,66.0
1790783234.587858,0,hit wall,0.196,1.1586,0.11999999999999744,0.9369143068085874,2.0297469768057788,18.0,66.0
1790783234.5929492,0,grip capacity exceeded,0.066,2.1991,,,,18.0,66.0
1790783234.6154633,0,grip capacity exceeded,0.436,2.1175,,,,18.0,66.0
1790783234.6200433,0,grip capacity exceeded,0.444,2.3993,,,,18.0,66.0
1790783234.6407926,0,grip capacity exceeded,0.248,2.0953,,,,18.0,66.0
1790783234.640846,0,slipped off A,0.17,1.0651,,,,18.0,66.0
1790783234.66037,0,grip capacity exceeded,0.192,2.0983,,,,18.0,66.0
1790783234.6962729,0,slipped off A,0.23,1.4513,,,,18.0,66.0
1790783234.7172155,0,slipped off A,0.39,1.9021,,,,18.0,66.0
1790783234.7268496,0,grip capacity exceeded,0.232,2.61,,,,18.0,66.0
1790783234.733617,0,grip capacity exceeded,0.408,2.2315,,,,18.0,66.0
1790783234.7382839,0,grip capacity exceeded,0.988,2.7562,,,,18.0,66.0
1790783234.7499554,0,grip capacity exceeded,0.244,2.0223,,,,18.0,66.0
1790783234.7604907,0,grip capacity exceeded,0.076,2.7086,,,,18.0,66.0
1790783234.774084,0,slipped off A,0.15,1.043,,,,18.0,66.0
1790783234.796391,0,grip capacity exceeded,0.524,3.1535,,,,18.0,66.0
1790783234.799819,0,slipped off A,0.218,1.1853,,,,18.0,66.0
1790783234.8055537,0,grip capacity exceeded,0.322,2.1042,,,,18.0,66.0
1790783234.8069012,0,hit wall,0.498,1.3775,0.2999999999999936,0.9469143068085872,1.8186895969580503,18.0,66.0
1790783234.822775,0,slipped off A,0.144,1.3805,,,,18.0,66.0
1790783234.826684,0,slipped off A,0.342,1.6516,,,,18.0,66.0
1790783234.8386617,0,grip capacity exceeded,0.138,2.7234,,,,18.0,66.0
1790783234.8416412,0,slipped off A,0.25,1.117,,,,18.0,66.0
1790783234.8630598,0,slipped off A,0.37,1.1936,,,,18.0,66.0
1790783234.879629,0,grip capacity exceeded,0.17,2.1371,,,,18.0,66.0
1790783234.8799639,0,slipped off A,0.19,1.3304,,,,18.0,66.0
1790783234.888087,0,hit wall,0.16,1.1427,0.11999999999999744,0.9369143068085874,2.06470186874838,18.0,66.0
1790783234.8944247,0,grip capacity exceeded,0.298,2.2609,,,,18.0,66.0
1790783234.9116523,0,grip capacity exceeded,0.23,2.1593,,,,18.0,66.0
1790783234.9126565,0,hit wall,0.346,1.5045,0.27999999999999403,0.9458031956974762,2.0447881953976834,18.0,66.0
1790783234.9295974,0,grip capacity exceeded,0.148,2.346,,,,18.0,66.0
1790783234.9383106,0,grip capacity exceeded,0.126,2.662,,,,18.0,66.0
1790783234.987816,0,hit wall,0.64,1.7373,0.5599999999999881,0.9613587512530314,2.007206839426509,18.0,66.0
1790783234.9931703,0,grip capacity exceeded,0.37,2.5255,,,,18.0,66.0
1790783235.0123765,0,grip capacity exceeded,0.336,2.3352,,,,18.0,66.0
1790783235.0227523,0,slipped off A,0.294,1.2366,,,,18.0,66.0
1790783235.0237243,0,slipped off A,0.11,1.8492,,,,18.0,66.0
1790783235.0456188,0,missed B,0.43,1.3041,0.05999999999999872,0.9335809734752541,1.4901934961646763,18.0,66.0
1790783235.0807786,0,hit wall,0.164,0.6695,0.0799999999999983,0.9346920845863652,2.021101898213629,18.0,66.0
1790783235.0927455,0,slipped off A,0.25,1.4751,,,,18.0,66.0
1790783235.0982378,0,missed B,0.772,1.9461,0.3799999999999919,0.9513587512530316,1.3118504739312817,18.0,66.0
1790783235.108866,0,hit wall,0.372,1.4063,0.33999999999999275,0.9491365290308094,2.0528871618789353,18.0,66.0
1790783235.118949,0,slipped off A,0.61,1.9243,,,,18.0,66.0
1790783235.1230226,0,slipped off A,0.13,1.2592,,,,18.0,66.0
1790783235.1257548,0,missed B,0.776,0.8199,0.23999999999999488,0.9435809734752539,1.3163603322558322,18.0,66.0
1790783235.1400156,0,grip capacity exceeded,0.136,2.0515,,,,18.0,66.0
1790783235.1456928,0,grip capacity exceeded,0.374,2.0726,,,,18.0,66.0
1790783235.1501157,0,slipped off A,0.15,0.9012,,,,18.0,66.0
1790783235.1720757,0,grip capacity exceeded,0.194,2.9233,,,,18.0,66.0
1790783235.1762297,0,grip capacity exceeded,0.118,2.2028,,,,18.0,66.0
1790783235.1808124,0,slipped off A,0.43,1.1188,,,,18.0,66.0
1790783235.1938484,0,grip capacity exceeded,0.202,2.3633,,,,18.0,66.0
1790783235.2014422,0,hit wall,0.222,1.2445,0.17999999999999616,0.9402476401419206,2.061471104804015,18.0,66.0
1790783235.242736,0,grip capacity exceeded,0.108,2.4296,,,,18.0,66.0
1790783235.243642,0,slipped off A,0.29,1.5965,,,,18.0,66.0
1790783235.2768903,0,slipped off A,0.292,1.2698,,,,18.0,66.0
1790783235.277017,0,grip capacity exceeded,0.47,2.2703,,,,18.0,66.0
1790783235.2974207,0,missed B,0.428,0.7219,0.09999999999999787,0.9358031956974764,1.4153454154538068,18.0,66.0
1790783235.3047037,0,grip capacity exceeded,0.172,2.2595,,,,18.0,66.0
1790783235.3102553,0,slipped off A,0.33,1.2322,,,,18.0,66.0
1790783235.3108826,0,hit wall,0.09,1.6412,0.05999999999999872,0.9335809734752541,2.068154713348216,18.0,66.0
1790783235.316687,0,grip capacity exceeded,0.206,2.0396,,,,18.0,66.0
1790783235.3301651,0,missed B,0.424,0.734,0.0799999999999983,0.9346920845863652,1.3378668095966728,18.0,66.0
1790783235.3450353,0,grip capacity exceeded,0.082,2.0593,,,,18.0,66.0
1790783235.3520184,0,slipped off A,0.144,1.3741,,,,18.0,66.0
1790783235.3800294,0,slipped off A,0.194,1.5455,,,,18.0,66.0
1790783235.3896937,0,grip capacity exceeded,0.148,2.082,,,,18.0,66.0
1790783235.4019177,0,hit wall,0.172,0.5305,0.09999999999999787,0.9358031956974764,2.033506685418204,18.0,66.0
1790783235.408459,0,slipped off A,0.71,1.198,,,,18.0,66.0
1790783235.4319892,0,slipped off A,0.172,1.7583,,,,18.0,66.0
1790783235.4443665,0,slipped off A,0.43,1.7921,,,,18.0,66.0
1790783235.4640806,0,grip capacity exceeded,0.162,2.2314,,,,18.0,66.0
1790783235.4701319,0,slipped off A,0.61,1.5213,,,,18.0,66.0
1790783235.4945743,0,slipped off A,0.538,1.3807,,,,18.0,66.0
1790783235.4989529,0,grip capacity exceeded,0.32,2.2707,,,,18.0,66.0
1790783235.5066817,0,grip capacity exceeded,0.236,2.0576,,,,18.0,66.0
1790783235.5147295,0,slipped off A,0.39,1.3326,,,,18.0,66.0
1790783235.5382204,0,grip capacity exceeded,0.284,2.0526,,,,18.0,66.0
1790783235.5430686,0,slipped off A,0.126,1.6167,,,,18.0,66.0
1790783235.5432172,0,grip capacity exceeded,0.142,2.1614,,,,18.0,66.0
1790783235.568937,0,grip capacity exceeded,0.066,2.753,,,,18.0,66.0
1790783235.5707083,0,missed B,0.85,1.8343,0.4599999999999902,0.955803195697476,1.275354407280012,18.0,66.0
1790783235.6001575,0,hit wall,0.108,1.8326,0.0799999999999983,0.9346920845863652,2.0671214559332056,18.0,66.0
1790783235.6150448,0,hit wall,0.472,1.8694,0.3999999999999915,0.9524698623641427,2.0180232706716668,18.0,66.0
1790783235.6236496,0,slipped off A,0.278,1.841,,,,18.0,66.0
1790783235.6246083,0,slipped off A,0.19,1.3574,,,,18.0,66.0
1790783235.6417384,0,hit wall,0.36,1.5475,0.25999999999999446,0.944692084586365,1.9997953092315777,18.0,66.0
1790783235.6471767,0,missed B,0.456,0.498,0.0,0.9302476401419209,1.3364212900202521,18.0,66.0
1790783235.6579504,0,hit wall,0.518,1.4761,0.3199999999999932,0.9480254179196983,1.8240053746158664,18.0,66.0
1790783235.664031,0,slipped off A,0.664,1.996,,,,18.0,66.0
1790783235.6834056,0,slipped off A,0.07,1.4001,,,,18.0,66.0
1790783235.7044718,0,hit wall,0.18,1.07,0.09999999999999787,0.9358031956974764,1.994353187242688,18.0,66.0
1790783235.7075841,0,grip capacity exceeded,0.224,2.8382,,,,18.0,66.0
1790783235.7171075,0,grip capacity exceeded,0.436,2.055,,,,18.0,66.0
1790783235.7299707,0,grip capacity exceeded,0.432,2.2746,,,,18.0,66.0
1790783235.751883,0,grip capacity exceeded,0.402,2.2441,,,,18.0,66.0
1790783235.7642882,0,grip capacity exceeded,0.218,2.0756,,,,18.0,66.0
1790783235.8038902,0,hit wall,0.202,1.3763,0.1599999999999966,0.9391365290308096,2.0624902272730252,18.0,66.0
1790783235.8092349,0,slipped off A,0.15,1.4258,,,,18.0,66.0
1790783235.814105,0,hit wall,0.652,1.9585,,,,18.0,66.0
1790783235.8184612,0,grip capacity exceeded,0.32,2.3818,,,,18.0,66.0
1790783235.8341422,0,slipped off A,0.486,1.2293,,,,18.0,66.0
1790783235.8407748,0,grip capacity exceeded,0.418,3.0778,,,,18.0,66.0
1790783235.8535094,0,hit wall,0.778,1.576,0.6999999999999851,0.9691365290308089,1.98243651244727,18.0,66.0
1790783235.871375,0,hit wall,0.194,0.5663,0.09999999999999787,0.9358031956974764,1.9677920326816305,18.0,66.0
1790783235.8825629,0,slipped off A,0.35,1.7364,,,,18.0,66.0
1790783235.9074574,0,grip capacity exceeded,0.07,2.0997,,,,18.0,66.0
1790783235.9141376,0,grip capacity exceeded,0.346,2.325,,,,18.0,66.0
1790783235.918976,0,slipped off A,0.31,1.1857,,,,18.0,66.0
1790783235.9384964,0,hit wall,0.08,1.1855,0.03999999999999915,0.9324698623641431,2.0692202461059286,18.0,66.0
1790783235.9545777,0,slipped off A,0.106,1.9108,,,,18.0,66.0
1790783235.9562988,0,hit wall,0.374,1.6387,,,,18.0,66.0
1790783235.9616783,0,grip capacity exceeded,0.342,2.6273,,,,18.0,66.0
1790783235.990634,0,slipped off A,0.27,1.1517,,,,18.0,66.0
1790783235.9951375,0,grip capacity exceeded,0.138,2.0674,,,,18.0,66.0
1790783235.9952872,0,slipped off A,0.13,1.4438,,,,18.0,66.0
1790783235.9977655,0,grip capacity exceeded,0.54,2.8292,,,,18.0,66.0
1790783236.010571,0,hit wall,0.034,0.498,0.0,0.9302476401419209,2.0714670117619476,18.0,66.0
1790783236.0263035,0,missed B,0.486,1.2707,0.03999999999999915,0.9324698623641431,1.3171773602786332,18.0,66.0
1790783236.0444741,0,slipped off A,0.718,1.8336,,,,18.0,66.0
1790783236.07097,0,hit wall,0.178,1.1899,0.0799999999999983,0.9346920845863652,2.0151451934136757,18.0,66.0
1790783236.0778146,0,grip capacity exceeded,0.234,2.5583,,,,18.0,66.0
1790783236.0840106,0,grip capacity exceeded,0.28,2.2259,,,,18.0,66.0
1790783236.101058,0,grip capacity exceeded,0.086,2.1784,,,,18.0,66.0
1790783236.1140385,0,hit wall,0.226,1.6801,0.19999999999999574,0.9413587512530318,2.060482124906893,18.0,66.0
1790783236.1704812,0,grip capacity exceeded,0.684,2.7143,,,,18.0,66.0
1790783236.1705208,0,slipped off A,0.216,1.5257,,,,18.0,66.0
1790783236.1708107,0,slipped off A,0.33,1.2259,,,,18.0,66.0
1790783236.2128463,0,hit wall,0.384,1.3258,0.23999999999999488,0.9435809734752539,1.963723623301415,18.0,66.0
1790783236.2201674,0,hit wall,0.158,0.6871,0.05999999999999872,0.9335809734752541,2.0196439809890006,18.0,66.0
1790783236.2492216,0,grip capacity exceeded,1.02,2.0029,,,,18.0,66.0
1790783236.2731023,0,grip capacity exceeded,0.156,2.744,,,,18.0,66.0
1790783236.2902992,0,grip capacity exceeded,0.128,2.3473,,,,18.0,66.0
1790783236.3064203,0,grip capacity exceeded,0.75,2.3351,,,,18.0,66.0
1790783236.3293917,0,missed B,1.004,1.3516,0.47999999999998977,0.956914306808587,1.360753746530021,18.0,66.0
1790783236.3449554,0,slipped off A,0.58,1.4589,,,,18.0,66.0
1790783236.3469114,0,missed B,0.57,1.373,0.0799999999999983,0.9346920845863652,1.386482784418314,18.0,66.0
1790783236.352756,0,grip capacity exceeded,0.072,2.2534,,,,18.0,66.0
1790783236.3697076,0,slipped off A,1.238,1.6843,,,,18.0,66.0
1790783236.3698263,0,grip capacity exceeded,0.332,3.1088,,,,18.0,66.0
1790783236.377781,0,grip capacity exceeded,0.238,2.8987,,,,18.0,66.0
1790783236.3785398,0,slipped off A,0.09,1.2147,,,,18.0,66.0
1790783236.394629,0,slipped off A,0.13,1.2449,,,,18.0,66.0
1790783236.4076636,0,grip capacity exceeded,0.116,2.3042,,,,18.0,66.0
1790783236.413416,0,grip capacity exceeded,0.654,2.7958,,,,18.0,66.0
1790783236.4135323,0,grip capacity exceeded,0.214,2.0702,,,,18.0,66.0
1790783236.442224,0,grip capacity exceeded,0.218,2.5236,,,,18.0,66.0
1790783237.2743485,0,grip capacity exceeded,0.264,2.3774,,,,18.0,66.0
1790783237.2747746,0,grip capacity exceeded,0.248,2.1978,,,,18.0,66.0
1790783237.291761,0,grip capacity exceeded,0.2,2.1917,,,,18.0,66.0
1790783237.2975352,0,slipped off A,0.21,1.3416,,,,18.0,66.0
1790783237.3011994,0,missed B,0.638,1.1748,0.17999999999999616,0.9402476401419206,1.2404285700546238,18.0,66.0
1790783237.305209,0,grip capacity exceeded,0.286,2.002,,,,18.0,66.0
1790783237.3737047,0,slipped off A,0.328,1.0326,,,,18.0,66.0
1790783237.3746235,0,grip capacity exceeded,0.184,2.0527,,,,18.0,66.0
1790783237.3814988,0,slipped off A,0.314,1.2837,,,,18.0,66.0
1790783237.3901217,0,grip capacity exceeded,0.26,2.0595,,,,18.0,66.0
1790783237.4064577,0,grip capacity exceeded,0.548,2.218,,,,18.0,66.0
1790783237.4399316,0,hit wall,0.428,1.8466,,,,18.0,66.0
1790783237.4439652,0,grip capacity exceeded,0.222,2.0005,,,,18.0,66.0
1790783237.4566936,0,grip capacity exceeded,0.164,2.5746,,,,18.0,66.0
1790783237.4810998,0,missed B,0.596,0.8214,0.1599999999999966,0.9391365290308096,1.4993900313005628,18.0,66.0
1790783237.5036561,0,grip capacity exceeded,0.38,2.2566,,,,18.0,66.0
1790783237.5248494,0,slipped off A,0.27,1.289,,,,18.0,66.0
1790783237.5412524,0,grip capacity exceeded,0.31,2.1761,,,,18.0,66.0
1790783237.5787735,0,missed B,0.65,1.0865,0.2999999999999936,0.9469143068085872,1.1536847190800534,18.0,66.0
1790783237.5913744,0,missed B,1.014,1.6813,0.49999999999998934,0.9580254179196981,1.6351706055762971,18.0,66.0
1790783237.6023355,0,slipped off A,0.248,1.7523,,,,18.0,66.0
1790783237.602325,0,grip capacity exceeded,0.182,2.0785,,,,18.0,66.0
1790783237.6152532,0,slipped off A,0.43,1.529,,,,18.0,66.0
1790783237.6513665,0,grip capacity exceeded,0.636,2.8017,,,,18.0,66.0
1790783237.6791787,0,slipped off A,0.3,1.4582,,,,18.0,66.0
1790783237.6797178,0,slipped off A,1.01,1.9755,,,,18.0,66.0
1790783237.680525,0,hit wall,0.6,1.1189,0.5399999999999885,0.9602476401419202,2.042266637255965,18.0,66.0
1790783237.6846027,0,slipped off A,0.27,1.5122,,,,18.0,66.0
1790783237.7015119,0,hit wall,0.162,1.2714,0.11999999999999744,0.9369143068085874,2.0647287693540997,18.0,66.0
1790783237.7250502,0,hit wall,0.128,0.8005,0.05999999999999872,0.9335809734752541,2.032205940314451,18.0,66.0
1790783237.7463107,0,hit wall,0.112,0.498,0.0,0.9302476401419209,1.9486815060124463,18.0,66.0
1790783237.7590773,0,slipped off A,0.236,1.2043,,,,18.0,66.0
1790783237.7742846,0,hit wall,0.27,1.5719,0.23999999999999488,0.9435809734752539,2.0582803524230844,18.0,66.0
1790783237.7745273,0,missed B,0.626,0.5472,0.13999999999999702,0.9380254179196985,1.3920599187170755,18.0,66.0
1790783237.774879,0,slipped off A,0.154,1.1658,,,,18.0,66.0
1790783237.7812133,0,hit wall,0.31,1.4206,0.27999999999999403,0.9458031956974762,2.05623418868211,18.0,66.0
1790783237.7939777,0,grip capacity exceeded,0.106,2.62,,,,18.0,66.0
1790783237.7950253,0,grip capacity exceeded,0.57,2.3901,,,,18.0,66.0
1790783237.8210237,0,slipped off A,0.15,1.2982,,,,18.0,66.0
1790783237.8268206,0,slipped off A,0.11,1.5884,,,,18.0,66.0
1790783237.8315825,0,grip capacity exceeded,0.756,2.0332,,,,18.0,66.0
1790783237.838071,0,grip capacity exceeded,0.152,2.0128,,,,18.0,66.0
1790783237.840849,0,slipped off A,0.208,1.4993,,,,18.0,66.0
1790783237.8867698,0,grip capacity exceeded,0.202,2.8417,,,,18.0,66.0
1790783237.8906236,0,grip capacity exceeded,0.19,2.2088,,,,18.0,66.0
1790783237.9024909,0,grip capacity exceeded,0.19,2.3903,,,,18.0,66.0
1790783237.9504585,0,slipped off A,0.524,1.6262,,,,18.0,66.0
1790783237.9616115,0,slipped off A,0.214,1.1677,,,,18.0,66.0
1790783237.9768066,0,hit wall,0.216,0.9118,0.17999999999999616,0.9402476401419206,2.0614162337134916,18.0,66.0
1790783237.981024,0,slipped off A,0.268,1.477,,,,18.0,66.0
1790783238.0024261,0,hit wall,0.71,1.6595,,,,18.0,66.0
1790783238.0210478,0,hit wall,0.218,1.0135,0.1599999999999966,0.9391365290308096,2.0565279360885893,18.0,66.0
1790783238.0346305,0,grip capacity exceeded,0.908,2.2966,,,,18.0,66.0
1790783238.0539248,0,slipped off A,0.27,1.4685,,,,18.0,66.0
1790783238.0764995,0,grip capacity exceeded,0.316,2.0231,,,,18.0,66.0
1790783238.081462,0,grip capacity exceeded,0.31,2.1528,,,,18.0,66.0
1790783238.08859,0,slipped off A,0.174,1.4693,,,,18.0,66.0
1790783238.099249,0,slipped off A,0.83,1.7956,,,,18.0,66.0
1790783238.1065936,0,slipped off A,0.27,1.5222,,,,18.0,66.0
1790783238.1303387,0,slipped off A,0.144,1.231,,,,18.0,66.0
1790783238.1638274,0,slipped off A,0.37,1.139,,,,18.0,66.0
1790783238.1658154,0,missed B,0.528,0.5973,0.0799999999999983,0.9346920845863652,1.1728212039540826,18.0,66.0
1790783238.1701355,0,slipped off A,0.308,1.6255,,,,18.0,66.0
1790783238.1968832,0,slipped off A,0.308,1.7936,,,,18.0,66.0
1790783238.2051718,0,hit wall,0.308,1.3057,0.27999999999999403,0.9458031956974762,2.0561771896841488,18.0,66.0
1790783238.2301319,0,slipped off A,1.23,1.4839,,,,18.0,66.0
1790783238.2392771,0,grip capacity exceeded,0.478,2.5324,,,,18.0,66.0
1790783238.241309,0,slipped off A,0.19,1.4502,,,,18.0,66.0
1790783238.2417235,0,slipped off A,0.218,1.1926,,,,18.0,66.0
1790783238.2529428,0,grip capacity exceeded,0.364,2.0009,,,,18.0,66.0
1790783238.2724442,0,grip capacity exceeded,0.096,2.4006,,,,18.0,66.0
1790783238.2884502,0,slipped off A,0.244,1.7741,,,,18.0,66.0
1790783238.3019428,0,slipped off A,0.316,1.8012,,,,18.0,66.0
1790783238.3110392,0,grip capacity exceeded,0.216,2.2344,,,,18.0,66.0
1790783238.3235195,0,grip capacity exceeded,0.246,2.0602,,,,18.0,66.0
1790783238.3327243,0,hit wall,0.234,0.7401,0.1599999999999966,0.9391365290308096,2.036901949489119,18.0,66.0
1790783238.3820233,0,grip capacity exceeded,0.16,2.485,,,,18.0,66.0
1790783238.4309528,0,missed B,0.798,0.9915,0.33999999999999275,0.9491365290308094,1.0657636416467993,18.0,66.0
1790783238.452559,0,grip capacity exceeded,0.388,2.1377,,,,18.0,66.0
1790783238.4536629,0,grip capacity exceeded,0.422,2.0059,,,,18.0,66.0
1790783238.4914553,0,slipped off A,0.69,1.4691,,,,18.0,66.0
1790783238.552544,0,hit wall,0.764,1.8163,,,,18.0,66.0
1790783238.5767975,0,slipped off A,0.88,1.9752,,,,18.0,66.0
1790783238.5777495,0,grip capacity exceeded,1.056,2.522,,,,18.0,66.0
1790783238.582714,0,slipped off A,0.616,1.6762,,,,18.0,66.0
1790783238.5945249,0,grip capacity exceeded,0.43,2.0646,,,,18.0,66.0
1790783238.6269891,0,grip capacity exceeded,0.204,2.045,,,,18.0,66.0
1790783238.6283088,0,slipped off A,0.132,1.7011,,,,18.0,66.0
1790783238.6579053,0,hit wall,0.078,0.6844,0.03999999999999915,0.9324698623641431,2.0691275651294934,18.0,66.0
1790783238.6796744,0,hit wall,0.318,1.5485,0.25999999999999446,0.944692084586365,2.049369643958962,18.0,66.0
1790783238.6811767,0,grip capacity exceeded,0.684,3.7848,,,,18.0,66.0
1790783238.6845427,0,missed B,0.762,1.2344,0.2999999999999936,0.9469143068085872,1.2853903536752398,18.0,66.0
1790783238.701775,0,slipped off A,0.21,1.5691,,,,18.0,66.0
1790783238.7343192,0,grip capacity exceeded,0.23,2.2171,,,,18.0,66.0
1790783238.7351584,0,missed B,0.718,1.374,0.25999999999999446,0.944692084586365,1.1910725258645365,18.0,66.0
1790783238.7525032,0,grip capacity exceeded,0.47,2.1515,,,,18.0,66.0
1790783238.752851,0,hit wall,0.21,1.0249,0.0799999999999983,0.9346920845863652,2.0214277499351545,18.0,66.0
1790783238.7583818,0,slipped off A,0.55,1.6426,,,,18.0,66.0
1790783238.7999947,0,slipped off A,0.38,1.2107,,,,18.0,66.0
1790783238.8004162,0,hit wall,0.312,1.271,0.23999999999999488,0.9435809734752539,2.0450715449953623,18.0,66.0
1790783238.8070388,0,grip capacity exceeded,0.386,2.3159,,,,18.0,66.0
1790783238.813083,0,grip capacity exceeded,0.182,2.862,,,,18.0,66.0
1790783238.8162477,0,hit wall,0.254,1.1754,0.17999999999999616,0.9402476401419206,2.048180307003743,18.0,66.0
1790783238.8218036,0,grip capacity exceeded,0.28,2.7592,,,,18.0,66.0
1790783238.839604,0,grip capacity exceeded,0.244,2.2564,,,,18.0,66.0
1790783238.8421028,0,grip capacity exceeded,0.094,2.0016,,,,18.0,66.0
1790783238.8693511,0,grip capacity exceeded,0.152,2.4744,,,,18.0,66.0
1790783238.8738053,0,slipped off A,0.23,1.0061,,,,18.0,66.0
1790783238.9193141,0,grip capacity exceeded,0.134,2.1215,,,,18.0,66.0
1790783238.9275815,0,slipped off A,0.35,1.4006,,,,18.0,66.0
1790783238.9297144,0,hit wall,0.348,1.9059,0.2999999999999936,0.9469143068085872,2.0548025538474533,18.0,66.0
1790783238.9477787,0,grip capacity exceeded,0.446,2.2457,,,,18.0,66.0
1790783238.980795,0,slipped off A,0.712,1.7144,,,,18.0,66.0
1790783238.99071,0,slipped off A,0.17,1.2686,,,,18.0,66.0
1790783239.0282261,0,grip capacity exceeded,0.596,2.1737,,,,18.0,66.0
1790783239.0408533,0,grip capacity exceeded,0.524,3.0433,,,,18.0,66.0
1790783239.0775082,0,hit wall,0.472,1.0228,0.41999999999999105,0.9535809734752537,2.048476523046023,18.0,66.0
1790783239.0847297,0,grip capacity exceeded,0.746,2.3185,,,,18.0,66.0
1790783239.0904121,0,slipped off A,0.428,1.386,,,,18.0,66.0
1790783239.1231053,0,grip capacity exceeded,0.29,2.114,,,,18.0,66.0
1790783239.1279817,0,slipped off A,0.17,1.2536,,,,18.0,66.0
1790783239.1308694,0,slipped off A,0.144,1.4041,,,,18.0,66.0
1790783239.1376657,0,missed B,0.472,1.4806,0.03999999999999915,0.9324698623641431,1.3141625860940682,18.0,66.0
1790783239.1591063,0,slipped off A,0.238,1.3645,,,,18.0,66.0
1790783239.1648877,0,grip capacity exceeded,0.76,2.0689,,,,18.0,66.0
1790783239.1657608,0,slipped off A,0.13,1.3478,,,,18.0,66.0
1790783239.1717129,0,slipped off A,0.13,1.5783,,,,18.0,66.0
1790783239.1791768,0,grip capacity exceeded,0.422,2.0186,,,,18.0,66.0
1790783239.2138078,0,hit wall,0.732,1.6629,0.6599999999999859,0.9669143068085868,2.0147239388617075,18.0,66.0
1790783239.231317,0,grip capacity exceeded,0.292,2.0731,,,,18.0,66.0
1790783239.2389154,0,slipped off A,0.23,1.7225,,,,18.0,66.0
1790783239.2409706,0,grip capacity exceeded,0.33,2.0694,,,,18.0,66.0
1790783239.2454178,0,slipped off A,0.23,1.4581,,,,18.0,66.0
1790783239.2759087,0,hit wall,0.198,1.4449,0.1599999999999966,0.9391365290308096,2.062542354070796,18.0,66.0
1790783239.2845314,0,slipped off A,0.122,1.3111,,,,18.0,66.0
1790783239.2900567,0,grip capacity exceeded,0.378,2.7731,,,,18.0,66.0
1790783239.3061569,0,grip capacity exceeded,0.384,2.187,,,,18.0,66.0
1790783239.3065531,0,grip capacity exceeded,0.21,2.5889,,,,18.0,66.0
1790783239.3230474,0,slipped off A,0.268,1.7668,,,,18.0,66.0
1790783239.3317344,0,missed B,0.48,1.669,0.11999999999999744,0.9369143068085874,1.3019800179793795,18.0,66.0
1790783239.354761,0,slipped off A,0.214,1.4798,,,,18.0,66.0
1790783239.3874292,0,slipped off A,0.424,1.1924,,,,18.0,66.0
1790783239.4332325,0,slipped off A,0.24,1.3754,,,,18.0,66.0
1790783239.4420688,0,hit wall,0.348,1.0945,0.3199999999999932,0.9480254179196983,2.05403952401439,18.0,66.0
1790783239.4666874,0,grip capacity exceeded,0.466,2.9237,,,,18.0,66.0
1790783239.468047,0,grip capacity exceeded,0.072,2.014,,,,18.0,66.0
1790783239.4740467,0,slipped off A,0.59,1.4547,,,,18.0,66.0
1790783239.4951773,0,missed B,0.61,1.5396,0.3199999999999932,0.9480254179196983,0.9937931817151134,18.0,66.0
1790783239.5100644,0,grip capacity exceeded,0.6,2.2642,,,,18.0,66.0
1790783239.5273504,0,grip capacity exceeded,0.6,2.0822,,,,18.0,66.0
1790783239.5334697,0,grip capacity exceeded,0.196,2.3664,,,,18.0,66.0
1790783239.5534368,0,missed B,0.494,1.535,0.05999999999999872,0.9335809734752541,1.2284438074822766,18.0,66.0
1790783239.555116,0,slipped off A,0.344,1.2516,,,,18.0,66.0
1790783239.591425,0,grip capacity exceeded,0.188,2.5958,,,,18.0,66.0
1790783239.6088905,0,slipped off A,0.428,1.4782,,,,18.0,66.0
1790783239.6094263,0,grip capacity exceeded,0.446,2.2148,,,,18.0,66.0
1790783239.625903,0,grip capacity exceeded,0.31,2.4885,,,,18.0,66.0
1790783239.672993,0,grip capacity exceeded,0.388,2.2278,,,,18.0,66.0
1790783239.6803515,0,grip capacity exceeded,0.598,2.5598,,,,18.0,66.0
1790783239.7197514,0,slipped off A,0.41,1.6773,,,,18.0,66.0
1790783239.728193,0,grip capacity exceeded,0.15,2.1326,,,,18.0,66.0
1790783239.734005,0,slipped off A,0.564,1.3616,,,,18.0,66.0
1790783239.7405057,0,grip capacity exceeded,0.328,2.1289,,,,18.0,66.0
1790783239.7406676,0,missed B,0.732,1.0759,0.19999999999999574,0.9413587512530318,1.3019712349490569,18.0,66.0
1790783239.7575653,0,slipped off A,0.11,1.3995,,,,18.0,66.0
1790783239.792858,0,grip capacity exceeded,0.564,2.0787,,,,18.0,66.0
1790783239.799434,0,slipped off A,0.212,1.1938,,,,18.0,66.0
1790783239.8043637,0,slipped off A,0.21,1.3794,,,,18.0,66.0
1790783239.8048685,0,grip capacity exceeded,0.396,2.8184,,,,18.0,66.0
1790783239.8050606,0,slipped off A,0.218,1.683,,,,18.0,66.0
1790783239.8124728,0,slipped off A,0.262,1.7001,,,,18.0,66.0
1790783239.8414707,0,grip capacity exceeded,0.082,2.0007,,,,18.0,66.0
1790783239.8461263,0,grip capacity exceeded,0.128,2.0466,,,,18.0,66.0
1790783239.8466105,0,grip capacity exceeded,0.168,2.0472,,,,18.0,66.0
1790783239.8636518,0,grip capacity exceeded,0.2,2.2261,,,,18.0,66.0
1790783239.8908722,0,grip capacity exceeded,0.292,2.1166,,,,18.0,66.0
1790783239.9293358,0,grip capacity exceeded,0.438,2.1947,,,,18.0,66.0
1790783239.9305558,0,hit wall,0.574,1.6237,0.49999999999998934,0.9580254179196981,1.9992142102062282,18.0,66.0
1790783239.9511607,0,grip capacity exceeded,0.356,2.1335,,,,18.0,66.0
1790783239.964086,0,hit wall,1.146,1.3621,0.9199999999999804,0.981358751253031,1.664247752888345,18.0,66.0
1790783239.97344,0,grip capacity exceeded,0.28,2.1351,,,,18.0,66.0
1790783239.979648,0,slipped off A,0.396,1.6714,,,,18.0,66.0
1790783240.0034263,0,grip capacity exceeded,0.564,2.717,,,,18.0,66.0
1790783240.0038662,0,hit wall,0.2,0.6897,0.1599999999999966,0.9391365290308096,2.0625210314704976,18.0,66.0
1790783240.0211542,0,grip capacity exceeded,0.178,2.4222,,,,18.0,66.0
1790783240.0367098,0,grip capacity exceeded,0.414,2.2106,,,,18.0,66.0
1790783240.0696256,0,grip capacity exceeded,0.84,2.0255,,,,18.0,66.0
1790783240.1022794,0,grip capacity exceeded,0.58,2.3625,,,,18.0,66.0
1790783240.1309245,0,slipped off A,0.37,1.1764,,,,18.0,66.0
1790783240.1311846,0,grip capacity exceeded,0.512,2.2297,,,,18.0,66.0
1790783240.1609216,0,grip capacity exceeded,0.628,2.3548,,,,18.0,66.0
1790783240.1811574,0,missed B,0.406,0.5343,0.019999999999999574,0.931358751253032,1.2607970672334476,18.0,66.0
1790783240.1811867,0,missed B,0.802,1.1206,0.25999999999999446,0.944692084586365,1.1393119215723966,18.0,66.0
1790783240.1868951,0,hit wall,0.184,1.7581,0.0799999999999983,0.9346920845863652,1.9722714450302024,18.0,66.0
1790783240.2282205,0,hit wall,0.136,0.6397,0.03999999999999915,0.9324698623641431,1.9618333880532146,18.0,66.0
1790783240.2419968,0,missed B,0.816,1.6614,0.3199999999999932,0.9480254179196983,1.5067064088541544,18.0,66.0
1790783240.2485645,0,slipped off A,0.272,1.4862,,,,18.0,66.0
1790783240.252934,0,grip capacity exceeded,0.52,2.0789,,,,18.0,66.0
1790783240.2545984,0,grip capacity exceeded,1.206,2.1597,,,,18.0,66.0
1790783240.2555234,0,slipped off A,0.41,1.4213,,,,18.0,66.0
1790783240.2670605,0,hit wall,0.076,0.6591,0.03999999999999915,0.9324698623641431,2.0692127061303385,18.0,66.0
1790783240.2957962,0,grip capacity exceeded,0.37,2.3,,,,18.0,66.0
1790783240.297504,0,grip capacity exceeded,0.138,2.4808,,,,18.0,66.0
1790783240.3042657,0,hit wall,0.166,0.8405,0.0799999999999983,0.9346920845863652,2.050260151379157,18.0,66.0
1790783240.3224545,0,slipped off A,0.07,1.377,,,,18.0,66.0
1790783240.3312924,0,grip capacity exceeded,0.072,2.0007,,,,18.0,66.0
1790783240.3525424,0,grip capacity exceeded,0.384,3.0133,,,,18.0,66.0
1790783240.3930116,0,slipped off A,0.296,1.5437,,,,18.0,66.0
1790783240.4049232,0,grip capacity exceeded,0.14,2.0845,,,,18.0,66.0
1790783240.4099686,0,slipped off A,0.712,1.9738,,,,18.0,66.0
1790783240.4166749,0,missed B,0.496,1.4819,0.05999999999999872,0.9335809734752541,1.264112724160195,18.0,66.0
1790783240.4283059,0,slipped off A,0.29,1.0394,,,,18.0,66.0
1790783240.434268,0,hit wall,0.338,1.9026,0.2999999999999936,0.9469143068085872,2.0549524509822388,18.0,66.0
1790783240.434399,0,hit wall,0.052,1.0915,0.019999999999999574,0.931358751253032,2.07040444397721,18.0,66.0
1790783241.1974223,0,slipped off A,0.13,1.6334,,,,18.0,66.0
1790783241.2179108,0,slipped off A,0.63,1.5391,,,,18.0,66.0
1790783241.2183676,0,missed B,0.662,1.2397,0.1599999999999966,0.9391365290308096,1.2796603986875716,18.0,66.0
1790783241.2237706,0,grip capacity exceeded,0.23,2.0327,,,,18.0,66.0
1790783241.2340941,0,hit wall,0.17,0.9645,0.0799999999999983,0.9346920845863652,1.979731186630025,18.0,66.0
1790783241.247148,0,hit wall,0.196,1.0049,0.1599999999999966,0.9391365290308096,2.062570669269138,18.0,66.0
1790783241.2652566,0,grip capacity exceeded,0.14,2.0128,,,,18.0,66.0
1790783241.2768958,0,hit wall,0.222,0.9574,0.19999999999999574,0.9413587512530318,2.060641720560461,18.0,66.0
1790783241.2958603,0,grip capacity exceeded,0.198,2.0157,,,,18.0,66.0
1790783241.3076463,0,hit wall,0.508,1.5345,0.3999999999999915,0.9524698623641427,2.001351152176348,18.0,66.0
1790783241.3187172,0,slipped off A,0.288,1.3629,,,,18.0,66.0
1790783241.331608,0,hit wall,0.11,0.7158,0.03999999999999915,0.9324698623641431,2.0352534940564433,18.0,66.0
1790783241.3365526,0,slipped off A,0.486,1.8224,,,,18.0,66.0
1790783241.377889,0,grip capacity exceeded,0.366,2.096,,,,18.0,66.0
1790783241.3882802,0,hit wall,0.548,1.7266,,,,18.0,66.0
1790783241.394976,0,missed B,0.488,0.498,0.0,0.9302476401419209,1.3207742609386866,18.0,66.0
1790783241.4024496,0,grip capacity exceeded,0.204,2.0842,,,,18.0,66.0
1790783241.408632,0,slipped off A,0.29,1.2669,,,,18.0,66.0
1790783241.4236736,0,slipped off A,0.07,1.432,,,,18.0,66.0
1790783241.4297707,0,slipped off A,0.514,0.9516,,,,18.0,66.0
1790783241.440184,0,slipped off A,0.37,1.1411,,,,18.0,66.0
1790783241.4566472,0,grip capacity exceeded,0.114,2.0477,,,,18.0,66.0
1790783241.4671056,0,slipped off A,0.27,1.6979,,,,18.0,66.0
1790783241.476715,0,slipped off A,0.29,1.1753,,,,18.0,66.0
1790783241.4834998,0,grip capacity exceeded,0.364,2.2226,,,,18.0,66.0
1790783241.5074584,0,grip capacity exceeded,0.134,2.2574,,,,18.0,66.0
1790783241.508695,0,grip capacity exceeded,0.222,2.0651,,,,18.0,66.0
1790783241.5201073,0,slipped off A,0.204,1.2803,,,,18.0,66.0
1790783241.5201018,0,grip capacity exceeded,0.124,2.11,,,,18.0,66.0
1790783241.5283387,0,grip capacity exceeded,0.134,2.1667,,,,18.0,66.0
1790783241.5577497,0,grip capacity exceeded,0.502,2.0911,,,,18.0,66.0
1790783241.5582542,0,grip capacity exceeded,0.848,2.484,,,,18.0,66.0
1790783241.5623195,0,slipped off A,0.17,1.8556,,,,18.0,66.0
1790783241.5631294,0,grip capacity exceeded,0.456,2.282,,,,18.0,66.0
1790783241.5973175,0,slipped off A,0.248,1.6056,,,,18.0,66.0
1790783241.6043856,0,grip capacity exceeded,0.258,2.3387,,,,18.0,66.0
1790783241.6120982,0,grip capacity exceeded,0.172,2.2804,,,,18.0,66.0
1790783241.622366,0,slipped off A,0.19,1.3763,,,,18.0,66.0
1790783241.6226327,0,grip capacity exceeded,0.198,2.3133,,,,18.0,66.0
1790783241.6427233,0,slipped off A,0.29,0.9704,,,,18.0,66.0
1790783241.6557362,0,grip capacity exceeded,0.12,2.023,,,,18.0,66.0
1790783241.665506,0,slipped off A,0.17,0.8467,,,,18.0,66.0
1790783241.6875343,0,slipped off A,0.27,1.0863,,,,18.0,66.0
1790783241.7075648,0,grip capacity exceeded,0.366,2.1385,,,,18.0,66.0
1790783241.7147977,0,grip capacity exceeded,0.09,2.0595,,,,18.0,66.0
1790783241.7282205,0,slipped off A,0.73,1.7921,,,,18.0,66.0
1790783241.743961,0,slipped off A,0.41,1.0661,,,,18.0,66.0
1790783241.7450435,0,missed B,0.746,0.9092,0.25999999999999446,0.944692084586365,1.3436008554907037,18.0,66.0
1790783241.7459266,0,grip capacity exceeded,0.082,2.393,,,,18.0,66.0
1790783241.7659435,0,grip capacity exceeded,0.356,2.4168,,,,18.0,66.0
1790783241.7891624,0,hit wall,0.112,0.498,0.0,0.9302476401419209,1.9485573647036951,18.0,66.0
1790783241.8060477,0,slipped off A,0.51,1.212,,,,18.0,66.0
1790783241.8121524,0,slipped off A,0.188,1.1522,,,,18.0,66.0
1790783241.841151,0,missed B,0.578,1.1836,0.09999999999999787,0.9358031956974764,1.3581166281174892,18.0,66.0
1790783241.8492649,0,slipped off A,0.438,1.5921,,,,18.0,66.0
1790783241.855563,0,grip capacity exceeded,0.136,2.5412,,,,18.0,66.0
1790783241.862546,0,hit wall,0.178,1.0083,0.13999999999999702,0.9380254179196985,2.0637095507135927,18.0,66.0
1790783241.8871212,0,grip capacity exceeded,0.458,2.2601,,,,18.0,66.0
1790783241.9038827,0,slipped off A,0.39,1.8455,,,,18.0,66.0
1790783241.9257474,0,grip capacity exceeded,0.076,2.2055,,,,18.0,66.0
1790783241.9323437,0,grip capacity exceeded,0.144,2.3155,,,,18.0,66.0
1790783241.9793613,0,grip capacity exceeded,0.436,2.2796,,,,18.0,66.0
1790783241.9860537,0,hit wall,0.49,1.1355,0.4399999999999906,0.9546920845863648,2.047264582485977,18.0,66.0
1790783242.00183,0,slipped off A,0.882,1.0001,,,,18.0,66.0
1790783242.0131516,0,slipped off A,0.266,1.3707,,,,18.0,66.0
1790783242.0171576,0,missed B,0.506,1.4879,0.03999999999999915,0.9324698623641431,1.2954590122177803,18.0,66.0
1790783242.0209506,0,grip capacity exceeded,0.264,2.265,,,,18.0,66.0
1790783242.043741,0,missed B,0.9,1.1898,0.3999999999999915,0.9524698623641427,1.3714625873984636,18.0,66.0
1790783242.0437613,0,missed B,0.64,0.8341,0.1599999999999966,0.9391365290308096,1.2662555046808979,18.0,66.0
1790783242.0531735,0,slipped off A,0.192,1.1567,,,,18.0,66.0
1790783242.0700169,0,grip capacity exceeded,0.066,2.6843,,,,18.0,66.0
1790783242.0862198,0,grip capacity exceeded,0.132,2.2463,,,,18.0,66.0
1790783242.0980523,0,slipped off A,0.09,1.4279,,,,18.0,66.0
1790783242.1206622,0,slipped off A,0.39,1.3336,,,,18.0,66.0
1790783242.1726334,0,slipped off A,0.51,1.2226,,,,18.0,66.0
1790783242.1752303,0,grip capacity exceeded,0.252,2.0342,,,,18.0,66.0
1790783242.1794496,0,slipped off A,0.468,1.1071,,,,18.0,66.0
1790783242.2030716,0,grip capacity exceeded,0.07,2.4331,,,,18.0,66.0
1790783242.247473,0,slipped off A,0.17,1.412,,,,18.0,66.0
1790783242.2857332,0,grip capacity exceeded,0.098,2.1595,,,,18.0,66.0
1790783242.28734,0,missed B,0.77,1.6805,0.33999999999999275,0.9491365290308094,1.364785097110745,18.0,66.0
1790783242.2943687,0,slipped off A,0.53,1.4077,,,,18.0,66.0
1790783242.3415313,0,hit wall,0.938,1.767,0.799999999999983,0.9746920845863644,1.8394459105313055,18.0,66.0
1790783242.3420603,0,missed B,0.832,0.9023,0.4599999999999902,0.955803195697476,1.2929986923689503,18.0,66.0
1790783242.347532,0,slipped off A,0.63,1.5371,,,,18.0,66.0
1790783242.3524723,0,grip capacity exceeded,0.196,2.0581,,,,18.0,66.0
1790783242.3629034,0,missed B,0.422,0.5911,0.0799999999999983,0.9346920845863652,1.3797912388701703,18.0,66.0
1790783242.3846545,0,grip capacity exceeded,0.286,2.2784,,,,18.0,66.0
1790783242.40274,0,grip capacity exceeded,0.632,2.1419,,,,18.0,66.0
1790783242.4748447,0,slipped off A,0.21,1.6063,,,,18.0,66.0
1790783242.482843,0,missed B,0.392,0.5019,0.03999999999999915,0.9324698623641431,1.484258647016093,18.0,66.0
1790783242.4948595,0,slipped off A,0.384,1.3291,,,,18.0,66.0
1790783242.506729,0,missed B,0.628,1.3548,0.19999999999999574,0.9413587512530318,1.379840110008552,18.0,66.0
1790783242.5202954,0,grip capacity exceeded,0.39,2.226,,,,18.0,66.0
1790783242.527926,0,hit wall,0.544,1.7237,0.3999999999999915,0.9524698623641427,1.8251586064151455,18.0,66.0
1790783242.5452282,0,slipped off A,0.19,1.604,,,,18.0,66.0
1790783242.569577,0,grip capacity exceeded,0.688,2.1646,,,,18.0,66.0
1790783242.582585,0,grip capacity exceeded,0.198,2.0983,,,,18.0,66.0
1790783242.6146803,0,grip capacity exceeded,0.244,2.2692,,,,18.0,66.0
1790783242.6259546,0,grip capacity exceeded,0.154,2.3004,,,,18.0,66.0
1790783242.6267202,0,slipped off A,0.806,1.6936,,,,18.0,66.0
1790783242.6389337,0,slipped off A,0.27,1.5965,,,,18.0,66.0
1790783242.6500196,0,grip capacity exceeded,0.074,2.2952,,,,18.0,66.0
1790783242.66059,0,slipped off A,0.486,1.3341,,,,18.0,66.0
1790783242.6712172,0,slipped off A,0.25,1.8726,,,,18.0,66.0
1790783242.6915932,0,grip capacity exceeded,0.126,2.4737,,,,18.0,66.0
1790783242.6968102,0,missed B,0.546,1.455,0.03999999999999915,0.9324698623641431,1.1993327149180866,18.0,66.0
1790783242.7297802,0,grip capacity exceeded,0.194,2.4013,,,,18.0,66.0
1790783242.7372751,0,slipped off A,0.342,1.3193,,,,18.0,66.0
1790783242.7478664,0,slipped off A,0.348,1.3785,,,,18.0,66.0
1790783242.7493691,0,slipped off A,0.16,1.5593,,,,18.0,66.0
1790783242.7934067,0,hit wall,0.162,0.5767,0.09999999999999787,0.9358031956974764,2.042455869808973,18.0,66.0
1790783242.793877,0,hit wall,0.324,1.0759,0.27999999999999403,0.9458031956974762,2.0559501165164122,18.0,66.0
1790783242.8203557,0,slipped off A,0.47,1.9122,,,,18.0,66.0
1790783242.8305757,0,missed B,1.03,1.8392,0.5199999999999889,0.9591365290308091,1.461954492514426,18.0,66.0
1790783242.8768954,0,grip capacity exceeded,0.532,2.0933,,,,18.0,66.0
1790783242.8779953,0,slipped off A,0.23,1.2521,,,,18.0,66.0
1790783242.9024913,0,grip capacity exceeded,0.06,2.5861,,,,18.0,66.0
1790783242.92024,0,grip capacity exceeded,0.27,2.3729,,,,18.0,66.0
1790783242.9533117,0,slipped off A,0.45,1.166,,,,18.0,66.0
1790783242.9954185,0,missed B,0.692,1.2223,0.17999999999999616,0.9402476401419206,1.4866822322628945,18.0,66.0
1790783243.0008018,0,slipped off A,0.71,1.8043,,,,18.0,66.0
1790783243.0179842,0,grip capacity exceeded,0.326,2.1027,,,,18.0,66.0
1790783243.0314698,0,hit wall,0.564,1.4784,0.49999999999998934,0.9580254179196981,2.0156839265991513,18.0,66.0
1790783243.0328314,0,missed B,0.838,1.521,0.3999999999999915,0.9524698623641427,1.2105544699527966,18.0,66.0
1790783243.0501761,0,slipped off A,0.132,1.4564,,,,18.0,66.0
1790783243.0706754,0,grip capacity exceeded,0.142,2.2408,,,,18.0,66.0
1790783243.109276,0,slipped off A,0.234,1.2763,,,,18.0,66.0
1790783243.1377897,0,grip capacity exceeded,0.56,2.0181,,,,18.0,66.0
1790783243.1383789,0,grip capacity exceeded,0.428,2.1165,,,,18.0,66.0
1790783243.1570237,0,grip capacity exceeded,0.39,2.3478,,,,18.0,66.0
1790783243.159596,0,hit wall,0.824,1.7951,0.6999999999999851,0.9691365290308089,1.8599730756168447,18.0,66.0
1790783243.167192,0,slipped off A,0.73,1.407,,,,18.0,66.0
1790783243.1901288,0,grip capacity exceeded,0.074,2.0114,,,,18.0,66.0
1790783243.197168,0,grip capacity exceeded,0.178,2.053,,,,18.0,66.0
1790783243.209729,0,hit wall,0.292,1.004,0.2199999999999953,0.9424698623641429,2.034402595509333,18.0,66.0
1790783243.2197442,0,slipped off A,0.518,1.3694,,,,18.0,66.0
1790783243.243889,0,slipped off A,0.248,1.5032,,,,18.0,66.0
1790783243.24828,0,slipped off A,0.17,1.6454,,,,18.0,66.0
1790783243.2802718,0,grip capacity exceeded,0.38,2.7574,,,,18.0,66.0
1790783243.2991734,0,grip capacity exceeded,0.146,2.2008,,,,18.0,66.0
1790783243.322563,0,grip capacity exceeded,0.108,2.3343,,,,18.0,66.0
1790783243.3356514,0,slipped off A,0.394,1.4241,,,,18.0,66.0
1790783243.3445592,0,grip capacity exceeded,0.824,2.9072,,,,18.0,66.0
1790783243.357508,0,missed B,0.42,1.6937,0.05999999999999872,0.9335809734752541,1.2795914647605602,18.0,66.0
1790783243.358323,0,grip capacity exceeded,0.1,2.0195,,,,18.0,66.0
1790783243.360777,0,slipped off A,0.464,1.542,,,,18.0,66.0
1790783243.3670754,0,missed B,0.666,0.7531,0.2999999999999936,0.9469143068085872,1.2411729857843685,18.0,66.0
1790783243.3854775,0,missed B,0.406,1.087,0.03999999999999915,0.9324698623641431,1.207784502649135,18.0,66.0
1790783243.3999443,0,hit wall,0.094,0.498,0.0,0.9302476401419209,2.015275892714215,18.0,66.0
1790783243.4344702,0,slipped off A,0.25,1.4473,,,,18.0,66.0
1790783243.4413671,0,slipped off A,0.23,1.4423,,,,18.0,66.0
1790783243.4560058,0,slipped off A,0.27,1.0956,,,,18.0,66.0
1790783243.4760509,0,slipped off A,0.07,1.437,,,,18.0,66.0
1790783243.4871132,0,grip capacity exceeded,0.278,2.1454,,,,18.0,66.0
1790783243.5192633,0,grip capacity exceeded,0.134,2.1915,,,,18.0,66.0
1790783243.5193024,0,grip capacity exceeded,0.242,2.3767,,,,18.0,66.0
1790783243.5505874,0,grip capacity exceeded,0.634,2.2203,,,,18.0,66.0
1790783243.5558288,0,slipped off A,0.09,1.5409,,,,18.0,66.0
1790783243.55593,0,grip capacity exceeded,0.752,2.3812,,,,18.0,66.0
1790783243.5601485,0,grip capacity exceeded,0.108,2.4364,,,,18.0,66.0
1790783243.5613947,0,missed B,0.53,0.7036,0.05999999999999872,0.9335809734752541,1.4105552881608447,18.0,66.0
1790783243.584964,0,grip capacity exceeded,0.464,2.8587,,,,18.0,66.0
1790783243.5998116,0,slipped off A,0.15,0.9277,,,,18.0,66.0
1790783243.603986,0,grip capacity exceeded,0.124,2.0082,,,,18.0,66.0
1790783243.6103191,0,grip capacity exceeded,0.164,2.2318,,,,18.0,66.0
1790783243.6112704,0,missed B,0.772,1.7605,0.47999999999998977,0.956914306808587,1.2165088968813678,18.0,66.0
1790783243.6262138,0,grip capacity exceeded,0.108,2.3046,,,,18.0,66.0
1790783243.632392,0,grip capacity exceeded,0.068,2.3636,,,,18.0,66.0
1790783243.6502225,0,slipped off A,0.15,0.9449,,,,18.0,66.0
1790783243.655655,0,grip capacity exceeded,0.288,2.2304,,,,18.0,66.0
1790783243.6620116,0,slipped off A,0.152,1.7241,,,,18.0,66.0
1790783243.6700559,0,missed B,0.56,1.4002,0.05999999999999872,0.9335809734752541,1.3677153277488716,18.0,66.0
1790783243.6701155,0,grip capacity exceeded,0.344,2.1196,,,,18.0,66.0
1790783243.6708832,0,slipped off A,0.17,1.6318,,,,18.0,66.0
1790783243.705067,0,grip capacity exceeded,0.222,2.8344,,,,18.0,66.0
1790783243.745316,0,slipped off A,0.246,1.6099,,,,18.0,66.0
1790783243.7569075,0,grip capacity exceeded,0.298,2.4499,,,,18.0,66.0
1790783243.75786,0,slipped off A,0.424,1.0639,,,,18.0,66.0
1790783243.7687309,0,grip capacity exceeded,0.396,2.5096,,,,18.0,66.0
1790783243.7696571,0,hit wall,0.034,0.498,0.0,0.9302476401419209,2.071420842073824,18.0,66.0
1790783243.798177,0,grip capacity exceeded,0.158,3.0638,,,,18.0,66.0
1790783243.8077633,0,missed B,0.424,0.8908,0.05999999999999872,0.9335809734752541,1.2645821918937585,18.0,66.0
1790783243.818124,0,grip capacity exceeded,0.112,2.8074,,,,18.0,66.0
1790783243.8537405,0,grip capacity exceeded,0.598,2.3392,,,,18.0,66.0
1790783243.862015,0,slipped off A,0.226,1.5131,,,,18.0,66.0
1790783243.8679469,0,grip capacity exceeded,0.462,2.2304,,,,18.0,66.0
1790783243.8897195,0,grip capacity exceeded,0.348,2.1628,,,,18.0,66.0
1790783243.92656,0,missed B,0.782,1.6642,0.2999999999999936,0.9469143068085872,1.3284563463420818,18.0,66.0
1790783243.9499502,0,hit wall,0.43,1.536,0.3799999999999919,0.9513587512530316,2.0505134506634954,18.0,66.0
1790783243.9859934,0,slipped off A,0.39,1.5684,,,,18.0,66.0
1790783243.9912026,0,grip capacity exceeded,0.528,2.3798,,,,18.0,66.0
1790783243.9967735,0,grip capacity exceeded,0.36,2.5381,,,,18.0,66.0
1790783244.0082521,0,slipped off A,0.27,0.9094,,,,18.0,66.0
1790783244.0273187,0,grip capacity exceeded,0.242,2.3089,,,,18.0,66.0
1790783244.041405,0,grip capacity exceeded,0.558,2.6377,,,,18.0,66.0
1790783244.046549,0,hit wall,0.182,1.0581,0.13999999999999702,0.9380254179196985,2.06363163448469,18.0,66.0
1790783244.0589426,0,grip capacity exceeded,0.656,2.0568,,,,18.0,66.0
1790783244.0880055,0,hit wall,0.88,1.8316,,,,18.0,66.0
1790783244.088121,0,grip capacity exceeded,0.148,3.244,,,,18.0,66.0
1790783244.1115668,0,grip capacity exceeded,0.268,2.0458,,,,18.0,66.0
1790783244.1184363,0,grip capacity exceeded,0.232,2.3352,,,,18.0,66.0
1790783244.120667,0,slipped off A,0.39,1.2242,,,,18.0,66.0
1790783244.1262035,0,slipped off A,0.11,1.4086,,,,18.0,66.0
1790783244.145015,0,hit wall,0.044,0.498,0.0,0.9302476401419209,2.071327147977083,18.0,66.0
1790783244.1759698,0,grip capacity exceeded,0.348,2.6967,,,,18.0,66.0
1790783244.2100003,0,grip capacity exceeded,0.364,2.3256,,,,18.0,66.0
1790783244.2178018,0,slipped off A,0.24,1.0085,,,,18.0,66.0
1790783244.229881,0,missed B,0.324,0.498,0.0,0.9302476401419209,1.292797512610637,18.0,66.0
1790783244.2298694,0,grip capacity exceeded,0.038,2.0074,,,,18.0,66.0
1790783244.2411637,0,missed B,0.738,0.9877,0.2199999999999953,0.9424698623641429,1.219658592698441,18.0,66.0
1790783244.2415605,0,missed B,0.788,1.6739,0.3199999999999932,0.9480254179196983,0.9288184199681813,18.0,66.0
1790783244.2664914,0,grip capacity exceeded,0.196,2.1579,,,,18.0,66.0
1790783244.2960463,0,hit wall,0.566,1.3029,0.4399999999999906,0.9546920845863648,1.9687165250271565,18.0,66.0
1790783244.319071,0,missed B,0.69,0.9127,0.17999999999999616,0.9402476401419206,1.3941534025957254,18.0,66.0
1790783244.347645,0,grip capacity exceeded,0.178,2.4982,,,,18.0,66.0
1790783244.3595126,0,hit wall,0.438,1.1127,0.33999999999999275,0.9491365290308094,1.9445590190476798,18.0,66.0
1790783244.36601,0,grip capacity exceeded,0.454,2.311,,,,18.0,66.0
1790783244.395344,0,missed B,0.588,0.9435,0.17999999999999616,0.9402476401419206,1.1373780777716138,18.0,66.0
1790783244.4174604,0,grip capacity exceeded,0.844,2.1503,,,,18.0,66.0
1790783244.4197974,0,missed B,0.67,1.4273,0.3199999999999932,0.9480254179196983,1.3126087264988955,18.0,66.0
1790783244.425774,0,slipped off A,0.36,1.4521,,,,18.0,66.0
1790783244.4266515,0,hit wall,0.184,1.0162,0.11999999999999744,0.9369143068085874,2.0478160775037186,18.0,66.0
1790783245.2614734,0,grip capacity exceeded,0.7,2.0638,,,,18.0,66.0
1790783245.2817738,0,slipped off A,0.224,1.2581,,,,18.0,66.0
1790783245.2938318,0,hit wall,0.242,1.2045,0.19999999999999574,0.9413587512530318,2.060247267849606,18.0,66.0
1790783245.3036516,0,grip capacity exceeded,0.142,2.5897,,,,18.0,66.0
1790783245.3153563,0,grip capacity exceeded,0.436,2.9999,,,,18.0,66.0
1790783245.3164463,0,grip capacity exceeded,0.55,2.228,,,,18.0,66.0
1790783245.3383453,0,slipped off A,0.2,1.7218,,,,18.0,66.0
1790783245.341426,0,slipped off A,0.428,1.9731,,,,18.0,66.0
1790783245.3555415,0,missed B,0.706,0.8604,0.2199999999999953,0.9424698623641429,1.2685249024964995,18.0,66.0
1790783245.3642576,0,grip capacity exceeded,0.152,2.1078,,,,18.0,66.0
1790783245.3643718,0,grip capacity exceeded,0.078,2.1274,,,,18.0,66.0
1790783245.3960378,0,grip capacity exceeded,0.374,2.5955,,,,18.0,66.0
1790783245.4005954,0,hit wall,0.658,1.8547,0.6399999999999864,0.9658031956974757,2.0372752806957624,18.0,66.0
1790783245.401073,0,grip capacity exceeded,0.302,2.1653,,,,18.0,66.0
1790783245.414916,0,hit wall,0.188,1.2149,0.1599999999999966,0.9391365290308096,2.0627112651770405,18.0,66.0
1790783245.4430377,0,slipped off A,0.132,1.2984,,,,18.0,66.0
1790783245.4540262,0,grip capacity exceeded,0.364,2.0268,,,,18.0,66.0
1790783245.4540734,0,grip capacity exceeded,0.408,2.1265,,,,18.0,66.0
1790783245.483114,0,grip capacity exceeded,0.642,2.3437,,,,18.0,66.0
1790783245.4992118,0,grip capacity exceeded,0.172,2.069,,,,18.0,66.0
1790783245.507567,0,hit wall,0.526,1.0847,0.47999999999998977,0.956914306808587,2.044251587004773,18.0,66.0
1790783245.5078208,0,grip capacity exceeded,0.362,2.4667,,,,18.0,66.0
1790783245.5266514,0,slipped off A,0.39,1.502,,,,18.0,66.0
1790783245.553752,0,grip capacity exceeded,0.208,2.1542,,,,18.0,66.0
1790783245.5562394,0,missed B,0.526,1.3107,0.09999999999999787,0.9358031956974764,1.1958477758020511,18.0,66.0
1790783245.5607321,0,slipped off A,0.17,0.9984,,,,18.0,66.0
1790783245.5860355,0,hit wall,0.168,0.7755,0.0799999999999983,0.9346920845863652,2.019574445456568,18.0,66.0
1790783245.5916457,0,grip capacity exceeded,0.256,2.1398,,,,18.0,66.0
1790783245.602696,0,missed B,0.528,0.5837,0.1599999999999966,0.9391365290308096,1.1973304868611532,18.0,66.0
1790783245.6293187,0,slipped off A,0.38,1.775,,,,18.0,66.0
1790783245.6498773,0,slipped off A,0.13,1.1183,,,,18.0,66.0
1790783245.65579,0,slipped off A,0.198,1.774,,,,18.0,66.0
1790783245.7365406,0,grip capacity exceeded,0.552,2.4157,,,,18.0,66.0
1790783245.736801,0,grip capacity exceeded,0.252,2.1334,,,,18.0,66.0
1790783245.7549615,0,missed B,0.588,0.6445,0.09999999999999787,0.9358031956974764,1.319853966142295,18.0,66.0
1790783245.7558134,0,grip capacity exceeded,0.512,2.7014,,,,18.0,66.0
1790783245.7659986,0,grip capacity exceeded,0.33,2.246,,,,18.0,66.0
1790783245.7897658,0,grip capacity exceeded,0.072,2.5808,,,,18.0,66.0
1790783245.7913446,0,slipped off A,0.18,1.6115,,,,18.0,66.0
1790783245.8168118,0,grip capacity exceeded,0.248,2.7988,,,,18.0,66.0
1790783245.8257298,0,missed B,1.178,1.8094,0.5999999999999872,0.9635809734752535,1.2168643086906195,18.0,66.0
1790783245.8719137,0,grip capacity exceeded,0.736,2.554,,,,18.0,66.0
1790783245.9098804,0,grip capacity exceeded,0.47,2.3366,,,,18.0,66.0
1790783245.9241655,0,missed B,1.13,1.7927,0.5799999999999876,0.9624698623641424,1.4475494854084856,18.0,66.0
1790783245.9484017,0,slipped off A,0.47,1.2552,,,,18.0,66.0
1790783245.9616046,0,grip capacity exceeded,0.504,2.171,,,,18.0,66.0
1790783245.9627104,0,slipped off A,0.15,1.1456,,,,18.0,66.0
1790783245.9647453,0,slipped off A,0.11,1.1073,,,,18.0,66.0
1790783245.9842587,0,grip capacity exceeded,0.09,3.6459,,,,18.0,66.0
1790783245.9843602,0,missed B,0.69,1.0089,0.2999999999999936,0.9469143068085872,1.2167739840397385,18.0,66.0
1790783245.985249,0,slipped off A,0.47,1.5836,,,,18.0,66.0
1790783246.0267003,0,grip capacity exceeded,0.19,2.6217,,,,18.0,66.0
1790783246.0480676,0,slipped off A,0.694,1.8468,,,,18.0,66.0
1790783246.0909722,0,grip capacity exceeded,0.304,2.4137,,,,18.0,66.0
1790783246.0929353,0,hit wall,0.308,1.8738,0.2199999999999953,0.9424698623641429,1.9988733858398515,18.0,66.0
1790783246.149415,0,grip capacity exceeded,0.492,2.0606,,,,18.0,66.0
1790783246.1677325,0,slipped off A,0.33,0.8712,,,,18.0,66.0
1790783246.1817276,0,grip capacity exceeded,0.064,2.116,,,,18.0,66.0
1790783246.2044766,0,grip capacity exceeded,0.91,2.3378,,,,18.0,66.0
1790783246.2199752,0,grip capacity exceeded,0.292,2.2838,,,,18.0,66.0
1790783246.2337453,0,missed B,0.71,1.0741,0.25999999999999446,0.944692084586365,1.0595854300366585,18.0,66.0
1790783246.2609687,0,grip capacity exceeded,0.098,2.898,,,,18.0,66.0
1790783246.275835,0,grip capacity exceeded,0.544,2.7073,,,,18.0,66.0
1790783246.3152199,0,slipped off A,0.54,1.1433,,,,18.0,66.0
1790783246.327554,0,slipped off A,0.14,1.4579,,,,18.0,66.0
1790783246.3394663,0,missed B,0.934,1.7633,0.4599999999999902,0.955803195697476,1.1548537704789648,18.0,66.0
1790783246.3439987,0,grip capacity exceeded,0.058,2.0843,,,,18.0,66.0
1790783246.3596199,0,grip capacity exceeded,0.416,3.0105,,,,18.0,66.0
1790783246.3802032,0,slipped off A,0.39,1.0412,,,,18.0,66.0
1790783246.3871984,0,grip capacity exceeded,0.14,2.4941,,,,18.0,66.0
1790783246.3982425,0,grip capacity exceeded,0.022,2.0063,,,,18.0,66.0
1790783246.4168954,0,grip capacity exceeded,0.192,2.4,,,,18.0,66.0
1790783246.4449604,0,grip capacity exceeded,0.11,2.1014,,,,18.0,66.0
1790783246.4835024,0,missed B,0.794,1.575,0.3199999999999932,0.9480254179196983,1.362368980956262,18.0,66.0
1790783246.5410595,0,slipped off A,1.012,1.4755,,,,18.0,66.0
1790783246.5533082,0,slipped off A,0.29,1.6895,,,,18.0,66.0
1790783246.5573757,0,missed B,0.53,1.3217,0.11999999999999744,0.9369143068085874,1.434403419830213,18.0,66.0
1790783246.5625758,0,missed B,0.688,1.8696,0.2999999999999936,0.9469143068085872,1.2757098867757897,18.0,66.0
1790783246.5736597,0,slipped off A,0.872,1.0806,,,,18.0,66.0
1790783246.577008,0,grip capacity exceeded,0.438,3.1949,,,,18.0,66.0
1790783246.6086094,0,slipped off A,0.356,1.5639,,,,18.0,66.0
1790783246.6529238,0,grip capacity exceeded,0.754,2.2252,,,,18.0,66.0
1790783246.6553414,0,hit wall,0.32,1.27,0.27999999999999403,0.9458031956974762,2.056039751859118,18.0,66.0
1790783246.6780329,0,slipped off A,0.29,1.3539,,,,18.0,66.0
1790783246.7008567,0,hit wall,0.404,1.073,0.3199999999999932,0.9480254179196983,1.998446265115373,18.0,66.0
1790783246.7154746,0,grip capacity exceeded,0.172,2.2208,,,,18.0,66.0
1790783246.7295372,0,grip capacity exceeded,0.44,2.0252,,,,18.0,66.0
1790783246.7542238,0,hit wall,0.114,0.5579,0.0799999999999983,0.9346920845863652,2.0669549494116977,18.0,66.0
1790783246.7952013,0,grip capacity exceeded,0.19,2.4431,,,,18.0,66.0
1790783246.796598,0,slipped off A,0.55,1.6003,,,,18.0,66.0
1790783246.8099697,0,slipped off A,0.732,1.6752,,,,18.0,66.0
1790783246.835962,0,grip capacity exceeded,0.09,2.1988,,,,18.0,66.0
1790783246.84264,0,hit wall,0.104,0.5088,0.019999999999999574,0.931358751253032,2.026744278556643,18.0,66.0
1790783246.864742,0,grip capacity exceeded,0.584,2.278,,,,18.0,66.0
1790783246.8749547,0,grip capacity exceeded,0.55,2.2099,,,,18.0,66.0
1790783246.8755295,0,grip capacity exceeded,0.082,2.391,,,,18.0,66.0
1790783246.9027627,0,missed B,0.568,1.595,0.09999999999999787,0.9358031956974764,1.2871268608959037,18.0,66.0
1790783246.9057636,0,grip capacity exceeded,0.108,2.1633,,,,18.0,66.0
1790783246.9248345,0,missed B,1.036,1.6029,0.6199999999999868,0.9646920845863646,1.3084771670910957,18.0,66.0
1790783246.9552789,0,grip capacity exceeded,0.564,2.0084,,,,18.0,66.0
1790783246.9553614,0,grip capacity exceeded,0.42,2.1422,,,,18.0,66.0
1790783246.9652104,0,hit wall,0.178,0.7266,0.13999999999999702,0.9380254179196985,2.063689925448168,18.0,66.0
1790783246.9710193,0,grip capacity exceeded,0.266,2.2454,,,,18.0,66.0
1790783246.9963436,0,slipped off A,0.21,1.4888,,,,18.0,66.0
1790783246.9972034,0,grip capacity exceeded,0.08,2.2065,,,,18.0,66.0
1790783247.0098176,0,grip capacity exceeded,0.148,2.576,,,,18.0,66.0
1790783247.0243013,0,slipped off A,0.188,1.0532,,,,18.0,66.0
1790783247.040977,0,slipped off A,0.13,1.4059,,,,18.0,66.0
1790783247.0410235,0,grip capacity exceeded,0.414,2.0648,,,,18.0,66.0
1790783247.0641623,0,grip capacity exceeded,0.112,2.274,,,,18.0,66.0
1790783247.0710843,0,grip capacity exceeded,0.696,2.4692,,,,18.0,66.0
1790783247.094783,0,grip capacity exceeded,0.224,2.1079,,,,18.0,66.0
1790783247.1005251,0,slipped off A,0.29,1.4454,,,,18.0,66.0
1790783247.1066678,0,slipped off A,0.178,1.5326,,,,18.0,66.0
1790783247.1254697,0,slipped off A,0.17,1.686,,,,18.0,66.0
1790783247.1332831,0,hit wall,0.172,0.7494,0.13999999999999702,0.9380254179196985,2.063719059961007,18.0,66.0
1790783247.153721,0,missed B,0.818,1.5967,0.27999999999999403,0.9458031956974762,1.3228252105693952,18.0,66.0
1790783247.153919,0,grip capacity exceeded,0.318,2.3013,,,,18.0,66.0
1790783247.166864,0,grip capacity exceeded,0.192,2.7452,,,,18.0,66.0
1790783247.1966894,0,grip capacity exceeded,0.68,2.4164,,,,18.0,66.0
1790783247.2264185,0,hit wall,0.244,1.1909,0.19999999999999574,0.9413587512530318,2.0602712199237567,18.0,66.0
1790783247.244134,0,slipped off A,0.41,1.8746,,,,18.0,66.0
1790783247.3301315,0,hit wall,0.23,1.2338,0.17999999999999616,0.9402476401419206,2.0548681373628965,18.0,66.0
1790783247.335176,0,grip capacity exceeded,0.336,2.7725,,,,18.0,66.0
1790783247.3513196,0,grip capacity exceeded,0.49,2.7998,,,,18.0,66.0
1790783247.3598378,0,missed B,0.6,1.3607,0.11999999999999744,0.9369143068085874,1.3728625155889578,18.0,66.0
1790783247.4049985,0,grip capacity exceeded,0.618,2.1149,,,,18.0,66.0
1790783247.4128788,0,missed B,0.78,1.0622,0.3199999999999932,0.9480254179196983,1.310808812114059,18.0,66.0
1790783247.4403777,0,missed B,0.446,0.5357,0.0799999999999983,0.9346920845863652,1.298889195832033,18.0,66.0
1790783247.4797745,0,slipped off A,0.29,0.8651,,,,18.0,66.0
1790783247.525062,0,grip capacity exceeded,0.464,2.0539,,,,18.0,66.0
1790783247.5317085,0,missed B,0.446,1.1841,0.09999999999999787,0.9358031956974764,1.3622527117260632,18.0,66.0
1790783247.5738592,0,slipped off A,0.614,1.6181,,,,18.0,66.0
1790783247.5854824,0,slipped off A,0.13,1.2863,,,,18.0,66.0
1790783247.6155214,0,missed B,1.104,1.4642,0.5799999999999876,0.9624698623641424,1.324201878572173,18.0,66.0
1790783247.6219711,0,grip capacity exceeded,0.114,2.0328,,,,18.0,66.0
1790783247.640926,0,missed B,0.604,1.8188,0.13999999999999702,0.9380254179196985,1.2231768951967252,18.0,66.0
1790783247.6544588,0,missed B,0.636,0.9343,0.2199999999999953,0.9424698623641429,1.299457571670884,18.0,66.0
1790783247.6553655,0,missed B,0.446,0.6906,0.0799999999999983,0.9346920845863652,1.4204012587474222,18.0,66.0
1790783247.7029974,0,hit wall,0.214,0.922,0.13999999999999702,0.9380254179196985,2.025869651517425,18.0,66.0
1790783247.7332585,0,grip capacity exceeded,0.38,2.3188,,,,18.0,66.0
1790783247.7338917,0,grip capacity exceeded,0.24,2.4101,,,,18.0,66.0
1790783247.752221,0,grip capacity exceeded,0.24,2.1931,,,,18.0,66.0
1790783247.7652953,0,missed B,0.858,1.179,0.3199999999999932,0.9480254179196983,1.1978697669956189,18.0,66.0
1790783247.7722921,0,slipped off A,0.092,1.164,,,,18.0,66.0
1790783247.7867086,0,slipped off A,0.45,1.291,,,,18.0,66.0
1790783247.8037698,0,grip capacity exceeded,0.276,2.0294,,,,18.0,66.0
1790783247.8151014,0,grip capacity exceeded,0.436,2.0412,,,,18.0,66.0
1790783247.8315592,0,hit wall,0.282,1.7704,0.25999999999999446,0.944692084586365,2.0573604934791248,18.0,66.0
1790783247.8697064,0,grip capacity exceeded,0.968,2.5892,,,,18.0,66.0
1790783247.8898435,0,hit wall,0.25,1.2959,0.17999999999999616,0.9402476401419206,2.0282688064474694,18.0,66.0
1790783247.894427,0,grip capacity exceeded,0.408,2.0429,,,,18.0,66.0
1790783247.9061823,0,grip capacity exceeded,0.246,2.0168,,,,18.0,66.0
1790783247.9065478,0,grip capacity exceeded,0.412,2.0281,,,,18.0,66.0
1790783247.9216437,0,grip capacity exceeded,0.56,2.1481,,,,18.0,66.0
1790783247.9224288,0,slipped off A,0.39,1.9104,,,,18.0,66.0
1790783247.9418457,0,hit wall,0.568,1.7664,,,,18.0,66.0
1790783247.9908185,0,slipped off A,0.17,1.1826,,,,18.0,66.0
1790783247.9954934,0,slipped off A,0.138,1.7567,,,,18.0,66.0
1790783248.0584834,0,grip capacity exceeded,0.42,2.151,,,,18.0,66.0
1790783248.0701349,0,missed B,0.552,1.2509,0.0799999999999983,0.9346920845863652,1.2466499919603555,18.0,66.0
1790783248.0769405,0,hit wall,0.228,1.1223,0.17999999999999616,0.9402476401419206,2.05632803379602,18.0,66.0
1790783248.082131,0,missed B,0.516,0.6548,0.05999999999999872,0.9335809734752541,1.3609682520288198,18.0,66.0
1790783248.1304917,0,grip capacity exceeded,0.378,2.294,,,,18.0,66.0
1790783248.1320436,0,grip capacity exceeded,0.578,2.064,,,,18.0,66.0
1790783248.153314,0,hit wall,0.222,1.132,,,,18.0,66.0
1790783248.1650395,0,grip capacity exceeded,0.728,2.2325,,,,18.0,66.0
1790783248.1963089,0,hit wall,0.212,1.0853,0.1599999999999966,0.9391365290308096,2.0623591881229166,18.0,66.0
1790783248.2134244,0,grip capacity exceeded,0.27,2.0867,,,,18.0,66.0
1790783248.231424,0,hit wall,0.208,1.3279,0.17999999999999616,0.9402476401419206,2.0615540970395143,18.0,66.0
1790783248.2337012,0,hit wall,1.004,1.9212,0.9799999999999791,0.9846920845863641,2.020814745253384,18.0,66.0
1790783248.2557704,0,hit wall,0.112,0.498,0.0,0.9302476401419209,1.9486815060124463,18.0,66.0
1790783248.2880595,0,grip capacity exceeded,0.178,2.5279,,,,18.0,66.0
1790783248.299733,0,grip capacity exceeded,0.76,2.3776,,,,18.0,66.0
1790783248.316674,0,slipped off A,0.77,1.7982,,,,18.0,66.0
1790783248.3221974,0,slipped off A,0.27,1.0287,,,,18.0,66.0
1790783248.3283758,0,grip capacity exceeded,0.064,2.0359,,,,18.0,66.0
1790783248.4058664,0,missed B,0.998,1.7377,0.6599999999999859,0.9669143068085868,0.9862130376984377,18.0,66.0
1790783248.4377515,0,hit wall,0.534,1.4074,,,,18.0,66.0
1790783248.4548516,0,missed B,0.884,1.1406,0.5199999999999889,0.9591365290308091,1.463246169564682,18.0,66.0
1790783248.4620423,0,hit wall,0.398,1.626,0.27999999999999403,0.9458031956974762,1.9293081335293458,18.0,66.0
1790783248.466564,0,slipped off A,0.39,1.0766,,,,18.0,66.0
1790783248.482457,0,slipped off A,0.836,1.7622,,,,18.0,66.0
1790783248.4877412,0,grip capacity exceeded,0.134,2.2824,,,,18.0,66.0
1790783248.4976895,0,grip capacity exceeded,0.108,2.5531,,,,18.0,66.0
1790783248.511701,0,slipped off A,0.63,1.715,,,,18.0,66.0
1790783248.5251489,0,slipped off A,0.33,1.2933,,,,18.0,66.0
1790783248.5380375,0,grip capacity exceeded,0.072,2.1652,,,,18.0,66.0
1790783248.5526311,0,grip capacity exceeded,0.214,2.7741,,,,18.0,66.0
1790783248.568806,0,grip capacity exceeded,0.12,2.2962,,,,18.0,66.0
1790783248.577991,0,missed B,0.684,1.1833,0.25999999999999446,0.944692084586365,1.284159981733908,18.0,66.0
1790783248.5942557,0,grip capacity exceeded,0.266,2.6269,,,,18.0,66.0
1790783248.5995986,0,grip capacity exceeded,0.092,2.0044,,,,18.0,66.0
1790783248.6035013,0,grip capacity exceeded,0.124,2.0441,,,,18.0,66.0
1790783248.6226885,0,grip capacity exceeded,0.46,2.8101,,,,18.0,66.0
1790783248.6404567,0,slipped off A,0.29,1.2931,,,,18.0,66.0
1790783248.657631,0,hit wall,0.512,1.5917,0.47999999999998977,0.956914306808587,2.045257160145287,18.0,66.0
1790783248.6733232,0,grip capacity exceeded,0.232,2.1382,,,,18.0,66.0
1790783248.6999583,0,hit wall,0.076,0.5671,0.019999999999999574,0.931358751253032,2.066672953661823,18.0,66.0
1790783248.705585,0,grip capacity exceeded,0.334,2.2364,,,,18.0,66.0
1790783249.6045058,0,slipped off A,0.212,1.6893,,,,18.0,66.0
1790783249.6058693,0,slipped off A,0.374,1.8557,,,,18.0,66.0
1790783249.6179626,0,hit wall,1.036,1.3779,0.8999999999999808,0.9802476401419198,1.8983344905872928,18.0,66.0
1790783249.634564,0,slipped off A,0.598,1.394,,,,18.0,66.0
1790783249.6358104,0,missed B,0.522,0.7312,0.05999999999999872,0.9335809734752541,1.4569886208790568,18.0,66.0
1790783249.63587,0,hit wall,0.33,1.281,0.2999999999999936,0.9469143068085872,2.0550848066575993,18.0,66.0
1790783249.6479971,0,grip capacity exceeded,0.708,2.4057,,,,18.0,66.0
1790783249.6620073,0,slipped off A,0.09,1.5989,,,,18.0,66.0
1790783249.664138,0,missed B,0.83,0.874,0.3999999999999915,0.9524698623641427,1.1737683801449015,18.0,66.0
1790783249.6707246,0,hit wall,0.212,1.7708,0.1599999999999966,0.9391365290308096,2.062349875545736,18.0,66.0
1790783249.685831,0,grip capacity exceeded,0.064,2.4619,,,,18.0,66.0
1790783249.7259307,0,slipped off A,0.436,1.6242,,,,18.0,66.0
1790783249.7380712,0,grip capacity exceeded,0.2,2.6963,,,,18.0,66.0
1790783249.749369,0,hit wall,0.37,1.4981,0.33999999999999275,0.9491365290308094,2.0528869835752084,18.0,66.0
1790783249.7778811,0,grip capacity exceeded,0.534,2.5659,,,,18.0,66.0
1790783249.7922072,0,grip capacity exceeded,0.18,2.0179,,,,18.0,66.0
1790783249.7927518,0,grip capacity exceeded,0.65,2.5174,,,,18.0,66.0
1790783249.7987008,0,grip capacity exceeded,0.504,2.2428,,,,18.0,66.0
1790783249.8154438,0,grip capacity exceeded,0.13,2.0279,,,,18.0,66.0
1790783249.826582,0,grip capacity exceeded,0.596,2.13,,,,18.0,66.0
1790783249.8317883,0,slipped off A,0.732,1.482,,,,18.0,66.0
1790783249.8829687,0,grip capacity exceeded,0.308,2.2677,,,,18.0,66.0
1790783249.917076,0,slipped off A,0.27,1.0957,,,,18.0,66.0
1790783249.9197853,0,slipped off A,0.39,1.742,,,,18.0,66.0
1790783249.931916,0,hit wall,0.032,0.498,0.0,0.9302476401419209,2.0714204718376883,18.0,66.0
1790783249.951244,0,slipped off A,0.436,1.0122,,,,18.0,66.0
1790783249.9587348,0,missed B,0.76,1.4945,0.2999999999999936,0.9469143068085872,1.1663219552457484,18.0,66.0
1790783250.0324047,0,missed B,0.726,1.0409,0.27999999999999403,0.9458031956974762,1.4527288077543719,18.0,66.0
1790783250.0602214,0,slipped off A,1.07,1.7626,,,,18.0,66.0
1790783250.0741308,0,grip capacity exceeded,0.116,2.8282,,,,18.0,66.0
1790783250.105346,0,missed B,0.832,1.291,0.25999999999999446,0.944692084586365,1.4037769119106625,18.0,66.0
1790783250.1109076,0,grip capacity exceeded,0.52,2.3438,,,,18.0,66.0
1790783250.1237395,0,grip capacity exceeded,0.474,2.9377,,,,18.0,66.0
1790783250.1367488,0,missed B,0.728,1.0315,0.3599999999999923,0.9502476401419204,1.1976040976298281,18.0,66.0
1790783250.1422718,0,hit wall,0.242,1.1875,0.17999999999999616,0.9402476401419206,2.0527727326977097,18.0,66.0
1790783250.189729,0,missed B,0.786,1.7858,0.3199999999999932,0.9480254179196983,1.3733911520239126,18.0,66.0
1790783250.2125952,0,grip capacity exceeded,0.43,2.5459,,,,18.0,66.0
1790783250.219156,0,slipped off A,0.246,1.3285,,,,18.0,66.0
1790783250.2243721,0,slipped off A,0.31,1.9827,,,,18.0,66.0
1790783250.2284734,0,grip capacity exceeded,0.832,2.1624,,,,18.0,66.0
1790783250.2608654,0,grip capacity exceeded,0.128,2.1975,,,,18.0,66.0
1790783250.2896087,0,hit wall,0.552,1.3237,0.5199999999999889,0.9591365290308091,2.043517770519508,18.0,66.0
1790783250.2948923,0,grip capacity exceeded,0.186,2.2184,,,,18.0,66.0
1790783250.3058012,0,grip capacity exceeded,0.29,2.0064,,,,18.0,66.0
1790783250.306849,0,hit wall,0.38,1.2741,0.33999999999999275,0.9491365290308094,2.052760121513146,18.0,66.0
1790783250.342098,0,grip capacity exceeded,0.738,2.6642,,,,18.0,66.0
1790783250.3551183,0,slipped off A,0.182,1.5358,,,,18.0,66.0
1790783250.3709795,0,missed B,0.694,1.1583,0.19999999999999574,0.9413587512530318,1.2988145125997101,18.0,66.0
1790783250.3898346,0,slipped off A,0.49,1.1343,,,,18.0,66.0
1790783250.4013617,0,grip capacity exceeded,0.098,2.11,,,,18.0,66.0
1790783250.401419,0,grip capacity exceeded,0.418,2.0974,,,,18.0,66.0
1790783250.4307203,0,grip capacity exceeded,0.25,2.1403,,,,18.0,66.0
1790783250.479178,0,hit wall,0.19,0.9073,0.1599999999999966,0.9391365290308096,2.0626229356087404,18.0,66.0
1790783250.5402415,0,grip capacity exceeded,0.274,2.2769,,,,18.0,66.0
1790783250.5655951,0,hit wall,0.682,1.2968,0.5799999999999876,0.9624698623641424,1.9182884635299084,18.0,66.0
1790783250.5820477,0,grip capacity exceeded,0.8,2.9655,,,,18.0,66.0
1790783250.590565,0,hit wall,0.482,1.427,0.4399999999999906,0.9546920845863648,2.0475818549090046,18.0,66.0
1790783250.63097,0,slipped off A,0.742,1.7719,,,,18.0,66.0
1790783250.6470218,0,hit wall,0.93,1.6376,0.8799999999999812,0.9791365290308087,2.024601104034227,18.0,66.0
1790783250.7135687,0,slipped off A,0.89,1.0823,,,,18.0,66.0
1790783250.722288,0,slipped off A,0.25,1.036,,,,18.0,66.0
1790783250.7378457,0,missed B,0.554,0.831,0.0799999999999983,0.9346920845863652,1.2222297429017877,18.0,66.0
1790783250.7463014,0,grip capacity exceeded,0.07,2.5187,,,,18.0,66.0
1790783250.763182,0,hit wall,0.312,1.3995,0.27999999999999403,0.9458031956974762,2.0561004966259127,18.0,66.0
1790783250.767426,0,grip capacity exceeded,0.52,2.1243,,,,18.0,66.0
1790783250.83988,0,grip capacity exceeded,0.656,2.1298,,,,18.0,66.0
1790783250.8401139,0,slipped off A,0.178,1.7578,,,,18.0,66.0
1790783250.8412476,0,missed B,0.738,0.8868,0.33999999999999275,0.9491365290308094,1.5528455967675079,18.0,66.0
1790783250.8483346,0,grip capacity exceeded,0.176,2.0943,,,,18.0,66.0
1790783250.8675656,0,slipped off A,0.354,1.4021,,,,18.0,66.0
1790783250.8683224,0,slipped off A,0.304,1.7027,,,,18.0,66.0
1790783250.8733664,0,grip capacity exceeded,0.1,2.3037,,,,18.0,66.0
1790783250.8813038,0,missed B,1.062,1.5384,0.5399999999999885,0.9602476401419202,1.1099674588739648,18.0,66.0
1790783250.9037147,0,slipped off A,0.166,1.2644,,,,18.0,66.0
1790783250.9278917,0,slipped off A,0.23,1.824,,,,18.0,66.0
1790783250.9506073,0,hit wall,0.276,0.9812,0.17999999999999616,0.9402476401419206,1.9668275529830077,18.0,66.0
1790783250.973255,0,grip capacity exceeded,0.272,2.4188,,,,18.0,66.0
1790783250.9741912,0,grip capacity exceeded,0.164,2.0169,,,,18.0,66.0
1790783251.009692,0,grip capacity exceeded,0.696,2.1577,,,,18.0,66.0
1790783251.0188324,0,grip capacity exceeded,0.124,2.407,,,,18.0,66.0
1790783251.0236142,0,slipped off A,0.43,1.3104,,,,18.0,66.0
1790783251.0752528,0,missed B,0.544,0.7847,0.05999999999999872,0.9335809734752541,1.3259626373096831,18.0,66.0
1790783251.1065416,0,grip capacity exceeded,0.458,2.0773,,,,18.0,66.0
1790783251.1358879,0,grip capacity exceeded,0.476,2.2614,,,,18.0,66.0
1790783251.1490045,0,hit wall,0.634,1.6386,0.5999999999999872,0.9635809734752535,2.039375140477392,18.0,66.0
1790783251.168785,0,grip capacity exceeded,0.272,2.1123,,,,18.0,66.0
1790783251.2484043,0,grip capacity exceeded,0.63,2.0609,,,,18.0,66.0
1790783251.2523792,0,slipped off A,0.29,1.2062,,,,18.0,66.0
1790783251.2577507,0,slipped off A,0.33,1.5175,,,,18.0,66.0
1790783251.26677,0,hit wall,1.062,1.8004,0.8999999999999808,0.9802476401419198,1.8801713705246128,18.0,66.0
1790783251.2903998,0,missed B,0.758,1.2564,0.2999999999999936,0.9469143068085872,1.5169623914267023,18.0,66.0
1790783251.3648825,0,grip capacity exceeded,0.258,2.0366,,,,18.0,66.0
1790783251.370806,0,grip capacity exceeded,0.216,3.2631,,,,18.0,66.0
1790783251.3869722,0,missed B,0.572,1.1132,0.17999999999999616,0.9402476401419206,1.1102176115810312,18.0,66.0
1790783251.39107,0,grip capacity exceeded,0.348,2.6965,,,,18.0,66.0
1790783251.4333143,0,hit wall,0.442,1.0583,0.33999999999999275,0.9491365290308094,1.9753809113070067,18.0,66.0
1790783251.4442902,0,hit wall,0.486,0.9021,0.3799999999999919,0.9513587512530316,1.9315768175373227,18.0,66.0
1790783251.4685435,0,slipped off A,0.25,1.5604,,,,18.0,66.0
1790783251.488898,0,missed B,1.262,1.2273,0.7599999999999838,0.9724698623641422,1.1399527128099698,18.0,66.0
1790783251.5442352,0,missed B,1.136,0.8728,0.6399999999999864,0.9658031956974757,1.155556622895526,18.0,66.0
1790783251.566063,0,missed B,0.426,1.0477,0.0799999999999983,0.9346920845863652,1.2913733955076232,18.0,66.0
1790783251.5905416,0,grip capacity exceeded,0.492,2.5174,,,,18.0,66.0
1790783251.5981479,0,grip capacity exceeded,0.42,2.0174,,,,18.0,66.0
1790783251.6162324,0,slipped off A,0.398,1.8357,,,,18.0,66.0
1790783251.6468663,0,missed B,0.528,0.7767,0.13999999999999702,0.9380254179196985,1.2307210687836856,18.0,66.0
1790783251.655074,0,slipped off A,0.454,1.5388,,,,18.0,66.0
1790783251.7334137,0,hit wall,0.974,1.7491,,,,18.0,66.0
1790783251.7402978,0,grip capacity exceeded,0.408,2.0982,,,,18.0,66.0
1790783251.7472212,0,grip capacity exceeded,0.53,2.3865,,,,18.0,66.0
1790783251.76379,0,grip capacity exceeded,0.422,2.2296,,,,18.0,66.0
1790783251.7702208,0,grip capacity exceeded,0.536,2.0061,,,,18.0,66.0
1790783251.771512,0,slipped off A,0.348,1.6348,,,,18.0,66.0
1790783251.7819042,0,slipped off A,0.15,1.0393,,,,18.0,66.0
1790783251.809945,0,slipped off A,0.11,1.2048,,,,18.0,66.0
1790783251.8165486,0,hit wall,0.232,1.0236,0.17999999999999616,0.9402476401419206,2.061249743864089,18.0,66.0
1790783251.8230062,0,slipped off A,0.118,1.5504,,,,18.0,66.0
1790783251.8285012,0,hit wall,0.852,1.7592,,,,18.0,66.0
1790783251.8929508,0,missed B,0.736,0.9332,0.3599999999999923,0.9502476401419204,1.077620295423336,18.0,66.0
1790783251.9045222,0,slipped off A,0.23,1.4793,,,,18.0,66.0
1790783251.9158075,0,slipped off A,0.444,0.8623,,,,18.0,66.0
1790783251.9332526,0,hit wall,0.326,1.8671,0.25999999999999446,0.944692084586365,2.02834185496072,18.0,66.0
1790783251.943526,0,grip capacity exceeded,0.576,2.4241,,,,18.0,66.0
1790783251.9756045,0,grip capacity exceeded,0.464,2.8086,,,,18.0,66.0
1790783251.9996786,0,grip capacity exceeded,0.162,2.0437,,,,18.0,66.0
1790783252.0055337,0,grip capacity exceeded,0.516,2.2192,,,,18.0,66.0
1790783252.0367916,0,slipped off A,0.19,1.1777,,,,18.0,66.0
1790783252.0797417,0,slipped off A,0.43,0.953,,,,18.0,66.0
1790783252.0805647,0,grip capacity exceeded,0.21,2.394,,,,18.0,66.0
1790783252.104505,0,slipped off A,0.61,1.5685,,,,18.0,66.0
1790783252.104483,0,grip capacity exceeded,0.566,2.3604,,,,18.0,66.0
1790783252.1381361,0,missed B,1.062,0.9524,0.5599999999999881,0.9613587512530314,1.211395953886498,18.0,66.0
1790783252.1569662,0,grip capacity exceeded,0.218,2.106,,,,18.0,66.0
1790783252.1676443,0,grip capacity exceeded,0.234,2.0209,,,,18.0,66.0
1790783252.1744952,0,missed B,0.484,0.8596,0.11999999999999744,0.9369143068085874,1.2381341664268812,18.0,66.0
1790783252.1801581,0,grip capacity exceeded,0.752,2.0692,,,,18.0,66.0
1790783252.2093227,0,grip capacity exceeded,0.068,2.1602,,,,18.0,66.0
1790783252.2162998,0,grip capacity exceeded,0.486,2.6171,,,,18.0,66.0
1790783252.2378867,0,grip capacity exceeded,0.384,2.5233,,,,18.0,66.0
1790783252.2439063,0,grip capacity exceeded,0.302,2.3971,,,,18.0,66.0
1790783252.2524645,0,grip capacity exceeded,0.28,2.3536,,,,18.0,66.0
1790783252.265607,0,grip capacity exceeded,0.054,2.2248,,,,18.0,66.0
1790783252.2827156,0,grip capacity exceeded,0.318,2.4376,,,,18.0,66.0
1790783252.3145883,0,hit wall,0.608,1.7967,0.5599999999999881,0.9613587512530314,2.0408808047387317,18.0,66.0
1790783252.3291779,0,grip capacity exceeded,0.344,2.6312,,,,18.0,66.0
1790783252.366833,0,slipped off A,0.248,1.5872,,,,18.0,66.0
1790783252.3728118,0,slipped off A,0.13,1.3271,,,,18.0,66.0
1790783252.3830087,0,grip capacity exceeded,0.344,2.2518,,,,18.0,66.0
1790783252.4131062,0,missed B,0.59,1.1158,0.11999999999999744,0.9369143068085874,1.292618066055917,18.0,66.0
1790783252.4249647,0,slipped off A,0.15,1.4821,,,,18.0,66.0
1790783252.4477947,0,hit wall,0.832,1.6215,,,,18.0,66.0
1790783252.4525301,0,slipped off A,0.19,1.2167,,,,18.0,66.0
1790783252.4590316,0,slipped off A,0.614,1.6211,,,,18.0,66.0
1790783252.489761,0,missed B,0.524,0.8195,0.17999999999999616,0.9402476401419206,1.1854596234070354,18.0,66.0
1790783252.4960454,0,missed B,0.77,1.2823,0.33999999999999275,0.9491365290308094,1.3225028781153982,18.0,66.0
1790783252.523264,0,grip capacity exceeded,0.356,2.3586,,,,18.0,66.0
1790783252.535069,0,slipped off A,0.53,1.1862,,,,18.0,66.0
1790783252.567022,0,slipped off A,0.396,1.5989,,,,18.0,66.0
1790783252.57377,0,slipped off A,0.15,1.5767,,,,18.0,66.0
1790783252.6095119,0,hit wall,0.362,1.1182,0.25999999999999446,0.944692084586365,1.9919835219914765,18.0,66.0
1790783252.6257014,0,slipped off A,0.29,1.3924,,,,18.0,66.0
1790783252.6402926,0,slipped off A,0.23,1.1255,,,,18.0,66.0
1790783252.654277,0,slipped off A,0.25,1.7746,,,,18.0,66.0
1790783252.6628764,0,missed B,0.558,0.9467,0.13999999999999702,0.9380254179196985,1.3053545453534225,18.0,66.0
1790783252.733211,0,hit wall,0.248,1.5651,0.1599999999999966,0.9391365290308096,2.0225652611795772,18.0,66.0
1790783252.7474017,0,hit wall,0.886,1.0306,0.7599999999999838,0.9724698623641422,1.9746905447024106,18.0,66.0
1790783252.7641296,0,grip capacity exceeded,0.436,2.18,,,,18.0,66.0
1790783252.7713938,0,missed B,0.964,1.4896,0.5599999999999881,0.9613587512530314,1.4362892118165542,18.0,66.0
1790783252.773228,0,hit wall,0.312,0.7802,0.17999999999999616,0.9402476401419206,1.8756952250336623,18.0,66.0
1790783252.8151262,0,missed B,1.164,1.9221,0.7799999999999834,0.9735809734752533,1.4886721195007466,18.0,66.0
1790783252.830925,0,slipped off A,0.23,1.4766,,,,18.0,66.0
1790783252.8459296,0,grip capacity exceeded,0.536,2.0835,,,,18.0,66.0
1790783252.8645992,0,grip capacity exceeded,0.294,2.9475,,,,18.0,66.0
1790783252.912273,0,slipped off A,0.198,1.3866,,,,18.0,66.0
1790783252.9182055,0,slipped off A,0.47,1.254,,,,18.0,66.0
1790783252.9269855,0,missed B,0.574,0.6152,0.09999999999999787,0.9358031956974764,1.253826256912885,18.0,66.0
1790783252.93302,0,hit wall,0.37,1.122,0.2999999999999936,0.9469143068085872,2.0172747826432045,18.0,66.0
1790783252.9405026,0,hit wall,0.206,1.1445,0.13999999999999702,0.9380254179196985,2.0302603213367205,18.0,66.0
1790783252.952317,0,grip capacity exceeded,0.376,2.4812,,,,18.0,66.0
1790783252.9535367,0,slipped off A,0.95,1.9162,,,,18.0,66.0
1790783253.025076,0,slipped off A,0.276,1.5632,,,,18.0,66.0
1790783253.032562,0,missed B,0.77,1.2579,0.2199999999999953,0.9424698623641429,1.4197942613997832,18.0,66.0
1790783253.0448792,0,grip capacity exceeded,0.222,2.0224,,,,18.0,66.0
1790783253.9536297,0,grip capacity exceeded,0.406,2.6758,,,,18.0,66.0
1790783253.9539263,0,hit wall,0.112,1.4,0.05999999999999872,0.9335809734752541,2.0643558605093495,18.0,66.0
1790783253.954102,0,grip capacity exceeded,0.078,2.0774,,,,18.0,66.0
1790783253.964215,0,hit wall,0.032,0.498,0.0,0.9302476401419209,2.0715165915270366,18.0,66.0
1790783253.9731374,0,grip capacity exceeded,0.518,2.0743,,,,18.0,66.0
1790783253.9833083,0,grip capacity exceeded,0.484,2.3489,,,,18.0,66.0
1790783254.021165,0,grip capacity exceeded,0.206,2.643,,,,18.0,66.0
1790783254.0509832,0,slipped off A,0.282,1.3273,,,,18.0,66.0
1790783254.0635617,0,slipped off A,0.51,1.6005,,,,18.0,66.0
1790783254.0649683,0,slipped off A,0.41,1.0313,,,,18.0,66.0
1790783254.070204,0,grip capacity exceeded,0.166,2.1062,,,,18.0,66.0
1790783254.0858595,0,hit wall,0.484,1.7671,0.4399999999999906,0.9546920845863648,2.0354533011817084,18.0,66.0
1790783254.0918205,0,missed B,0.836,1.1004,0.33999999999999275,0.9491365290308094,1.256135665786377,18.0,66.0
1790783254.1090899,0,missed B,0.93,1.8364,0.3999999999999915,0.9524698623641427,1.2723080705100893,18.0,66.0
1790783254.1261926,0,grip capacity exceeded,0.218,2.2574,,,,18.0,66.0
1790783254.1306686,0,slipped off A,0.23,1.5741,,,,18.0,66.0
1790783254.1497126,0,slipped off A,0.356,1.8564,,,,18.0,66.0
1790783254.1556807,0,grip capacity exceeded,0.084,2.1337,,,,18.0,66.0
1790783254.1600173,0,slipped off A,0.244,1.6154,,,,18.0,66.0
1790783254.1758645,0,slipped off A,0.712,1.6321,,,,18.0,66.0
1790783254.1825361,0,hit wall,0.064,0.498,0.0,0.9302476401419209,2.051546017281197,18.0,66.0
1790783254.202995,0,grip capacity exceeded,0.482,2.3935,,,,18.0,66.0
1790783254.209619,0,hit wall,0.104,1.2231,0.05999999999999872,0.9335809734752541,2.067966663146413,18.0,66.0
1790783254.213771,0,slipped off A,0.39,1.4698,,,,18.0,66.0
1790783254.218615,0,grip capacity exceeded,0.132,2.403,,,,18.0,66.0
1790783254.2305017,0,slipped off A,0.27,1.4682,,,,18.0,66.0
1790783254.2354987,0,grip capacity exceeded,0.114,2.2767,,,,18.0,66.0
1790783254.2402716,0,grip capacity exceeded,0.576,2.3122,,,,18.0,66.0
1790783254.2972977,0,hit wall,0.232,0.9414,0.17999999999999616,0.9402476401419206,2.060008307803366,18.0,66.0
1790783254.307765,0,hit wall,0.388,1.4376,0.3599999999999923,0.9502476401419204,2.0519204103213102,18.0,66.0
1790783254.313456,0,grip capacity exceeded,0.312,2.0028,,,,18.0,66.0
1790783254.3177207,0,slipped off A,0.39,0.9641,,,,18.0,66.0
1790783254.3282592,0,slipped off A,0.446,1.8164,,,,18.0,66.0
1790783254.3300421,0,grip capacity exceeded,0.782,2.4284,,,,18.0,66.0
1790783254.3384442,0,grip capacity exceeded,0.076,2.0204,,,,18.0,66.0
1790783254.3790965,0,slipped off A,0.58,1.8478,,,,18.0,66.0
1790783254.3841481,0,grip capacity exceeded,0.158,2.061,,,,18.0,66.0
1790783254.3890166,0,grip capacity exceeded,0.22,2.3272,,,,18.0,66.0
1790783254.396668,0,slipped off A,0.312,0.9403,,,,18.0,66.0
1790783254.3969731,0,hit wall,0.924,1.6769,0.8799999999999812,0.9791365290308087,2.020235445317011,18.0,66.0
1790783254.402523,0,hit wall,0.376,0.996,0.2999999999999936,0.9469143068085872,2.017290011120407,18.0,66.0
1790783254.4179256,0,slipped off A,0.08,1.301,,,,18.0,66.0
1790783254.4466064,0,grip capacity exceeded,0.418,2.054,,,,18.0,66.0
1790783254.4723723,0,grip capacity exceeded,0.194,2.1537,,,,18.0,66.0
1790783254.4792547,0,missed B,0.584,1.4545,0.09999999999999787,0.9358031956974764,1.3828343066403306,18.0,66.0
1790783254.5696306,0,grip capacity exceeded,0.596,2.0966,,,,18.0,66.0
1790783254.5696712,0,grip capacity exceeded,0.526,2.1125,,,,18.0,66.0
1790783254.6078632,0,grip capacity exceeded,0.344,2.1067,,,,18.0,66.0
1790783254.6157968,0,missed B,0.724,1.0525,0.25999999999999446,0.944692084586365,1.368360430988953,18.0,66.0
1790783254.6226554,0,slipped off A,0.694,1.5311,,,,18.0,66.0
1790783254.6636572,0,hit wall,0.628,0.9493,0.5399999999999885,0.9602476401419202,1.9891173377757652,18.0,66.0
1790783254.6644356,0,slipped off A,0.258,1.7328,,,,18.0,66.0
1790783254.6691983,0,slipped off A,0.852,1.339,,,,18.0,66.0
1790783254.677634,0,grip capacity exceeded,0.288,2.214,,,,18.0,66.0
1790783254.7191858,0,grip capacity exceeded,0.12,2.1447,,,,18.0,66.0
1790783254.721799,0,grip capacity exceeded,0.144,2.1539,,,,18.0,66.0
1790783254.7789469,0,grip capacity exceeded,0.3,2.6983,,,,18.0,66.0
1790783254.7792397,0,grip capacity exceeded,0.316,2.4498,,,,18.0,66.0
1790783254.781566,0,grip capacity exceeded,0.146,2.1993,,,,18.0,66.0
1790783254.7876763,0,missed B,0.444,0.842,0.09999999999999787,0.9358031956974764,1.1677611318576382,18.0,66.0
1790783254.797059,0,grip capacity exceeded,0.504,2.35,,,,18.0,66.0
1790783254.828472,0,hit wall,0.968,1.6218,0.8999999999999808,0.9802476401419198,2.0244318178258944,18.0,66.0
1790783254.8643079,0,slipped off A,0.67,1.4762,,,,18.0,66.0
1790783254.90544,0,grip capacity exceeded,0.29,2.3704,,,,18.0,66.0
1790783254.9339616,0,grip capacity exceeded,0.398,2.3715,,,,18.0,66.0
1790783254.9473956,0,hit wall,0.318,1.5927,0.27999999999999403,0.9458031956974762,2.0559845057432877,18.0,66.0
1790783254.9477599,0,grip capacity exceeded,0.422,2.3987,,,,18.0,66.0
1790783254.9745057,0,slipped off A,0.11,1.407,,,,18.0,66.0
1790783254.9950943,0,grip capacity exceeded,0.55,2.4227,,,,18.0,66.0
1790783255.0248256,0,missed B,0.792,0.8205,0.3999999999999915,0.9524698623641427,1.299394107359581,18.0,66.0
1790783255.0261054,0,slipped off A,0.078,1.4088,,,,18.0,66.0
1790783255.0563376,0,missed B,0.668,1.9571,0.17999999999999616,0.9402476401419206,1.3301473928009506,18.0,66.0
1790783255.105393,0,slipped off A,0.43,1.1927,,,,18.0,66.0
1790783255.1128688,0,hit wall,0.166,0.7151,0.13999999999999702,0.9380254179196985,2.0637936375514045,18.0,66.0
1790783255.1252997,0,missed B,0.414,0.5284,0.05999999999999872,0.9335809734752541,1.2147741750198546,18.0,66.0
1790783255.1374948,0,grip capacity exceeded,0.756,2.208,,,,18.0,66.0
1790783255.1449518,0,slipped off A,0.35,1.2116,,,,18.0,66.0
1790783255.1630895,0,slipped off A,0.142,1.7225,,,,18.0,66.0
1790783255.2258146,0,grip capacity exceeded,0.172,2.5738,,,,18.0,66.0
1790783255.2424622,0,slipped off A,0.41,1.5942,,,,18.0,66.0
1790783255.2509644,0,hit wall,0.864,1.9244,,,,18.0,66.0
1790783255.2709568,0,missed B,0.734,1.1603,0.27999999999999403,0.9458031956974762,1.4848729756989794,18.0,66.0
1790783255.2750719,0,grip capacity exceeded,0.082,2.9912,,,,18.0,66.0
1790783255.30828,0,slipped off A,0.55,1.5365,,,,18.0,66.0
1790783255.3898408,0,missed B,0.708,1.6382,0.2999999999999936,0.9469143068085872,1.4565214408354832,18.0,66.0
1790783255.4152021,0,missed B,0.52,0.8545,0.19999999999999574,0.9413587512530318,1.440433649918914,18.0,66.0
1790783255.4320498,0,missed B,1.464,1.3235,1.0199999999999783,0.9869143068085864,1.3835112149908588,18.0,66.0
1790783255.445573,0,grip capacity exceeded,0.422,2.2769,,,,18.0,66.0
1790783255.4630113,0,slipped off A,0.548,1.5653,,,,18.0,66.0
1790783255.511424,0,slipped off A,0.236,1.5685,,,,18.0,66.0
1790783255.53353,0,hit wall,0.394,1.4247,0.3599999999999923,0.9502476401419204,2.051836228521864,18.0,66.0
1790783255.5470603,0,grip capacity exceeded,0.64,2.1831,,,,18.0,66.0
1790783255.5480773,0,hit wall,0.084,0.6269,0.03999999999999915,0.9324698623641431,2.06918115838598,18.0,66.0
1790783255.5664947,0,grip capacity exceeded,0.094,2.31,,,,18.0,66.0
1790783255.573727,0,slipped off A,0.334,1.2831,,,,18.0,66.0
1790783255.5961437,0,grip capacity exceeded,0.074,2.041,,,,18.0,66.0
1790783255.609707,0,grip capacity exceeded,0.174,2.1893,,,,18.0,66.0
1790783255.6198418,0,slipped off A,1.334,1.7614,,,,18.0,66.0
1790783255.6249676,0,missed B,0.518,0.9002,0.13999999999999702,0.9380254179196985,1.1249269333715335,18.0,66.0
1790783255.649122,0,grip capacity exceeded,0.108,2.5296,,,,18.0,66.0
1790783255.6511052,0,hit wall,0.626,1.8605,0.5399999999999885,0.9602476401419202,1.9592087167698626,18.0,66.0
1790783255.6562319,0,grip capacity exceeded,0.28,2.7859,,,,18.0,66.0
1790783255.7076168,0,grip capacity exceeded,0.334,2.4977,,,,18.0,66.0
1790783255.7157195,0,missed B,1.186,1.0735,0.6599999999999859,0.9669143068085868,1.5696900307446793,18.0,66.0
1790783255.7268333,0,hit wall,0.278,1.9814,0.19999999999999574,0.9413587512530318,2.037962526836587,18.0,66.0
1790783255.7370038,0,hit wall,0.208,1.0905,0.1599999999999966,0.9391365290308096,2.0625067697129813,18.0,66.0
1790783255.7720628,0,hit wall,0.294,0.9275,0.19999999999999574,0.9413587512530318,2.0122870261264554,18.0,66.0
1790783255.78406,0,grip capacity exceeded,0.19,2.2717,,,,18.0,66.0
1790783255.7999322,0,slipped off A,0.43,1.2254,,,,18.0,66.0
1790783255.8099365,0,hit wall,0.22,1.3078,0.19999999999999574,0.9413587512530318,2.0606935836819398,18.0,66.0
1790783255.8366487,0,slipped off A,0.09,1.5017,,,,18.0,66.0
1790783255.8610814,0,hit wall,0.604,1.1466,0.47999999999998977,0.956914306808587,1.8502970827797862,18.0,66.0
1790783255.8716018,0,grip capacity exceeded,0.586,2.2358,,,,18.0,66.0
1790783255.8722858,0,grip capacity exceeded,0.234,2.0405,,,,18.0,66.0
1790783255.8731167,0,hit wall,0.262,1.1789,0.23999999999999488,0.9435809734752539,2.058249815283112,18.0,66.0
1790783255.8791642,0,slipped off A,0.438,1.0651,,,,18.0,66.0
1790783255.9019809,0,grip capacity exceeded,0.138,2.1925,,,,18.0,66.0
1790783255.9083529,0,hit wall,0.284,0.9429,0.23999999999999488,0.9435809734752539,2.0581983894591076,18.0,66.0
1790783255.9129004,0,grip capacity exceeded,0.116,2.5825,,,,18.0,66.0
1790783255.928757,0,slipped off A,0.27,1.042,,,,18.0,66.0
1790783255.9955828,0,missed B,0.378,1.0408,0.019999999999999574,0.931358751253032,1.236451219579651,18.0,66.0
1790783256.002559,0,hit wall,0.79,1.3411,,,,18.0,66.0
1790783256.0716527,0,grip capacity exceeded,0.64,2.0151,,,,18.0,66.0
1790783256.072661,0,hit wall,0.512,0.9859,0.47999999999998977,0.956914306808587,2.0455598136785658,18.0,66.0
1790783256.1148562,0,missed B,0.756,1.416,0.3799999999999919,0.9513587512530316,1.1384663130941306,18.0,66.0
1790783256.1303084,0,slipped off A,0.39,1.3949,,,,18.0,66.0
1790783256.1626852,0,slipped off A,0.07,1.4329,,,,18.0,66.0
1790783256.1933815,0,missed B,0.586,1.1903,0.17999999999999616,0.9402476401419206,1.205489810879204,18.0,66.0
1790783256.2051787,0,slipped off A,0.13,1.4992,,,,18.0,66.0
1790783256.236439,0,grip capacity exceeded,0.372,3.3002,,,,18.0,66.0
1790783256.2597713,0,missed B,0.554,1.0334,0.1599999999999966,0.9391365290308096,1.1954888463087687,18.0,66.0
1790783256.2666628,0,slipped off A,1.086,1.8896,,,,18.0,66.0
1790783256.271602,0,grip capacity exceeded,0.24,2.1974,,,,18.0,66.0
1790783256.274549,0,grip capacity exceeded,0.592,2.0477,,,,18.0,66.0
1790783256.3309736,0,missed B,1.292,1.9067,0.8799999999999812,0.9791365290308087,1.1925279397792072,18.0,66.0
1790783256.3697479,0,grip capacity exceeded,0.366,2.5318,,,,18.0,66.0
1790783256.38245,0,grip capacity exceeded,0.302,2.3433,,,,18.0,66.0
1790783256.4235601,0,grip capacity exceeded,0.138,2.0586,,,,18.0,66.0
1790783256.447694,0,grip capacity exceeded,0.544,2.3184,,,,18.0,66.0
1790783256.4779704,0,slipped off A,0.35,1.4224,,,,18.0,66.0
1790783256.5074825,0,hit wall,0.694,1.7438,0.5799999999999876,0.9624698623641424,1.9094874342388262,18.0,66.0
1790783256.513115,0,grip capacity exceeded,1.77,2.1111,,,,18.0,66.0
1790783256.5148103,0,slipped off A,0.75,1.942,,,,18.0,66.0
1790783256.56193,0,grip capacity exceeded,0.174,2.7785,,,,18.0,66.0
1790783256.5627387,0,slipped off A,0.246,1.075,,,,18.0,66.0
1790783256.5649858,0,grip capacity exceeded,1.084,2.6391,,,,18.0,66.0
1790783256.6196225,0,hit wall,0.172,0.7962,0.0799999999999983,0.9346920845863652,1.9914661064293964,18.0,66.0
1790783256.6369798,0,hit wall,0.566,1.1465,0.5199999999999889,0.9591365290308091,2.0433225814040745,18.0,66.0
1790783256.6382375,0,hit wall,0.202,0.8221,0.11999999999999744,0.9369143068085874,2.011879259991825,18.0,66.0
1790783256.651504,0,slipped off A,0.43,1.7712,,,,18.0,66.0
1790783256.6528904,0,grip capacity exceeded,1.0,2.1741,,,,18.0,66.0
1790783256.6582658,0,hit wall,0.274,0.7737,0.23999999999999488,0.9435809734752539,2.0582476813936355,18.0,66.0
1790783256.6649685,0,hit wall,0.74,1.6156,0.6999999999999851,0.9691365290308089,2.0341528677288574,18.0,66.0
1790783256.6755989,0,hit wall,0.13,1.2666,0.05999999999999872,0.9335809734752541,2.0508785653615775,18.0,66.0
1790783256.70359,0,grip capacity exceeded,0.122,2.3412,,,,18.0,66.0
1790783256.7234206,0,slipped off A,0.214,1.2726,,,,18.0,66.0
1790783256.7546518,0,grip capacity exceeded,0.132,2.0928,,,,18.0,66.0
1790783256.7623913,0,grip capacity exceeded,0.266,2.2236,,,,18.0,66.0
1790783256.789166,0,hit wall,0.176,0.6524,0.05999999999999872,0.9335809734752541,1.9485583354989777,18.0,66.0
1790783256.7924542,0,missed B,0.434,0.7506,0.09999999999999787,0.9358031956974764,1.2193835689846446,18.0,66.0
1790783256.7998667,0,missed B,0.864,1.1255,0.33999999999999275,0.9491365290308094,1.1700433379684196,18.0,66.0
1790783256.8429394,0,hit wall,0.138,1.0939,0.09999999999999787,0.9358031956974764,2.065787725769468,18.0,66.0
1790783256.880739,0,grip capacity exceeded,0.59,2.0165,,,,18.0,66.0
1790783256.8864672,0,hit wall,0.716,1.2434,0.6799999999999855,0.9680254179196979,2.035178314456234,18.0,66.0
1790783256.8883018,0,grip capacity exceeded,0.264,2.1623,,,,18.0,66.0
1790783256.8963523,0,slipped off A,0.284,1.6339,,,,18.0,66.0
1790783256.911486,0,hit wall,0.736,1.6718,,,,18.0,66.0
1790783256.9189131,0,grip capacity exceeded,0.444,2.0049,,,,18.0,66.0
1790783256.9720395,0,grip capacity exceeded,0.258,2.22,,,,18.0,66.0
1790783256.9906297,0,slipped off A,0.296,1.1297,,,,18.0,66.0
1790783257.036542,0,grip capacity exceeded,0.57,2.3859,,,,18.0,66.0
1790783257.0378084,0,grip capacity exceeded,0.818,2.8199,,,,18.0,66.0
1790783257.0400112,0,slipped off A,0.39,0.8745,,,,18.0,66.0
1790783257.0712063,0,slipped off A,0.316,1.0911,,,,18.0,66.0
1790783257.0712497,0,grip capacity exceeded,0.258,2.788,,,,18.0,66.0
1790783257.0912094,0,grip capacity exceeded,0.148,2.3278,,,,18.0,66.0
1790783257.103667,0,grip capacity exceeded,0.096,2.609,,,,18.0,66.0
1790783257.1107683,0,missed B,0.662,1.097,0.1599999999999966,0.9391365290308096,1.241196835725199,18.0,66.0
1790783257.1122155,0,hit wall,0.204,0.9752,0.13999999999999702,0.9380254179196985,2.039200698068873,18.0,66.0
1790783257.141412,0,grip capacity exceeded,0.114,2.3974,,,,18.0,66.0
1790783257.1505606,0,hit wall,0.114,1.6654,0.0799999999999983,0.9346920845863652,2.066970872224475,18.0,66.0
1790783257.1819723,0,hit wall,0.104,0.5067,0.05999999999999872,0.9335809734752541,2.0679650020369675,18.0,66.0
1790783257.2139702,0,grip capacity exceeded,0.324,2.5533,,,,18.0,66.0
1790783257.2485542,0,slipped off A,0.486,1.1974,,,,18.0,66.0
1790783257.2517116,0,grip capacity exceeded,0.652,2.0275,,,,18.0,66.0
1790783257.2561738,0,grip capacity exceeded,0.328,2.3651,,,,18.0,66.0
1790783257.2802496,0,slipped off A,1.198,1.9676,,,,18.0,66.0
1790783257.2932515,0,grip capacity exceeded,0.694,2.2058,,,,18.0,66.0
1790783258.163956,0,hit wall,0.326,1.2945,0.25999999999999446,0.944692084586365,2.0187016380889555,18.0,66.0
1790783258.1752672,0,slipped off A,0.49,0.9473,,,,18.0,66.0
1790783258.1885927,0,hit wall,0.31,0.9755,0.27999999999999403,0.9458031956974762,2.056125515004802,18.0,66.0
1790783258.1886055,0,slipped off A,0.21,1.441,,,,18.0,66.0
1790783258.2556827,0,grip capacity exceeded,0.294,2.4264,,,,18.0,66.0
1790783258.25673,0,missed B,1.576,1.4527,1.1399999999999757,0.9935809734752529,1.0171969709198088,18.0,66.0
1790783258.263276,0,missed B,0.55,0.6476,0.05999999999999872,0.9335809734752541,1.2888899700831216,18.0,66.0
1790783258.33619,0,hit wall,0.294,1.5904,0.19999999999999574,0.9413587512530318,2.005383580522891,18.0,66.0
1790783258.3590488,0,slipped off A,0.094,1.4967,,,,18.0,66.0
1790783258.3648233,0,grip capacity exceeded,0.802,2.0969,,,,18.0,66.0
1790783258.3703902,0,slipped off A,0.66,1.3688,,,,18.0,66.0
1790783258.4527082,0,grip capacity exceeded,1.016,2.0472,,,,18.0,66.0
1790783258.4570642,0,hit wall,0.774,1.6511,,,,18.0,66.0
1790783258.4878242,0,grip capacity exceeded,0.128,2.1087,,,,18.0,66.0
1790783258.4927657,0,grip capacity exceeded,1.132,2.5848,,,,18.0,66.0
1790783258.4935195,0,hit wall,0.514,1.7722,0.4399999999999906,0.9546920845863648,2.0242581793356824,18.0,66.0
1790783258.5177162,0,missed B,1.53,1.4458,0.9799999999999791,0.9846920845863641,1.218879868723895,18.0,66.0
1790783258.532357,0,grip capacity exceeded,0.174,2.7539,,,,18.0,66.0
1790783258.570491,0,hit wall,0.798,1.3468,,,,18.0,66.0
1790783258.6007535,0,grip capacity exceeded,1.302,2.6775,,,,18.0,66.0
1790783258.6394353,0,slipped off A,0.13,1.0221,,,,18.0,66.0
1790783258.6630566,0,missed B,0.628,0.571,0.13999999999999702,0.9380254179196985,1.0897166264050027,18.0,66.0
1790783258.6673653,0,grip capacity exceeded,0.798,2.0024,,,,18.0,66.0
1790783258.6821811,0,grip capacity exceeded,0.074,2.0777,,,,18.0,66.0
1790783258.6843905,0,hit wall,0.416,0.6808,0.3799999999999919,0.9513587512530316,2.0506799373250546,18.0,66.0
1790783258.7002134,0,missed B,0.666,0.7578,0.27999999999999403,0.9458031956974762,1.0960580752130489,18.0,66.0
1790783258.704603,0,slipped off A,0.23,0.9281,,,,18.0,66.0
1790783258.752252,0,slipped off A,0.97,1.043,,,,18.0,66.0
1790783258.7624536,0,grip capacity exceeded,0.216,2.3242,,,,18.0,66.0
1790783258.7955287,0,grip capacity exceeded,0.156,2.1864,,,,18.0,66.0
1790783258.8060322,0,grip capacity exceeded,1.014,2.4311,,,,18.0,66.0
1790783258.8060632,0,slipped off A,0.39,1.6883,,,,18.0,66.0
1790783258.8193076,0,grip capacity exceeded,0.56,2.3373,,,,18.0,66.0
1790783258.8271499,0,slipped off A,1.716,1.5991,,,,18.0,66.0
1790783258.8796294,0,hit wall,0.68,1.4809,,,,18.0,66.0
1790783258.9129498,0,grip capacity exceeded,0.35,2.0034,,,,18.0,66.0
1790783258.9402666,0,grip capacity exceeded,0.162,2.3144,,,,18.0,66.0
1790783258.9464128,0,grip capacity exceeded,0.082,2.0778,,,,18.0,66.0
1790783258.9625056,0,missed B,0.906,1.4762,0.4399999999999906,0.9546920845863648,1.2980878247065204,18.0,66.0
1790783258.9926624,0,grip capacity exceeded,0.712,2.1899,,,,18.0,66.0
1790783259.0034776,0,missed B,0.6,1.6954,0.27999999999999403,0.9458031956974762,1.3339671882834545,18.0,66.0
1790783259.0079455,0,slipped off A,0.57,1.1243,,,,18.0,66.0
1790783259.0436907,0,slipped off A,0.73,1.4558,,,,18.0,66.0
1790783259.0556624,0,hit wall,0.688,1.7574,0.6399999999999864,0.9658031956974757,2.0370987154941873,18.0,66.0
1790783259.112986,0,grip capacity exceeded,0.528,2.1661,,,,18.0,66.0
1790783259.1434925,0,slipped off A,0.402,1.3208,,,,18.0,66.0
1790783259.1754467,0,hit wall,0.686,1.3995,0.6399999999999864,0.9658031956974757,2.037207590204909,18.0,66.0
1790783259.1946862,0,grip capacity exceeded,0.606,2.0937,,,,18.0,66.0
1790783259.211552,0,hit wall,0.098,0.498,0.0,0.9302476401419209,1.9707897942465271,18.0,66.0
1790783259.224235,0,slipped off A,0.21,1.1155,,,,18.0,66.0
1790783259.2261598,0,missed B,0.512,0.6197,0.03999999999999915,0.9324698623641431,1.2945878230040895,18.0,66.0
1790783259.2738667,0,missed B,0.918,0.8233,0.47999999999998977,0.956914306808587,1.124846948974462,18.0,66.0
1790783259.2875934,0,grip capacity exceeded,0.82,2.6949,,,,18.0,66.0
1790783259.2948973,0,hit wall,0.164,1.0437,0.13999999999999702,0.9380254179196985,2.063866732174791,18.0,66.0
1790783259.3336184,0,hit wall,0.776,1.5933,0.6999999999999851,0.9691365290308089,1.9701929278144856,18.0,66.0
1790783259.3410196,0,grip capacity exceeded,0.368,2.2185,,,,18.0,66.0
1790783259.3500278,0,missed B,0.64,1.1227,0.3199999999999932,0.9480254179196983,0.8808015827412309,18.0,66.0
1790783259.3664706,0,slipped off A,0.37,1.3912,,,,18.0,66.0
1790783259.3735986,0,hit wall,0.276,1.322,0.2199999999999953,0.9424698623641429,2.0447900876472036,18.0,66.0
1790783259.4082623,0,hit wall,0.34,0.677,0.17999999999999616,0.9402476401419206,1.6816062482025114,18.0,66.0
1790783259.458354,0,grip capacity exceeded,0.208,2.2888,,,,18.0,66.0
1790783259.4626837,0,slipped off A,0.672,1.3442,,,,18.0,66.0
1790783259.482029,0,grip capacity exceeded,0.304,2.3596,,,,18.0,66.0
1790783259.4829307,0,grip capacity exceeded,0.372,2.0482,,,,18.0,66.0
1790783259.5454981,0,slipped off A,0.19,0.847,,,,18.0,66.0
1790783259.5481467,0,slipped off A,0.61,1.6548,,,,18.0,66.0
1790783259.5631073,0,missed B,0.748,1.8992,0.33999999999999275,0.9491365290308094,1.2835090221341348,18.0,66.0
1790783259.5825653,0,grip capacity exceeded,0.346,2.0095,,,,18.0,66.0
1790783259.6184058,0,grip capacity exceeded,0.168,2.9427,,,,18.0,66.0
1790783259.624561,0,slipped off A,0.23,0.8834,,,,18.0,66.0
1790783259.665891,0,slipped off A,0.554,1.3963,,,,18.0,66.0
1790783259.7720258,0,grip capacity exceeded,0.504,2.063,,,,18.0,66.0
1790783259.7977293,0,missed B,0.956,1.6563,0.49999999999998934,0.9580254179196981,1.5296429448071838,18.0,66.0
1790783259.8037453,0,slipped off A,1.088,1.511,,,,18.0,66.0
1790783259.8206058,0,grip capacity exceeded,0.368,2.0455,,,,18.0,66.0
1790783259.821403,0,missed B,1.326,1.8194,0.8399999999999821,0.9769143068085866,1.2263955966291116,18.0,66.0
1790783259.8814921,0,grip capacity exceeded,0.158,2.2703,,,,18.0,66.0
1790783259.906855,0,missed B,0.954,1.3902,0.49999999999998934,0.9580254179196981,1.0995915086612624,18.0,66.0
1790783259.9075854,0,grip capacity exceeded,0.334,2.0438,,,,18.0,66.0
1790783259.966387,0,grip capacity exceeded,0.458,2.1595,,,,18.0,66.0
1790783260.0036879,0,slipped off A,0.27,1.0995,,,,18.0,66.0
1790783260.0154836,0,hit wall,0.562,1.818,0.5199999999999889,0.9591365290308091,2.0434622919667698,18.0,66.0
1790783260.0242062,0,grip capacity exceeded,1.066,2.0317,,,,18.0,66.0
1790783260.0822318,0,grip capacity exceeded,0.544,2.2783,,,,18.0,66.0
1790783260.0889134,0,missed B,0.512,0.7173,0.1599999999999966,0.9391365290308096,1.4704364504349463,18.0,66.0
1790783260.16335,0,hit wall,0.426,1.9074,,,,18.0,66.0
1790783260.2141948,0,slipped off A,0.53,1.6447,,,,18.0,66.0
1790783260.2236621,0,missed B,1.586,1.431,1.1799999999999748,0.9958031956974751,1.042303422158158,18.0,66.0
1790783260.2303965,0,hit wall,1.116,1.5961,,,,18.0,66.0
1790783260.2471702,0,slipped off A,0.07,1.4,,,,18.0,66.0
1790783260.250981,0,grip capacity exceeded,0.742,2.1311,,,,18.0,66.0
1790783260.2888002,0,grip capacity exceeded,0.16,2.1494,,,,18.0,66.0
1790783260.3310597,0,missed B,0.632,1.2737,0.19999999999999574,0.9413587512530318,1.2986875581196535,18.0,66.0
1790783260.3312044,0,hit wall,0.184,0.5952,0.09999999999999787,0.9358031956974764,1.9909445566234694,18.0,66.0
1790783260.3391461,0,grip capacity exceeded,0.116,2.0493,,,,18.0,66.0
1790783260.4147046,0,missed B,0.428,1.1028,0.09999999999999787,0.9358031956974764,1.4167927531173645,18.0,66.0
1790783260.426627,0,slipped off A,0.658,1.1085,,,,18.0,66.0
1790783260.4288218,0,missed B,0.858,1.1497,0.5199999999999889,0.9591365290308091,1.4164045187152785,18.0,66.0
1790783260.4483783,0,hit wall,0.28,0.7272,0.17999999999999616,0.9402476401419206,1.9506243172405695,18.0,66.0
1790783260.4818337,0,missed B,0.584,0.8015,0.17999999999999616,0.9402476401419206,1.2045960682140142,18.0,66.0
1790783260.4886203,0,missed B,1.202,1.4508,0.7399999999999842,0.9713587512530312,1.1668716605403537,18.0,66.0
1790783260.5122898,0,slipped off A,0.19,1.2984,,,,18.0,66.0
1790783260.5449996,0,grip capacity exceeded,0.604,2.1107,,,,18.0,66.0
1790783260.5531027,0,missed B,0.384,0.5585,0.03999999999999915,0.9324698623641431,1.276795026005051,18.0,66.0
1790783260.574309,0,grip capacity exceeded,0.068,2.4757,,,,18.0,66.0
1790783260.5936744,0,hit wall,0.56,1.2703,0.5199999999999889,0.9591365290308091,2.0433860538321147,18.0,66.0
1790783260.6170037,0,slipped off A,0.408,1.2089,,,,18.0,66.0
1790783260.6435647,0,slipped off A,0.19,1.3889,,,,18.0,66.0
1790783260.705022,0,grip capacity exceeded,0.16,2.4226,,,,18.0,66.0
1790783260.7108514,0,grip capacity exceeded,0.302,2.5271,,,,18.0,66.0
1790783260.7263045,0,missed B,0.704,1.9184,0.2199999999999953,0.9424698623641429,1.105082006315349,18.0,66.0
1790783260.736811,0,grip capacity exceeded,1.122,2.1925,,,,18.0,66.0
1790783260.7478733,0,missed B,0.66,0.6609,0.13999999999999702,0.9380254179196985,1.307854820995239,18.0,66.0
1790783260.8040912,0,missed B,1.062,1.1999,0.6199999999999868,0.9646920845863646,1.0360890783984165,18.0,66.0
1790783260.8208072,0,slipped off A,0.31,0.8526,,,,18.0,66.0
1790783260.8347566,0,hit wall,0.78,1.9312,,,,18.0,66.0
1790783260.8670256,0,grip capacity exceeded,0.664,3.0402,,,,18.0,66.0
1790783260.8923597,0,grip capacity exceeded,0.44,2.2277,,,,18.0,66.0
1790783260.8937106,0,grip capacity exceeded,0.216,2.0303,,,,18.0,66.0
1790783260.896502,0,slipped off A,0.27,1.6672,,,,18.0,66.0
1790783260.9243464,0,grip capacity exceeded,0.542,2.5097,,,,18.0,66.0
1790783260.9328678,0,hit wall,0.542,0.9485,0.41999999999999105,0.9535809734752537,1.9122504672216416,18.0,66.0
1790783260.9373057,0,slipped off A,0.11,1.4001,,,,18.0,66.0
1790783260.9940772,0,missed B,0.786,1.3873,0.25999999999999446,0.944692084586365,1.2347441802329218,18.0,66.0
1790783261.066842,0,missed B,0.548,0.5684,0.09999999999999787,0.9358031956974764,1.3596504458289704,18.0,66.0
1790783261.087862,0,slipped off A,0.718,1.3713,,,,18.0,66.0
1790783261.0950305,0,grip capacity exceeded,0.438,2.343,,,,18.0,66.0
1790783261.107677,0,grip capacity exceeded,0.594,2.0682,,,,18.0,66.0
1790783261.1396532,0,hit wall,0.67,1.5319,0.5999999999999872,0.9635809734752535,2.034387800531243,18.0,66.0
1790783261.164123,0,hit wall,0.662,1.9699,0.5599999999999881,0.9613587512530314,1.9465774687958686,18.0,66.0
1790783261.182483,0,slipped off A,0.522,1.4165,,,,18.0,66.0
1790783261.1997137,0,hit wall,0.294,0.7987,0.25999999999999446,0.944692084586365,2.057140129740887,18.0,66.0
1790783261.2518237,0,slipped off A,0.91,1.7975,,,,18.0,66.0
1790783261.278165,0,hit wall,0.544,1.0423,0.4399999999999906,0.9546920845863648,1.9142706185837977,18.0,66.0
1790783261.2843637,0,grip capacity exceeded,0.25,2.1051,,,,18.0,66.0
1790783261.2858076,0,hit wall,0.35,0.8951,0.25999999999999446,0.944692084586365,2.0000876851380185,18.0,66.0
1790783261.30494,0,grip capacity exceeded,0.698,2.0826,,,,18.0,66.0
1790783261.3174615,0,slipped off A,0.396,1.198,,,,18.0,66.0
1790783261.3552577,0,slipped off A,0.17,1.8841,,,,18.0,66.0
1790783261.362785,0,grip capacity exceeded,0.682,3.2836,,,,18.0,66.0
1790783261.366969,0,slipped off A,0.79,1.9751,,,,18.0,66.0
1790783261.414362,0,hit wall,0.522,1.8899,0.47999999999998977,0.956914306808587,2.045412798046804,18.0,66.0
1790783261.4305198,0,grip capacity exceeded,0.394,2.0932,,,,18.0,66.0
1790783261.4309444,0,slipped off A,0.49,1.988,,,,18.0,66.0
1790783261.475724,0,slipped off A,0.622,1.5897,,,,18.0,66.0
1790783261.4940343,0,hit wall,0.402,1.2823,,,,18.0,66.0
1790783261.5278864,0,missed B,0.524,1.0763,0.05999999999999872,0.9335809734752541,1.1890224294026934,18.0,66.0
1790783262.5183349,0,slipped off A,0.37,1.2078,,,,18.0,66.0
1790783262.5426574,0,grip capacity exceeded,0.396,2.1965,,,,18.0,66.0
1790783262.5797627,0,slipped off A,0.366,1.3956,,,,18.0,66.0
1790783262.5929034,0,grip capacity exceeded,0.364,2.429,,,,18.0,66.0
1790783262.616859,0,missed B,0.85,0.9641,0.33999999999999275,0.9491365290308094,1.0992271457785707,18.0,66.0
1790783262.6241164,0,hit wall,0.37,1.673,0.2999999999999936,0.9469143068085872,2.016446086507444,18.0,66.0
1790783262.6425657,0,grip capacity exceeded,0.384,2.2782,,,,18.0,66.0
1790783262.6493888,0,hit wall,0.332,1.1421,0.25999999999999446,0.944692084586365,2.052414120688319,18.0,66.0
1790783262.682987,0,slipped off A,0.11,1.3979,,,,18.0,66.0
1790783262.7127428,0,hit wall,0.402,1.2778,0.33999999999999275,0.9491365290308094,2.051431097508446,18.0,66.0
1790783262.7220128,0,grip capacity exceeded,0.228,2.0808,,,,18.0,66.0
1790783262.7229643,0,missed B,0.946,1.4054,0.41999999999999105,0.9535809734752537,1.099278784213124,18.0,66.0
1790783262.7236888,0,missed B,1.466,1.3942,0.9799999999999791,0.9846920845863641,1.0505845806190615,18.0,66.0
1790783262.755628,0,hit wall,0.118,0.5661,0.03999999999999915,0.9324698623641431,2.051715321038144,18.0,66.0
1790783262.767236,0,missed B,0.556,1.3338,0.13999999999999702,0.9380254179196985,1.2662487311022264,18.0,66.0
1790783262.7739742,0,missed B,0.486,0.6564,0.03999999999999915,0.9324698623641431,1.2219451979157747,18.0,66.0
1790783262.7784758,0,grip capacity exceeded,0.298,2.0828,,,,18.0,66.0
1790783262.8045452,0,slipped off A,0.29,1.1272,,,,18.0,66.0
1790783262.826493,0,grip capacity exceeded,0.376,2.4008,,,,18.0,66.0
1790783262.831868,0,grip capacity exceeded,0.182,2.1301,,,,18.0,66.0
1790783262.8335803,0,missed B,0.686,1.9657,0.3799999999999919,0.9513587512530316,1.4715579940453514,18.0,66.0
1790783262.8487322,0,grip capacity exceeded,0.476,2.3059,,,,18.0,66.0
1790783262.8662832,0,grip capacity exceeded,0.056,2.0321,,,,18.0,66.0
1790783262.8721418,0,slipped off A,0.376,1.3227,,,,18.0,66.0
1790783262.8731983,0,hit wall,0.402,1.9908,0.2999999999999936,0.9469143068085872,1.9459987237947842,18.0,66.0
1790783262.8986826,0,grip capacity exceeded,0.094,2.522,,,,18.0,66.0
1790783262.92423,0,grip capacity exceeded,0.192,2.3552,,,,18.0,66.0
1790783262.9528368,0,slipped off A,0.33,0.7766,,,,18.0,66.0
1790783262.963928,0,missed B,0.5,0.5244,0.0799999999999983,0.9346920845863652,1.274864393697779,18.0,66.0
1790783262.9940422,0,grip capacity exceeded,0.16,2.0999,,,,18.0,66.0
1790783262.9993892,0,missed B,0.844,0.8615,0.4599999999999902,0.955803195697476,1.405278863319244,18.0,66.0
1790783263.011895,0,grip capacity exceeded,0.434,3.0805,,,,18.0,66.0
1790783263.063711,0,grip capacity exceeded,0.206,2.2544,,,,18.0,66.0
1790783263.084936,0,grip capacity exceeded,0.23,2.0419,,,,18.0,66.0
1790783263.0900257,0,slipped off A,0.93,1.3056,,,,18.0,66.0
1790783263.1257353,0,slipped off A,0.41,1.2746,,,,18.0,66.0
1790783263.1499665,0,grip capacity exceeded,1.14,2.0093,,,,18.0,66.0
1790783263.150059,0,grip capacity exceeded,0.078,2.1665,,,,18.0,66.0
1790783263.1553931,0,missed B,0.632,0.7913,0.11999999999999744,0.9369143068085874,1.2405517278038636,18.0,66.0
1790783263.16304,0,missed B,0.806,1.9572,0.3599999999999923,0.9502476401419204,1.3736851373207442,18.0,66.0
1790783263.174804,0,slipped off A,0.248,1.796,,,,18.0,66.0
1790783263.1855826,0,grip capacity exceeded,0.098,2.5395,,,,18.0,66.0
1790783263.2131855,0,missed B,1.416,1.7903,0.9999999999999787,0.9858031956974753,1.1709271988337189,18.0,66.0
1790783263.2354581,0,slipped off A,0.19,1.5414,,,,18.0,66.0
1790783263.2861485,0,grip capacity exceeded,0.398,2.1145,,,,18.0,66.0
1790783263.3297539,0,grip capacity exceeded,0.574,2.1679,,,,18.0,66.0
1790783263.3539252,0,hit wall,0.348,1.1691,0.2999999999999936,0.9469143068085872,2.054826691749424,18.0,66.0
1790783263.3674242,0,hit wall,0.93,1.5822,,,,18.0,66.0
1790783263.4116235,0,grip capacity exceeded,0.832,2.2092,,,,18.0,66.0
1790783263.4480605,0,grip capacity exceeded,0.086,2.0385,,,,18.0,66.0
1790783263.4645135,0,missed B,1.166,1.6014,0.6999999999999851,0.9691365290308089,1.2408079690179874,18.0,66.0
1790783263.5073676,0,missed B,0.902,1.1232,0.41999999999999105,0.9535809734752537,1.463661481673849,18.0,66.0
1790783263.5184307,0,slipped off A,0.47,1.4132,,,,18.0,66.0
1790783263.560186,0,grip capacity exceeded,0.832,2.7336,,,,18.0,66.0
1790783263.59657,0,grip capacity exceeded,0.798,2.155,,,,18.0,66.0
1790783263.630185,0,slipped off A,0.352,1.0169,,,,18.0,66.0
1790783263.6615956,0,missed B,0.58,0.6314,0.1599999999999966,0.9391365290308096,1.4054634132015156,18.0,66.0
1790783263.6673944,0,grip capacity exceeded,1.444,2.2737,,,,18.0,66.0
1790783263.6885514,0,missed B,0.988,1.7923,0.5799999999999876,0.9624698623641424,1.2926741746610588,18.0,66.0
1790783263.713283,0,slipped off A,0.158,1.63,,,,18.0,66.0
1790783263.7182353,0,grip capacity exceeded,0.786,2.1213,,,,18.0,66.0
1790783263.7246985,0,grip capacity exceeded,0.106,2.2167,,,,18.0,66.0
1790783263.7863784,0,slipped off A,0.568,1.4434,,,,18.0,66.0
1790783263.7919495,0,grip capacity exceeded,0.236,2.0904,,,,18.0,66.0
1790783263.8335686,0,slipped off A,0.37,1.1903,,,,18.0,66.0
1790783263.8475542,0,slipped off A,0.642,1.8515,,,,18.0,66.0
1790783263.861832,0,hit wall,0.204,1.376,0.17999999999999616,0.9402476401419206,2.0616309057158495,18.0,66.0
1790783263.880477,0,grip capacity exceeded,0.654,2.0698,,,,18.0,66.0
1790783263.8877823,0,slipped off A,0.974,0.9824,,,,18.0,66.0
1790783263.8944612,0,hit wall,1.114,1.7534,,,,18.0,66.0
1790783263.944042,0,grip capacity exceeded,0.224,2.0274,,,,18.0,66.0
1790783263.9499707,0,hit wall,0.678,1.8551,,,,18.0,66.0
1790783263.9960344,0,slipped off A,0.592,1.9262,,,,18.0,66.0
1790783264.0775974,0,hit wall,0.53,1.9284,0.41999999999999105,0.9535809734752537,1.961413005277852,18.0,66.0
1790783264.116735,0,missed B,0.498,0.7644,0.09999999999999787,0.9358031956974764,1.2999750461733437,18.0,66.0
1790783264.1284316,0,grip capacity exceeded,0.73,2.0441,,,,18.0,66.0
1790783264.1346457,0,hit wall,0.886,1.409,,,,18.0,66.0
1790783264.167784,0,missed B,0.952,1.4218,0.47999999999998977,0.956914306808587,1.2706400955987962,18.0,66.0
1790783264.19735,0,hit wall,0.352,1.6364,0.2999999999999936,0.9469143068085872,2.048804046893302,18.0,66.0
1790783264.2608874,0,missed B,1.08,1.0135,0.6599999999999859,0.9669143068085868,1.3108927221271904,18.0,66.0
1790783264.2614865,0,grip capacity exceeded,0.92,2.6254,,,,18.0,66.0
1790783264.2686052,0,slipped off A,0.35,1.2131,,,,18.0,66.0
1790783264.2745123,0,slipped off A,0.192,1.548,,,,18.0,66.0
1790783264.317208,0,grip capacity exceeded,0.112,2.146,,,,18.0,66.0
1790783264.3435764,0,missed B,0.584,0.8165,0.19999999999999574,0.9413587512530318,1.4127972897740277,18.0,66.0
1790783264.350611,0,missed B,1.012,1.9935,0.5599999999999881,0.9613587512530314,1.5784630284739607,18.0,66.0
1790783264.3675275,0,missed B,0.698,1.2091,0.33999999999999275,0.9491365290308094,1.1975798730585159,18.0,66.0
1790783264.3696103,0,grip capacity exceeded,0.536,2.1341,,,,18.0,66.0
1790783264.3845475,0,grip capacity exceeded,0.312,2.3092,,,,18.0,66.0
1790783264.4070215,0,grip capacity exceeded,0.09,2.1229,,,,18.0,66.0
1790783264.464729,0,slipped off A,0.548,1.2528,,,,18.0,66.0
1790783264.493761,0,slipped off A,0.474,1.4,,,,18.0,66.0
1790783264.5058827,0,hit wall,0.278,1.2599,0.19999999999999574,0.9413587512530318,2.028655892790286,18.0,66.0
1790783264.5123737,0,slipped off A,0.39,1.4004,,,,18.0,66.0
1790783264.5607305,0,slipped off A,0.79,1.192,,,,18.0,66.0
1790783264.5666893,0,hit wall,0.556,1.8582,0.47999999999998977,0.956914306808587,1.9781156016153187,18.0,66.0
1790783264.5670838,0,grip capacity exceeded,0.102,2.655,,,,18.0,66.0
1790783264.6064105,0,grip capacity exceeded,0.116,2.1533,,,,18.0,66.0
1790783264.6217752,0,hit wall,0.63,1.2566,0.6199999999999868,0.9646920845863646,2.035423568848533,18.0,66.0
1790783264.6636996,0,grip capacity exceeded,0.54,2.1828,,,,18.0,66.0
1790783264.7159498,0,grip capacity exceeded,1.016,2.2957,,,,18.0,66.0
1790783264.7483404,0,missed B,0.53,0.9269,0.13999999999999702,0.9380254179196985,1.3802720112000766,18.0,66.0
1790783264.7984827,0,hit wall,0.8,1.1858,0.6599999999999859,0.9669143068085868,1.9166771346695302,18.0,66.0
1790783264.811146,0,missed B,0.696,0.718,0.19999999999999574,0.9413587512530318,1.3762453655818965,18.0,66.0
1790783264.8597217,0,hit wall,1.0,1.2175,0.9599999999999795,0.9835809734752531,2.021627817759097,18.0,66.0
1790783264.869539,0,grip capacity exceeded,0.334,2.1935,,,,18.0,66.0
1790783264.8846633,0,missed B,0.766,0.9176,0.4399999999999906,0.9546920845863648,1.0813841397578148,18.0,66.0
1790783264.9041758,0,slipped off A,0.67,1.9112,,,,18.0,66.0
1790783264.9441376,0,slipped off A,0.93,1.5597,,,,18.0,66.0
1790783264.979461,0,grip capacity exceeded,0.362,2.3581,,,,18.0,66.0
1790783264.9806378,0,hit wall,0.524,0.8433,0.4599999999999902,0.955803195697476,2.029874652116406,18.0,66.0
1790783265.000359,0,slipped off A,0.55,1.2026,,,,18.0,66.0
1790783265.0095856,0,missed B,0.378,0.5096,0.03999999999999915,0.9324698623641431,1.347813031139516,18.0,66.0
1790783265.022787,0,grip capacity exceeded,0.104,2.1299,,,,18.0,66.0
1790783265.0857737,0,missed B,1.042,1.1887,0.5999999999999872,0.9635809734752535,1.2379854791827094,18.0,66.0
1790783265.115717,0,missed B,0.478,0.6807,0.05999999999999872,0.9335809734752541,1.3460258477924425,18.0,66.0
1790783265.1394722,0,hit wall,0.672,1.6947,0.6399999999999864,0.9658031956974757,2.037277086960356,18.0,66.0
1790783265.1622572,0,grip capacity exceeded,0.406,2.2253,,,,18.0,66.0
1790783265.1687982,0,slipped off A,0.39,1.6607,,,,18.0,66.0
1790783265.2049587,0,grip capacity exceeded,0.968,2.1458,,,,18.0,66.0
1790783265.2240973,0,missed B,0.676,1.0407,0.1599999999999966,0.9391365290308096,1.3695435234703859,18.0,66.0
1790783265.248322,0,hit wall,0.29,1.2715,0.2199999999999953,0.9424698623641429,2.034472309796129,18.0,66.0
1790783265.2746305,0,hit wall,0.502,1.0801,0.4599999999999902,0.955803195697476,2.0464512521296547,18.0,66.0
1790783265.2820766,0,missed B,0.778,0.7798,0.2999999999999936,0.9469143068085872,1.4332037138005833,18.0,66.0
1790783265.2929542,0,slipped off A,0.19,1.4822,,,,18.0,66.0
1790783265.2928665,0,slipped off A,0.37,1.9371,,,,18.0,66.0
1790783265.3349082,0,missed B,0.614,1.2935,0.0799999999999983,0.9346920845863652,1.192966970188284,18.0,66.0
1790783265.3431509,0,hit wall,0.172,0.5009,0.019999999999999574,0.931358751253032,1.9212082600107556,18.0,66.0
1790783265.352404,0,hit wall,0.4,1.2421,0.33999999999999275,0.9491365290308094,2.0472107105340767,18.0,66.0
1790783265.367348,0,grip capacity exceeded,0.554,2.0815,,,,18.0,66.0
1790783265.4051957,0,hit wall,0.318,1.0878,0.27999999999999403,0.9458031956974762,2.0560035080912096,18.0,66.0
1790783265.4217489,0,slipped off A,0.44,1.1288,,,,18.0,66.0
1790783265.433556,0,grip capacity exceeded,0.222,2.2812,,,,18.0,66.0
1790783265.4401035,0,grip capacity exceeded,0.204,2.4058,,,,18.0,66.0
1790783265.458977,0,grip capacity exceeded,0.152,2.4811,,,,18.0,66.0
1790783265.47415,0,hit wall,0.09,0.9105,0.05999999999999872,0.9335809734752541,2.0681491109456367,18.0,66.0
1790783265.5140357,0,missed B,0.49,1.0957,0.09999999999999787,0.9358031956974764,1.4036525477601896,18.0,66.0
1790783265.591709,0,missed B,0.836,1.4031,0.3799999999999919,0.9513587512530316,1.5753564830864006,18.0,66.0
1790783265.6024358,0,hit wall,0.33,1.1371,0.17999999999999616,0.9402476401419206,1.788898954372949,18.0,66.0
1790783265.6167355,0,missed B,0.484,1.0454,0.1599999999999966,0.9391365290308096,1.299028971825461,18.0,66.0
1790783265.6582878,0,missed B,0.624,1.0265,0.27999999999999403,0.9458031956974762,1.2111713304368443,18.0,66.0
1790783265.661339,0,grip capacity exceeded,0.368,2.4602,,,,18.0,66.0
1790783265.6637828,0,hit wall,0.892,1.5474,0.8399999999999821,0.9769143068085866,2.0227949136051744,18.0,66.0
1790783265.735772,0,grip capacity exceeded,0.324,2.9368,,,,18.0,66.0
1790783265.7406127,0,hit wall,1.382,1.7216,,,,18.0,66.0
1790783265.747157,0,hit wall,0.408,1.0108,0.3799999999999919,0.9513587512530316,2.0508272520528257,18.0,66.0
1790783265.754341,0,missed B,0.802,1.1186,0.27999999999999403,0.9458031956974762,1.255277187455294,18.0,66.0
1790783265.797901,0,missed B,0.386,0.7931,0.05999999999999872,0.9335809734752541,1.388454287041637,18.0,66.0
1790783265.8180242,0,hit wall,0.162,0.7631,0.019999999999999574,0.931358751253032,1.9226935298446741,18.0,66.0
1790783265.837634,0,grip capacity exceeded,0.288,2.2775,,,,18.0,66.0
1790783265.8639257,0,slipped off A,0.582,1.4557,,,,18.0,66.0
1790783265.890443,0,hit wall,0.406,0.9838,0.3599999999999923,0.9502476401419204,2.0515850695627815,18.0,66.0
1790783265.8975434,0,missed B,0.856,1.3489,0.3799999999999919,0.9513587512530316,1.111571868557458,18.0,66.0
1790783265.8992815,0,grip capacity exceeded,0.418,2.261,,,,18.0,66.0
1790783265.9041688,0,grip capacity exceeded,0.694,2.6351,,,,18.0,66.0
1790783265.9371147,0,hit wall,0.122,1.0243,0.05999999999999872,0.9335809734752541,2.0443925473208,18.0,66.0
1790783266.8167253,0,grip capacity exceeded,0.34,2.508,,,,18.0,66.0
1790783266.8782833,0,hit wall,0.322,1.4803,0.27999999999999403,0.9458031956974762,2.0560173401844417,18.0,66.0
1790783266.890589,0,grip capacity exceeded,0.642,2.1329,,,,18.0,66.0
1790783266.8909268,0,grip capacity exceeded,0.248,2.2374,,,,18.0,66.0
1790783266.958665,0,hit wall,0.672,1.6665,0.5599999999999881,0.9613587512530314,2.0231901633134743,18.0,66.0
1790783266.9589682,0,grip capacity exceeded,0.208,2.1197,,,,18.0,66.0
1790783266.977757,0,missed B,0.854,1.076,0.3599999999999923,0.9502476401419204,1.2249118729747441,18.0,66.0
1790783267.0007904,0,grip capacity exceeded,0.116,2.0188,,,,18.0,66.0
1790783267.0276506,0,hit wall,0.606,1.0978,0.47999999999998977,0.956914306808587,1.8883699247809869,18.0,66.0
1790783267.0480092,0,missed B,0.88,1.2865,0.5399999999999885,0.9602476401419202,1.1376022589966275,18.0,66.0
1790783267.0660439,0,slipped off A,0.55,1.2238,,,,18.0,66.0
1790783267.0718892,0,slipped off A,0.61,1.3735,,,,18.0,66.0
1790783267.0839899,0,slipped off A,0.962,1.7746,,,,18.0,66.0
1790783267.1101065,0,grip capacity exceeded,0.08,2.153,,,,18.0,66.0
1790783267.1494155,0,hit wall,0.62,1.927,,,,18.0,66.0
1790783267.1659312,0,slipped off A,0.31,1.488,,,,18.0,66.0
1790783267.1793406,0,grip capacity exceeded,0.486,2.1209,,,,18.0,66.0
1790783267.2946417,0,missed B,1.004,1.0519,0.49999999999998934,0.9580254179196981,1.3560800136059283,18.0,66.0
1790783267.3060324,0,slipped off A,0.614,1.3458,,,,18.0,66.0
1790783267.323785,0,hit wall,1.028,1.5653,0.9999999999999787,0.9858031956974753,2.019890049180089,18.0,66.0
1790783267.358433,0,grip capacity exceeded,0.16,2.0946,,,,18.0,66.0
1790783267.3657787,0,hit wall,0.984,1.4639,,,,18.0,66.0
1790783267.3851335,0,grip capacity exceeded,0.976,2.6815,,,,18.0,66.0
1790783267.4122415,0,missed B,0.702,1.1963,0.2199999999999953,0.9424698623641429,1.1980620595951832,18.0,66.0
1790783267.431255,0,grip capacity exceeded,0.218,2.2257,,,,18.0,66.0
1790783267.439423,0,missed B,0.332,0.7656,0.019999999999999574,0.931358751253032,1.3349861743122662,18.0,66.0
1790783267.4497764,0,grip capacity exceeded,0.904,2.6374,,,,18.0,66.0
1790783267.4744437,0,missed B,0.95,1.1909,0.5799999999999876,0.9624698623641424,1.215382860367148,18.0,66.0
1790783267.554793,0,slipped off A,0.55,1.7274,,,,18.0,66.0
1790783267.555764,0,hit wall,0.384,0.8077,0.2999999999999936,0.9469143068085872,1.9729164952546108,18.0,66.0
1790783267.6053035,0,hit wall,0.144,0.7211,0.09999999999999787,0.9358031956974764,2.065693146023343,18.0,66.0
1790783267.615783,0,hit wall,1.032,1.8582,,,,18.0,66.0
1790783267.6344624,0,grip capacity exceeded,0.092,2.1354,,,,18.0,66.0
1790783267.643684,0,missed B,0.9,0.9459,0.41999999999999105,0.9535809734752537,1.589059377922123,18.0,66.0
1790783267.6923923,0,hit wall,0.916,1.9745,,,,18.0,66.0
1790783267.7202086,0,grip capacity exceeded,0.948,2.4771,,,,18.0,66.0
1790783267.748942,0,missed B,0.912,1.1155,0.4399999999999906,0.9546920845863648,1.1603657143198562,18.0,66.0
1790783267.763189,0,grip capacity exceeded,0.664,2.2643,,,,18.0,66.0
1790783267.8183544,0,grip capacity exceeded,0.582,2.4937,,,,18.0,66.0
1790783267.8494666,0,slipped off A,1.324,1.8525,,,,18.0,66.0
1790783267.8654172,0,grip capacity exceeded,0.478,2.3411,,,,18.0,66.0
1790783267.884165,0,slipped off A,0.382,1.8014,,,,18.0,66.0
1790783268.0354717,0,missed B,0.698,1.6986,0.19999999999999574,0.9413587512530318,1.524703451018734,18.0,66.0
1790783268.0354838,0,hit wall,1.28,1.8829,,,,18.0,66.0
1790783268.0434704,0,missed B,1.126,1.4755,0.6599999999999859,0.9669143068085868,1.1574135673188959,18.0,66.0
1790783268.0436254,0,hit wall,0.56,0.9807,0.4599999999999902,0.955803195697476,1.965381149765963,18.0,66.0
1790783268.0496519,0,missed B,1.386,1.3363,0.9599999999999795,0.9835809734752531,1.223814727153842,18.0,66.0
1790783268.071127,0,grip capacity exceeded,0.116,2.1253,,,,18.0,66.0
1790783268.0712366,0,grip capacity exceeded,0.084,2.4822,,,,18.0,66.0
1790783268.091501,0,grip capacity exceeded,0.064,2.2076,,,,18.0,66.0
1790783268.1196558,0,grip capacity exceeded,0.244,2.3565,,,,18.0,66.0
1790783268.1443791,0,hit wall,0.86,1.9059,,,,18.0,66.0
1790783268.172711,0,missed B,1.046,1.2745,0.7199999999999847,0.97024764014192,1.1258701280978214,18.0,66.0
1790783268.1846464,0,grip capacity exceeded,0.388,2.0263,,,,18.0,66.0
1790783268.2043967,0,slipped off A,1.49,1.6675,,,,18.0,66.0
1790783268.27801,0,hit wall,0.798,0.7305,0.7599999999999838,0.9724698623641422,2.031302910491698,18.0,66.0
1790783268.3072789,0,missed B,0.598,1.1988,0.17999999999999616,0.9402476401419206,1.260651772889865,18.0,66.0
1790783268.3251507,0,hit wall,0.56,0.9848,0.47999999999998977,0.956914306808587,2.033656278406276,18.0,66.0
1790783268.3310502,0,grip capacity exceeded,0.938,2.1255,,,,18.0,66.0
1790783268.3422716,0,grip capacity exceeded,0.79,2.0027,,,,18.0,66.0
1790783268.3607802,0,slipped off A,0.57,1.697,,,,18.0,66.0
1790783268.477793,0,missed B,0.802,1.7677,0.33999999999999275,0.9491365290308094,1.09301993874288,18.0,66.0
1790783268.558638,0,grip capacity exceeded,0.658,2.1986,,,,18.0,66.0
1790783268.584011,0,grip capacity exceeded,0.872,2.1663,,,,18.0,66.0
1790783268.6060474,0,grip capacity exceeded,0.06,2.533,,,,18.0,66.0
1790783268.6190305,0,grip capacity exceeded,0.142,2.001,,,,18.0,66.0
1790783268.6249728,0,hit wall,0.736,1.7214,,,,18.0,66.0
1790783268.6249988,0,hit wall,0.856,1.6913,,,,18.0,66.0
1790783268.6329315,0,missed B,0.806,1.1148,0.41999999999999105,0.9535809734752537,1.2698308833953607,18.0,66.0
1790783268.6478724,0,missed B,1.324,1.5115,0.9599999999999795,0.9835809734752531,1.4936534770626337,18.0,66.0
1790783268.696004,0,hit wall,0.2,0.6423,0.0799999999999983,0.9346920845863652,1.9321020141702234,18.0,66.0
1790783268.7049232,0,hit wall,0.598,1.1066,0.5399999999999885,0.9602476401419202,2.038765248807089,18.0,66.0
1790783268.7239091,0,missed B,1.154,1.3133,0.7599999999999838,0.9724698623641422,1.3684340577163319,18.0,66.0
1790783268.735914,0,hit wall,0.28,1.1565,0.23999999999999488,0.9435809734752539,2.058129829332345,18.0,66.0
1790783268.7384028,0,grip capacity exceeded,0.116,2.0226,,,,18.0,66.0
1790783268.7750847,0,grip capacity exceeded,0.41,2.2241,,,,18.0,66.0
1790783268.8135877,0,grip capacity exceeded,0.34,2.2284,,,,18.0,66.0
1790783268.8499553,0,grip capacity exceeded,0.55,2.103,,,,18.0,66.0
1790783268.8592033,0,grip capacity exceeded,0.692,2.1452,,,,18.0,66.0
1790783268.9487133,0,slipped off A,0.616,1.0551,,,,18.0,66.0
1790783268.981699,0,grip capacity exceeded,0.338,2.3376,,,,18.0,66.0
1790783268.9869359,0,slipped off A,0.676,1.4383,,,,18.0,66.0
1790783268.9958363,0,grip capacity exceeded,0.354,2.0946,,,,18.0,66.0
1790783269.038644,0,missed B,0.684,0.9327,0.19999999999999574,0.9413587512530318,1.4007888258879224,18.0,66.0
1790783269.0445688,0,slipped off A,1.13,1.8945,,,,18.0,66.0
1790783269.110889,0,grip capacity exceeded,0.796,2.6706,,,,18.0,66.0
1790783269.174269,0,hit wall,0.536,1.9761,,,,18.0,66.0
1790783269.2021315,0,missed B,0.438,0.5328,0.019999999999999574,0.931358751253032,1.400259343144507,18.0,66.0
1790783269.2652898,0,slipped off A,0.41,1.0782,,,,18.0,66.0
1790783269.3091617,0,grip capacity exceeded,0.758,2.1402,,,,18.0,66.0
1790783269.348674,0,missed B,1.018,1.6243,0.5599999999999881,0.9613587512530314,1.3023301326273886,18.0,66.0
1790783269.3685205,0,missed B,1.052,1.8258,0.6599999999999859,0.9669143068085868,1.3646413050300596,18.0,66.0
1790783269.3741581,0,grip capacity exceeded,0.192,2.1593,,,,18.0,66.0
1790783269.3964722,0,hit wall,0.626,1.0393,0.5399999999999885,0.9602476401419202,1.9800273941016977,18.0,66.0
1790783269.4652793,0,grip capacity exceeded,0.598,2.3586,,,,18.0,66.0
1790783269.4850388,0,slipped off A,0.836,1.9751,,,,18.0,66.0
1790783269.493041,0,missed B,1.548,0.9763,1.0599999999999774,0.9891365290308085,1.419345443807767,18.0,66.0
1790783269.5089266,0,missed B,2.18,1.7676,1.8399999999999608,0.03246986236414094,1.5939674573813447,18.0,66.0
1790783269.5890079,0,hit wall,0.274,1.6239,0.23999999999999488,0.9435809734752539,2.058211470773907,18.0,66.0
1790783269.5962183,0,grip capacity exceeded,0.588,2.2725,,,,18.0,66.0
1790783269.728041,0,missed B,1.074,1.4295,0.5999999999999872,0.9635809734752535,1.136613472970926,18.0,66.0
1790783269.7625985,0,slipped off A,0.51,1.5894,,,,18.0,66.0
1790783269.8017147,0,hit wall,1.358,1.8841,1.3199999999999719,0.00358097347525267,2.012910625942912,18.0,66.0
1790783269.840041,0,hit wall,1.082,1.4576,0.93999999999998,0.982469862364142,1.8172961178906282,18.0,66.0
1790783269.8457744,0,slipped off A,0.73,1.5987,,,,18.0,66.0
1790783269.8594146,0,missed B,1.442,1.4465,1.079999999999977,0.9902476401419196,0.9959776060246303,18.0,66.0
1790783269.873782,0,missed B,1.136,1.443,0.6199999999999868,0.9646920845863646,1.3623420472479286,18.0,66.0
1790783269.8833034,0,hit wall,0.104,0.7126,0.019999999999999574,0.931358751253032,2.0663492748899372,18.0,66.0
1790783269.8833034,0,hit wall,1.09,1.7609,0.9999999999999787,0.9858031956974753,1.9564094773521064,18.0,66.0
1790783269.8968637,0,missed B,0.46,0.498,0.0,0.9302476401419209,1.2615153178882559,18.0,66.0
1790783269.9179106,0,grip capacity exceeded,0.448,2.1494,,,,18.0,66.0
1790783269.936052,0,slipped off A,0.27,1.0936,,,,18.0,66.0
1790783269.9420285,0,grip capacity exceeded,0.196,2.0303,,,,18.0,66.0
1790783269.9480922,0,slipped off A,0.27,0.9356,,,,18.0,66.0
1790783269.965207,0,grip capacity exceeded,0.296,2.4432,,,,18.0,66.0
1790783269.9760804,0,hit wall,0.086,0.5663,0.03999999999999915,0.9324698623641431,2.065936355538313,18.0,66.0
1790783269.996069,0,grip capacity exceeded,0.174,2.1851,,,,18.0,66.0
1790783270.0149739,0,grip capacity exceeded,0.196,3.1274,,,,18.0,66.0
1790783270.0294137,0,grip capacity exceeded,0.092,2.0169,,,,18.0,66.0
1790783270.0745444,0,hit wall,0.562,0.9851,0.5399999999999885,0.9602476401419202,2.040744041468232,18.0,66.0
1790783270.1152396,0,grip capacity exceeded,0.396,2.1222,,,,18.0,66.0
1790783270.1236966,0,hit wall,0.596,1.5414,0.5199999999999889,0.9591365290308091,2.0211995892185652,18.0,66.0
1790783271.0292413,0,grip capacity exceeded,0.222,2.5007,,,,18.0,66.0
1790783271.0419436,0,grip capacity exceeded,0.694,2.2033,,,,18.0,66.0
1790783271.0914645,0,grip capacity exceeded,0.376,2.0302,,,,18.0,66.0
1790783271.1007626,0,missed B,0.656,0.9746,0.1599999999999966,0.9391365290308096,1.3620340289456903,18.0,66.0
1790783271.1501296,0,slipped off A,1.21,1.9019,,,,18.0,66.0
1790783271.158865,0,missed B,0.842,0.8933,0.2999999999999936,0.9469143068085872,1.2841345990020356,18.0,66.0
1790783271.1867657,0,missed B,1.576,1.6365,1.1599999999999753,0.9946920845863639,1.2754711332317026,18.0,66.0
1790783271.2362342,0,slipped off A,0.392,1.0619,,,,18.0,66.0
1790783271.3046794,0,grip capacity exceeded,0.414,2.4757,,,,18.0,66.0
1790783271.3681574,0,hit wall,0.89,1.3998,0.8599999999999817,0.9780254179196977,2.026394700621591,18.0,66.0
1790783271.3746977,0,slipped off A,0.734,1.644,,,,18.0,66.0
1790783271.3875537,0,slipped off A,1.292,1.3517,,,,18.0,66.0
1790783271.4048045,0,grip capacity exceeded,0.572,2.2355,,,,18.0,66.0
1790783271.4205186,0,missed B,0.7,1.6307,0.23999999999999488,0.9435809734752539,1.69879579670522,18.0,66.0
1790783271.4334116,0,slipped off A,0.33,1.2286,,,,18.0,66.0
1790783271.4686215,0,grip capacity exceeded,0.1,2.2743,,,,18.0,66.0
1790783271.4793446,0,grip capacity exceeded,0.27,2.2948,,,,18.0,66.0
1790783271.4941318,0,hit wall,1.182,1.3701,,,,18.0,66.0
1790783271.4969122,0,grip capacity exceeded,0.2,2.0053,,,,18.0,66.0
1790783271.5375452,0,hit wall,0.466,1.6655,0.3799999999999919,0.9513587512530316,2.0506952348385576,18.0,66.0
1790783271.5495715,0,hit wall,0.164,0.7661,0.09999999999999787,0.9358031956974764,2.046337595337609,18.0,66.0
1790783271.599757,0,slipped off A,1.014,1.9128,,,,18.0,66.0
1790783271.6167648,0,grip capacity exceeded,0.366,2.1335,,,,18.0,66.0
1790783271.6363788,0,hit wall,0.448,1.1158,0.3799999999999919,0.9513587512530316,2.0321881350249087,18.0,66.0
1790783271.645923,0,grip capacity exceeded,0.514,2.6372,,,,18.0,66.0
1790783271.646626,0,hit wall,0.694,1.3061,,,,18.0,66.0
1790783271.6676788,0,missed B,0.798,1.4597,0.4399999999999906,0.9546920845863648,1.1653255133542335,18.0,66.0
1790783271.7040482,0,hit wall,0.47,1.706,,,,18.0,66.0
1790783271.719047,0,slipped off A,0.23,1.2745,,,,18.0,66.0
1790783271.738599,0,slipped off A,0.21,1.9355,,,,18.0,66.0
1790783271.7431743,0,grip capacity exceeded,0.274,2.1897,,,,18.0,66.0
1790783271.7756748,0,missed B,0.636,0.9519,0.1599999999999966,0.9391365290308096,1.2017469296978198,18.0,66.0
1790783271.7864778,0,slipped off A,0.224,1.1417,,,,18.0,66.0
1790783271.7991116,0,missed B,0.424,0.6372,0.03999999999999915,0.9324698623641431,1.3145439433394301,18.0,66.0
1790783271.846303,0,missed B,0.66,0.7974,0.13999999999999702,0.9380254179196985,1.3318354975903692,18.0,66.0
1790783271.8469265,0,grip capacity exceeded,0.18,2.0724,,,,18.0,66.0
1790783271.881518,0,slipped off A,0.434,1.298,,,,18.0,66.0
1790783271.8920069,0,missed B,0.858,0.7527,0.3799999999999919,0.9513587512530316,1.302558614237206,18.0,66.0
1790783271.9810588,0,hit wall,0.45,0.9605,0.3999999999999915,0.9524698623641427,2.0428044799321268,18.0,66.0
1790783271.9871764,0,missed B,0.61,1.0945,0.13999999999999702,0.9380254179196985,1.1646743111494422,18.0,66.0
1790783272.0124722,0,grip capacity exceeded,0.554,2.2438,,,,18.0,66.0
1790783272.0409963,0,grip capacity exceeded,0.944,2.3297,,,,18.0,66.0
1790783272.0457058,0,grip capacity exceeded,0.202,2.1535,,,,18.0,66.0
1790783272.0760362,0,grip capacity exceeded,1.018,2.2113,,,,18.0,66.0
1790783272.0817378,0,slipped off A,0.33,1.235,,,,18.0,66.0
1790783272.092798,0,grip capacity exceeded,0.294,2.4191,,,,18.0,66.0
1790783272.0928624,0,slipped off A,0.724,1.8799,,,,18.0,66.0
1790783272.1033878,0,hit wall,1.266,1.3196,,,,18.0,66.0
1790783272.1338673,0,grip capacity exceeded,0.838,2.4953,,,,18.0,66.0
1790783272.1519382,0,grip capacity exceeded,0.146,2.004,,,,18.0,66.0
1790783272.1597788,0,hit wall,0.41,1.2844,0.33999999999999275,0.9491365290308094,2.0528021378041887,18.0,66.0
1790783272.1711593,0,slipped off A,0.244,0.9799,,,,18.0,66.0
1790783272.2497628,0,hit wall,0.536,0.9008,0.4599999999999902,0.955803195697476,2.0228662088274865,18.0,66.0
1790783272.2795808,0,grip capacity exceeded,0.374,2.2726,,,,18.0,66.0
1790783272.3016822,0,slipped off A,0.564,1.0094,,,,18.0,66.0
1790783272.349836,0,hit wall,1.058,1.2187,0.9799999999999791,0.9846920845863641,1.9810533946738307,18.0,66.0
1790783272.4032366,0,missed B,0.802,0.8475,0.2999999999999936,0.9469143068085872,1.310879018632474,18.0,66.0
1790783272.4459677,0,hit wall,1.186,1.6555,,,,18.0,66.0
1790783272.4823363,0,missed B,0.686,1.0295,0.25999999999999446,0.944692084586365,1.376370199283502,18.0,66.0
1790783272.5028155,0,missed B,0.58,0.9718,0.17999999999999616,0.9402476401419206,1.30118645383948,18.0,66.0
1790783272.5248451,0,grip capacity exceeded,0.13,2.024,,,,18.0,66.0
1790783272.5561595,0,grip capacity exceeded,0.116,2.7011,,,,18.0,66.0
1790783272.5690126,0,slipped off A,0.516,1.4946,,,,18.0,66.0
1790783272.581163,0,hit wall,1.348,1.4716,,,,18.0,66.0
1790783272.5813732,0,grip capacity exceeded,0.424,2.2025,,,,18.0,66.0
1790783272.666351,0,missed B,1.844,1.8599,1.4799999999999685,0.01246986236414137,1.2264703263737906,18.0,66.0
1790783272.7106757,0,hit wall,1.054,1.1969,,,,18.0,66.0
1790783272.7320733,0,missed B,1.326,1.3871,0.7799999999999834,0.9735809734752533,1.1335338853762673,18.0,66.0
1790783272.74847,0,slipped off A,0.214,1.3168,,,,18.0,66.0
1790783272.764728,0,hit wall,0.776,1.3956,0.6599999999999859,0.9669143068085868,1.9046691017970365,18.0,66.0
1790783272.8499227,0,hit wall,0.308,0.9726,0.27999999999999403,0.9458031956974762,2.0561507075427907,18.0,66.0
1790783272.9662123,0,missed B,0.548,0.6584,0.0799999999999983,0.9346920845863652,1.1830300297028333,18.0,66.0
1790783272.998073,0,missed B,1.208,1.4103,0.6799999999999855,0.9680254179196979,1.4287736308030115,18.0,66.0
1790783273.0022898,0,slipped off A,1.17,1.9478,,,,18.0,66.0
1790783273.0108757,0,hit wall,0.434,1.0217,0.3999999999999915,0.9524698623641427,2.0497152597814425,18.0,66.0
1790783273.054615,0,missed B,1.256,1.5418,0.7599999999999838,0.9724698623641422,1.3442464312431726,18.0,66.0
1790783273.124769,0,missed B,0.37,0.581,0.019999999999999574,0.931358751253032,1.375335201699263,18.0,66.0
1790783273.1269178,0,slipped off A,0.262,1.2663,,,,18.0,66.0
1790783273.131967,0,missed B,1.096,1.308,0.5999999999999872,0.9635809734752535,1.2856927356792067,18.0,66.0
1790783273.138188,0,missed B,1.01,1.1105,0.47999999999998977,0.956914306808587,1.4836336558799665,18.0,66.0
1790783273.2283359,0,slipped off A,0.574,1.8352,,,,18.0,66.0
1790783273.2358935,0,hit wall,0.288,1.008,0.23999999999999488,0.9435809734752539,2.0581777406175634,18.0,66.0
1790783273.2377179,0,hit wall,0.592,1.5198,0.5599999999999881,0.9613587512530314,2.041417948213169,18.0,66.0
1790783273.2443774,0,hit wall,0.268,0.62,0.1599999999999966,0.9391365290308096,1.994661701810561,18.0,66.0
1790783273.2568326,0,grip capacity exceeded,0.056,2.293,,,,18.0,66.0
1790783273.2636926,0,grip capacity exceeded,0.098,2.1608,,,,18.0,66.0
1790783273.2707956,0,hit wall,0.088,0.5083,0.019999999999999574,0.931358751253032,2.0499254425336435,18.0,66.0
1790783273.282947,0,hit wall,1.874,1.6227,1.8399999999999608,0.03246986236414094,2.035917748815762,18.0,66.0
1790783273.2979164,0,slipped off A,0.15,1.3588,,,,18.0,66.0
1790783273.326059,0,grip capacity exceeded,0.154,2.2518,,,,18.0,66.0
1790783273.3314564,0,grip capacity exceeded,0.566,2.1681,,,,18.0,66.0
1790783273.3375332,0,grip capacity exceeded,0.774,2.1532,,,,18.0,66.0
1790783273.340882,0,slipped off A,0.21,1.263,,,,18.0,66.0
1790783273.3864791,0,missed B,0.692,1.4738,0.2199999999999953,0.9424698623641429,1.405416956947502,18.0,66.0
1790783273.3932953,0,hit wall,0.164,0.5374,0.03999999999999915,0.9324698623641431,1.9325220659223734,18.0,66.0
1790783273.394607,0,hit wall,0.16,0.9296,0.11999999999999744,0.9369143068085874,2.064683168098333,18.0,66.0
1790783273.4090717,0,grip capacity exceeded,0.416,2.0101,,,,18.0,66.0
1790783273.5838141,0,hit wall,0.486,1.0135,0.4399999999999906,0.9546920845863648,2.0475490134746375,18.0,66.0
1790783273.5838404,0,hit wall,0.75,1.0635,0.7199999999999847,0.97024764014192,2.0331065137436286,18.0,66.0
1790783273.624625,0,missed B,0.552,0.7992,0.19999999999999574,0.9413587512530318,1.3553728821811304,18.0,66.0
1790783273.6559217,0,hit wall,0.068,0.7343,0.03999999999999915,0.9324698623641431,2.069284997229982,18.0,66.0
1790783273.6868951,0,grip capacity exceeded,1.042,2.1166,,,,18.0,66.0
1790783273.7098944,0,missed B,0.794,1.192,0.3599999999999923,0.9502476401419204,1.3949256798825387,18.0,66.0
1790783273.820391,0,grip capacity exceeded,0.418,2.0919,,,,18.0,66.0
1790783273.832262,0,slipped off A,0.63,1.5122,,,,18.0,66.0
1790783273.8713,0,missed B,1.342,1.6269,0.8999999999999808,0.9802476401419198,1.4876768600329828,18.0,66.0
1790783273.9269862,0,missed B,1.49,1.87,1.0599999999999774,0.9891365290308085,1.0719006676714664,18.0,66.0
1790783273.9368653,0,missed B,0.604,0.5368,0.0799999999999983,0.9346920845863652,1.1943426136525697,18.0,66.0
1790783273.9453194,0,slipped off A,0.89,1.779,,,,18.0,66.0
1790783273.9518287,0,grip capacity exceeded,0.192,2.1525,,,,18.0,66.0
1790783273.9640055,0,slipped off A,0.35,1.4385,,,,18.0,66.0
1790783273.987558,0,hit wall,0.16,0.6915,0.0799999999999983,0.9346920845863652,2.044254171591037,18.0,66.0
1790783273.9931355,0,grip capacity exceeded,0.158,2.1008,,,,18.0,66.0
1790783273.9964874,0,missed B,0.726,0.6853,0.27999999999999403,0.9458031956974762,1.0571332213120188,18.0,66.0
1790783274.0157652,0,hit wall,1.608,1.539,,,,18.0,66.0
1790783274.0823827,0,grip capacity exceeded,0.244,2.3854,,,,18.0,66.0
1790783274.089196,0,grip capacity exceeded,0.388,2.047,,,,18.0,66.0
1790783274.0905042,0,grip capacity exceeded,0.284,2.106,,,,18.0,66.0
1790783274.1024086,0,grip capacity exceeded,0.396,2.0326,,,,18.0,66.0
1790783274.119739,0,hit wall,0.486,1.2271,0.4599999999999902,0.955803195697476,2.0466596441011795,18.0,66.0
1790783274.13797,0,grip capacity exceeded,0.09,2.4962,,,,18.0,66.0
1790783274.1435053,0,slipped off A,0.838,1.7309,,,,18.0,66.0
1790783274.190579,0,grip capacity exceeded,0.284,2.1134,,,,18.0,66.0
1790783274.1980608,0,missed B,0.584,0.7788,0.1599999999999966,0.9391365290308096,1.2984509018011392,18.0,66.0
1790783274.2697365,0,slipped off A,0.374,1.5379,,,,18.0,66.0
1790783274.2804139,0,missed B,0.746,1.0208,0.25999999999999446,0.944692084586365,1.3763320637770677,18.0,66.0
1790783274.2979398,0,hit wall,0.614,1.2698,,,,18.0,66.0
1790783274.3181915,0,hit wall,0.354,0.949,0.27999999999999403,0.9458031956974762,2.0469269016250102,18.0,66.0
1790783274.359228,0,grip capacity exceeded,0.128,2.2693,,,,18.0,66.0
1790783274.3593729,0,slipped off A,0.638,1.5114,,,,18.0,66.0
1790783274.360693,0,hit wall,0.712,1.5143,,,,18.0,66.0
1790783274.3915205,0,slipped off A,0.326,1.2582,,,,18.0,66.0
1790783274.3969233,0,grip capacity exceeded,0.378,2.7801,,,,18.0,66.0
1790783274.4633024,0,slipped off A,1.09,1.4233,,,,18.0,66.0
1790783274.4689107,0,grip capacity exceeded,0.786,2.3902,,,,18.0,66.0
1790783274.5071263,0,hit wall,0.404,1.1688,0.3199999999999932,0.9480254179196983,1.9793949146671348,18.0,66.0
1790783274.5285711,0,missed B,0.678,0.6322,0.2199999999999953,0.9424698623641429,1.398473683294513,18.0,66.0
1790783274.5792575,0,missed B,0.516,0.5953,0.11999999999999744,0.9369143068085874,1.3386082160156043,18.0,66.0
1790783274.5806723,0,missed B,0.62,1.9825,0.23999999999999488,0.9435809734752539,1.2355709108910056,18.0,66.0
1790783274.5876691,0,grip capacity exceeded,0.34,2.3629,,,,18.0,66.0
1790783275.4035168,0,grip capacity exceeded,0.49,2.0726,,,,18.0,66.0
1790783275.4749155,0,slipped off A,0.946,1.5889,,,,18.0,66.0
1790783275.488319,0,slipped off A,0.452,1.5513,,,,18.0,66.0
1790783275.4985313,0,missed B,0.466,0.6907,0.05999999999999872,0.9335809734752541,1.552836902345719,18.0,66.0
1790783275.5281856,0,slipped off A,0.742,1.1899,,,,18.0,66.0
1790783275.5547006,0,grip capacity exceeded,0.428,2.1736,,,,18.0,66.0
1790783275.5854897,0,slipped off A,0.85,1.2294,,,,18.0,66.0
1790783275.5992534,0,hit wall,0.734,1.4709,,,,18.0,66.0
1790783275.6014235,0,hit wall,0.328,1.0677,0.2999999999999936,0.9469143068085872,2.0550952895910823,18.0,66.0
1790783275.6289024,0,slipped off A,0.11,1.2459,,,,18.0,66.0
1790783275.6633844,0,grip capacity exceeded,0.442,2.5261,,,,18.0,66.0
1790783275.687799,0,grip capacity exceeded,0.058,2.317,,,,18.0,66.0
1790783275.7253418,0,hit wall,0.524,0.8524,0.4599999999999902,0.955803195697476,2.0143208783667235,18.0,66.0
1790783275.7503076,0,grip capacity exceeded,0.312,2.1042,,,,18.0,66.0
1790783275.833371,0,hit wall,0.888,1.0923,0.799999999999983,0.9746920845863644,1.983656070369283,18.0,66.0
1790783275.9322336,0,slipped off A,0.232,1.4965,,,,18.0,66.0
1790783275.9549274,0,missed B,0.534,0.8249,0.13999999999999702,0.9380254179196985,1.1010611167148705,18.0,66.0
1790783275.977799,0,missed B,2.312,0.9543,1.8999999999999595,0.035803195697474206,1.652384753616405,18.0,66.0
1790783275.9934874,0,missed B,0.958,1.337,0.3999999999999915,0.9524698623641427,1.079278490117327,18.0,66.0
1790783276.0470164,0,grip capacity exceeded,0.248,2.1531,,,,18.0,66.0
1790783276.0752358,0,grip capacity exceeded,0.814,2.2197,,,,18.0,66.0
1790783276.1715515,0,hit wall,1.5,0.8453,1.4599999999999689,0.011358751253030283,2.017435989169839,18.0,66.0
1790783276.208669,0,missed B,0.678,0.9287,0.13999999999999702,0.9380254179196985,1.2185345988837888,18.0,66.0
1790783276.222084,0,slipped off A,1.768,1.6808,,,,18.0,66.0
1790783276.2342389,0,grip capacity exceeded,0.74,2.5014,,,,18.0,66.0
1790783276.2609203,0,missed B,0.918,1.2019,0.4599999999999902,0.955803195697476,1.083756490160712,18.0,66.0
1790783276.2688508,0,hit wall,0.638,1.0542,0.5599999999999881,0.9613587512530314,2.0085321417032445,18.0,66.0
1790783276.2965856,0,grip capacity exceeded,0.102,2.058,,,,18.0,66.0
1790783276.2967536,0,missed B,1.636,1.1987,1.2799999999999727,0.0013587512530304953,1.3495932930559276,18.0,66.0
1790783276.3154316,0,slipped off A,0.27,1.2265,,,,18.0,66.0
1790783276.3332932,0,slipped off A,0.29,1.4164,,,,18.0,66.0
1790783276.350089,0,grip capacity exceeded,0.056,2.6097,,,,18.0,66.0
1790783276.3617308,0,hit wall,0.48,1.3307,0.4599999999999902,0.955803195697476,2.027054487287643,18.0,66.0
1790783276.3728125,0,hit wall,0.602,1.6041,0.49999999999998934,0.9580254179196981,2.0099905414486243,18.0,66.0
1790783276.3856764,0,grip capacity exceeded,0.082,2.29,,,,18.0,66.0
1790783276.4599528,0,slipped off A,0.23,1.3833,,,,18.0,66.0
1790783276.475417,0,hit wall,0.232,0.5692,0.0799999999999983,0.9346920845863652,1.7613601027293255,18.0,66.0
1790783276.4992304,0,hit wall,0.044,0.498,0.0,0.9302476401419209,2.0714510717862815,18.0,66.0
1790783276.4993408,0,missed B,0.668,0.7593,0.19999999999999574,0.9413587512530318,1.3971878034597849,18.0,66.0
1790783276.5117621,0,grip capacity exceeded,1.276,2.6025,,,,18.0,66.0
1790783276.5938914,0,grip capacity exceeded,0.88,2.0042,,,,18.0,66.0
1790783276.6091664,0,grip capacity exceeded,0.296,2.5984,,,,18.0,66.0
1790783276.6110537,0,grip capacity exceeded,0.434,2.5228,,,,18.0,66.0
1790783276.6542315,0,missed B,0.832,1.6987,0.2999999999999936,0.9469143068085872,1.1516049268429838,18.0,66.0
1790783276.6560163,0,grip capacity exceeded,1.044,2.3143,,,,18.0,66.0
1790783276.6692696,0,slipped off A,1.036,1.5789,,,,18.0,66.0
1790783276.6777515,0,grip capacity exceeded,0.2,2.283,,,,18.0,66.0
1790783276.7396884,0,missed B,0.72,0.8657,0.17999999999999616,0.9402476401419206,1.1201542817298018,18.0,66.0
1790783276.7692711,0,hit wall,0.782,1.0594,0.7199999999999847,0.97024764014192,2.007607072453686,18.0,66.0
1790783276.7755687,0,missed B,0.466,0.782,0.1599999999999966,0.9391365290308096,1.4752369219162647,18.0,66.0
1790783276.8128035,0,slipped off A,0.392,1.7429,,,,18.0,66.0
1790783276.831914,0,missed B,0.692,0.7723,0.17999999999999616,0.9402476401419206,1.4089294408869386,18.0,66.0
1790783276.8510513,0,grip capacity exceeded,0.6,2.2244,,,,18.0,66.0
1790783276.8730214,0,slipped off A,0.41,1.0423,,,,18.0,66.0
1790783276.8836446,0,hit wall,0.69,1.3889,,,,18.0,66.0
1790783276.9138792,0,grip capacity exceeded,0.73,2.0178,,,,18.0,66.0
1790783276.9357498,0,grip capacity exceeded,0.506,2.0086,,,,18.0,66.0
1790783276.979899,0,slipped off A,0.33,1.6346,,,,18.0,66.0
1790783277.0014448,0,grip capacity exceeded,0.614,2.7839,,,,18.0,66.0
1790783277.0688062,0,slipped off A,0.39,1.9441,,,,18.0,66.0
1790783277.0772314,0,grip capacity exceeded,0.194,2.0168,,,,18.0,66.0
1790783277.1045656,0,hit wall,0.36,0.7156,0.23999999999999488,0.9435809734752539,1.9321079761454651,18.0,66.0
1790783277.134481,0,grip capacity exceeded,1.132,2.3576,,,,18.0,66.0
1790783277.1487706,0,hit wall,0.79,1.2779,,,,18.0,66.0
1790783277.165222,0,missed B,1.008,0.9664,0.5199999999999889,0.9591365290308091,0.9851984435518253,18.0,66.0
1790783277.1718845,0,slipped off A,0.762,1.9871,,,,18.0,66.0
1790783277.2008336,0,slipped off A,1.056,1.6756,,,,18.0,66.0
1790783277.2448895,0,grip capacity exceeded,0.428,2.1858,,,,18.0,66.0
1790783277.2508938,0,slipped off A,0.55,1.169,,,,18.0,66.0
1790783277.3602343,0,missed B,0.618,0.9182,0.27999999999999403,0.9458031956974762,1.181756515779361,18.0,66.0
1790783277.3874774,0,hit wall,0.78,1.5008,0.7599999999999838,0.9724698623641422,2.0313627960442675,18.0,66.0
1790783277.4257019,0,hit wall,0.85,1.0561,0.7599999999999838,0.9724698623641422,1.9357512684565508,18.0,66.0
1790783277.5091472,0,grip capacity exceeded,0.768,2.0122,,,,18.0,66.0
1790783277.523905,0,missed B,0.962,0.9639,0.49999999999998934,0.9580254179196981,1.5032153359305356,18.0,66.0
1790783277.545196,0,hit wall,0.328,0.7127,0.19999999999999574,0.9413587512530318,1.9177494634529009,18.0,66.0
1790783277.5603848,0,hit wall,0.082,0.5055,0.019999999999999574,0.931358751253032,2.0614592747734792,18.0,66.0
1790783277.561441,0,grip capacity exceeded,1.446,2.3312,,,,18.0,66.0
1790783277.5745752,0,grip capacity exceeded,0.966,2.4086,,,,18.0,66.0
1790783277.6599646,0,hit wall,0.872,1.5392,0.8399999999999821,0.9769143068085866,2.0274497848251087,18.0,66.0
1790783277.7292795,0,slipped off A,0.514,1.5169,,,,18.0,66.0
1790783277.74204,0,missed B,1.0,1.3881,0.6199999999999868,0.9646920845863646,1.1242351240970485,18.0,66.0
1790783277.8091183,0,slipped off A,0.39,1.7516,,,,18.0,66.0
1790783277.8172588,0,missed B,1.882,1.0646,1.3799999999999706,0.006914306808585933,1.2914800865725662,18.0,66.0
1790783277.9034684,0,hit wall,0.936,1.0157,0.8999999999999808,0.9802476401419198,2.0243895785270127,18.0,66.0
1790783277.9090667,0,grip capacity exceeded,0.948,2.1624,,,,18.0,66.0
1790783277.9194555,0,hit wall,1.11,1.6576,1.079999999999977,0.9902476401419196,2.016079191271493,18.0,66.0
1790783277.9734457,0,slipped off A,0.676,1.2918,,,,18.0,66.0
1790783277.995734,0,grip capacity exceeded,1.178,2.1291,,,,18.0,66.0
1790783278.030401,0,slipped off A,0.37,1.0535,,,,18.0,66.0
1790783278.0448573,0,slipped off A,0.63,1.4629,,,,18.0,66.0
1790783278.0560308,0,slipped off A,0.408,1.1104,,,,18.0,66.0
1790783278.056592,0,hit wall,0.888,1.8028,,,,18.0,66.0
1790783278.0984077,0,grip capacity exceeded,0.294,2.1154,,,,18.0,66.0
1790783278.1078653,0,grip capacity exceeded,0.386,2.2048,,,,18.0,66.0
1790783278.2299685,0,hit wall,0.482,1.3571,0.4399999999999906,0.9546920845863648,2.0474669729358013,18.0,66.0
1790783278.3163953,0,grip capacity exceeded,1.142,2.0202,,,,18.0,66.0
1790783278.3164644,0,grip capacity exceeded,0.704,2.2491,,,,18.0,66.0
1790783278.3302531,0,hit wall,0.598,1.2428,0.5199999999999889,0.9591365290308091,2.013471943139382,18.0,66.0
1790783278.363964,0,missed B,1.544,1.4041,1.079999999999977,0.9902476401419196,1.1025738543211467,18.0,66.0
1790783278.3885376,0,grip capacity exceeded,0.918,2.0678,,,,18.0,66.0
1790783278.4121554,0,hit wall,0.854,1.8944,,,,18.0,66.0
1790783278.5025973,0,missed B,0.528,0.5945,0.11999999999999744,0.9369143068085874,1.518603326971468,18.0,66.0
1790783278.5128648,0,missed B,0.806,0.7778,0.33999999999999275,0.9491365290308094,1.3118148249042887,18.0,66.0
1790783278.5292075,0,grip capacity exceeded,0.068,2.2772,,,,18.0,66.0
1790783278.5418518,0,hit wall,1.452,1.5334,,,,18.0,66.0
1790783278.5482125,0,grip capacity exceeded,0.42,2.1862,,,,18.0,66.0
1790783278.5482213,0,grip capacity exceeded,0.06,2.1521,,,,18.0,66.0
1790783278.555572,0,hit wall,0.5,0.9334,0.4599999999999902,0.955803195697476,2.0465557258435294,18.0,66.0
1790783278.586347,0,slipped off A,0.644,1.3627,,,,18.0,66.0
1790783278.6564443,0,slipped off A,0.35,1.1914,,,,18.0,66.0
1790783278.6566443,0,grip capacity exceeded,0.322,2.2226,,,,18.0,66.0
1790783278.666878,0,hit wall,1.026,1.2536,,,,18.0,66.0
1790783278.6807137,0,hit wall,0.55,1.8634,,,,18.0,66.0
1790783278.741881,0,grip capacity exceeded,1.294,2.5123,,,,18.0,66.0
1790783278.741947,0,grip capacity exceeded,0.486,2.3456,,,,18.0,66.0
1790783278.7579896,0,grip capacity exceeded,0.296,2.0342,,,,18.0,66.0
1790783278.7820895,0,hit wall,0.72,1.7716,0.6799999999999855,0.9680254179196979,2.03521953617773,18.0,66.0
1790783278.811658,0,grip capacity exceeded,0.432,2.1297,,,,18.0,66.0
1790783278.8239574,0,missed B,0.846,1.9253,0.3999999999999915,0.9524698623641427,1.0783570333536387,18.0,66.0
1790783278.85978,0,hit wall,0.534,1.3359,,,,18.0,66.0
1790783278.9049864,0,missed B,0.602,0.6345,0.0799999999999983,0.9346920845863652,1.3506029940436242,18.0,66.0
1790783279.8671951,0,grip capacity exceeded,0.522,2.3073,,,,18.0,66.0
1790783279.8681602,0,grip capacity exceeded,0.574,2.1437,,,,18.0,66.0
1790783279.9952462,0,grip capacity exceeded,0.386,2.0958,,,,18.0,66.0
1790783280.0019917,0,missed B,0.814,0.9335,0.2199999999999953,0.9424698623641429,1.1217994701337892,18.0,66.0
1790783280.0348065,0,grip capacity exceeded,1.09,2.2371,,,,18.0,66.0
1790783280.0472548,0,grip capacity exceeded,0.814,2.4302,,,,18.0,66.0
1790783280.0740602,0,slipped off A,0.624,1.5098,,,,18.0,66.0
1790783280.08786,0,hit wall,1.002,1.8306,0.9599999999999795,0.9835809734752531,2.0216009689719794,18.0,66.0
1790783280.0947545,0,hit wall,0.81,1.546,,,,18.0,66.0
1790783280.181187,0,missed B,1.35,1.8734,0.8599999999999817,0.9780254179196977,1.2533203414861533,18.0,66.0
1790783280.275928,0,hit wall,0.438,0.8587,0.33999999999999275,0.9491365290308094,1.9721621912713165,18.0,66.0
1790783280.3171318,0,missed B,0.702,0.7094,0.17999999999999616,0.9402476401419206,1.1945888129590094,18.0,66.0
1790783280.3447201,0,grip capacity exceeded,0.756,2.4484,,,,18.0,66.0
1790783280.345005,0,grip capacity exceeded,0.882,2.168,,,,18.0,66.0
1790783280.3809023,0,missed B,0.742,1.7732,0.23999999999999488,0.9435809734752539,1.3355748824831266,18.0,66.0
1790783280.381669,0,hit wall,1.008,1.2371,0.9199999999999804,0.981358751253031,1.9706588080426322,18.0,66.0
1790783280.4054344,0,hit wall,0.234,0.8628,0.11999999999999744,0.9369143068085874,1.928608145504751,18.0,66.0
1790783280.4113681,0,grip capacity exceeded,0.162,2.3552,,,,18.0,66.0
1790783280.418585,0,hit wall,0.878,1.466,,,,18.0,66.0
1790783280.4477353,0,hit wall,0.468,1.2032,0.4399999999999906,0.9546920845863648,2.0476262819888627,18.0,66.0
1790783280.5441206,0,slipped off A,0.474,1.1017,,,,18.0,66.0
1790783280.5780196,0,grip capacity exceeded,0.51,2.0061,,,,18.0,66.0
1790783280.6394682,0,missed B,1.266,1.1188,0.8399999999999821,0.9769143068085866,1.553283848335791,18.0,66.0
1790783280.6700788,0,missed B,0.658,0.8612,0.1599999999999966,0.9391365290308096,1.2266650082890715,18.0,66.0
1790783280.7245262,0,grip capacity exceeded,0.272,2.2754,,,,18.0,66.0
1790783280.7622018,0,missed B,1.008,1.024,0.6399999999999864,0.9658031956974757,1.392428658337473,18.0,66.0
1790783280.767709,0,missed B,1.056,1.7225,0.5999999999999872,0.9635809734752535,1.3487723373947937,18.0,66.0
1790783280.7731595,0,grip capacity exceeded,1.256,2.2183,,,,18.0,66.0
1790783280.7818277,0,hit wall,1.164,1.4601,1.1399999999999757,0.9935809734752529,2.01397067555812,18.0,66.0
1790783280.8112237,0,slipped off A,0.11,1.4707,,,,18.0,66.0
1790783280.8424764,0,slipped off A,0.236,1.5873,,,,18.0,66.0
1790783280.8609629,0,grip capacity exceeded,0.58,2.3729,,,,18.0,66.0
1790783280.8931477,0,hit wall,1.03,1.1105,,,,18.0,66.0
1790783280.9081004,0,slipped off A,0.97,1.5443,,,,18.0,66.0
1790783280.9275281,0,slipped off A,0.594,0.9672,,,,18.0,66.0
1790783281.0175686,0,missed B,0.704,0.897,0.09999999999999787,0.9358031956974764,1.3912469694929475,18.0,66.0
1790783281.0502408,0,grip capacity exceeded,0.428,2.0798,,,,18.0,66.0
1790783281.0620954,0,slipped off A,0.61,1.8841,,,,18.0,66.0
1790783281.0757952,0,hit wall,0.784,0.7861,0.6799999999999855,0.9680254179196979,1.910918542769463,18.0,66.0
1790783281.0886788,0,slipped off A,0.11,1.4,,,,18.0,66.0
1790783281.103891,0,slipped off A,0.65,0.9687,,,,18.0,66.0
1790783281.1566143,0,hit wall,1.22,1.7492,1.1799999999999748,0.9958031956974751,2.0129660708854606,18.0,66.0
1790783281.1966696,0,hit wall,1.09,1.4554,1.0399999999999778,0.9880254179196974,2.0177170234591837,18.0,66.0
1790783281.2812455,0,slipped off A,0.292,1.3876,,,,18.0,66.0
1790783281.2886064,0,grip capacity exceeded,0.608,2.4222,,,,18.0,66.0
1790783281.3137608,0,slipped off A,0.75,1.0596,,,,18.0,66.0
1790783281.383053,0,grip capacity exceeded,1.034,2.4077,,,,18.0,66.0
1790783281.4335783,0,hit wall,1.32,1.1187,1.2799999999999727,0.0013587512530304953,2.0126307586807775,18.0,66.0
1790783281.472429,0,missed B,1.23,0.8768,0.7399999999999842,0.9713587512530312,1.2868828580254132,18.0,66.0
1790783281.4796424,0,missed B,0.986,1.9995,0.6399999999999864,0.9658031956974757,1.0651108518987198,18.0,66.0
1790783281.4914434,0,missed B,1.746,1.5799,1.1999999999999744,0.9969143068085862,1.3651626319785894,18.0,66.0
1790783281.5346017,0,slipped off A,0.714,1.5433,,,,18.0,66.0
1790783281.5533686,0,missed B,0.73,1.5461,0.3199999999999932,0.9480254179196983,1.3212435851119029,18.0,66.0
1790783281.639572,0,missed B,0.564,0.6364,0.13999999999999702,0.9380254179196985,1.2746372529585448,18.0,66.0
1790783281.69286,0,slipped off A,0.406,1.5178,,,,18.0,66.0
1790783281.6940253,0,hit wall,0.64,1.4393,0.49999999999998934,0.9580254179196981,1.890664993490572,18.0,66.0
1790783281.7117112,0,grip capacity exceeded,0.678,2.1973,,,,18.0,66.0
1790783281.7389565,0,grip capacity exceeded,0.712,2.2868,,,,18.0,66.0
1790783281.740882,0,grip capacity exceeded,1.002,2.0958,,,,18.0,66.0
1790783281.7484088,0,hit wall,1.222,1.0413,1.1399999999999757,0.9935809734752529,1.9297148507629436,18.0,66.0
1790783281.800092,0,slipped off A,0.18,1.4377,,,,18.0,66.0
1790783281.8252413,0,grip capacity exceeded,0.576,2.0783,,,,18.0,66.0
1790783281.8597355,0,missed B,0.508,0.5116,0.05999999999999872,0.9335809734752541,1.2713396040035578,18.0,66.0
1790783281.8674126,0,slipped off A,0.53,1.5133,,,,18.0,66.0
1790783281.940988,0,slipped off A,0.388,1.2514,,,,18.0,66.0
1790783281.9920278,0,grip capacity exceeded,0.458,2.5281,,,,18.0,66.0
1790783282.0085785,0,hit wall,0.18,0.7546,0.09999999999999787,0.9358031956974764,2.0211753672581936,18.0,66.0
1790783282.030707,0,hit wall,0.46,0.8822,0.3599999999999923,0.9502476401419204,1.9978544287991986,18.0,66.0
1790783282.1284873,0,slipped off A,0.412,1.2334,,,,18.0,66.0
1790783282.1367655,0,hit wall,1.176,1.862,1.0999999999999766,0.9913587512530307,2.0118569280149496,18.0,66.0
1790783282.1871011,0,missed B,1.318,1.9155,0.9199999999999804,0.981358751253031,1.0828822805299023,18.0,66.0
1790783282.2404583,0,missed B,1.072,1.0305,0.5799999999999876,0.9624698623641424,1.28882199062825,18.0,66.0
1790783282.2747738,0,hit wall,0.796,0.8851,0.7599999999999838,0.9724698623641422,2.031360152205192,18.0,66.0
1790783282.2815506,0,hit wall,0.748,1.7937,,,,18.0,66.0
1790783282.285078,0,hit wall,0.406,0.9422,0.2999999999999936,0.9469143068085872,1.923186782782164,18.0,66.0
1790783282.298355,0,missed B,1.708,1.8542,1.3199999999999719,0.00358097347525267,1.1500821355372561,18.0,66.0
1790783282.337668,0,hit wall,0.438,1.1328,0.3999999999999915,0.9524698623641427,2.0496920757104995,18.0,66.0
1790783282.3565469,0,hit wall,0.188,1.2249,0.11999999999999744,0.9369143068085874,2.04503105001837,18.0,66.0
1790783282.4278123,0,hit wall,0.402,1.2419,0.3599999999999923,0.9502476401419204,2.043308597964159,18.0,66.0
1790783282.5513911,0,hit wall,0.692,1.5957,,,,18.0,66.0
1790783282.5601068,0,grip capacity exceeded,0.868,2.4556,,,,18.0,66.0
1790783282.5670109,0,missed B,2.98,1.6203,2.439999999999948,0.06580319569747356,1.9859032417172409,18.0,66.0
1790783282.5931056,0,missed B,1.276,1.8147,0.93999999999998,0.982469862364142,1.2636127152144294,18.0,66.0
1790783282.6258724,0,grip capacity exceeded,0.924,2.3831,,,,18.0,66.0
1790783282.6262188,0,grip capacity exceeded,0.162,2.2845,,,,18.0,66.0
1790783282.655249,0,hit wall,0.616,1.6676,0.5799999999999876,0.9624698623641424,2.040312206681739,18.0,66.0
1790783282.670611,0,hit wall,0.886,1.7173,,,,18.0,66.0
1790783282.7002027,0,grip capacity exceeded,0.07,2.8541,,,,18.0,66.0
1790783282.7096345,0,grip capacity exceeded,0.434,2.0222,,,,18.0,66.0
1790783282.7452302,0,grip capacity exceeded,0.256,2.2293,,,,18.0,66.0
1790783282.7540476,0,slipped off A,1.084,1.4667,,,,18.0,66.0
1790783282.7863655,0,grip capacity exceeded,0.07,2.3655,,,,18.0,66.0
1790783282.9166021,0,missed B,0.588,1.3105,0.0799999999999983,0.9346920845863652,1.4830597046014287,18.0,66.0
1790783282.9616613,0,slipped off A,0.47,1.3266,,,,18.0,66.0
1790783282.9804134,0,missed B,1.132,1.5248,0.6399999999999864,0.9658031956974757,1.1251496708829087,18.0,66.0
1790783282.9822311,0,missed B,1.068,1.2848,0.6199999999999868,0.9646920845863646,1.2554310239147448,18.0,66.0
1790783282.9825475,0,missed B,0.966,1.5544,0.5399999999999885,0.9602476401419202,1.1424219442463144,18.0,66.0
1790783283.006697,0,grip capacity exceeded,0.132,2.0909,,,,18.0,66.0
1790783283.130305,0,hit wall,0.376,1.3014,,,,18.0,66.0
1790783283.1318953,0,hit wall,0.452,1.9505,0.3999999999999915,0.9524698623641427,2.04755775979926,18.0,66.0
1790783283.1444707,0,slipped off A,1.48,1.4849,,,,18.0,66.0
1790783283.2707603,0,hit wall,1.064,1.4065,,,,18.0,66.0
1790783283.317041,0,grip capacity exceeded,1.796,2.0318,,,,18.0,66.0
1790783283.3174589,0,slipped off A,0.15,0.8647,,,,18.0,66.0
1790783284.171819,0,slipped off A,1.13,1.362,,,,18.0,66.0
1790783284.2017698,0,grip capacity exceeded,1.194,2.53,,,,18.0,66.0
1790783284.217493,0,missed B,1.862,1.3798,1.3199999999999719,0.00358097347525267,1.2089226727876314,18.0,66.0
1790783284.2184725,0,hit wall,0.762,1.2919,,,,18.0,66.0
1790783284.346427,0,grip capacity exceeded,0.448,2.4374,,,,18.0,66.0
1790783284.4114966,0,missed B,1.234,1.0536,0.799999999999983,0.9746920845863644,1.146449666479744,18.0,66.0
1790783284.4394567,0,missed B,1.346,1.3087,0.9199999999999804,0.981358751253031,1.5689164918374858,18.0,66.0
1790783284.4525063,0,hit wall,0.254,0.7141,0.17999999999999616,0.9402476401419206,2.02286043878691,18.0,66.0
1790783284.4770133,0,grip capacity exceeded,0.17,2.5071,,,,18.0,66.0
1790783284.4792721,0,missed B,0.842,0.9482,0.41999999999999105,0.9535809734752537,1.3975195716903621,18.0,66.0
1790783284.553368,0,hit wall,0.878,1.6312,0.799999999999983,0.9746920845863644,1.996459938792821,18.0,66.0
1790783284.5954678,0,hit wall,1.178,1.653,,,,18.0,66.0
1790783284.5985818,0,missed B,1.04,1.2253,0.6199999999999868,0.9646920845863646,1.232992450742385,18.0,66.0
1790783284.607454,0,hit wall,0.336,0.7476,0.23999999999999488,0.9435809734752539,1.999880247864023,18.0,66.0
1790783284.6145062,0,grip capacity exceeded,0.352,2.0248,,,,18.0,66.0
1790783284.6260707,0,slipped off A,0.452,1.1251,,,,18.0,66.0
1790783284.672377,0,slipped off A,0.33,1.0151,,,,18.0,66.0
1790783284.710958,0,hit wall,0.254,1.4291,0.09999999999999787,0.9358031956974764,1.8539603524457784,18.0,66.0
1790783284.7218697,0,slipped off A,0.374,1.1397,,,,18.0,66.0
1790783284.750343,0,grip capacity exceeded,0.446,2.1941,,,,18.0,66.0
1790783284.7980251,0,hit wall,1.03,1.3234,0.9799999999999791,0.9846920845863641,2.020605058255048,18.0,66.0
1790783284.8744574,0,hit wall,1.842,1.7137,1.8199999999999612,0.03135875125302986,2.035144980493018,18.0,66.0
1790783284.894635,0,missed B,0.688,1.2342,0.17999999999999616,0.9402476401419206,1.3221555639415754,18.0,66.0
1790783284.9213815,0,hit wall,0.95,1.9072,0.799999999999983,0.9746920845863644,1.7854245106525528,18.0,66.0
1790783284.9621146,0,missed B,0.62,0.9489,0.17999999999999616,0.9402476401419206,1.2813041994245373,18.0,66.0
1790783285.0127048,0,grip capacity exceeded,1.246,2.3334,,,,18.0,66.0
1790783285.0244963,0,hit wall,0.404,1.139,0.3799999999999919,0.9513587512530316,2.0509184917542553,18.0,66.0
1790783285.0698736,0,hit wall,1.078,1.2178,1.0399999999999778,0.9880254179196974,2.0177422633442004,18.0,66.0
1790783285.137478,0,hit wall,1.248,1.6408,1.219999999999974,0.9980254179196972,2.0127296575682356,18.0,66.0
1790783285.155665,0,hit wall,0.418,1.9231,,,,18.0,66.0
1790783285.2158186,0,grip capacity exceeded,0.966,2.337,,,,18.0,66.0
1790783285.239869,0,grip capacity exceeded,0.864,2.0302,,,,18.0,66.0
1790783285.2849407,0,grip capacity exceeded,0.46,2.6102,,,,18.0,66.0
1790783285.2878106,0,hit wall,1.082,1.6251,0.93999999999998,0.982469862364142,1.889641302400178,18.0,66.0
1790783285.2933333,0,grip capacity exceeded,0.842,2.3261,,,,18.0,66.0
1790783285.3282,0,grip capacity exceeded,0.132,2.0556,,,,18.0,66.0
1790783285.3346133,0,missed B,1.632,0.9498,1.1999999999999744,0.9969143068085862,1.3180275120978677,18.0,66.0
1790783285.3539476,0,slipped off A,0.402,1.4889,,,,18.0,66.0
1790783285.4039075,0,grip capacity exceeded,0.506,2.2895,,,,18.0,66.0
1790783285.4459999,0,hit wall,1.21,1.7194,,,,18.0,66.0
1790783285.5174305,0,grip capacity exceeded,0.64,2.2414,,,,18.0,66.0
1790783285.5325067,0,slipped off A,0.65,1.138,,,,18.0,66.0
1790783285.5707781,0,hit wall,0.926,1.045,,,,18.0,66.0
1790783285.6720557,0,slipped off A,1.262,1.2959,,,,18.0,66.0
1790783285.7019756,0,grip capacity exceeded,0.094,2.2571,,,,18.0,66.0
1790783285.7316716,0,missed B,1.076,1.4087,0.7199999999999847,0.97024764014192,1.3274494165967812,18.0,66.0
1790783285.7775097,0,hit wall,1.39,1.6919,1.3399999999999714,0.004692084586363758,2.0130464755253996,18.0,66.0
1790783285.788372,0,slipped off A,1.104,1.4061,,,,18.0,66.0
1790783285.8583035,0,grip capacity exceeded,1.004,2.2361,,,,18.0,66.0
1790783285.8900137,0,missed B,2.314,1.9426,1.8199999999999612,0.03135875125302986,1.4263537580088204,18.0,66.0
1790783285.9048388,0,missed B,0.328,0.498,0.0,0.9302476401419209,1.2770296091820064,18.0,66.0
1790783285.9553547,0,grip capacity exceeded,0.622,2.1096,,,,18.0,66.0
1790783285.9664187,0,hit wall,0.498,0.9831,0.4599999999999902,0.955803195697476,2.0465538560495187,18.0,66.0
1790783285.9959474,0,hit wall,0.808,1.5503,0.7199999999999847,0.97024764014192,1.9715363659025813,18.0,66.0
1790783286.0076249,0,slipped off A,1.472,1.5232,,,,18.0,66.0
1790783286.0492969,0,grip capacity exceeded,0.464,2.49,,,,18.0,66.0
1790783286.0682893,0,hit wall,0.468,1.4481,0.41999999999999105,0.9535809734752537,2.048551530898001,18.0,66.0
1790783286.1183698,0,grip capacity exceeded,0.41,2.2456,,,,18.0,66.0
1790783286.1376133,0,missed B,0.8,0.9838,0.27999999999999403,0.9458031956974762,1.1108098369719217,18.0,66.0
1790783286.160634,0,hit wall,0.428,0.9343,0.3799999999999919,0.9513587512530316,2.048008851970508,18.0,66.0
1790783286.1870375,0,slipped off A,0.31,1.4339,,,,18.0,66.0
1790783286.1930614,0,grip capacity exceeded,1.838,2.0009,,,,18.0,66.0
1790783286.2388961,0,hit wall,0.71,1.9172,,,,18.0,66.0
1790783286.240259,0,missed B,0.814,0.77,0.2999999999999936,0.9469143068085872,1.2329814111030075,18.0,66.0
1790783286.2830083,0,slipped off A,0.31,1.6409,,,,18.0,66.0
1790783286.2837675,0,grip capacity exceeded,0.362,2.4668,,,,18.0,66.0
1790783286.3589013,0,grip capacity exceeded,0.21,2.1184,,,,18.0,66.0
1790783286.3894138,0,missed B,0.726,1.2634,0.23999999999999488,0.9435809734752539,1.3424515822702208,18.0,66.0
1790783286.3896732,0,hit wall,0.584,0.8237,0.49999999999998934,0.9580254179196981,1.9606736340708957,18.0,66.0
1790783286.4339454,0,hit wall,0.118,1.3076,0.0799999999999983,0.9346920845863652,2.0669650118736076,18.0,66.0
1790783286.4546835,0,missed B,1.15,1.2994,0.6599999999999859,0.9669143068085868,1.25862566850437,18.0,66.0
1790783286.4669657,0,hit wall,1.012,0.7782,0.9799999999999791,0.9846920845863641,2.0207309922139682,18.0,66.0
1790783286.4778376,0,grip capacity exceeded,0.698,2.2621,,,,18.0,66.0
1790783286.4841793,0,slipped off A,0.57,1.0736,,,,18.0,66.0
1790783286.5227168,0,missed B,0.386,0.498,0.0,0.9302476401419209,1.3022341440711724,18.0,66.0
1790783286.6054718,0,hit wall,0.728,0.867,0.6599999999999859,0.9669143068085868,2.003975155384165,18.0,66.0
1790783286.6114063,0,slipped off A,0.484,1.5151,,,,18.0,66.0
1790783286.6444871,0,hit wall,0.554,0.7287,0.5199999999999889,0.9591365290308091,2.043492358029065,18.0,66.0
1790783286.6685557,0,grip capacity exceeded,0.46,2.2949,,,,18.0,66.0
1790783286.6890788,0,hit wall,1.328,1.0294,1.2599999999999731,0.0002476401419194079,2.0022596026833517,18.0,66.0
1790783286.7088685,0,hit wall,0.702,1.1641,,,,18.0,66.0
1790783286.730598,0,hit wall,0.138,0.6381,0.05999999999999872,0.9335809734752541,2.0251560110414757,18.0,66.0
1790783286.8016534,0,missed B,1.094,0.9686,0.6399999999999864,0.9658031956974757,1.1796592890097233,18.0,66.0
1790783286.8701646,0,grip capacity exceeded,0.376,2.1256,,,,18.0,66.0
1790783286.8937426,0,slipped off A,1.212,1.819,,,,18.0,66.0
1790783286.9777167,0,hit wall,0.98,1.4178,,,,18.0,66.0
1790783287.0415359,0,hit wall,0.738,1.5945,0.6199999999999868,0.9646920845863646,1.9032178606835868,18.0,66.0
1790783287.0689213,0,grip capacity exceeded,0.078,2.2454,,,,18.0,66.0
1790783287.088073,0,hit wall,0.648,1.1139,0.5599999999999881,0.9613587512530314,2.0383478763049325,18.0,66.0
1790783287.1358504,0,grip capacity exceeded,1.524,2.0553,,,,18.0,66.0
1790783287.1534357,0,missed B,1.376,1.0063,1.0599999999999774,0.9891365290308085,1.1647277778709975,18.0,66.0
1790783287.1967685,0,slipped off A,0.338,1.1738,,,,18.0,66.0
1790783287.28065,0,slipped off A,0.49,1.7506,,,,18.0,66.0
1790783287.3231556,0,hit wall,0.5,1.4599,0.4599999999999902,0.955803195697476,2.046407643215767,18.0,66.0
1790783287.3564763,0,grip capacity exceeded,1.036,2.1317,,,,18.0,66.0
1790783287.378696,0,slipped off A,1.346,1.2535,,,,18.0,66.0
1790783287.383303,0,slipped off A,2.196,1.6376,,,,18.0,66.0
1790783287.4778197,0,grip capacity exceeded,2.22,2.3733,,,,18.0,66.0
1790783287.496828,0,grip capacity exceeded,1.008,2.0957,,,,18.0,66.0
1790783287.5159445,0,hit wall,0.428,1.0982,0.2999999999999936,0.9469143068085872,1.8660464797546612,18.0,66.0
1790783287.5722373,0,grip capacity exceeded,0.94,2.5993,,,,18.0,66.0
1790783287.5814862,0,grip capacity exceeded,0.852,2.1286,,,,18.0,66.0
1790783288.4456449,0,hit wall,0.29,1.8843,0.23999999999999488,0.9435809734752539,2.0550814258654038,18.0,66.0
1790783288.511666,0,grip capacity exceeded,1.036,2.5182,,,,18.0,66.0
1790783288.648649,0,missed B,0.666,0.9475,0.17999999999999616,0.9402476401419206,1.1583973305372683,18.0,66.0
1790783288.6667016,0,grip capacity exceeded,0.988,2.1084,,,,18.0,66.0
1790783288.7265527,0,hit wall,0.876,1.0208,0.8399999999999821,0.9769143068085866,2.0273457579262386,18.0,66.0
1790783288.745272,0,grip capacity exceeded,0.872,2.0976,,,,18.0,66.0
1790783288.8092096,0,missed B,1.804,1.111,1.4799999999999685,0.01246986236414137,1.1480257300597567,18.0,66.0
1790783288.85567,0,grip capacity exceeded,0.312,2.3144,,,,18.0,66.0
1790783288.892668,0,slipped off A,0.648,1.6367,,,,18.0,66.0
1790783288.9595952,0,grip capacity exceeded,1.312,2.2376,,,,18.0,66.0
1790783288.9990559,0,missed B,0.828,0.9844,0.27999999999999403,0.9458031956974762,1.2151794769624642,18.0,66.0
1790783289.003033,0,grip capacity exceeded,0.138,2.1197,,,,18.0,66.0
1790783289.0062242,0,grip capacity exceeded,1.098,2.2361,,,,18.0,66.0
1790783289.093765,0,hit wall,0.896,0.9234,0.8199999999999825,0.9758031956974755,1.9854997538037178,18.0,66.0
1790783289.233586,0,hit wall,3.662,1.7725,3.619999999999923,0.13135875125302773,2.1389211613078447,18.0,66.0
1790783289.331648,0,grip capacity exceeded,3.16,2.5853,,,,18.0,66.0
1790783289.349453,0,grip capacity exceeded,0.058,2.0869,,,,18.0,66.0
1790783289.397949,0,hit wall,0.972,1.9948,,,,18.0,66.0
1790783289.4040275,0,hit wall,0.154,0.6314,0.05999999999999872,0.9335809734752541,1.974885242905619,18.0,66.0
1790783289.4110632,0,slipped off A,1.31,1.7048,,,,18.0,66.0
1790783289.4173522,0,hit wall,1.306,1.241,,,,18.0,66.0
1790783289.4270058,0,missed B,1.34,1.6533,0.799999999999983,0.9746920845863644,1.1534458853308303,18.0,66.0
1790783289.5157018,0,hit wall,1.982,1.1213,,,,18.0,66.0
1790783289.6168659,0,hit wall,2.386,1.1598,,,,18.0,66.0
1790783289.6345828,0,slipped off A,0.35,1.5979,,,,18.0,66.0
1790783289.7612517,0,hit wall,1.044,0.9081,0.9999999999999787,0.9858031956974753,2.019631778204559,18.0,66.0
1790783289.8649852,0,missed B,1.904,1.6452,1.359999999999971,0.005803195697474845,1.2170005731464493,18.0,66.0
1790783289.899639,0,hit wall,1.538,1.0263,1.499999999999968,0.013580973475252457,2.0193720016839216,18.0,66.0
1790783289.9268425,0,slipped off A,0.91,1.7266,,,,18.0,66.0
1790783289.932349,0,slipped off A,1.59,1.3216,,,,18.0,66.0
1790783289.9535952,0,grip capacity exceeded,0.636,2.2514,,,,18.0,66.0
1790783289.9550233,0,slipped off A,1.648,1.6437,,,,18.0,66.0
1790783290.0362113,0,missed B,0.446,1.0854,0.0799999999999983,0.9346920845863652,1.3621090802325653,18.0,66.0
1790783290.1143591,0,grip capacity exceeded,1.568,2.2682,,,,18.0,66.0
1790783290.1259863,0,hit wall,0.516,1.2522,0.47999999999998977,0.956914306808587,2.043384981959463,18.0,66.0
1790783290.1724613,0,missed B,0.728,0.9342,0.2999999999999936,0.9469143068085872,1.4098215231116855,18.0,66.0
1790783290.203239,0,grip capacity exceeded,0.722,2.0387,,,,18.0,66.0
1790783290.2567234,0,grip capacity exceeded,0.646,2.1971,,,,18.0,66.0
1790783290.2789333,0,grip capacity exceeded,2.714,2.0258,,,,18.0,66.0
1790783290.3204696,0,hit wall,1.204,0.8998,,,,18.0,66.0
1790783290.323526,0,grip capacity exceeded,1.44,2.4891,,,,18.0,66.0
1790783290.3486545,0,hit wall,0.522,1.0256,0.3799999999999919,0.9513587512530316,1.8084896831727546,18.0,66.0
1790783290.365789,0,grip capacity exceeded,0.06,2.7698,,,,18.0,66.0
1790783290.4636378,0,hit wall,0.56,0.7544,0.4399999999999906,0.9546920845863648,1.867351973092174,18.0,66.0
1790783290.4701257,0,hit wall,0.84,1.011,0.7199999999999847,0.97024764014192,1.865726267560463,18.0,66.0
1790783290.470808,0,missed B,0.458,0.5273,0.09999999999999787,0.9358031956974764,1.1175232896033451,18.0,66.0
1790783290.4826539,0,slipped off A,0.346,1.0736,,,,18.0,66.0
1790783290.4940755,0,slipped off A,0.506,1.6878,,,,18.0,66.0
1790783290.552211,0,hit wall,0.182,0.6889,0.0799999999999983,0.9346920845863652,1.9601249401168659,18.0,66.0
1790783290.573942,0,hit wall,0.948,1.1355,0.8399999999999821,0.9769143068085866,1.9066720364819476,18.0,66.0
1790783290.6630669,0,grip capacity exceeded,0.442,2.2912,,,,18.0,66.0
1790783290.6766925,0,slipped off A,0.254,1.2172,,,,18.0,66.0
1790783290.7306416,0,missed B,1.8,1.3373,1.2599999999999731,0.0002476401419194079,1.220704606017372,18.0,66.0
1790783290.7496657,0,hit wall,0.776,1.3935,,,,18.0,66.0
1790783290.7981255,0,grip capacity exceeded,0.342,2.358,,,,18.0,66.0
1790783290.8593187,0,hit wall,0.364,1.1559,0.33999999999999275,0.9491365290308094,2.0530271920795813,18.0,66.0
1790783290.8693624,0,missed B,2.178,1.7593,1.7599999999999625,0.028025417919696594,1.4094340558056226,18.0,66.0
1790783290.8735883,0,grip capacity exceeded,0.894,2.591,,,,18.0,66.0
1790783290.8797922,0,slipped off A,1.15,1.3344,,,,18.0,66.0
1790783290.8980126,0,hit wall,1.202,1.5435,1.1599999999999753,0.9946920845863639,2.013216056064956,18.0,66.0
1790783290.9645352,0,grip capacity exceeded,0.498,2.0889,,,,18.0,66.0
1790783291.0467727,0,hit wall,0.886,1.2211,,,,18.0,66.0
1790783291.06149,0,slipped off A,0.55,1.109,,,,18.0,66.0
1790783291.162742,0,slipped off A,0.602,1.3291,,,,18.0,66.0
1790783291.1629817,0,grip capacity exceeded,0.358,2.0477,,,,18.0,66.0
1790783291.221512,0,missed B,1.66,0.9398,1.2599999999999731,0.0002476401419194079,1.2349382333341796,18.0,66.0
1790783291.2605982,0,grip capacity exceeded,1.084,2.2157,,,,18.0,66.0
1790783291.2885504,0,grip capacity exceeded,1.24,2.511,,,,18.0,66.0
1790783291.324452,0,hit wall,1.36,1.1231,,,,18.0,66.0
1790783291.4136367,0,missed B,1.628,1.1261,1.0599999999999774,0.9891365290308085,1.229611962640216,18.0,66.0
1790783291.434964,0,grip capacity exceeded,1.078,2.0683,,,,18.0,66.0
1790783291.4375694,0,missed B,0.488,0.6945,0.05999999999999872,0.9335809734752541,1.253741184892943,18.0,66.0
1790783291.4626305,0,hit wall,0.832,1.502,0.7799999999999834,0.9735809734752533,2.028629739493818,18.0,66.0
1790783291.475642,0,hit wall,0.87,1.2939,0.8399999999999821,0.9769143068085866,2.027468519135998,18.0,66.0
1790783291.4983165,0,slipped off A,0.59,1.6671,,,,18.0,66.0
1790783291.5826254,0,hit wall,1.048,1.4725,,,,18.0,66.0
1790783291.5955958,0,hit wall,0.476,1.8266,0.3999999999999915,0.9524698623641427,2.026566419063004,18.0,66.0
1790783291.6687431,0,missed B,0.75,0.7762,0.19999999999999574,0.9413587512530318,1.1597900388521938,18.0,66.0
1790783291.6749756,0,slipped off A,0.706,0.9869,,,,18.0,66.0
1790783291.7465274,0,grip capacity exceeded,0.234,2.3292,,,,18.0,66.0
1790783292.6781206,0,slipped off A,1.198,1.4853,,,,18.0,66.0
1790783292.6962318,0,hit wall,0.924,1.3896,,,,18.0,66.0
1790783292.7021816,0,missed B,1.308,1.3883,0.8599999999999817,0.9780254179196977,1.133591798536891,18.0,66.0
1790783292.726699,0,slipped off A,1.8,1.094,,,,18.0,66.0
1790783292.784574,0,hit wall,0.268,1.246,0.17999999999999616,0.9402476401419206,1.9742347584394746,18.0,66.0
1790783292.8363771,0,slipped off A,1.632,1.6461,,,,18.0,66.0
1790783292.844675,0,hit wall,1.354,1.2882,1.3199999999999719,0.00358097347525267,2.0129226311614867,18.0,66.0
1790783292.8575191,0,hit wall,0.46,1.0437,0.2999999999999936,0.9469143068085872,1.823958732006168,18.0,66.0
1790783292.9089012,0,grip capacity exceeded,0.7,2.3524,,,,18.0,66.0
1790783292.9249628,0,missed B,1.336,1.3313,0.8999999999999808,0.9802476401419198,0.9923039562377018,18.0,66.0
1790783293.0453203,0,hit wall,0.716,0.914,0.6199999999999868,0.9646920845863646,1.9857119785082264,18.0,66.0
1790783293.0726569,0,grip capacity exceeded,0.626,2.5075,,,,18.0,66.0
1790783293.092039,0,missed B,1.014,1.2371,0.5199999999999889,0.9591365290308091,1.465809809879915,18.0,66.0
1790783293.142853,0,grip capacity exceeded,0.562,2.1232,,,,18.0,66.0
1790783293.1536145,0,grip capacity exceeded,0.648,3.0135,,,,18.0,66.0
1790783293.2077587,0,hit wall,0.978,1.3707,,,,18.0,66.0
1790783293.2302577,0,grip capacity exceeded,0.06,2.3334,,,,18.0,66.0
1790783293.2467163,0,missed B,1.096,0.7642,0.6199999999999868,0.9646920845863646,1.1139168567509168,18.0,66.0
1790783293.2842166,0,missed B,0.59,1.3031,0.2199999999999953,0.9424698623641429,1.1170937728262942,18.0,66.0
1790783293.2892466,0,grip capacity exceeded,0.392,2.0166,,,,18.0,66.0
1790783293.3365033,0,grip capacity exceeded,2.286,2.2633,,,,18.0,66.0
1790783293.3961494,0,hit wall,1.022,1.3788,,,,18.0,66.0
1790783293.403946,0,grip capacity exceeded,0.94,2.8589,,,,18.0,66.0
1790783293.4231122,0,slipped off A,0.07,1.4232,,,,18.0,66.0
1790783293.4670296,0,grip capacity exceeded,0.554,2.0183,,,,18.0,66.0
1790783293.5097272,0,hit wall,0.87,0.9595,,,,18.0,66.0
1790783293.6238375,0,grip capacity exceeded,0.486,3.1587,,,,18.0,66.0
1790783293.6388168,0,grip capacity exceeded,1.538,2.5415,,,,18.0,66.0
1790783293.6561117,0,missed B,1.266,0.9109,0.8999999999999808,0.9802476401419198,1.3586026971447838,18.0,66.0
1790783293.685678,0,missed B,1.054,1.0184,0.5199999999999889,0.9591365290308091,1.2275900757884204,18.0,66.0
1790783293.7101433,0,hit wall,1.304,1.6781,,,,18.0,66.0
1790783293.8686907,0,hit wall,1.394,1.1759,1.3199999999999719,0.00358097347525267,1.950420641091152,18.0,66.0
1790783293.9659233,0,grip capacity exceeded,1.73,2.061,,,,18.0,66.0
1790783293.986604,0,grip capacity exceeded,0.94,2.4974,,,,18.0,66.0
1790783293.992028,0,missed B,0.87,1.5391,0.4399999999999906,0.9546920845863648,1.2664204527220277,18.0,66.0
1790783293.9922893,0,hit wall,0.358,1.6271,0.3199999999999932,0.9480254179196983,2.053629516686734,18.0,66.0
1790783294.0458598,0,grip capacity exceeded,1.182,2.2057,,,,18.0,66.0
1790783294.0665398,0,hit wall,0.052,0.498,0.0,0.9302476401419209,2.069355151034885,18.0,66.0
1790783294.2599678,0,slipped off A,1.89,1.7975,,,,18.0,66.0
1790783294.2876918,0,slipped off A,0.89,1.1941,,,,18.0,66.0
1790783294.3017204,0,missed B,2.042,1.2151,1.7199999999999633,0.02580319569747442,1.118334613470863,18.0,66.0
1790783294.3309684,0,hit wall,1.104,1.1238,,,,18.0,66.0
1790783294.456016,0,grip capacity exceeded,1.428,2.2108,,,,18.0,66.0
1790783294.5017588,0,missed B,3.01,1.1327,2.6999999999999424,0.08024764014191771,1.2540455604926726,18.0,66.0
1790783294.5086672,0,missed B,0.606,0.6461,0.17999999999999616,0.9402476401419206,1.227193104489349,18.0,66.0
1790783294.661885,0,missed B,0.994,0.9686,0.5599999999999881,0.9613587512530314,1.3429774326794774,18.0,66.0
1790783294.7464042,0,hit wall,0.704,0.8398,0.5799999999999876,0.9624698623641424,1.8725690599758893,18.0,66.0
1790783294.7559583,0,slipped off A,0.25,1.3705,,,,18.0,66.0
1790783294.8114078,0,missed B,1.646,0.9408,1.2599999999999731,0.0002476401419194079,1.2261404010229118,18.0,66.0
1790783294.8391166,0,missed B,1.656,1.5867,1.1199999999999761,0.9924698623641418,1.5428817363400282,18.0,66.0
1790783294.844434,0,hit wall,2.358,0.9832,2.2399999999999523,0.05469208458636269,1.9179153059187055,18.0,66.0
1790783294.8666759,0,slipped off A,0.33,1.3337,,,,18.0,66.0
1790783294.8979604,0,grip capacity exceeded,0.45,2.405,,,,18.0,66.0
1790783294.9547398,0,grip capacity exceeded,2.908,2.4386,,,,18.0,66.0
1790783295.0517993,0,hit wall,0.674,1.2481,0.49999999999998934,0.9580254179196981,1.9161267066868193,18.0,66.0
1790783295.117604,0,hit wall,0.958,1.1653,,,,18.0,66.0
1790783295.1356754,0,grip capacity exceeded,0.248,2.4691,,,,18.0,66.0
1790783295.1550963,0,grip capacity exceeded,0.978,2.1131,,,,18.0,66.0
1790783295.16779,0,grip capacity exceeded,0.842,2.2237,,,,18.0,66.0
1790783295.26854,0,grip capacity exceeded,0.284,2.1613,,,,18.0,66.0
1790783295.3099911,0,missed B,2.46,1.9587,2.059999999999956,0.0446920845863629,1.1677966949034153,18.0,66.0
1790783295.3640513,0,grip capacity exceeded,0.68,2.3422,,,,18.0,66.0
1790783295.3812823,0,slipped off A,0.79,1.9684,,,,18.0,66.0
1790783295.4017544,0,missed B,1.368,1.271,0.8999999999999808,0.9802476401419198,0.9853586508495444,18.0,66.0
1790783295.4238536,0,hit wall,0.442,1.1231,0.3599999999999923,0.9502476401419204,1.9786074135653993,18.0,66.0
1790783295.6015315,0,grip capacity exceeded,3.478,2.1893,,,,18.0,66.0
1790783295.6609046,0,hit wall,0.882,1.4691,,,,18.0,66.0
1790783295.737404,0,missed B,1.748,0.929,1.3199999999999719,0.00358097347525267,0.946822901821781,18.0,66.0
1790783295.7716782,0,grip capacity exceeded,1.408,2.2335,,,,18.0,66.0
1790783295.8031833,0,slipped off A,1.19,1.0615,,,,18.0,66.0
1790783295.8655121,0,slipped off A,1.292,1.1521,,,,18.0,66.0
1790783295.894208,0,missed B,1.482,1.9428,0.93999999999998,0.982469862364142,1.2066556217133697,18.0,66.0
1790783295.9247732,0,missed B,0.728,0.9223,0.3199999999999932,0.9480254179196983,1.248539488278738,18.0,66.0
1790783295.9659517,0,missed B,0.412,0.5044,0.03999999999999915,0.9324698623641431,1.2197130193055816,18.0,66.0
1790783296.9274356,0,missed B,3.556,1.3112,3.0599999999999348,0.10024764014191728,1.6054678464962358,18.0,66.0
1790783297.0945868,0,hit wall,0.796,1.1861,0.7199999999999847,0.97024764014192,2.006552273023293,18.0,66.0
1790783297.1448123,0,grip capacity exceeded,1.434,2.1157,,,,18.0,66.0
1790783297.170268,0,missed B,1.11,1.5987,0.6799999999999855,0.9680254179196979,1.3441504797583972,18.0,66.0
1790783297.2018566,0,grip capacity exceeded,1.286,2.2215,,,,18.0,66.0
1790783297.2267346,0,hit wall,1.442,1.6032,,,,18.0,66.0
1790783297.2457483,0,hit wall,1.858,1.1678,,,,18.0,66.0
1790783297.339972,0,slipped off A,2.572,1.4437,,,,18.0,66.0
1790783297.4249864,0,hit wall,0.78,0.8601,0.7199999999999847,0.97024764014192,2.027470552340085,18.0,66.0
1790783297.43035,0,grip capacity exceeded,0.55,2.6497,,,,18.0,66.0
1790783297.4884036,0,slipped off A,0.814,1.8837,,,,18.0,66.0
1790783297.69502,0,missed B,1.674,1.6494,1.219999999999974,0.9980254179196972,1.190537837042884,18.0,66.0
1790783297.7436857,0,hit wall,2.464,1.1161,2.4199999999999484,0.06469208458636248,2.0664571733371417,18.0,66.0
1790783297.755983,0,hit wall,1.988,1.4434,,,,18.0,66.0
1790783297.7894351,0,hit wall,1.33,1.3172,1.3199999999999719,0.00358097347525267,2.0093559727190233,18.0,66.0
1790783297.8225646,0,hit wall,1.17,1.6291,,,,18.0,66.0
1790783297.8490825,0,grip capacity exceeded,0.3,2.0565,,,,18.0,66.0
1790783297.8819118,0,hit wall,1.172,1.6103,,,,18.0,66.0
1790783298.0778387,0,missed B,0.964,0.9253,0.6399999999999864,0.9658031956974757,1.3027818371396693,18.0,66.0
1790783298.12169,0,missed B,1.254,0.9348,0.9199999999999804,0.981358751253031,0.9998396435174423,18.0,66.0
1790783298.2340467,0,slipped off A,3.076,1.992,,,,18.0,66.0
1790783298.3464417,0,missed B,2.736,1.6804,2.3599999999999497,0.06135875125302922,1.2487859994385049,18.0,66.0
1790783298.4034252,0,slipped off A,0.51,0.9109,,,,18.0,66.0
1790783298.4919739,0,hit wall,1.888,1.1097,,,,18.0,66.0
1790783298.547626,0,grip capacity exceeded,1.956,2.2578,,,,18.0,66.0
1790783298.5618954,0,grip capacity exceeded,0.474,2.1742,,,,18.0,66.0
1790783298.6015975,0,grip capacity exceeded,1.58,2.0666,,,,18.0,66.0
1790783298.6641042,0,grip capacity exceeded,0.914,2.0942,,,,18.0,66.0
1790783298.7748795,0,missed B,2.804,1.1369,2.439999999999948,0.06580319569747356,1.5091490502879168,18.0,66.0
1790783298.8028371,0,missed B,0.606,0.7629,0.25999999999999446,0.944692084586365,1.3127385993924698,18.0,66.0
1790783298.8038282,0,missed B,1.9,0.9844,1.3999999999999702,0.00802541791969702,1.3713308544983536,18.0,66.0
1790783298.8261888,0,missed B,0.378,0.5026,0.019999999999999574,0.931358751253032,1.500410748162833,18.0,66.0
1790783298.9518523,0,slipped off A,3.19,1.3949,,,,18.0,66.0
1790783298.9711757,0,missed B,1.25,1.3593,0.7599999999999838,0.9724698623641422,1.2835678566572266,18.0,66.0
1790783299.083721,0,grip capacity exceeded,0.876,2.0245,,,,18.0,66.0
1790783299.1666815,0,grip capacity exceeded,1.512,2.0097,,,,18.0,66.0
1790783299.3000722,0,grip capacity exceeded,1.394,2.0083,,,,18.0,66.0
1790783299.3233087,0,missed B,2.108,0.9629,1.639999999999965,0.021358751253030068,1.1704318231408242,18.0,66.0
1790783299.3611748,0,slipped off A,1.67,1.207,,,,18.0,66.0
1790783299.3937957,0,missed B,1.356,0.8537,0.8599999999999817,0.9780254179196977,1.0407232111415203,18.0,66.0
1790783299.397977,0,grip capacity exceeded,1.316,2.0519,,,,18.0,66.0
1790783299.579866,0,missed B,1.222,1.0801,0.8199999999999825,0.9758031956974755,1.23963999557714,18.0,66.0
1790783299.641033,0,slipped off A,0.198,0.731,,,,18.0,66.0
1790783299.7223554,0,hit wall,1.182,0.998,,,,18.0,66.0
1790783299.7962065,0,missed B,2.102,0.8895,1.6199999999999655,0.02024764014191898,1.4765245657765567,18.0,66.0
1790783299.8319032,0,hit wall,1.342,1.7331,1.2799999999999727,0.0013587512530304953,1.9902566645667146,18.0,66.0
1790783299.833287,0,missed B,1.564,1.0376,1.1599999999999753,0.9946920845863639,1.55578375504816,18.0,66.0
1790783299.8623357,0,hit wall,1.366,1.294,,,,18.0,66.0
1790783299.9048328,0,hit wall,0.784,0.8896,0.6399999999999864,0.9658031956974757,1.7701348015030793,18.0,66.0
1790783299.9092937,0,grip capacity exceeded,0.562,2.0367,,,,18.0,66.0
1790783299.993454,0,hit wall,0.26,0.7521,0.17999999999999616,0.9402476401419206,2.0132320004566684,18.0,66.0
1790783300.036062,0,missed B,0.736,1.0982,0.2199999999999953,0.9424698623641429,1.1968944684842064,18.0,66.0
1790783300.1041834,0,slipped off A,2.098,1.902,,,,18.0,66.0
1790783300.1057982,0,missed B,0.562,0.7251,0.2199999999999953,0.9424698623641429,1.1489165844557963,18.0,66.0
1790783300.2818313,0,hit wall,4.478,1.7535,,,,18.0,66.0
1790783300.3064563,0,missed B,0.868,0.9815,0.49999999999998934,0.9580254179196981,1.1154191012673875,18.0,66.0
1790783300.3432586,0,hit wall,0.182,0.7159,0.11999999999999744,0.9369143068085874,2.0357516890070975,18.0,66.0
1790783301.2155733,0,slipped off A,1.732,1.671,,,,18.0,66.0
1790783301.2157938,0,slipped off A,1.216,1.3808,,,,18.0,66.0
1790783301.2803845,0,missed B,1.048,0.8239,0.5999999999999872,0.9635809734752535,1.1219368830651961,18.0,66.0
1790783301.3846295,0,grip capacity exceeded,0.49,2.0739,,,,18.0,66.0
1790783301.4698231,0,hit wall,2.512,1.5162,,,,18.0,66.0
1790783301.5035517,0,grip capacity exceeded,0.37,2.0518,,,,18.0,66.0
1790783301.5040905,0,grip capacity exceeded,0.872,2.0464,,,,18.0,66.0
1790783301.5220623,0,hit wall,2.528,1.2734,2.439999999999948,0.06580319569747356,2.0260490529021036,18.0,66.0
1790783301.5412924,0,hit wall,0.072,0.498,0.0,0.9302476401419209,2.049763625696788,18.0,66.0
1790783301.5667014,0,missed B,1.26,1.3802,0.8399999999999821,0.9769143068085866,1.4453169889474,18.0,66.0
1790783301.5721354,0,grip capacity exceeded,0.1,2.7039,,,,18.0,66.0
1790783301.6771371,0,missed B,1.182,1.0294,0.6599999999999859,0.9669143068085868,1.2553021439556051,18.0,66.0
1790783301.7342608,0,hit wall,0.474,1.8111,0.3999999999999915,0.9524698623641427,1.9953754255450074,18.0,66.0
1790783301.7887187,0,hit wall,0.344,1.2688,0.2999999999999936,0.9469143068085872,2.054892595785737,18.0,66.0
1790783301.86198,0,hit wall,1.062,1.0928,,,,18.0,66.0
1790783301.868674,0,hit wall,1.138,1.5039,,,,18.0,66.0
1790783301.9476223,0,grip capacity exceeded,2.366,2.0708,,,,18.0,66.0
1790783302.0211196,0,hit wall,0.922,1.1102,0.8399999999999821,0.9769143068085866,1.9556030775402449,18.0,66.0
1790783302.0367234,0,grip capacity exceeded,1.478,2.0805,,,,18.0,66.0
1790783302.063447,0,slipped off A,0.576,0.7268,,,,18.0,66.0
1790783302.0786283,0,hit wall,3.508,1.6212,3.4599999999999262,0.12246986236413902,2.128513072230363,18.0,66.0
1790783302.1018384,0,missed B,0.972,0.8921,0.5799999999999876,0.9624698623641424,1.2968760414177842,18.0,66.0
1790783302.3060632,0,missed B,1.002,0.9761,0.5999999999999872,0.9635809734752535,1.5734930955934496,18.0,66.0
1790783302.410909,0,missed B,2.808,1.9351,2.399999999999949,0.06358097347525139,1.1445803417366847,18.0,66.0
1790783302.4409723,0,hit wall,1.188,1.0373,,,,18.0,66.0
1790783302.4779725,0,missed B,1.28,0.8297,0.8399999999999821,0.9769143068085866,1.434264722654706,18.0,66.0
1790783302.4892535,0,missed B,1.162,0.8655,0.7599999999999838,0.9724698623641422,1.1590127964648362,18.0,66.0
1790783302.4917183,0,missed B,1.204,1.4435,0.7799999999999834,0.9735809734752533,1.204023908212594,18.0,66.0
1790783302.506141,0,hit wall,1.842,1.1398,1.639999999999965,0.021358751253030068,1.8535261408965809,18.0,66.0
1790783302.613856,0,missed B,0.892,1.8262,0.49999999999998934,0.9580254179196981,1.429011476915655,18.0,66.0
1790783302.6734889,0,slipped off A,0.53,1.3451,,,,18.0,66.0
1790783302.8383553,0,hit wall,1.052,0.8892,0.9599999999999795,0.9835809734752531,1.929513471310634,18.0,66.0
1790783302.8452358,0,missed B,2.164,1.0028,1.739999999999963,0.026914306808585507,1.5401892741967913,18.0,66.0
1790783302.9872303,0,hit wall,1.456,1.7462,1.4399999999999693,0.010247640141919194,2.0169655105595448,18.0,66.0
1790783303.1979704,0,hit wall,2.378,1.276,2.33999999999995,0.06024764014191813,2.0621338668183067,18.0,66.0
1790783303.2179952,0,slipped off A,2.23,1.5912,,,,18.0,66.0
1790783303.2753634,0,grip capacity exceeded,1.998,2.3055,,,,18.0,66.0
1790783303.3215122,0,grip capacity exceeded,1.476,2.3785,,,,18.0,66.0
1790783303.5660627,0,missed B,0.874,1.66,0.5399999999999885,0.9602476401419202,1.1925232363445253,18.0,66.0
1790783303.6224825,0,grip capacity exceeded,1.918,2.5826,,,,18.0,66.0
1790783303.6608765,0,missed B,1.358,1.0082,0.8399999999999821,0.9769143068085866,1.388979943192015,18.0,66.0
1790783303.6673887,0,missed B,0.982,0.9374,0.5799999999999876,0.9624698623641424,1.3046086506953387,18.0,66.0
1790783303.6926513,0,missed B,3.748,1.4013,3.239999999999931,0.11024764014191707,1.5588560052555607,18.0,66.0
1790783303.7099738,0,hit wall,3.134,1.6552,3.099999999999934,0.10246986236413945,2.106170807240342,18.0,66.0
1790783303.8387947,0,hit wall,0.54,0.9419,0.47999999999998977,0.956914306808587,2.042614178214835,18.0,66.0
1790783303.9206588,0,grip capacity exceeded,3.282,2.07,,,,18.0,66.0
1790783303.9482298,0,grip capacity exceeded,2.226,2.0723,,,,18.0,66.0
1790783303.9604843,0,slipped off A,0.97,1.6641,,,,18.0,66.0
1790783304.0197215,0,slipped off A,0.216,0.8775,,,,18.0,66.0
1790783304.0903091,0,hit wall,1.522,1.4509,1.4599999999999689,0.011358751253030283,2.0174476685378773,18.0,66.0
1790783304.1946294,0,hit wall,2.076,1.6272,2.0399999999999565,0.04358097347525182,2.046182575774448,18.0,66.0
1790783304.298047,0,hit wall,1.228,1.4873,,,,18.0,66.0
1790783304.3022225,0,missed B,1.53,0.9562,1.1599999999999753,0.9946920845863639,1.1881098227635387,18.0,66.0
1790783304.4011214,0,missed B,2.262,1.2829,1.7599999999999625,0.028025417919696594,1.2946748432162465,18.0,66.0
1790783304.4261773,0,grip capacity exceeded,2.302,2.0399,,,,18.0,66.0
1790783305.3736582,0,hit wall,0.89,1.1151,,,,18.0,66.0
1790783305.5423837,0,grip capacity exceeded,1.108,2.4615,,,,18.0,66.0
1790783305.65269,0,slipped off A,0.822,1.6469,,,,18.0,66.0
1790783305.7180784,0,hit wall,1.526,1.2506,1.4799999999999685,0.01246986236414137,2.018021968617387,18.0,66.0
1790783305.859971,0,hit wall,0.636,1.1217,0.5599999999999881,0.9613587512530314,1.9730832156617364,18.0,66.0
1790783305.9491005,0,hit wall,2.904,1.1872,2.7999999999999403,0.08580319569747313,1.9716144416594046,18.0,66.0
1790783305.9977098,0,missed B,2.784,1.4836,2.399999999999949,0.06358097347525139,1.269300566458954,18.0,66.0
1790783306.013929,0,hit wall,3.482,1.64,,,,18.0,66.0
1790783306.1451535,0,missed B,4.166,1.5875,3.899999999999917,0.14691430680858295,1.7659344945075897,18.0,66.0
1790783306.277518,0,missed B,0.882,1.0033,0.49999999999998934,0.9580254179196981,1.1044240878979412,18.0,66.0
1790783306.4487033,0,grip capacity exceeded,2.318,2.3234,,,,18.0,66.0
1790783306.4868367,0,grip capacity exceeded,1.484,2.2122,,,,18.0,66.0
1790783306.550434,0,missed B,0.824,0.9019,0.4599999999999902,0.955803195697476,1.197535461760913,18.0,66.0
1790783306.5565312,0,missed B,2.168,1.4001,1.7999999999999616,0.030247640141918768,1.0557082836319045,18.0,66.0
1790783306.7353363,0,grip capacity exceeded,0.766,2.3056,,,,18.0,66.0
1790783306.7363229,0,hit wall,3.716,1.9238,3.6799999999999216,0.13469208458636098,2.1429069324604617,18.0,66.0
1790783306.7770312,0,grip capacity exceeded,6.394,2.4375,,,,18.0,66.0
1790783306.8100047,0,missed B,2.67,1.0137,2.2399999999999523,0.05469208458636269,1.34505830553152,18.0,66.0
1790783306.9943862,0,grip capacity exceeded,1.708,2.0793,,,,18.0,66.0
1790783307.1129506,0,hit wall,1.194,1.4473,,,,18.0,66.0
1790783307.125261,0,hit wall,1.116,0.9153,1.0999999999999766,0.9913587512530307,1.9910484387208356,18.0,66.0
1790783307.1258283,0,slipped off A,3.068,1.7149,,,,18.0,66.0
1790783307.3823013,0,missed B,0.718,1.4002,0.3599999999999923,0.9502476401419204,1.3540472714679128,18.0,66.0
1790783307.4650228,0,hit wall,0.956,1.7417,,,,18.0,66.0
1790783307.4751844,0,missed B,0.93,0.7388,0.41999999999999105,0.9535809734752537,1.2441337685002416,18.0,66.0
1790783307.5031998,0,slipped off A,1.41,1.2484,,,,18.0,66.0
1790783307.5366464,0,slipped off A,2.914,1.9906,,,,18.0,66.0
1790783307.6677048,0,missed B,0.55,1.0827,0.09999999999999787,0.9358031956974764,1.1739318892401724,18.0,66.0
1790783307.680121,0,slipped off A,0.482,1.3336,,,,18.0,66.0
1790783307.756546,0,slipped off A,2.81,1.2943,,,,18.0,66.0
1790783307.832103,0,missed B,3.828,0.9414,3.3599999999999284,0.11691430680858358,1.3814420176632023,18.0,66.0
1790783307.901681,0,hit wall,0.738,1.6837,0.6399999999999864,0.9658031956974757,2.0072831399851663,18.0,66.0
1790783307.9350138,0,slipped off A,1.63,1.8518,,,,18.0,66.0
1790783307.9893415,0,hit wall,0.732,1.059,0.6399999999999864,0.9658031956974757,1.9462572463084091,18.0,66.0
1790783308.05661,0,missed B,3.964,1.3717,3.5799999999999237,0.12913652903080555,1.5883362415320361,18.0,66.0
1790783308.1097383,0,missed B,0.656,1.4349,0.3599999999999923,0.9502476401419204,1.555483448911149,18.0,66.0
1790783308.1326895,0,hit wall,0.98,1.0927,0.93999999999998,0.982469862364142,2.0225053694259385,18.0,66.0
1790783308.1643407,0,hit wall,0.738,0.9892,0.5999999999999872,0.9635809734752535,1.8141081817686822,18.0,66.0
1790783308.239411,0,hit wall,0.374,0.7597,0.27999999999999403,0.9458031956974762,1.997948319123998,18.0,66.0
1790783308.3291354,0,hit wall,2.22,1.1044,2.0799999999999557,0.04580319569747399,1.8381921947631064,18.0,66.0
1790783308.344495,0,slipped off A,2.806,1.9263,,,,18.0,66.0
1790783308.4774525,0,grip capacity exceeded,1.424,2.0284,,,,18.0,66.0
1790783308.5469558,0,hit wall,3.264,1.5945,,,,18.0,66.0
1790783308.5473988,0,missed B,0.688,0.9813,0.25999999999999446,0.944692084586365,1.3424644820052152,18.0,66.0
1790783308.5821543,0,hit wall,1.394,0.8674,1.3199999999999719,0.00358097347525267,1.9723821238739292,18.0,66.0
1790783309.487437,0,hit wall,1.68,0.9472,1.5799999999999663,0.018025417919696807,1.9256620426554398,18.0,66.0
1790783309.6345031,0,missed B,0.442,0.5259,0.019999999999999574,0.931358751253032,1.5530189109154515,18.0,66.0
1790783309.6494777,0,missed B,1.704,1.9729,1.2799999999999727,0.0013587512530304953,1.1338706611722167,18.0,66.0
1790783309.6880078,0,slipped off A,0.848,1.5314,,,,18.0,66.0
1790783309.8733044,0,slipped off A,0.73,1.3961,,,,18.0,66.0
1790783309.8822517,0,missed B,3.332,1.1271,2.9799999999999365,0.09580319569747292,1.6107058578121547,18.0,66.0
1790783309.9004395,0,missed B,2.138,1.0308,1.6999999999999638,0.024692084586363332,1.0918696177204479,18.0,66.0
1790783309.9688082,0,grip capacity exceeded,1.684,2.2177,,,,18.0,66.0
1790783310.033195,0,hit wall,1.184,0.85,1.0599999999999774,0.9891365290308085,1.8722040193000573,18.0,66.0
1790783310.0413067,0,hit wall,0.414,1.2531,0.33999999999999275,0.9491365290308094,2.025897494133629,18.0,66.0
1790783310.0879092,0,missed B,2.2,1.4953,1.8199999999999612,0.03135875125302986,1.494769423055367,18.0,66.0
1790783310.1079726,0,grip capacity exceeded,0.066,2.1346,,,,18.0,66.0
1790783310.2859604,0,grip capacity exceeded,0.856,2.1484,,,,18.0,66.0
1790783310.2881448,0,hit wall,1.21,1.3695,1.1599999999999753,0.9946920845863639,2.0125680468529827,18.0,66.0
1790783310.4287534,0,grip capacity exceeded,1.842,2.0981,,,,18.0,66.0
1790783310.6247241,0,grip capacity exceeded,2.278,2.0109,,,,18.0,66.0
1790783310.7086039,0,slipped off A,4.15,1.3373,,,,18.0,66.0
1790783310.771752,0,grip capacity exceeded,2.392,2.688,,,,18.0,66.0
1790783310.823856,0,missed B,3.742,1.9192,3.379999999999928,0.11802541791969468,1.6842678535044504,18.0,66.0
1790783310.922569,0,missed B,2.198,1.3393,1.8199999999999612,0.03135875125302986,1.304490221908845,18.0,66.0
1790783310.9786499,0,hit wall,1.112,1.6524,1.0599999999999774,0.9891365290308085,2.00707945161513,18.0,66.0
1790783311.1692529,0,grip capacity exceeded,2.992,2.1973,,,,18.0,66.0
1790783311.4175732,0,grip capacity exceeded,4.612,2.2674,,,,18.0,66.0
1790783311.4223583,0,hit wall,1.408,1.0878,,,,18.0,66.0
1790783311.5200818,0,missed B,1.87,1.1872,1.3199999999999719,0.00358097347525267,1.19558837786869,18.0,66.0
1790783311.6420033,0,hit wall,2.696,1.4522,,,,18.0,66.0
1790783311.7198763,0,slipped off A,4.09,1.4361,,,,18.0,66.0
1790783311.8101754,0,hit wall,3.416,1.1849,3.379999999999928,0.11802541791969468,2.1236088012359158,18.0,66.0
1790783311.8370533,0,slipped off A,0.35,1.9112,,,,18.0,66.0
1790783311.8415136,0,grip capacity exceeded,1.248,2.1843,,,,18.0,66.0
1790783311.947073,0,slipped off A,3.47,1.9106,,,,18.0,66.0
1790783312.08865,0,missed B,2.828,1.1608,2.479999999999947,0.06802541791969574,1.1929683669392301,18.0,66.0
1790783312.164801,0,grip capacity exceeded,2.054,2.0048,,,,18.0,66.0
1790783312.1977735,0,hit wall,1.806,0.9671,1.7599999999999625,0.028025417919696594,2.031828428094197,18.0,66.0
1790783312.202841,0,hit wall,2.474,1.291,,,,18.0,66.0
1790783312.380567,0,hit wall,1.804,1.4202,,,,18.0,66.0
1790783312.471044,0,hit wall,0.868,1.1851,,,,18.0,66.0
1790783312.5468903,0,hit wall,2.458,0.9531,2.3199999999999505,0.059136529030807045,1.8737951010006144,18.0,66.0
1790783312.594185,0,hit wall,2.22,1.3295,2.1799999999999535,0.05135875125302943,2.05347135355066,18.0,66.0
1790783313.4561138,0,grip capacity exceeded,2.792,2.1198,,,,18.0,66.0
1790783313.4572601,0,missed B,1.694,1.1057,1.2399999999999736,0.9991365290308083,1.0089728219486482,18.0,66.0
1790783313.5384328,0,grip capacity exceeded,0.912,2.4128,,,,18.0,66.0
1790783313.7725246,0,missed B,0.584,0.7172,0.13999999999999702,0.9380254179196985,1.293957386343099,18.0,66.0
1790783313.7746816,0,missed B,1.246,1.087,0.7599999999999838,0.9724698623641422,1.1807022230600153,18.0,66.0
1790783313.79416,0,grip capacity exceeded,2.476,2.1482,,,,18.0,66.0
1790783313.9933128,0,missed B,1.702,0.843,1.2599999999999731,0.0002476401419194079,1.3603002865756266,18.0,66.0
1790783314.0240078,0,missed B,0.738,0.9318,0.3199999999999932,0.9480254179196983,1.1337567768050583,18.0,66.0
1790783314.0276864,0,missed B,3.564,1.0716,3.099999999999934,0.10246986236413945,1.3623221548172906,18.0,66.0
1790783314.2396119,0,slipped off A,1.414,1.07,,,,18.0,66.0
1790783314.3754115,0,missed B,2.7,1.5231,2.299999999999951,0.058025417919695954,1.4053223503116514,18.0,66.0
1790783314.516857,0,missed B,1.63,1.5261,1.1999999999999744,0.9969143068085862,1.2236549362661522,18.0,66.0
1790783314.5232356,0,missed B,4.112,1.2982,3.699999999999921,0.13580319569747207,1.5385599843063793,18.0,66.0
1790783314.605005,0,missed B,1.782,1.6897,1.4799999999999685,0.01246986236414137,1.0373508358490062,18.0,66.0
1790783314.6423652,0,hit wall,0.112,0.498,0.0,0.9302476401419209,1.9485688098628653,18.0,66.0
1790783314.6497707,0,grip capacity exceeded,0.81,2.1334,,,,18.0,66.0
1790783314.6891265,0,slipped off A,0.502,1.2375,,,,18.0,66.0
1790783314.694038,0,grip capacity exceeded,2.756,2.0403,,,,18.0,66.0
1790783314.8796067,0,grip capacity exceeded,2.738,2.1287,,,,18.0,66.0
1790783314.9666905,0,missed B,1.444,0.9089,0.9799999999999791,0.9846920845863641,1.124754490311427,18.0,66.0
1790783314.977749,0,slipped off A,4.63,1.5881,,,,18.0,66.0
1790783315.2407088,0,hit wall,1.84,1.0324,,,,18.0,66.0
1790783315.3682137,0,hit wall,3.616,1.5797,,,,18.0,66.0
1790783315.4317815,0,hit wall,2.564,1.1143,,,,18.0,66.0
1790783315.4508977,0,missed B,1.548,1.0479,1.0399999999999778,0.9880254179196974,1.4154531834001605,18.0,66.0
1790783315.5580077,0,hit wall,3.004,1.891,,,,18.0,66.0
1790783315.7292905,0,slipped off A,1.2,1.5977,,,,18.0,66.0
1790783315.8145552,0,grip capacity exceeded,2.664,2.0856,,,,18.0,66.0
1790783315.889915,0,missed B,1.418,0.9265,0.9999999999999787,0.9858031956974753,1.2457725920875011,18.0,66.0
1790783316.1078765,0,slipped off A,3.81,1.428,,,,18.0,66.0
1790783316.5249953,0,missed B,1.38,0.8958,0.93999999999998,0.982469862364142,1.5316312593505157,18.0,66.0
1790783316.573707,0,hit wall,4.22,1.3054,,,,18.0,66.0
1790783317.7626245,0,grip capacity exceeded,6.546,2.4658,,,,18.0,66.0
1790783317.79025,0,hit wall,3.764,1.5531,3.699999999999921,0.13580319569747207,2.1368885095350367,18.0,66.0
1790783318.1001399,0,missed B,0.814,0.9603,0.4399999999999906,0.9546920845863648,1.2004470936257092,18.0,66.0
1790783318.154274,0,missed B,1.568,1.0172,1.0999999999999766,0.9913587512530307,1.3412754828338662,18.0,66.0
1790783318.1834235,0,grip capacity exceeded,5.216,2.4907,,,,18.0,66.0
1790783318.3230164,0,hit wall,4.73,1.2101,,,,18.0,66.0
1790783318.5063024,0,grip capacity exceeded,2.166,2.0605,,,,18.0,66.0
1790783318.5580504,0,hit wall,1.174,1.3706,,,,18.0,66.0
1790783318.6027608,0,missed B,3.176,1.0906,2.759999999999941,0.08358097347525097,1.5330394963116751,18.0,66.0
1790783318.7481225,0,slipped off A,5.61,1.2737,,,,18.0,66.0
1790783318.7927828,0,hit wall,0.586,1.1594,0.49999999999998934,0.9580254179196981,1.959152854051015,18.0,66.0
1790783318.8679843,0,grip capacity exceeded,2.32,2.1233,,,,18.0,66.0
1790783318.8866682,0,hit wall,6.328,1.5031,6.219999999999867,0.2758031956974691,2.230380206059771,18.0,66.0
1790783318.9562845,0,missed B,1.336,1.6363,0.9199999999999804,0.981358751253031,1.3084447997706907,18.0,66.0
1790783318.9782405,0,slipped off A,0.07,1.2356,,,,18.0,66.0
1790783318.9893684,0,slipped off A,2.89,1.3839,,,,18.0,66.0
1790783319.0273607,0,grip capacity exceeded,0.874,2.1444,,,,18.0,66.0
1790783319.1645353,0,grip capacity exceeded,2.802,2.233,,,,18.0,66.0
1790783319.2640128,0,slipped off A,0.97,1.9584,,,,18.0,66.0
1790783319.4590657,0,hit wall,3.164,1.0837,,,,18.0,66.0
1790783319.56149,0,missed B,0.906,0.8246,0.4599999999999902,0.955803195697476,1.1860657341407932,18.0,66.0
1790783319.8354716,0,hit wall,3.168,1.8108,,,,18.0,66.0
1790783319.8581383,0,missed B,2.716,1.1947,2.399999999999949,0.06358097347525139,1.8766567958849432,18.0,66.0
1790783319.9268954,0,grip capacity exceeded,0.26,2.4461,,,,18.0,66.0
1790783319.9323063,0,grip capacity exceeded,1.232,2.1287,,,,18.0,66.0
1790783319.9692535,0,hit wall,3.192,1.2356,,,,18.0,66.0
1790783320.2201111,0,slipped off A,0.994,1.6474,,,,18.0,66.0
1790783320.2427552,0,grip capacity exceeded,0.058,2.5313,,,,18.0,66.0
1790783320.2665448,0,missed B,3.372,1.7785,3.0799999999999343,0.10135875125302836,1.584854543003082,18.0,66.0
1790783320.4084961,0,slipped off A,1.23,1.7465,,,,18.0,66.0
1790783320.5550253,0,missed B,5.3,1.1094,4.879999999999896,0.20135875125302624,1.7536383912692242,18.0,66.0
1790783320.679825,0,missed B,6.148,1.1947,5.799999999999876,0.25246986236413627,1.8500846441423362,18.0,66.0
1790783320.7900314,0,missed B,1.626,0.9863,1.1799999999999748,0.9958031956974751,1.2884825648436138,18.0,66.0
1790783320.92534,0,missed B,2.99,1.028,2.5599999999999454,0.07246986236414009,1.501833711210426,18.0,66.0
1790783321.999229,0,hit wall,1.198,1.2235,1.0999999999999766,0.9913587512530307,1.901238613076951,18.0,66.0
1790783322.0126925,0,missed B,3.426,1.7418,3.0599999999999348,0.10024764014191728,1.8162107670760614,18.0,66.0
1790783322.5627193,0,missed B,6.6,1.6235,6.359999999999864,0.2835809734752467,2.049523424164315,18.0,66.0
1790783322.598154,0,missed B,2.594,1.0606,2.1399999999999544,0.04913652903080726,1.2357259011121335,18.0,66.0
1790783322.9107232,0,hit wall,5.244,1.8899,5.219999999999889,0.22024764014191472,2.253028239362097,18.0,66.0
1790783322.9162755,0,grip capacity exceeded,2.734,2.8201,,,,18.0,66.0
1790783323.1509018,0,grip capacity exceeded,5.058,2.4822,,,,18.0,66.0
1790783323.184896,0,hit wall,0.814,1.0702,0.6999999999999851,0.9691365290308089,1.9081318894607848,18.0,66.0
1790783323.393724,0,hit wall,4.266,0.9333,4.179999999999911,0.16246986236413818,2.1056588864610495,18.0,66.0
1790783323.5512202,0,missed B,6.926,1.6814,6.439999999999863,0.28802541791969105,1.9786453416265668,18.0,66.0
1790783323.5862377,0,slipped off A,3.33,1.3603,,,,18.0,66.0
1790783323.604362,0,hit wall,5.448,1.4715,,,,18.0,66.0
1790783323.8499324,0,missed B,0.686,0.6844,0.19999999999999574,0.9413587512530318,1.3040583498168044,18.0,66.0
1790783323.8620162,0,hit wall,3.092,1.2816,2.999999999999936,0.09691430680858401,2.0531179033687685,18.0,66.0
1790783324.268372,0,hit wall,1.354,0.9589,,,,18.0,66.0
1790783324.3061187,0,missed B,2.388,1.1859,1.8999999999999595,0.035803195697474206,1.1358689476646642,18.0,66.0
1790783324.3116362,0,hit wall,3.846,1.3003,,,,18.0,66.0
1790783324.3659022,0,slipped off A,3.95,1.5563,,,,18.0,66.0
1790783324.3685775,0,grip capacity exceeded,5.756,2.515,,,,18.0,66.0
1790783324.4410686,0,hit wall,1.942,1.9288,1.8999999999999595,0.035803195697474206,2.018709926772551,18.0,66.0
1790783324.755997,0,hit wall,1.422,0.9878,,,,18.0,66.0
1790783324.7839606,0,slipped off A,3.81,1.8823,,,,18.0,66.0
1790783325.0420728,0,missed B,0.772,0.8975,0.33999999999999275,0.9491365290308094,1.2538360947225398,18.0,66.0
1790783325.0630274,0,missed B,5.276,1.7026,4.8999999999998956,0.20246986236413733,1.6332762708028108,18.0,66.0
1790783326.3454344,0,missed B,1.406,0.9993,0.93999999999998,0.982469862364142,1.2718535448321207,18.0,66.0
1790783326.3759394,0,missed B,0.82,0.8414,0.4399999999999906,0.9546920845863648,1.3808446835300305,18.0,66.0
1790783326.6946945,0,missed B,3.748,0.9313,3.3599999999999284,0.11691430680858358,1.4315132293943702,18.0,66.0
1790783326.9473429,0,hit wall,4.752,1.8201,4.579999999999902,0.1846920845863599,1.9819576605117164,18.0,66.0
1790783326.988196,0,grip capacity exceeded,4.644,2.4259,,,,18.0,66.0
1790783327.032037,0,missed B,1.934,1.1094,1.5399999999999672,0.015803195697474633,1.246879880511472,18.0,66.0
1790783327.1623716,0,missed B,1.38,0.8746,0.9799999999999791,0.9846920845863641,1.3505300330575762,18.0,66.0
1790783327.2182927,0,slipped off A,5.63,0.9928,,,,18.0,66.0
1790783327.2739022,0,missed B,2.71,0.9371,2.2799999999999514,0.056914306808584864,1.7876218219400322,18.0,66.0
1790783327.290913,0,grip capacity exceeded,5.292,2.5052,,,,18.0,66.0
1790783327.4911056,0,grip capacity exceeded,1.464,2.015,,,,18.0,66.0
1790783327.6069443,0,hit wall,2.008,0.9202,,,,18.0,66.0
1790783327.7852545,0,hit wall,5.14,1.0173,5.099999999999891,0.21358097347524818,2.243659131201987,18.0,66.0
1790783328.2144203,0,missed B,2.134,1.1561,1.7599999999999625,0.028025417919696594,1.6329021544629474,18.0,66.0
1790783328.2223036,0,hit wall,3.252,0.9274,3.199999999999932,0.10802541791969489,2.0969138471972246,18.0,66.0
1790783328.368401,0,slipped off A,0.476,1.034,,,,18.0,66.0
1790783328.3907478,0,missed B,2.058,1.0181,1.639999999999965,0.021358751253030068,1.1050470651338549,18.0,66.0
1790783328.498297,0,missed B,3.482,0.9806,3.1199999999999335,0.10358097347525054,1.3955320072192956,18.0,66.0
1790783328.500048,0,missed B,4.854,1.1921,4.4799999999999045,0.1791365290308045,1.5943879323249603,18.0,66.0
1790783328.5832067,0,grip capacity exceeded,4.426,2.5403,,,,18.0,66.0
1790783328.6937215,0,hit wall,0.694,0.8446,0.5599999999999881,0.9613587512530314,1.8347299048806252,18.0,66.0
1790783328.8830824,0,grip capacity exceeded,2.246,2.1086,,,,18.0,66.0
1790783329.1631908,0,slipped off A,6.55,1.5104,,,,18.0,66.0
1790783329.1842225,0,slipped off A,6.78,1.6751,,,,18.0,66.0
1790783330.4688222,0,missed B,4.014,0.9928,3.559999999999924,0.12802541791969446,1.4617941900642848,18.0,66.0
1790783330.6911523,0,missed B,3.598,0.9863,3.179999999999932,0.1069143068085838,1.514993737724598,18.0,66.0
1790783330.7453053,0,grip capacity exceeded,4.454,2.1597,,,,18.0,66.0
1790783330.971985,0,missed B,2.984,1.5947,2.5599999999999454,0.07246986236414009,1.2034725294153001,18.0,66.0
1790783331.036554,0,slipped off A,5.81,1.2689,,,,18.0,66.0
1790783331.046344,0,hit wall,5.068,0.9955,4.939999999999895,0.20469208458635949,2.0359628018392106,18.0,66.0
1790783331.2341857,0,grip capacity exceeded,3.736,2.0027,,,,18.0,66.0
1790783331.439464,0,missed B,1.408,0.927,1.0599999999999774,0.9891365290308085,1.3484135972835214,18.0,66.0
1790783331.4558394,0,hit wall,3.038,1.0187,2.999999999999936,0.09691430680858401,2.1000446903269814,18.0,66.0
1790783331.6115496,0,hit wall,5.868,1.2733,5.8399999999998755,0.25469208458635845,2.301753115909669,18.0,66.0
1790783331.7326536,0,missed B,3.25,0.8772,2.7999999999999403,0.08580319569747313,1.4431739396488514,18.0,66.0
1790783332.0004792,0,missed B,1.176,1.212,0.8399999999999821,0.9769143068085866,1.0729993112956053,18.0,66.0
1790783332.050997,0,missed B,0.998,0.8682,0.5999999999999872,0.9635809734752535,1.1098812234634836,18.0,66.0
1790783332.0786793,0,missed B,3.274,1.2773,2.9399999999999373,0.09358097347525075,1.1459130644078628,18.0,66.0
1790783332.237043,0,missed B,2.526,1.3986,2.0799999999999557,0.04580319569747399,1.2567441576620335,18.0,66.0
1790783332.2875202,0,missed B,4.96,1.126,4.6999999999999,0.19135875125302645,1.6229541970116732,18.0,66.0
1790783332.3853502,0,grip capacity exceeded,3.16,2.175,,,,18.0,66.0
1790783332.4956388,0,hit wall,0.386,0.86,0.25999999999999446,0.944692084586365,1.8603208564355451,18.0,66.0
1790783332.6561775,0,slipped off A,2.09,1.3495,,,,18.0,66.0
1790783332.6846275,0,missed B,0.624,0.9483,0.25999999999999446,0.944692084586365,1.459177718868192,18.0,66.0
1790783332.697408,0,missed B,1.624,0.8916,1.1599999999999753,0.9946920845863639,1.5950076887583458,18.0,66.0
1790783332.7581267,0,grip capacity exceeded,5.688,2.0693,,,,18.0,66.0
1790783332.928673,0,missed B,0.764,0.665,0.3799999999999919,0.9513587512530316,1.4120551123170701,18.0,66.0
1790783333.007402,0,missed B,3.218,0.9313,2.759999999999941,0.08358097347525097,1.4870066711549719,18.0,66.0
1790783333.0152392,0,missed B,5.768,1.1481,5.459999999999884,0.23358097347524776,1.5410796783944782,18.0,66.0
1790783333.1622212,0,missed B,0.634,0.9489,0.2199999999999953,0.9424698623641429,1.1135488822266626,18.0,66.0
1790783333.2209294,0,missed B,1.226,0.8928,0.7399999999999842,0.9713587512530312,1.3523878220342396,18.0,66.0
1790783333.343937,0,hit wall,4.316,1.1298,4.23999999999991,0.16580319569747143,2.1454221262525874,18.0,66.0
1790783334.4274023,0,missed B,2.77,1.1135,2.2799999999999514,0.056914306808584864,1.2208988334823314,18.0,66.0
1790783334.8267949,0,missed B,2.56,0.9541,2.199999999999953,0.052469862364140515,1.2508367018280595,18.0,66.0
1790783334.878971,0,grip capacity exceeded,5.656,2.2607,,,,18.0,66.0
1790783335.0536053,0,missed B,3.44,1.0262,3.099999999999934,0.10246986236413945,1.7379815224337345,18.0,66.0
1790783335.1174114,0,hit wall,4.026,1.0866,3.9599999999999156,0.15024764014191622,2.156356807351568,18.0,66.0
1790783335.1897779,0,slipped off A,0.404,0.8339,,,,18.0,66.0
1790783335.5177667,0,missed B,5.238,1.1008,4.8999999999998956,0.20246986236413733,1.5222678732013226,18.0,66.0
1790783335.621404,0,grip capacity exceeded,0.292,2.0124,,,,18.0,66.0
1790783335.660714,0,missed B,4.758,0.9828,4.3399999999999075,0.17135875125302688,1.6800728840731465,18.0,66.0
1790783335.66761,0,missed B,2.386,1.1928,1.9599999999999582,0.03913652903080747,1.5008615648291466,18.0,66.0
1790783335.8324976,0,missed B,2.172,1.2154,1.739999999999963,0.026914306808585507,1.4386467101103193,18.0,66.0
1790783335.8827307,0,missed B,0.646,1.8179,0.2199999999999953,0.9424698623641429,1.3273084135448554,18.0,66.0
1790783336.1811497,0,slipped off A,5.53,1.511,,,,18.0,66.0
1790783336.288519,0,hit wall,8.682,1.2432,,,,18.0,66.0
1790783336.6371558,0,missed B,3.528,0.8823,3.199999999999932,0.10802541791969489,1.2711143619542205,18.0,66.0
1790783336.8386204,0,slipped off A,0.708,0.9797,,,,18.0,66.0
1790783336.8520098,0,hit wall,5.586,1.9379,5.519999999999882,0.23691430680858103,2.2572065092156897,18.0,66.0
1790783336.964737,0,hit wall,4.554,1.9459,4.499999999999904,0.18024764014191558,2.1991660830011193,18.0,66.0
1790783336.992137,0,grip capacity exceeded,4.118,2.1955,,,,18.0,66.0
1790783337.0961227,0,hit wall,7.49,1.5915,7.459999999999841,0.34469208458635653,2.4403832016760303,18.0,66.0
1790783337.1045082,0,missed B,4.27,1.056,3.9599999999999156,0.15024764014191622,1.845861467130015,18.0,66.0
1790783338.3559518,0,missed B,1.524,1.2921,1.1399999999999757,0.9935809734752529,1.557078987388138,18.0,66.0
1790783338.5307806,0,slipped off A,1.774,0.9662,,,,18.0,66.0
1790783338.8428192,0,missed B,5.57,1.3367,5.319999999999887,0.22580319569747015,1.8874236380942955,18.0,66.0
1790783339.0225594,0,missed B,1.486,1.4521,0.9799999999999791,0.9846920845863641,1.243036304691412,18.0,66.0
1790783339.114402,0,missed B,2.304,0.8687,1.9799999999999578,0.040247640141918554,1.3140465363367413,18.0,66.0
1790783339.2664142,0,hit wall,7.286,1.1151,7.239999999999846,0.33246986236413456,2.420450540239532,18.0,66.0
1790783339.6966615,0,hit wall,6.076,1.0149,6.019999999999872,0.26469208458635823,2.316151838947477,18.0,66.0
1790783339.7115934,0,hit wall,6.078,1.8596,5.959999999999873,0.26135875125302493,2.2711276554983004,18.0,66.0
1790783339.7385018,0,grip capacity exceeded,5.774,2.2464,,,,18.0,66.0
1790783339.7402709,0,hit wall,5.362,0.9561,5.2799999999998875,0.22358097347524797,2.2025817497401174,18.0,66.0
1790783339.959724,0,hit wall,2.784,1.8298,2.679999999999943,0.07913652903080662,1.9730882509924244,18.0,66.0
1790783340.0602453,0,grip capacity exceeded,2.836,2.0165,,,,18.0,66.0
1790783340.505898,0,missed B,5.29,1.2991,4.999999999999893,0.20802541791969276,1.8228520886695596,18.0,66.0
1790783340.7926593,0,grip capacity exceeded,3.812,2.1742,,,,18.0,66.0
1790783341.013421,0,missed B,4.54,1.4266,4.159999999999911,0.1613587512530271,1.7253841530845375,18.0,66.0
1790783341.1284814,0,missed B,4.078,1.5825,3.6399999999999224,0.13246986236413882,1.3287338541676357,18.0,66.0
1790783341.177006,0,hit wall,0.112,0.498,0.0,0.9302476401419209,1.9484520412101705,18.0,66.0
1790783341.2028458,0,missed B,4.952,1.3216,4.559999999999903,0.18358097347524882,1.7224663295018323,18.0,66.0
1790783341.3070133,0,hit wall,4.278,0.9382,4.179999999999911,0.16246986236413818,2.081491910338152,18.0,66.0
1790783341.3297184,0,missed B,5.346,1.4705,5.039999999999893,0.21024764014191494,1.988075936811891,18.0,66.0
1790783342.6914003,0,hit wall,8.254,1.5346,8.219999999999825,0.38691430680857786,2.5102694721742376,18.0,66.0
1790783343.3008268,0,grip capacity exceeded,4.04,2.0883,,,,18.0,66.0
1790783343.3504727,0,missed B,3.762,1.0203,3.3599999999999284,0.11691430680858358,1.2649317219939642,18.0,66.0
1790783343.5152423,0,grip capacity exceeded,6.958,2.4731,,,,18.0,66.0
1790783343.597287,0,slipped off A,4.892,1.2456,,,,18.0,66.0
1790783343.792741,0,slipped off A,6.73,1.8194,,,,18.0,66.0
1790783344.069648,0,missed B,6.914,1.4534,6.619999999999859,0.29802541791969084,1.8476227047251572,18.0,66.0
1790783344.1667686,0,grip capacity exceeded,6.356,2.0177,,,,18.0,66.0
1790783344.5386908,0,missed B,3.296,1.1469,2.9799999999999365,0.09580319569747292,1.6025211333084177,18.0,66.0
1790783344.625942,0,hit wall,4.298,0.9527,4.179999999999911,0.16246986236413818,2.0309651842678074,18.0,66.0
1790783344.9154098,0,grip capacity exceeded,7.31,2.2921,,,,18.0,66.0
1790783344.9181306,0,hit wall,1.006,1.5905,0.9799999999999791,0.9846920845863641,2.019520341100811,18.0,66.0
1790783345.2585,0,grip capacity exceeded,3.642,2.0721,,,,18.0,66.0
1790783345.4557989,0,missed B,6.922,1.1379,6.659999999999858,0.300247640141913,1.9208961282672024,18.0,66.0
1790783346.5470648,0,hit wall,5.486,1.0178,5.4199999999998845,0.2313587512530256,2.245054883442233,18.0,66.0
1790783346.631599,0,grip capacity exceeded,6.616,2.4868,,,,18.0,66.0
1790783346.9457002,0,grip capacity exceeded,8.184,2.6445,,,,18.0,66.0
1790783347.1555488,0,missed B,2.778,1.3137,2.439999999999948,0.06580319569747356,1.2491582201133906,18.0,66.0
1790783347.3420482,0,grip capacity exceeded,1.364,2.0985,,,,18.0,66.0
1790783347.5252202,0,grip capacity exceeded,5.758,2.3661,,,,18.0,66.0
1790783347.7302554,0,missed B,1.768,0.8845,1.3399999999999714,0.004692084586363758,1.2859129603465616,18.0,66.0
1790783348.0859053,0,missed B,6.318,0.9051,6.019999999999872,0.26469208458635823,1.6427383073525368,18.0,66.0
1790783348.1704576,0,missed B,9.042,1.2595,8.779999999999813,0.4180254179196883,2.402077569319189,18.0,66.0
1790783348.3402677,0,hit wall,3.156,1.0548,3.0599999999999348,0.10024764014191728,2.010188084407148,18.0,66.0
1790783348.4355454,0,missed B,1.22,0.8749,0.799999999999983,0.9746920845863644,1.167427927859157,18.0,66.0
1790783348.4817374,0,grip capacity exceeded,5.942,2.3449,,,,18.0,66.0
1790783348.7356162,0,grip capacity exceeded,3.972,2.1155,,,,18.0,66.0
1790783349.3420625,0,slipped off A,9.172,1.4787,,,,18.0,66.0
1790783350.4130478,0,missed B,2.684,0.8752,2.259999999999952,0.05580319569747378,1.5793964078671783,18.0,66.0
1790783350.4988902,0,hit wall,12.686,1.3366,12.65999999999973,0.6335809734752392,2.47574068883251,18.0,66.0
1790783350.616013,0,missed B,4.664,1.5616,4.3399999999999075,0.17135875125302688,1.355333165147956,18.0,66.0
1790783350.7735312,0,grip capacity exceeded,5.794,2.6091,,,,18.0,66.0
1790783350.9546602,0,grip capacity exceeded,5.398,2.1563,,,,18.0,66.0
1790783351.3571763,0,missed B,1.256,0.8185,0.8799999999999812,0.9791365290308087,1.1185407210656715,18.0,66.0
1790783351.504381,0,grip capacity exceeded,9.492,2.1194,,,,18.0,66.0
1790783351.84125,0,missed B,5.172,1.0988,4.779999999999898,0.1958031956974708,1.8605925338252645,18.0,66.0
1790783351.9011242,0,hit wall,1.304,0.8938,,,,18.0,66.0
1790783352.065717,0,slipped off A,5.29,1.1742,,,,18.0,66.0
1790783352.2890058,0,hit wall,3.174,1.0621,,,,18.0,66.0
1790783352.7155912,0,hit wall,11.28,1.7205,,,,18.0,66.0
1790783352.775664,0,missed B,1.778,1.0287,1.2799999999999727,0.0013587512530304953,1.20761985490031,18.0,66.0
1790783353.120827,0,grip capacity exceeded,8.43,2.5006,,,,18.0,66.0
1790783353.1718416,0,grip capacity exceeded,8.928,2.286,,,,18.0,66.0
1790783353.2058542,0,hit wall,8.202,1.6713,8.159999999999826,0.38358097347524456,2.5045888192043018,18.0,66.0
1790783354.3678172,0,slipped off A,0.96,0.9939,,,,18.0,66.0
1790783354.5256512,0,missed B,2.804,0.862,2.3799999999999493,0.0624698623641403,1.2223398533647594,18.0,66.0
1790783355.0790968,0,grip capacity exceeded,7.69,2.6309,,,,18.0,66.0
1790783355.3633175,0,grip capacity exceeded,8.762,2.0672,,,,18.0,66.0
1790783355.3971972,0,missed B,5.728,1.0175,5.4199999999998845,0.2313587512530256,1.663169737066178,18.0,66.0
1790783356.0058033,0,grip capacity exceeded,10.092,2.1156,,,,18.0,66.0
1790783356.32091,0,grip capacity exceeded,5.808,2.2053,,,,18.0,66.0
1790783356.5212028,0,hit wall,8.108,1.8139,8.039999999999829,0.37691430680857807,2.4932718571702335,18.0,66.0
1790783356.661363,0,grip capacity exceeded,8.4,2.1547,,,,18.0,66.0
1790783356.8035223,0,missed B,0.804,1.4263,0.4399999999999906,0.9546920845863648,1.4208223878951398,18.0,66.0
1790783356.8137336,0,grip capacity exceeded,7.726,2.1884,,,,18.0,66.0
1790783356.9169104,0,missed B,2.934,0.9313,2.479999999999947,0.06802541791969574,1.2396008964512448,18.0,66.0
1790783357.3327386,0,grip capacity exceeded,6.486,2.312,,,,18.0,66.0
1790783357.4487495,0,grip capacity exceeded,3.666,2.1451,,,,18.0,66.0
1790783358.4077199,0,missed B,2.76,1.5158,2.4199999999999484,0.06469208458636248,1.2003152997244766,18.0,66.0
1790783359.4977505,0,missed B,5.732,0.9884,5.4199999999998845,0.2313587512530256,1.7586353021447292,18.0,66.0
1790783359.6600358,0,missed B,4.794,0.9803,4.419999999999906,0.17580319569747122,1.5884403458173288,18.0,66.0
1790783359.6938214,0,hit wall,3.946,1.0696,3.839999999999918,0.14358097347524967,2.0461314777571395,18.0,66.0
1790783359.7845187,0,grip capacity exceeded,12.604,2.0723,,,,18.0,66.0
1790783360.4164004,0,grip capacity exceeded,9.61,2.0281,,,,18.0,66.0
1790783360.5958877,0,hit wall,9.794,1.5596,9.759999999999792,0.4724698623641316,2.6601669004028463,18.0,66.0
1790783360.652514,0,hit wall,14.574,1.8992,,,,18.0,66.0
1790783360.8259187,0,grip capacity exceeded,8.334,2.7196,,,,18.0,66.0
1790783360.8647819,0,grip capacity exceeded,0.112,2.7553,,,,18.0,66.0
1790783361.3896394,0,missed B,2.988,0.9588,2.539999999999946,0.071358751253029,1.3807581158288231,18.0,66.0
1790783362.7707057,0,missed B,1.828,1.0737,1.3799999999999706,0.006914306808585933,1.130788900661995,18.0,66.0
1790783362.9152827,0,missed B,7.816,1.7439,7.4799999999998406,0.3458031956974676,1.7928116927609614,18.0,66.0
1790783362.9786322,0,grip capacity exceeded,8.638,2.0658,,,,18.0,66.0
1790783363.1307554,0,missed B,5.174,1.6881,4.7599999999998985,0.1946920845863597,1.810377938236907,18.0,66.0
1790783363.198132,0,hit wall,1.314,0.8613,1.1599999999999753,0.9946920845863639,1.6066107813207828,18.0,66.0
1790783363.4544811,0,missed B,5.556,1.1294,5.199999999999889,0.21913652903080363,1.6603429738484903,18.0,66.0
1790783363.6946595,0,hit wall,1.574,1.1225,1.5199999999999676,0.014692084586363544,2.0190383550807733,18.0,66.0
1790783363.8331761,0,grip capacity exceeded,7.632,2.0554,,,,18.0,66.0
1790783363.8429422,0,hit wall,10.862,1.2459,10.77999999999977,0.529136529030797,2.6102632305092115,18.0,66.0
1790783363.9931748,0,grip capacity exceeded,0.532,2.179,,,,18.0,66.0
1790783364.2599125,0,hit wall,3.774,0.9167,3.7199999999999207,0.13691430680858316,2.1431338374519364,18.0,66.0
1790783364.4094036,0,grip capacity exceeded,12.474,2.1086,,,,18.0,66.0
1790783364.4825408,0,slipped off A,5.07,1.2155,,,,18.0,66.0
1790783364.6311784,0,hit wall,0.442,1.6983,0.3199999999999932,0.9480254179196983,1.8514517501904073,18.0,66.0
1790783364.798309,0,missed B,1.778,1.0297,1.359999999999971,0.005803195697474845,1.3778484874261716,18.0,66.0
1790783364.848041,0,grip capacity exceeded,4.652,2.1283,,,,18.0,66.0
1790783364.8564346,0,missed B,6.348,1.0936,5.899999999999874,0.2580254179196917,1.6146491859257335,18.0,66.0
1790783365.0893934,0,grip capacity exceeded,0.85,2.623,,,,18.0,66.0
1790783365.1719751,0,hit wall,4.38,1.4475,4.299999999999908,0.1691365290308047,2.132647310553115,18.0,66.0
1790783366.3836432,0,missed B,2.32,0.9248,1.9599999999999582,0.03913652903080747,1.3889303683867795,18.0,66.0
1790783367.3676338,0,missed B,6.136,1.1138,5.8399999999998755,0.25469208458635845,2.011202021473925,18.0,66.0
1790783367.3758764,0,missed B,6.896,1.3111,6.57999999999986,0.29580319569746866,1.9434275587529566,18.0,66.0
1790783367.669288,0,hit wall,10.408,1.1411,,,,18.0,66.0
1790783367.7012715,0,hit wall,9.442,1.2394,9.3799999999998,0.4513587512530209,2.6093388564832365,18.0,66.0
1790783367.9602818,0,slipped off A,5.276,1.4264,,,,18.0,66.0
1790783367.9749084,0,grip capacity exceeded,0.06,2.1585,,,,18.0,66.0
1790783368.2660902,0,missed B,7.714,1.0554,7.379999999999843,0.34024764014191217,1.7443539751530421,18.0,66.0
1790783368.3598964,0,hit wall,2.376,1.4327,2.3199999999999505,0.059136529030807045,2.050624033184764,18.0,66.0
1790783368.5504496,0,hit wall,4.102,0.9967,3.939999999999916,0.14913652903080513,1.9258903716306668,18.0,66.0
1790783369.1042216,0,missed B,4.834,1.1209,4.4799999999999045,0.1791365290308045,1.9140451029848502,18.0,66.0
1790783369.1757572,0,missed B,6.012,1.0734,5.739999999999878,0.249136529030803,1.6680946249772306,18.0,66.0
1790783370.5793953,0,grip capacity exceeded,13.13,2.4622,,,,18.0,66.0
1790783370.9456294,0,hit wall,13.712,1.6497,,,,18.0,66.0
1790783371.8256505,0,hit wall,8.638,1.6462,8.599999999999817,0.4080254179196885,2.5461601404716974,18.0,66.0
1790783372.0395808,0,missed B,8.434,1.3687,8.159999999999826,0.38358097347524456,2.0205490135138233,18.0,66.0
1790783372.3188188,0,missed B,1.036,1.1764,0.5399999999999885,0.9602476401419202,1.3587121200764005,18.0,66.0
1790783372.656828,0,grip capacity exceeded,11.298,2.3378,,,,18.0,66.0
1790783372.8717468,0,hit wall,3.61,1.5284,3.5799999999999237,0.12913652903080555,2.136497050892165,18.0,66.0
1790783373.3333395,0,slipped off A,11.012,1.8519,,,,18.0,66.0
1790783374.2377365,0,grip capacity exceeded,15.016,2.1583,,,,18.0,66.0
1790783374.528862,0,slipped off A,3.376,1.3455,,,,18.0,66.0
1790783374.9306734,0,grip capacity exceeded,10.678,2.2167,,,,18.0,66.0
1790783375.1219153,0,grip capacity exceeded,12.572,2.1249,,,,18.0,66.0
1790783375.575685,0,slipped off A,15.71,1.9108,,,,18.0,66.0
1790783376.954898,0,missed B,12.68,1.5118,12.419999999999735,0.6202476401419061,2.2433259774769776,18.0,66.0
1790783377.1859329,0,grip capacity exceeded,9.88,2.0505,,,,18.0,66.0
1790783378.3985834,0,grip capacity exceeded,6.642,2.0514,,,,18.0,66.0
1790783378.6389918,0,hit wall,9.524,1.9976,9.3799999999998,0.4513587512530209,2.483509604853262,18.0,66.0
1790783379.3223913,0,hit wall,16.074,1.45,16.0399999999998,0.8213587512530209,2.196957549554437,18.0,66.0
1790783379.8717408,0,slipped off A,7.11,0.9869,,,,18.0,66.0
1790783380.0088832,0,hit wall,4.704,1.4185,4.579999999999902,0.1846920845863599,2.0822482203812505,18.0,66.0
1790783380.1257086,0,grip capacity exceeded,14.056,2.5726,,,,18.0,66.0
1790783380.3232548,0,no release,18.0,1.2867,,,,18.0,66.0
1790783380.723217,0,no release,18.0,1.0656,,,,18.0,66.0
1790783381.9620628,0,missed B,4.096,0.9967,3.7399999999999203,0.13802541791969425,1.8272260597966863,18.0,66.0
1790783382.2167063,0,grip capacity exceeded,11.246,3.2853,,,,18.0,66.0
1790783382.232778,0,missed B,3.482,0.9484,3.1199999999999335,0.10358097347525054,1.6181670199068556,18.0,66.0
1790783382.7008004,0,missed B,11.432,1.3937,11.159999999999762,0.5502476401419076,1.9653315350975784,18.0,66.0
1790783383.0752769,0,missed B,2.694,0.9559,2.3199999999999505,0.059136529030807045,1.662426575530004,18.0,66.0
1790783383.0938644,0,missed B,2.788,1.0557,2.2799999999999514,0.056914306808584864,1.1237285985875207,18.0,66.0
1790783383.0997953,0,hit wall,4.97,0.9218,,,,18.0,66.0
1790783383.2785807,0,missed B,0.634,0.8128,0.1599999999999966,0.9391365290308096,1.1937464448689825,18.0,66.0
1790783383.3583748,0,grip capacity exceeded,7.796,2.3601,,,,18.0,66.0
1790783383.641223,0,missed B,11.592,1.7595,11.359999999999758,0.5613587512530186,2.2429727164236,18.0,66.0
1790783383.889918,0,hit wall,3.01,1.2062,2.899999999999938,0.09135875125302857,1.9762746254235424,18.0,66.0
1790783384.5891402,0,missed B,6.572,0.9052,6.159999999999869,0.27246986236413584,1.8934977398914008,18.0,66.0
1790783385.8995695,0,grip capacity exceeded,13.96,2.28,,,,18.0,66.0
1790783385.980769,0,missed B,3.986,1.6169,3.6399999999999224,0.13246986236413882,1.517145798306584,18.0,66.0
1790783387.1495457,0,hit wall,14.294,1.3006,,,,18.0,66.0
1790783387.4895792,0,grip capacity exceeded,11.088,2.3246,,,,18.0,66.0
1790783388.6830232,0,grip capacity exceeded,15.654,2.0849,,,,18.0,66.0
1790783390.097281,0,no release,18.0,1.1939,,,,18.0,66.0
1790783390.2588012,0,hit wall,7.788,1.0442,,,,18.0,66.0
1790783390.464783,0,grip capacity exceeded,1.126,2.3724,,,,18.0,66.0
1790783390.717067,0,missed B,13.224,1.557,12.999999999999723,0.6524698623641277,2.271675142213546,18.0,66.0
1790783390.7350395,0,no release,18.0,1.1432,,,,18.0,66.0
1790783390.7764843,0,missed B,13.156,1.8767,12.899999999999725,0.6469143068085723,1.911095625571029,18.0,66.0
1790783391.0426557,0,slipped off A,4.754,1.2501,,,,18.0,66.0
1790783391.1576335,0,hit wall,1.462,1.3455,1.3999999999999702,0.00802541791969702,1.9946542856246021,18.0,66.0
1790783391.3420084,0,grip capacity exceeded,16.774,2.1036,,,,18.0,66.0
1790783391.6049302,0,grip capacity exceeded,11.108,2.4657,,,,18.0,66.0
1790783391.8041136,0,missed B,3.828,0.9167,3.4599999999999262,0.12246986236413902,1.5227687226767448,18.0,66.0
1790783391.9482894,0,missed B,3.418,1.0015,3.039999999999935,0.09913652903080619,1.6127668463374925,18.0,66.0
1790783392.207578,0,missed B,3.198,0.9398,2.7799999999999407,0.08469208458636206,1.5691503109317924,18.0,66.0
1790783392.5628693,0,hit wall,3.374,1.15,,,,18.0,66.0
1790783393.9526868,0,missed B,8.17,1.2294,7.939999999999831,0.3713587512530226,2.286646455267523,18.0,66.0
1790783394.2956626,0,slipped off A,1.034,0.9013,,,,18.0,66.0
1790783394.680184,0,grip capacity exceeded,11.834,2.386,,,,18.0,66.0
1790783395.0862858,0,hit wall,7.698,1.9896,7.639999999999837,0.3546920845863563,2.4487275410747493,18.0,66.0
1790783395.3576145,0,missed B,2.318,1.0339,1.87999999999996,0.034692084586363116,1.3608533928622886,18.0,66.0
1790783395.8500404,0,missed B,2.73,0.9094,2.3599999999999497,0.06135875125302922,1.3119996140511057,18.0,66.0
1790783396.494113,0,missed B,10.144,1.2498,9.899999999999789,0.4802476401419092,2.1536219233150224,18.0,66.0
1790783396.6185007,0,no release,18.0,1.818,,,,18.0,66.0
1790783397.4969137,0,grip capacity exceeded,0.296,2.2879,,,,18.0,66.0
1790783397.97664,0,slipped off A,13.67,1.7598,,,,18.0,66.0
1790783398.0297883,0,grip capacity exceeded,9.926,2.1055,,,,18.0,66.0
1790783398.1320748,0,no release,18.0,1.201,,,,18.0,66.0
1790783399.1251905,0,no release,18.0,1.4606,,,,18.0,66.0
1790783400.023176,0,hit wall,6.082,1.0575,,,,18.0,66.0
1790783400.0657017,0,grip capacity exceeded,11.244,2.0415,,,,18.0,66.0
1790783400.2892385,0,hit wall,0.892,0.7881,0.7399999999999842,0.9713587512530312,1.5931386449393306,18.0,66.0
1790783400.40238,0,grip capacity exceeded,7.634,2.7622,,,,18.0,66.0
1790783400.4532158,0,slipped off A,0.536,1.6783,,,,18.0,66.0
1790783400.5632732,0,grip capacity exceeded,0.358,2.0085,,,,18.0,66.0
1790783401.8676085,0,grip capacity exceeded,3.138,2.2068,,,,18.0,66.0
1790783402.2002392,0,hit wall,10.766,1.3212,10.699999999999772,0.5246920845863526,2.64186633420447,18.0,66.0
1790783402.5105782,0,no release,18.0,1.7121,,,,18.0,66.0
1790783402.8546772,0,hit wall,4.968,0.9695,,,,18.0,66.0
1790783403.0589688,0,grip capacity exceeded,15.714,2.1321,,,,18.0,66.0
1790783403.1863458,0,slipped off A,1.046,1.0551,,,,18.0,66.0
1790783403.8290312,0,hit wall,7.474,0.9281,,,,18.0,66.0
1790783403.8669717,0,grip capacity exceeded,0.108,2.1963,,,,18.0,66.0
1790783404.0253148,0,no release,18.0,1.6439,,,,18.0,66.0
1790783404.4396079,0,slipped off A,4.438,0.8894,,,,18.0,66.0
1790783405.8986604,0,hit wall,16.584,1.1776,,,,18.0,66.0
1790783406.65024,0,hit wall,12.684,1.199,,,,18.0,66.0
1790783407.7025626,0,hit wall,14.978,1.3323,,,,18.0,66.0
1790783407.708321,0,missed B,9.83,0.976,9.599999999999795,0.46358097347524285,2.251908965091707,18.0,66.0
1790783407.8891509,0,slipped off A,14.67,1.9825,,,,18.0,66.0
1790783408.5853794,0,grip capacity exceeded,3.0,2.1971,,,,18.0,66.0
1790783409.6167974,0,missed B,15.282,1.8665,14.879999999999683,0.75691430680857,1.6189069749790554,18.0,66.0
1790783409.9576042,0,missed B,13.72,1.3432,13.399999999999714,0.6746920845863494,1.8747475584493336,18.0,66.0
1790783409.9692183,0,missed B,3.844,1.4489,3.479999999999926,0.12358097347525011,1.4747643351330142,18.0,66.0
1790783411.4497707,0,hit wall,9.438,1.741,,,,18.0,66.0
1790783411.6777737,0,no release,18.0,1.045,,,,18.0,66.0
1790783411.87605,0,slipped off A,6.258,0.9589,,,,18.0,66.0
1790783412.363981,0,no release,18.0,1.0914,,,,18.0,66.0
1790783413.8596745,0,no release,18.0,1.4334,,,,18.0,66.0
1790783414.1112487,0,grip capacity exceeded,12.2,2.0769,,,,18.0,66.0
1790783414.3371153,0,hit wall,13.366,1.0317,,,,18.0,66.0
1790783414.687754,0,missed B,5.188,0.965,4.8999999999998956,0.20246986236413733,1.6166911376028652,18.0,66.0
1790783415.6656022,0,hit wall,16.18,1.8475,,,,18.0,66.0
1790783417.7428458,0,missed B,14.782,1.351,14.439999999999692,0.732469862364126,1.7175546875912349,18.0,66.0
1790783418.4201496,0,no release,18.0,1.3404,,,,18.0,66.0
1790783418.6330357,0,missed B,10.582,1.0917,10.419999999999778,0.5091365290307974,2.510983007529013,18.0,66.0
1790783418.8231966,0,no release,18.0,1.2216,,,,18.0,66.0
1790783419.3687713,0,missed B,5.478,0.9645,5.15999999999989,0.21691430680858145,1.8494567107054163,18.0,66.0
1790783420.1033974,0,no release,18.0,1.0576,,,,18.0,66.0
1790783420.3826451,0,no release,18.0,1.0538,,,,18.0,66.0
1790783421.5273952,0,missed B,17.878,1.3379,17.420000000000016,0.8980254179196996,1.421406989793627,18.0,66.0
1790783421.5504115,0,missed B,13.726,1.2795,13.459999999999713,0.6780254179196827,2.0140892304065856,18.0,66.0
1790783421.5507524,0,grip capacity exceeded,0.076,2.1882,,,,18.0,66.0
1790783421.7615016,0,hit wall,7.088,1.9658,6.959999999999852,0.31691430680857935,2.2499766946246362,18.0,66.0
1790783422.0406272,0,hit wall,3.542,0.8771,3.419999999999927,0.12024764014191686,1.9764355698871001,18.0,66.0
1790783422.1462476,0,slipped off A,3.1,0.9602,,,,18.0,66.0
1790783422.9178867,0,missed B,11.944,1.0,11.69999999999975,0.580247640141907,1.9744573790638937,18.0,66.0
1790783425.751495,0,missed B,15.998,1.0913,15.639999999999738,0.7991365290307952,1.5676313701737055,18.0,66.0
1790783425.7974637,0,missed B,9.89,0.9656,9.679999999999794,0.4680254179196872,2.3987131800516304,18.0,66.0
1790783425.830664,0,no release,18.0,1.5278,,,,18.0,66.0
1790783427.4317634,0,slipped off A,5.654,1.0477,,,,18.0,66.0
1790783427.464282,0,no release,18.0,1.4425,,,,18.0,66.0
1790783427.467739,0,no release,18.0,1.0882,,,,18.0,66.0
1790783427.5563865,0,grip capacity exceeded,17.382,2.042,,,,18.0,66.0
1790783427.6218784,0,slipped off A,0.392,0.8848,,,,18.0,66.0
1790783428.1317685,0,no release,18.0,1.2916,,,,18.0,66.0
1790783429.751427,0,no release,18.0,1.3546,,,,18.0,66.0
1790783431.7987602,0,no release,18.0,1.0989,,,,18.0,66.0
1790783432.7761953,0,no release,18.0,1.239,,,,18.0,66.0
1790783434.189248,0,hit wall,4.934,1.2478,4.859999999999896,0.20024764014191515,2.1788408788997966,18.0,66.0
1790783434.2135594,0,slipped off A,0.09,1.3346,,,,18.0,66.0
1790783434.3375032,0,no release,18.0,1.3305,,,,18.0,66.0
1790783434.3630764,0,no release,18.0,1.228,,,,18.0,66.0
1790783434.4371214,0,no release,18.0,1.085,,,,18.0,66.0
1790783434.4684615,0,no release,18.0,1.762,,,,18.0,66.0
1790783434.499042,0,grip capacity exceeded,16.522,2.4986,,,,18.0,66.0
1790783434.8567636,0,grip capacity exceeded,1.756,2.1637,,,,18.0,66.0
1790783435.5468855,0,missed B,3.454,1.1436,3.0799999999999343,0.10135875125302836,1.3573189900678326,18.0,66.0
1790783435.5840454,0,missed B,3.686,1.0771,3.3999999999999275,0.11913652903080577,1.7681950709150143,18.0,66.0
1790783435.7479246,0,missed B,10.476,0.9226,10.219999999999782,0.4980254179196866,2.1996618118257056,18.0,66.0
1790783436.7083414,0,no release,18.0,1.0321,,,,18.0,66.0
1790783437.2001162,0,slipped off A,2.624,0.9312,,,,18.0,66.0
1790783438.1881042,0,slipped off A,9.7,1.347,,,,18.0,66.0
1790783438.475792,0,hit wall,6.29,0.9932,6.159999999999869,0.27246986236413584,2.172412335638896,18.0,66.0
1790783439.2067697,0,grip capacity exceeded,7.618,2.1254,,,,18.0,66.0
1790783441.0041041,0,no release,18.0,1.2696,,,,18.0,66.0
1790783441.1474228,0,no release,18.0,1.5174,,,,18.0,66.0
1790783441.46096,0,hit wall,15.038,1.0471,,,,18.0,66.0
1790783441.6870666,0,missed B,2.138,0.8542,1.6799999999999642,0.023580973475252245,0.9979232688301517,18.0,66.0
1790783441.7635713,0,no release,18.0,1.2245,,,,18.0,66.0
1790783442.1059804,0,grip capacity exceeded,2.948,2.0893,,,,18.0,66.0
1790783442.3600438,0,missed B,11.586,1.2727,11.29999999999976,0.5580254179196853,2.1490196238864585,18.0,66.0
1790783442.5320437,0,no release,18.0,1.2857,,,,18.0,66.0
1790783445.1685162,0,no release,18.0,1.4283,,,,18.0,66.0
1790783445.4865625,0,grip capacity exceeded,16.142,2.0666,,,,18.0,66.0
1790783445.5654457,0,grip capacity exceeded,0.252,2.085,,,,18.0,66.0
1790783446.2219753,0,hit wall,13.12,1.069,,,,18.0,66.0
1790783448.3004293,0,no release,18.0,1.4733,,,,18.0,66.0
1790783448.5584228,0,hit wall,16.894,1.3631,,,,18.0,66.0
1790783448.5586708,0,no release,18.0,1.6602,,,,18.0,66.0
1790783449.230996,0,no release,18.0,1.7723,,,,18.0,66.0
1790783449.452833,0,no release,18.0,1.6688,,,,18.0,66.0
1790783452.214419,0,no release,18.0,1.9528,,,,18.0,66.0
1790783452.606646,0,no release,18.0,1.9126,,,,18.0,66.0
1790783453.2565556,0,no release,18.0,1.0153,,,,18.0,66.0
1790783454.5062652,0,slipped off A,17.75,1.7452,,,,18.0,66.0
1790783454.8325703,0,no release,18.0,1.6052,,,,18.0,66.0
1790783454.8367782,0,no release,18.0,0.9857,,,,18.0,66.0
1790783456.1252172,0,no release,18.0,1.3804,,,,18.0,66.0
1790783456.3367157,0,no release,18.0,1.7072,,,,18.0,66.0
1790783456.4965236,0,hit wall,3.262,1.6683,,,,18.0,66.0
1790783457.8758988,0,grip capacity exceeded,5.72,2.0005,,,,18.0,66.0
1790783457.9248857,0,hit wall,7.848,1.2317,7.719999999999835,0.3591365290308006,2.3195195189238973,18.0,66.0
1790783457.9587364,0,hit wall,13.042,1.9486,,,,18.0,66.0
1790783458.431095,0,no release,18.0,1.6271,,,,18.0,66.0
1790783459.5895293,0,no release,18.0,1.614,,,,18.0,66.0
1790783460.2406573,0,hit wall,10.074,1.1933,9.979999999999787,0.48469208458635354,2.6248264524076053,18.0,66.0
1790783461.328281,0,no release,18.0,1.3353,,,,18.0,66.0
1790783462.0061655,0,grip capacity exceeded,16.236,2.3462,,,,18.0,66.0
1790783462.032996,0,grip capacity exceeded,0.062,2.0019,,,,18.0,66.0
1790783463.474611,0,hit wall,13.2,0.9607,13.09999999999972,0.6580254179196832,2.3409353499827064,18.0,66.0
1790783464.5409431,0,hit wall,15.596,1.8462,,,,18.0,66.0
1790783464.7271087,0,no release,18.0,1.2941,,,,18.0,66.0
1790783464.8024452,0,no release,18.0,1.0365,,,,18.0,66.0
1790783465.6974163,0,no release,18.0,1.0106,,,,18.0,66.0
1790783467.2438364,0,no release,18.0,1.458,,,,18.0,66.0
1790783468.1073866,0,no release,18.0,1.8589,,,,18.0,66.0
1790783468.7362614,0,no release,18.0,1.2134,,,,18.0,66.0
1790783469.3450162,0,no release,18.0,1.2027,,,,18.0,66.0
1790783469.5738404,0,slipped off A,4.85,0.9049,,,,18.0,66.0
1790783469.8935754,0,grip capacity exceeded,15.642,2.2413,,,,18.0,66.0
1790783470.9149354,0,grip capacity exceeded,2.516,2.1789,,,,18.0,66.0
1790783471.2092297,0,slipped off A,16.97,1.4398,,,,18.0,66.0
1790783471.4964,0,no release,18.0,1.0921,,,,18.0,66.0
1790783471.718832,0,missed B,5.08,1.0565,4.739999999999899,0.1935809734752486,1.6008856125190223,18.0,66.0
1790783471.908338,0,hit wall,16.628,1.9177,,,,18.0,66.0
1790783472.5881596,0,missed B,11.024,1.0242,10.75999999999977,0.5280254179196859,2.0813107750784368,18.0,66.0
1790783472.6682398,0,grip capacity exceeded,17.018,2.6298,,,,18.0,66.0
1790783472.7641733,0,missed B,3.786,1.4071,3.2999999999999297,0.11358097347525033,1.661054168002808,18.0,66.0
1790783473.0797725,0,hit wall,1.496,0.7661,,,,18.0,66.0
1790783473.4322438,0,slipped off A,2.412,0.9249,,,,18.0,66.0
1790783474.6184042,0,grip capacity exceeded,9.198,2.5542,,,,18.0,66.0
1790783475.217946,0,missed B,2.142,0.7485,1.739999999999963,0.026914306808585507,1.280489844206513,18.0,66.0
1790783475.2182858,0,missed B,13.244,0.9689,12.999999999999723,0.6524698623641277,1.9567664512240028,18.0,66.0
1790783475.2977166,0,slipped off A,12.792,1.582,,,,18.0,66.0
1790783476.0858896,0,grip capacity exceeded,12.132,2.1529,,,,18.0,66.0
1790783476.2460842,0,missed B,0.562,0.6864,0.0799999999999983,0.9346920845863652,1.2679284088969618,18.0,66.0
1790783476.9654229,0,missed B,2.396,1.7915,2.019999999999957,0.04246986236414073,1.2554027918936488,18.0,66.0
1790783478.2022994,0,no release,18.0,1.8953,,,,18.0,66.0
1790783479.2037919,0,grip capacity exceeded,15.738,2.414,,,,18.0,66.0
1790783479.525297,0,slipped off A,5.944,1.0008,,,,18.0,66.0
1790783479.5314064,0,no release,18.0,1.0417,,,,18.0,66.0
1790783479.6697402,0,missed B,1.802,0.7445,1.3799999999999706,0.006914306808585933,1.2267011630275937,18.0,66.0
1790783479.9945,0,hit wall,1.298,0.9495,,,,18.0,66.0
1790783480.070848,0,no release,18.0,1.0638,,,,18.0,66.0
1790783480.4252472,0,missed B,3.47,1.1555,3.139999999999933,0.10469208458636163,1.8529361428016702,18.0,66.0
1790783481.8215683,0,slipped off A,17.99,1.0171,,,,18.0,66.0
1790783481.8232439,0,no release,18.0,1.3317,,,,18.0,66.0
1790783481.9076993,0,no release,18.0,1.1685,,,,18.0,66.0
1790783482.6145961,0,missed B,2.518,0.8234,2.119999999999955,0.04802541791969617,1.0790473485387717,18.0,66.0
1790783483.3721387,0,missed B,5.058,0.9161,4.6799999999999,0.19024764014191536,1.7418717743348004,18.0,66.0
1790783484.0774736,0,no release,18.0,1.7579,,,,18.0,66.0
1790783485.815028,0,missed B,14.436,0.9993,14.159999999999698,0.7169143068085708,1.7889215599829467,18.0,66.0
1790783485.9025133,0,slipped off A,15.028,1.1271,,,,18.0,66.0
1790783486.2306662,0,no release,18.0,0.9631,,,,18.0,66.0
1790783487.2416828,0,slipped off A,17.85,1.4408,,,,18.0,66.0
1790783487.3637073,0,grip capacity exceeded,0.4,2.286,,,,18.0,66.0
1790783487.8860211,0,slipped off A,6.832,1.1247,,,,18.0,66.0
1790783487.8939662,0,no release,18.0,1.0468,,,,18.0,66.0
1790783489.2906852,0,no release,18.0,1.329,,,,18.0,66.0
1790783489.765251,0,hit wall,17.072,1.0804,,,,18.0,66.0
1790783489.7909787,0,hit wall,0.08,0.5317,0.019999999999999574,0.931358751253032,2.04796498387358,18.0,66.0
1790783490.2856238,0,grip capacity exceeded,11.178,2.5371,,,,18.0,66.0
1790783490.4000974,0,slipped off A,7.754,0.8348,,,,18.0,66.0
1790783490.569925,0,grip capacity exceeded,2.368,2.1159,,,,18.0,66.0
1790783490.943262,0,no release,18.0,1.3095,,,,18.0,66.0
1790783491.8641853,0,no release,18.0,1.6188,,,,18.0,66.0
1790783492.0224583,0,hit wall,0.644,0.7829,0.5599999999999881,0.9613587512530314,1.9708149541440856,18.0,66.0
1790783493.3733478,0,hit wall,13.358,0.926,13.279999999999717,0.668025417919683,2.3774950227258635,18.0,66.0
1790783493.9333231,0,slipped off A,1.702,0.837,,,,18.0,66.0
1790783494.8402562,0,no release,18.0,0.9911,,,,18.0,66.0
1790783495.030398,0,missed B,16.288,0.9407,15.839999999999769,0.8102476401419081,1.6812073023366256,18.0,66.0
1790783495.3785527,0,missed B,13.888,0.9615,13.559999999999711,0.6835809734752382,1.9466894434451207,18.0,66.0
1790783495.4751868,0,missed B,1.42,0.8693,1.0399999999999778,0.9880254179196974,1.206662040532923,18.0,66.0
1790783496.0244875,0,slipped off A,6.888,0.8888,,,,18.0,66.0
1790783497.2459288,0,slipped off A,1.114,1.9314,,,,18.0,66.0
1790783497.3417618,0,no release,18.0,1.028,,,,18.0,66.0
1790783497.619808,0,no release,18.0,0.9713,,,,18.0,66.0
1790783497.8338647,0,grip capacity exceeded,17.402,2.0076,,,,18.0,66.0
1790783499.2501197,0,no release,18.0,0.9847,,,,18.0,66.0
1790783500.9273007,0,missed B,14.664,1.0262,14.279999999999696,0.7235809734752373,1.8189895220519068,18.0,66.0
1790783500.9954634,0,slipped off A,8.59,0.9301,,,,18.0,66.0
1790783501.0211504,0,missed B,13.344,0.9778,13.019999999999722,0.6535809734752388,1.9507428162264602,18.0,66.0
1790783501.0521271,0,slipped off A,13.17,1.0175,,,,18.0,66.0
1790783501.074307,0,hit wall,0.076,0.7248,0.019999999999999574,0.931358751253032,2.0679319877358697,18.0,66.0
1790783503.2737274,0,missed B,16.566,1.0724,16.179999999999822,0.8291365290307999,1.4351079138079863,18.0,66.0
1790783503.3096004,0,grip capacity exceeded,0.084,2.4023,,,,18.0,66.0
1790783503.6123078,0,no release,18.0,1.3035,,,,18.0,66.0
1790783503.9210117,0,grip capacity exceeded,0.994,2.1147,,,,18.0,66.0
1790783505.1197011,0,no release,18.0,1.1249,,,,18.0,66.0
1790783505.5454817,0,missed B,14.998,0.9565,14.599999999999689,0.7413587512530148,1.617936088834183,18.0,66.0
1790783505.6787465,0,slipped off A,2.788,1.4183,,,,18.0,66.0
1790783506.5714247,0,missed B,14.488,1.0012,14.0399999999997,0.7102476401419042,2.0176225660165485,18.0,66.0
1790783507.259181,0,hit wall,16.494,0.9607,,,,18.0,66.0
1790783507.5658743,0,no release,18.0,1.3071,,,,18.0,66.0
1790783507.6498268,0,no release,18.0,0.9875,,,,18.0,66.0
1790783508.0093813,0,missed B,7.608,0.8787,7.299999999999844,0.3358031956974678,1.9776250559199933,18.0,66.0
1790783510.6293514,0,no release,18.0,0.9268,,,,18.0,66.0
1790783510.8506505,0,missed B,13.8,0.9787,13.519999999999712,0.681358751253016,1.6979771459895623,18.0,66.0
1790783511.564762,0,no release,18.0,1.3513,,,,18.0,66.0
1790783513.586827,0,hit wall,17.69,0.9759,17.52000000000003,0.903580973475256,1.8750524796961625,18.0,66.0
1790783513.708581,0,grip capacity exceeded,13.494,2.0382,,,,18.0,66.0
1790783513.7970862,0,missed B,15.016,1.3592,14.639999999999688,0.7435809734752369,1.9313148702858707,18.0,66.0
1790783514.3515458,0,no release,18.0,0.9565,,,,18.0,66.0
1790783514.6376407,0,no release,18.0,0.9393,,,,18.0,66.0
1790783517.101864,0,missed B,15.858,1.0254,15.439999999999706,0.7880254179196824,1.6002517099326536,18.0,66.0
1790783517.8711765,0,no release,18.0,0.962,,,,18.0,66.0
1790783518.3445723,0,slipped off A,1.596,0.8181,,,,18.0,66.0
1790783518.5623243,0,no release,18.0,1.1015,,,,18.0,66.0
1790783519.8311877,0,missed B,15.142,0.989,14.839999999999684,0.7546920845863477,1.980579330272879,18.0,66.0
1790783519.9477022,0,no release,18.0,1.0354,,,,18.0,66.0
1790783520.0830188,0,no release,18.0,0.9669,,,,18.0,66.0
1790783521.073701,0,no release,18.0,0.9672,,,,18.0,66.0
1790783521.8670046,0,no release,18.0,1.0029,,,,18.0,66.0
1790783522.0500302,0,slipped off A,3.364,0.8665,,,,18.0,66.0
1790783522.1525207,0,hit wall,4.034,1.4305,,,,18.0,66.0
1790783523.509392,0,slipped off A,8.624,0.9682,,,,18.0,66.0
1790783523.5424132,0,no release,18.0,1.4963,,,,18.0,66.0
1790783523.8628602,0,slipped off A,1.046,0.8537,,,,18.0,66.0
1790783525.7902265,0,no release,18.0,0.9551,,,,18.0,66.0
1790783525.9908683,0,no release,18.0,1.1331,,,,18.0,66.0
1790783527.1205282,0,no release,18.0,1.0868,,,,18.0,66.0
1790783527.6421578,0,slipped off A,1.61,0.8148,,,,18.0,66.0
1790783527.9168527,0,missed B,15.622,0.8976,15.319999999999688,0.7813587512530147,1.9192882411073564,18.0,66.0
1790783529.0864933,0,no release,18.0,0.9621,,,,18.0,66.0
1790783529.2715383,0,no release,18.0,0.9313,,,,18.0,66.0
1790783530.3410504,0,hit wall,17.074,0.9686,,,,18.0,66.0
1790783530.866306,0,no release,18.0,1.2613,,,,18.0,66.0
1790783531.899936,0,slipped off A,11.588,0.9691,,,,18.0,66.0
1790783531.958234,0,no release,18.0,1.0089,,,,18.0,66.0
1790783533.0368066,0,no release,18.0,0.9802,,,,18.0,66.0
1790783533.5257301,0,missed B,13.292,1.0028,12.899999999999725,0.6469143068085723,1.8514533376742102,18.0,66.0
1790783535.3060877,0,no release,18.0,1.0174,,,,18.0,66.0
1790783535.5246718,0,no release,18.0,1.064,,,,18.0,66.0
1790783537.5796826,0,slipped off A,17.924,1.0908,,,,18.0,66.0
1790783537.733545,0,missed B,16.506,1.0294,16.179999999999822,0.8291365290307999,1.4535765460139376,18.0,66.0
1790783538.2848675,0,slipped off A,14.314,1.1522,,,,18.0,66.0
1790783538.457403,0,slipped off A,15.854,0.9427,,,,18.0,66.0
1790783539.0905905,0,no release,18.0,0.9112,,,,18.0,66.0
1790783539.7667003,0,slipped off A,11.758,0.9209,,,,18.0,66.0
1790783539.8296418,0,no release,18.0,1.2443,,,,18.0,66.0
1790783542.670072,0,no release,18.0,0.9955,,,,18.0,66.0
1790783543.7409089,0,no release,18.0,1.2094,,,,18.0,66.0
1790783544.7077584,0,no release,18.0,0.933,,,,18.0,66.0
1790783545.3058116,0,no release,18.0,0.9092,,,,18.0,66.0
1790783545.4777534,0,no release,18.0,0.9497,,,,18.0,66.0
1790783546.163647,0,no release,18.0,0.9537,,,,18.0,66.0
1790783546.7807386,0,no release,18.0,0.9048,,,,18.0,66.0
1790783546.8047037,0,slipped off A,17.896,1.0482,,,,18.0,66.0
1790783547.5043766,0,missed B,2.554,0.8422,2.2199999999999527,0.053580973475251606,1.20813493272952,18.0,66.0
1790783549.601846,0,no release,18.0,0.95,,,,18.0,66.0
1790783550.5932887,0,no release,18.0,0.9353,,,,18.0,66.0
1790783550.607261,0,grip capacity exceeded,0.05,2.0058,,,,18.0,66.0
1790783550.713824,0,no release,18.0,0.9243,,,,18.0,66.0
1790783550.8203723,0,missed B,0.786,0.8276,0.41999999999999105,0.9535809734752537,0.9968371084551485,18.0,66.0
1790783551.1880858,0,no release,18.0,0.9084,,,,18.0,66.0
1790783552.1638663,0,no release,18.0,1.2637,,,,18.0,66.0
1790783552.850779,0,no release,18.0,0.9361,,,,18.0,66.0
1790783553.364907,0,missed B,15.14,1.0176,14.739999999999686,0.7491365290307923,1.543349553353885,18.0,66.0
1790783553.4794176,0,no release,18.0,0.8943,,,,18.0,66.0
1790783556.1250267,0,no release,18.0,1.0624,,,,18.0,66.0
1790783556.4280453,0,slipped off A,13.05,1.0176,,,,18.0,66.0
1790783557.2938373,0,no release,18.0,1.1127,,,,18.0,66.0
1790783557.414208,0,no release,18.0,1.954,,,,18.0,66.0
1790783558.017479,0,no release,18.0,1.9447,,,,18.0,66.0
1790783559.3899987,0,no release,18.0,1.127,,,,18.0,66.0
1790783559.8035502,0,missed B,17.622,0.9774,17.17999999999998,0.8846920845863642,1.500788258067555,18.0,66.0
1790783560.0406387,0,no release,18.0,1.0068,,,,18.0,66.0
1790783561.5414538,0,hit wall,7.474,0.8651,,,,18.0,66.0
1790783562.0056238,0,no release,18.0,0.9323,,,,18.0,66.0
1790783562.0635624,0,missed B,17.108,0.8841,16.699999999999903,0.8580254179196933,1.4060237483799274,18.0,66.0
1790783563.3947983,0,missed B,15.348,1.0072,14.919999999999682,0.7591365290307921,1.603935091621037,18.0,66.0
1790783564.0701604,0,no release,18.0,1.0266,,,,18.0,66.0
1790783564.7594252,0,no release,18.0,1.0393,,,,18.0,66.0
1790783565.8568316,0,no release,18.0,1.0027,,,,18.0,66.0
1790783566.0770867,0,no release,18.0,1.1306,,,,18.0,66.0
1790783568.204297,0,hit wall,17.286,0.9737,17.139999999999972,0.8824698623641416,1.9084266837740431,18.0,66.0
1790783568.751653,0,slipped off A,17.502,0.9816,,,,18.0,66.0
1790783568.823215,0,no release,18.0,0.9662,,,,18.0,66.0
1790783569.3881197,0,no release,18.0,0.9659,,,,18.0,66.0
1790783569.7836285,0,missed B,1.278,0.8126,0.8599999999999817,0.9780254179196977,1.2323448669752597,18.0,66.0
1790783570.8172739,0,no release,18.0,0.9416,,,,18.0,66.0
1790783571.4403934,0,no release,18.0,0.934,,,,18.0,66.0
1790783572.006118,0,missed B,16.256,0.9154,15.859999999999772,0.8113587512530194,1.624635428573811,18.0,66.0
1790783572.6615973,0,no release,18.0,0.9991,,,,18.0,66.0
1790783574.6324663,0,no release,18.0,0.9804,,,,18.0,66.0
1790783574.8513577,0,hit wall,9.982,0.9154,,,,18.0,66.0
1790783575.109806,0,no release,18.0,0.9585,,,,18.0,66.0
1790783575.1836748,0,no release,18.0,0.9248,,,,18.0,66.0
1790783576.0232542,0,no release,18.0,0.9783,,,,18.0,66.0
1790783576.2928715,0,no release,18.0,1.0269,,,,18.0,66.0
1790783578.3455267,0,no release,18.0,1.0608,,,,18.0,66.0
1790783578.9755685,0,no release,18.0,0.9464,,,,18.0,66.0
1790783580.0473752,0,hit wall,17.398,1.2622,,,,18.0,66.0
1790783581.3108146,0,no release,18.0,0.9284,,,,18.0,66.0
1790783581.649315,0,no release,18.0,0.9543,,,,18.0,66.0
1790783581.7308083,0,no release,18.0,0.977,,,,18.0,66.0
1790783582.5546007,0,hit wall,3.01,0.8748,,,,18.0,66.0
1790783582.5916314,0,no release,18.0,0.9632,,,,18.0,66.0
1790783582.8294804,0,no release,18.0,1.0588,,,,18.0,66.0
1790783584.8757205,0,no release,18.0,1.005,,,,18.0,66.0
1790783585.6010492,0,no release,18.0,0.9583,,,,18.0,66.0
1790783586.656525,0,no release,18.0,1.0052,,,,18.0,66.0
1790783587.0467577,0,no release,18.0,1.019,,,,18.0,66.0
1790783587.3235598,0,no release,18.0,0.9839,,,,18.0,66.0
1790783589.0281408,0,no release,18.0,1.9451,,,,18.0,66.0
1790783589.0717332,0,no release,18.0,1.3292,,,,18.0,66.0
1790783589.3674097,0,no release,18.0,0.9698,,,,18.0,66.0
1790783589.448127,0,hit wall,1.238,0.8792,,,,18.0,66.0
1790783590.5808506,0,no release,18.0,1.0341,,,,18.0,66.0
1790783591.938042,0,no release,18.0,0.9797,,,,18.0,66.0
1790783593.077144,0,no release,18.0,1.0725,,,,18.0,66.0
1790783593.4429631,0,missed B,17.728,1.0578,17.299999999999997,0.8913587512530319,1.3520491961378942,18.0,66.0
1790783593.8195384,0,no release,18.0,0.9016,,,,18.0,66.0
1790783593.9541647,0,missed B,15.164,0.9571,14.819999999999684,0.7535809734752367,1.6083927359755998,18.0,66.0
1790783595.6653712,0,no release,18.0,0.9489,,,,18.0,66.0
1790783595.7334933,0,no release,18.0,0.9677,,,,18.0,66.0
1790783596.056676,0,slipped off A,1.488,0.8874,,,,18.0,66.0
1790783596.960941,0,no release,18.0,0.9792,,,,18.0,66.0
1790783597.667669,0,no release,18.0,0.9368,,,,18.0,66.0
1790783599.1171975,0,hit wall,13.588,0.9539,,,,18.0,66.0
1790783599.2303452,0,missed B,0.452,0.5693,0.0799999999999983,0.9346920845863652,1.3004647315811224,18.0,66.0
1790783599.4656267,0,no release,18.0,0.9928,,,,18.0,66.0
1790783599.7975729,0,no release,18.0,0.9625,,,,18.0,66.0
1790783600.177911,0,no release,18.0,1.4575,,,,18.0,66.0
1790783601.4619217,0,no release,18.0,1.0061,,,,18.0,66.0
1790783601.6894631,0,missed B,17.61,1.0225,17.17999999999998,0.8846920845863642,1.3319345099504025,18.0,66.0
1790783603.2869008,0,grip capacity exceeded,17.476,2.3675,,,,18.0,66.0
1790783604.1095397,0,no release,18.0,0.9538,,,,18.0,66.0
1790783605.0310037,0,no release,18.0,0.9909,,,,18.0,66.0
1790783605.3001893,0,no release,18.0,0.9648,,,,18.0,66.0
1790783606.4832873,0,no release,18.0,1.0032,,,,18.0,66.0
1790783606.8076148,0,no release,18.0,1.4451,,,,18.0,66.0
1790783608.1327987,0,no release,18.0,1.2245,,,,18.0,66.0
1790783608.3905666,0,no release,18.0,1.0031,,,,18.0,66.0
1790783610.139284,0,no release,18.0,0.9145,,,,18.0,66.0
1790783610.3699207,0,missed B,1.116,0.8716,0.7399999999999842,0.9713587512530312,1.1981652741212265,18.0,66.0
1790783610.8313477,0,no release,18.0,0.9983,,,,18.0,66.0
1790783611.2537344,0,missed B,15.54,0.9338,15.279999999999681,0.7791365290307921,1.5607583321788365,18.0,66.0
1790783611.4612632,0,missed B,17.138,0.9164,16.759999999999913,0.8613587512530272,1.4343133243724298,18.0,66.0
1790783612.0934749,0,slipped off A,2.724,0.8825,,,,18.0,66.0
1790783612.1628869,0,slipped off A,2.298,0.9715,,,,18.0,66.0
1790783612.3860013,0,no release,18.0,0.9172,,,,18.0,66.0
1790783612.767143,0,no release,18.0,1.1502,,,,18.0,66.0
1790783614.0490706,0,missed B,15.012,0.9301,14.619999999999688,0.7424698623641258,1.6600424553679871,18.0,66.0
1790783614.1581023,0,slipped off A,10.594,1.1001,,,,18.0,66.0
1790783614.975452,0,no release,18.0,0.9772,,,,18.0,66.0
1790783616.145199,0,slipped off A,3.89,0.8649,,,,18.0,66.0
1790783617.50748,0,no release,18.0,0.993,,,,18.0,66.0
1790783617.6246078,0,slipped off A,0.448,0.9367,,,,18.0,66.0
1790783618.3707545,0,hit wall,3.26,0.8992,,,,18.0,66.0
1790783618.491115,0,no release,18.0,0.9756,,,,18.0,66.0
1790783618.5208354,0,hit wall,17.824,1.0009,17.740000000000066,0.9158031956974801,2.0301912839116705,18.0,66.0
1790783618.7285829,0,no release,18.0,0.9331,,,,18.0,66.0
1790783619.0775857,0,no release,18.0,1.1302,,,,18.0,66.0
1790783619.596918,0,no release,18.0,0.9422,,,,18.0,66.0
1790783619.7260826,0,no release,18.0,0.941,,,,18.0,66.0
1790783621.1061316,0,slipped off A,4.322,0.8792,,,,18.0,66.0
1790783622.359595,0,no release,18.0,1.0055,,,,18.0,66.0
1790783623.3278012,0,missed B,15.198,1.0425,14.919999999999682,0.7591365290307921,1.8410498032111393,18.0,66.0
1790783623.4232163,0,missed B,14.658,1.7712,14.399999999999693,0.7302476401419038,1.7418561736357374,18.0,66.0
1790783624.7280722,0,no release,18.0,1.0034,,,,18.0,66.0
1790783624.889298,0,no release,18.0,1.0858,,,,18.0,66.0
1790783625.0165617,0,slipped off A,2.816,0.856,,,,18.0,66.0
1790783625.8360605,0,missed B,17.6,1.0044,17.219999999999985,0.8869143068085867,1.410516221367296,18.0,66.0
1790783626.0373917,0,no release,18.0,0.97,,,,18.0,66.0
1790783626.1901822,0,missed B,1.462,0.912,1.079999999999977,0.9902476401419196,1.697950924102426,18.0,66.0
1790783626.5761898,0,no release,18.0,1.7642,,,,18.0,66.0
1790783626.733744,0,slipped off A,9.874,0.9341,,,,18.0,66.0
1790783628.862335,0,no release,18.0,0.9076,,,,18.0,66.0
1790783628.9171882,0,slipped off A,6.83,0.9225,,,,18.0,66.0
1790783629.6573532,0,slipped off A,14.716,1.0451,,,,18.0,66.0
1790783630.3400674,0,no release,18.0,1.1644,,,,18.0,66.0
1790783631.3810525,0,no release,18.0,1.1139,,,,18.0,66.0
1790783631.7348697,0,slipped off A,15.196,1.116,,,,18.0,66.0
1790783632.105276,0,slipped off A,1.214,0.9049,,,,18.0,66.0
1790783632.5533626,0,hit wall,15.232,0.9716,15.159999999999677,0.7724698623641252,2.2219101297159503,18.0,66.0
1790783633.167216,0,no release,18.0,1.0,,,,18.0,66.0
1790783633.667032,0,missed B,14.824,1.0232,14.459999999999692,0.7335809734752371,1.6390910932431417,18.0,66.0
1790783635.0365605,0,missed B,17.066,1.077,16.719999999999906,0.8591365290308046,1.459161498668778,18.0,66.0
1790783636.1800094,0,no release,18.0,0.9335,,,,18.0,66.0
1790783636.968153,0,missed B,17.916,0.974,17.540000000000035,0.9046920845863673,1.3881739742492802,18.0,66.0
1790783637.2430854,0,no release,18.0,1.0611,,,,18.0,66.0
1790783638.6618924,0,no release,18.0,0.9534,,,,18.0,66.0
1790783639.1182256,0,no release,18.0,0.9731,,,,18.0,66.0
1790783639.77438,0,no release,18.0,0.8923,,,,18.0,66.0
1790783640.3515654,0,no release,18.0,0.9612,,,,18.0,66.0
1790783640.985794,0,missed B,2.216,0.9024,1.8199999999999612,0.03135875125302986,1.2790400568490932,18.0,66.0
1790783641.043058,0,no release,18.0,0.9554,,,,18.0,66.0
1790783642.7775762,0,missed B,17.24,0.9451,16.839999999999925,0.8658031956974723,1.65382614850828,18.0,66.0
1790783643.8236868,0,no release,18.0,0.9849,,,,18.0,66.0
1790783644.1306589,0,no release,18.0,0.987,,,,18.0,66.0
1790783644.8657153,0,no release,18.0,0.8927,,,,18.0,66.0
1790783645.282787,0,no release,18.0,0.9552,,,,18.0,66.0
1790783646.6181867,0,no release,18.0,1.0303,,,,18.0,66.0
1790783647.8859313,0,no release,18.0,0.917,,,,18.0,66.0
1790783647.9427001,0,no release,18.0,0.918,,,,18.0,66.0
1790783648.8025587,0,no release,18.0,0.9554,,,,18.0,66.0
1790783650.6774821,0,no release,18.0,1.021,,,,18.0,66.0
1790783650.9659061,0,no release,18.0,0.9292,,,,18.0,66.0
1790783651.6843393,0,no release,18.0,0.9571,,,,18.0,66.0
1790783652.0974803,0,no release,18.0,0.9357,,,,18.0,66.0
1790783652.5616636,0,missed B,17.408,0.9555,17.019999999999953,0.8758031956974739,1.5030868381599547,18.0,66.0
1790783652.9947853,0,slipped off A,1.468,0.8562,,,,18.0,66.0
1790783654.7209795,0,no release,18.0,0.9394,,,,18.0,66.0
1790783654.780542,0,no release,18.0,0.9247,,,,18.0,66.0
1790783654.91647,0,slipped off A,0.698,0.7875,,,,18.0,66.0
1790783655.671389,0,no release,18.0,1.0121,,,,18.0,66.0
1790783656.619892,0,no release,18.0,0.9015,,,,18.0,66.0
1790783657.661843,0,no release,18.0,0.9839,,,,18.0,66.0
1790783658.3160095,0,no release,18.0,1.4689,,,,18.0,66.0
1790783658.7563958,0,no release,18.0,1.0331,,,,18.0,66.0
1790783659.6585886,0,no release,18.0,0.9073,,,,18.0,66.0
1790783659.790317,0,hit wall,5.106,0.8295,,,,18.0,66.0
1790783661.444979,0,no release,18.0,0.9892,,,,18.0,66.0
1790783661.5684285,0,no release,18.0,0.8826,,,,18.0,66.0
1790783662.213475,0,no release,18.0,0.9194,,,,18.0,66.0
1790783663.2086515,0,no release,18.0,1.471,,,,18.0,66.0
1790783663.5090134,0,no release,18.0,1.1089,,,,18.0,66.0
1790783663.8573995,0,slipped off A,1.28,0.833,,,,18.0,66.0
1790783665.42536,0,no release,18.0,0.9542,,,,18.0,66.0
1790783665.8662677,0,hit wall,1.694,0.7781,,,,18.0,66.0
1790783666.2820678,0,no release,18.0,0.873,,,,18.0,66.0
1790783666.4229465,0,no release,18.0,0.9102,,,,18.0,66.0
1790783667.3493543,0,no release,18.0,0.9446,,,,18.0,66.0
1790783667.4852264,0,no release,18.0,1.0431,,,,18.0,66.0
1790783669.0666015,0,no release,18.0,0.9189,,,,18.0,66.0
1790783669.9847705,0,no release,18.0,0.9905,,,,18.0,66.0
1790783670.6365135,0,no release,18.0,0.918,,,,18.0,66.0
1790783672.6694822,0,no release,18.0,0.9726,,,,18.0,66.0
1790783673.0660295,0,no release,18.0,0.9405,,,,18.0,66.0
1790783673.2031403,0,no release,18.0,0.8693,,,,18.0,66.0
1790783674.001795,0,no release,18.0,0.8964,,,,18.0,66.0
1790783674.142007,0,no release,18.0,0.9176,,,,18.0,66.0
1790783674.8900235,0,no release,18.0,0.929,,,,18.0,66.0
1790783676.7323456,0,no release,18.0,0.9352,,,,18.0,66.0
1790783677.3649623,0,no release,18.0,0.9093,,,,18.0,66.0
1790783678.6415608,0,no release,18.0,1.4958,,,,18.0,66.0
1790783679.8505468,0,no release,18.0,0.9384,,,,18.0,66.0
1790783679.9862008,0,no release,18.0,0.9127,,,,18.0,66.0
1790783680.8172014,0,no release,18.0,0.9242,,,,18.0,66.0
1790783680.9441342,0,no release,18.0,0.885,,,,18.0,66.0
1790783681.589116,0,no release,18.0,0.9093,,,,18.0,66.0
1790783682.5720103,0,no release,18.0,1.0023,,,,18.0,66.0
1790783683.9932542,0,no release,18.0,1.0122,,,,18.0,66.0
1790783685.1166892,0,no release,18.0,1.2127,,,,18.0,66.0
1790783685.4845932,0,no release,18.0,0.8783,,,,18.0,66.0
1790783685.619102,0,no release,18.0,0.925,,,,18.0,66.0
1790783687.2406867,0,no release,18.0,0.9051,,,,18.0,66.0
1790783687.3690507,0,no release,18.0,1.0052,,,,18.0,66.0
1790783687.939776,0,hit wall,17.674,0.9361,,,,18.0,66.0
1790783688.8878417,0,no release,18.0,0.9747,,,,18.0,66.0
1790783689.4718084,0,no release,18.0,0.9314,,,,18.0,66.0
1790783691.4944243,0,no release,18.0,1.0073,,,,18.0,66.0
1790783691.558899,0,grip capacity exceeded,0.246,2.4558,,,,18.0,66.0
1790783691.8520513,0,no release,18.0,0.9284,,,,18.0,66.0
1790783691.9775214,0,no release,18.0,0.9478,,,,18.0,66.0
1790783692.0000882,0,slipped off A,0.07,1.4981,,,,18.0,66.0
1790783692.15041,0,slipped off A,15.61,0.9342,,,,18.0,66.0
1790783692.8503594,0,no release,18.0,0.9485,,,,18.0,66.0
1790783692.978802,0,hit wall,5.55,0.9168,,,,18.0,66.0
1790783694.2250755,0,no release,18.0,0.9115,,,,18.0,66.0
1790783695.2908626,0,no release,18.0,0.8755,,,,18.0,66.0
1790783695.9185903,0,no release,18.0,0.9214,,,,18.0,66.0
1790783698.2665389,0,no release,18.0,0.9816,,,,18.0,66.0
1790783698.422957,0,no release,18.0,1.004,,,,18.0,66.0
1790783698.5633202,0,no release,18.0,0.9467,,,,18.0,66.0
1790783698.8958251,0,slipped off A,1.19,0.9262,,,,18.0,66.0
1790783699.1693377,0,hit wall,0.984,0.7558,,,,18.0,66.0
1790783699.3517005,0,no release,18.0,1.1452,,,,18.0,66.0
1790783699.4835732,0,no release,18.0,0.9412,,,,18.0,66.0
1790783699.968531,0,no release,18.0,0.9873,,,,18.0,66.0
1790783700.1649392,0,hit wall,3.518,0.9331,,,,18.0,66.0
1790783701.935828,0,no release,18.0,0.9439,,,,18.0,66.0
1790783701.9652736,0,hit wall,15.79,1.7614,,,,18.0,66.0
1790783703.5804923,0,missed B,15.286,0.931,14.919999999999682,0.7591365290307921,1.7090126527006286,18.0,66.0
1790783704.843605,0,no release,18.0,1.178,,,,18.0,66.0
1790783705.9706507,0,no release,18.0,0.8477,,,,18.0,66.0
1790783706.1097515,0,no release,18.0,0.8805,,,,18.0,66.0
1790783706.565705,0,no release,18.0,0.8859,,,,18.0,66.0
1790783706.7675622,0,no release,18.0,0.86,,,,18.0,66.0
1790783708.533488,0,no release,18.0,0.895,,,,18.0,66.0
1790783708.5632534,0,no release,18.0,0.9639,,,,18.0,66.0
1790783710.1963553,0,no release,18.0,0.9254,,,,18.0,66.0
1790783710.8454225,0,no release,18.0,0.9275,,,,18.0,66.0
1790783712.7199748,0,no release,18.0,0.8799,,,,18.0,66.0
1790783712.8631082,0,no release,18.0,0.8734,,,,18.0,66.0
1790783713.3334367,0,no release,18.0,0.924,,,,18.0,66.0
1790783713.5239599,0,no release,18.0,0.9442,,,,18.0,66.0
1790783714.3913455,0,no release,18.0,0.9316,,,,18.0,66.0
1790783714.4199858,0,no release,18.0,1.0014,,,,18.0,66.0
1790783714.6585858,0,hit wall,0.936,0.772,,,,18.0,66.0
1790783714.707058,0,slipped off A,0.996,0.8698,,,,18.0,66.0
1790783716.8261006,0,no release,18.0,0.8696,,,,18.0,66.0
1790783717.3934524,0,no release,18.0,0.9029,,,,18.0,66.0
1790783718.532922,0,no release,18.0,0.9616,,,,18.0,66.0
1790783719.4232154,0,no release,18.0,0.9642,,,,18.0,66.0
1790783719.8419251,0,no release,18.0,0.9971,,,,18.0,66.0
1790783720.0030746,0,no release,18.0,0.9078,,,,18.0,66.0
1790783721.05709,0,no release,18.0,0.8948,,,,18.0,66.0
1790783721.100107,0,no release,18.0,0.9349,,,,18.0,66.0
1790783721.2498553,0,hit wall,7.6,0.878,,,,18.0,66.0
1790783721.3898618,0,slipped off A,1.238,0.8023,,,,18.0,66.0
1790783723.2609546,0,no release,18.0,0.8871,,,,18.0,66.0
1790783723.8072612,0,no release,18.0,0.8806,,,,18.0,66.0
1790783724.952603,0,no release,18.0,0.9313,,,,18.0,66.0
1790783725.4175181,0,no release,18.0,0.8921,,,,18.0,66.0
1790783725.633019,0,no release,18.0,1.0827,,,,18.0,66.0
1790783727.6064372,0,no release,18.0,0.9142,,,,18.0,66.0
1790783727.758713,0,no release,18.0,0.9652,,,,18.0,66.0
1790783727.9013476,0,no release,18.0,0.9577,,,,18.0,66.0
1790783728.9268794,0,no release,18.0,0.8938,,,,18.0,66.0
1790783730.3531003,0,no release,18.0,0.9461,,,,18.0,66.0
1790783730.4192173,0,hit wall,11.394,0.9436,,,,18.0,66.0
1790783731.5912387,0,no release,18.0,0.9129,,,,18.0,66.0
1790783731.8492706,0,hit wall,7.504,0.8955,,,,18.0,66.0
1790783732.055635,0,no release,18.0,0.9782,,,,18.0,66.0
1790783734.2162993,0,no release,18.0,0.9644,,,,18.0,66.0
1790783734.3818908,0,no release,18.0,0.9026,,,,18.0,66.0
1790783734.548171,0,no release,18.0,0.9264,,,,18.0,66.0
1790783734.8030488,0,hit wall,1.374,0.8003,,,,18.0,66.0
1790783736.1861532,0,no release,18.0,0.8719,,,,18.0,66.0
1790783736.2389147,0,no release,18.0,0.9244,,,,18.0,66.0
1790783738.334046,0,no release,18.0,0.9024,,,,18.0,66.0
1790783738.5954037,0,no release,18.0,0.9035,,,,18.0,66.0
1790783738.8021412,0,no release,18.0,0.9597,,,,18.0,66.0
1790783740.1316774,0,no release,18.0,0.9194,,,,18.0,66.0
1790783741.303679,0,no release,18.0,0.8998,,,,18.0,66.0
1790783741.5621998,0,no release,18.0,0.8988,,,,18.0,66.0
1790783743.0438027,0,no release,18.0,0.8651,,,,18.0,66.0
1790783743.102078,0,no release,18.0,0.9324,,,,18.0,66.0
1790783743.3382988,0,hit wall,0.922,0.9,,,,18.0,66.0
1790783745.0714962,0,no release,18.0,0.932,,,,18.0,66.0
1790783745.27641,0,hit wall,5.084,0.8123,,,,18.0,66.0
1790783745.35963,0,no release,18.0,0.9719,,,,18.0,66.0
1790783745.5919788,0,no release,18.0,0.896,,,,18.0,66.0
1790783747.0051143,0,no release,18.0,1.212,,,,18.0,66.0
1790783747.2737632,0,no release,18.0,0.8932,,,,18.0,66.0
1790783747.5162933,0,no release,18.0,0.9574,,,,18.0,66.0
1790783750.050241,0,no release,18.0,0.9173,,,,18.0,66.0
1790783750.9691355,0,no release,18.0,0.8628,,,,18.0,66.0
1790783751.151182,0,no release,18.0,0.8564,,,,18.0,66.0
1790783751.2268353,0,no release,18.0,1.0281,,,,18.0,66.0
1790783751.4258287,0,no release,18.0,0.9337,,,,18.0,66.0
1790783753.6295907,0,no release,18.0,0.8567,,,,18.0,66.0
1790783753.6614149,0,grip capacity exceeded,0.09,2.0172,,,,18.0,66.0
1790783753.9304504,0,no release,18.0,0.8777,,,,18.0,66.0
1790783754.158656,0,no release,18.0,0.9412,,,,18.0,66.0
1790783756.623318,0,no release,18.0,0.8956,,,,18.0,66.0
1790783757.5193858,0,no release,18.0,0.8549,,,,18.0,66.0
1790783757.6985898,0,no release,18.0,0.9104,,,,18.0,66.0
1790783757.781731,0,no release,18.0,0.8924,,,,18.0,66.0
1790783757.8708818,0,slipped off A,0.618,0.8548,,,,18.0,66.0
1790783757.9771278,0,no release,18.0,0.9024,,,,18.0,66.0
1790783760.1231813,0,no release,18.0,0.9123,,,,18.0,66.0
1790783760.3822603,0,no release,18.0,0.8857,,,,18.0,66.0
1790783760.6161685,0,no release,18.0,0.9179,,,,18.0,66.0
1790783762.37734,0,no release,18.0,0.934,,,,18.0,66.0
1790783764.193386,0,no release,18.0,0.8471,,,,18.0,66.0
1790783764.4489942,0,no release,18.0,0.8778,,,,18.0,66.0
1790783764.5434318,0,no release,18.0,0.8966,,,,18.0,66.0
1790783764.664535,0,no release,18.0,0.8621,,,,18.0,66.0
1790783766.0449069,0,no release,18.0,0.8725,,,,18.0,66.0
1790783767.1487193,0,no release,18.0,0.8753,,,,18.0,66.0
1790783767.3867736,0,no release,18.0,0.9403,,,,18.0,66.0
1790783769.065426,0,no release,18.0,0.9736,,,,18.0,66.0
1790783770.7847166,0,no release,18.0,0.9261,,,,18.0,66.0
1790783770.9011333,0,hit wall,10.79,0.8783,,,,18.0,66.0
1790783771.042735,0,no release,18.0,0.9036,,,,18.0,66.0
1790783771.1383038,0,no release,18.0,0.8929,,,,18.0,66.0
1790783771.2340417,0,no release,18.0,0.8494,,,,18.0,66.0
1790783771.301728,0,hit wall,5.254,0.8723,,,,18.0,66.0
1790783772.632716,0,no release,18.0,0.8468,,,,18.0,66.0
1790783773.157133,0,no release,18.0,0.8988,,,,18.0,66.0
1790783775.214174,0,hit wall,11.318,0.8969,,,,18.0,66.0
1790783776.5679276,0,no release,18.0,0.9517,,,,18.0,66.0
1790783776.6829286,0,no release,18.0,0.896,,,,18.0,66.0
1790783776.8212996,0,no release,18.0,0.9479,,,,18.0,66.0
1790783776.9096534,0,no release,18.0,0.8807,,,,18.0,66.0
1790783777.9004033,0,no release,18.0,1.1142,,,,18.0,66.0
1790783779.1808577,0,no release,18.0,0.8983,,,,18.0,66.0
1790783779.683565,0,no release,18.0,0.917,,,,18.0,66.0
1790783781.7660825,0,no release,18.0,0.8944,,,,18.0,66.0
1790783783.148778,0,no release,18.0,0.8747,,,,18.0,66.0
1790783783.2760603,0,no release,18.0,0.9159,,,,18.0,66.0
1790783783.4306705,0,no release,18.0,0.9205,,,,18.0,66.0
1790783783.520263,0,no release,18.0,0.9068,,,,18.0,66.0
1790783783.5202942,0,hit wall,0.846,0.864,,,,18.0,66.0
1790783783.711104,0,no release,18.0,0.8996,,,,18.0,66.0
1790783784.4204187,0,hit wall,9.23,0.8493,,,,18.0,66.0
1790783786.099948,0,no release,18.0,0.861,,,,18.0,66.0
1790783786.591379,0,no release,18.0,0.9533,,,,18.0,66.0
1790783787.2491293,0,hit wall,9.62,0.8591,,,,18.0,66.0
1790783787.5130916,0,hit wall,3.334,0.7985,,,,18.0,66.0
1790783790.2134123,0,no release,18.0,0.851,,,,18.0,66.0
1790783790.450633,0,no release,18.0,0.9044,,,,18.0,66.0
1790783790.535873,0,no release,18.0,0.8894,,,,18.0,66.0
1790783790.7249534,0,no release,18.0,0.8816,,,,18.0,66.0
1790783791.3592985,0,no release,18.0,0.8205,,,,18.0,66.0
1790783792.0521417,0,no release,18.0,0.855,,,,18.0,66.0
1790783794.0510833,0,no release,18.0,0.8793,,,,18.0,66.0
1790783794.2816517,0,no release,18.0,0.8709,,,,18.0,66.0
1790783796.7967703,0,no release,18.0,0.9058,,,,18.0,66.0
1790783797.068862,0,no release,18.0,0.8256,,,,18.0,66.0
1790783797.161785,0,no release,18.0,1.0507,,,,18.0,66.0
1790783797.354037,0,no release,18.0,0.9411,,,,18.0,66.0
1790783797.9585938,0,no release,18.0,0.8485,,,,18.0,66.0
1790783798.5506873,0,no release,18.0,0.8813,,,,18.0,66.0
1790783800.5082488,0,no release,18.0,0.9338,,,,18.0,66.0
1790783800.7567124,0,no release,18.0,0.9375,,,,18.0,66.0
1790783801.918586,0,hit wall,5.08,0.9734,,,,18.0,66.0
1790783802.3995059,0,no release,18.0,0.9157,,,,18.0,66.0
1790783802.638387,0,no release,18.0,0.9139,,,,18.0,66.0
1790783802.7481337,0,no release,18.0,0.9028,,,,18.0,66.0
1790783803.8003504,0,no release,18.0,0.8869,,,,18.0,66.0
1790783804.4327488,0,no release,18.0,0.8775,,,,18.0,66.0
1790783805.1245625,0,no release,18.0,0.9232,,,,18.0,66.0
1790783807.2786367,0,no release,18.0,0.9516,,,,18.0,66.0
1790783808.4233649,0,no release,18.0,0.8885,,,,18.0,66.0
1790783809.004176,0,no release,18.0,0.8528,,,,18.0,66.0
1790783809.2587874,0,no release,18.0,0.867,,,,18.0,66.0
1790783809.3516314,0,no release,18.0,0.8304,,,,18.0,66.0
1790783809.5240974,0,no release,18.0,0.8867,,,,18.0,66.0
1790783810.8521497,0,no release,18.0,0.9334,,,,18.0,66.0
1790783811.4885476,0,no release,18.0,0.8698,,,,18.0,66.0
1790783812.9451795,0,no release,18.0,0.8913,,,,18.0,66.0
1790783814.9199288,0,no release,18.0,0.8755,,,,18.0,66.0
1790783815.4353676,0,no release,18.0,0.9297,,,,18.0,66.0
1790783815.6800933,0,no release,18.0,0.927,,,,18.0,66.0
1790783815.768733,0,no release,18.0,0.8758,,,,18.0,66.0
1790783815.9597044,0,no release,18.0,0.9023,,,,18.0,66.0
1790783816.582385,0,no release,18.0,0.8866,,,,18.0,66.0
1790783818.0072663,0,no release,18.0,0.9203,,,,18.0,66.0
1790783819.3630896,0,no release,18.0,0.8579,,,,18.0,66.0
1790783820.5510197,0,no release,18.0,0.8908,,,,18.0,66.0
1790783821.9084597,0,no release,18.0,0.8756,,,,18.0,66.0
1790783822.143605,0,no release,18.0,0.8977,,,,18.0,66.0
1790783822.2251127,0,no release,18.0,0.9178,,,,18.0,66.0
1790783822.4095101,0,no release,18.0,0.8822,,,,18.0,66.0
1790783823.0042639,0,no release,18.0,0.9265,,,,18.0,66.0
1790783823.6929963,0,no release,18.0,0.8674,,,,18.0,66.0
1790783825.8087292,0,no release,18.0,1.6716,,,,18.0,66.0
1790783826.8921938,0,no release,18.0,0.8614,,,,18.0,66.0
1790783827.4576137,0,no release,18.0,0.8405,,,,18.0,66.0
1790783827.7245133,0,no release,18.0,0.9269,,,,18.0,66.0
1790783828.6156695,0,no release,18.0,0.8801,,,,18.0,66.0
1790783828.7788255,0,no release,18.0,0.8877,,,,18.0,66.0
1790783829.331165,0,no release,18.0,0.9316,,,,18.0,66.0
1790783829.9274898,0,no release,18.0,0.8854,,,,18.0,66.0
1790783832.116435,0,no release,18.0,0.8662,,,,18.0,66.0
1790783833.1462073,0,no release,18.0,0.8792,,,,18.0,66.0
1790783833.616343,0,no release,18.0,0.935,,,,18.0,66.0
1790783833.8634214,0,no release,18.0,0.9327,,,,18.0,66.0
1790783833.9616842,0,no release,18.0,0.8809,,,,18.0,66.0
1790783834.150572,0,no release,18.0,0.86,,,,18.0,66.0
1790783835.6244757,0,no release,18.0,0.9109,,,,18.0,66.0
1790783836.2714796,0,no release,18.0,0.8469,,,,18.0,66.0
1790783837.4075873,0,hit wall,9.336,0.9012,,,,18.0,66.0
1790783837.5335636,0,no release,18.0,0.9386,,,,18.0,66.0
1790783839.4271433,0,no release,18.0,0.8414,,,,18.0,66.0
1790783839.9731965,0,no release,18.0,0.9191,,,,18.0,66.0
1790783840.2243767,0,no release,18.0,1.1363,,,,18.0,66.0
1790783840.3056855,0,no release,18.0,0.8681,,,,18.0,66.0
1790783841.0561512,0,no release,18.0,0.886,,,,18.0,66.0
1790783842.522819,0,no release,18.0,0.9008,,,,18.0,66.0
1790783843.8593667,0,no release,18.0,0.926,,,,18.0,66.0
1790783843.993173,0,no release,18.0,0.8642,,,,18.0,66.0
1790783845.034847,0,no release,18.0,0.8645,,,,18.0,66.0
1790783846.0778627,0,hit wall,16.706,0.9249,,,,18.0,66.0
1790783846.7713902,0,no release,18.0,0.8624,,,,18.0,66.0
1790783846.8701034,0,no release,18.0,0.9369,,,,18.0,66.0
1790783847.6756172,0,no release,18.0,0.9296,,,,18.0,66.0
1790783848.319861,0,no release,18.0,0.9208,,,,18.0,66.0
1790783850.4521053,0,no release,18.0,0.9337,,,,18.0,66.0
1790783850.601128,0,no release,18.0,0.8855,,,,18.0,66.0
1790783851.7685378,0,no release,18.0,0.9012,,,,18.0,66.0
1790783851.9620683,0,no release,18.0,0.8458,,,,18.0,66.0
1790783853.4455688,0,no release,18.0,0.8822,,,,18.0,66.0
1790783853.5350502,0,no release,18.0,0.8893,,,,18.0,66.0
1790783854.435469,0,no release,18.0,0.8757,,,,18.0,66.0
1790783855.1288788,0,no release,18.0,0.9195,,,,18.0,66.0
1790783856.0085423,0,hit wall,8.774,0.9031,,,,18.0,66.0
1790783857.2152402,0,no release,18.0,0.8282,,,,18.0,66.0
1790783857.3441613,0,no release,18.0,0.8472,,,,18.0,66.0
1790783858.5281954,0,no release,18.0,0.8995,,,,18.0,66.0
1790783858.725665,0,no release,18.0,0.8717,,,,18.0,66.0
1790783859.4564228,0,no release,18.0,0.9317,,,,18.0,66.0
1790783860.9477196,0,no release,18.0,0.9535,,,,18.0,66.0
1790783861.5797904,0,no release,18.0,0.8486,,,,18.0,66.0
1790783862.4501212,0,no release,18.0,0.9129,,,,18.0,66.0
1790783862.9075806,0,no release,18.0,0.8753,,,,18.0,66.0
1790783863.0553484,0,no release,18.0,0.9168,,,,18.0,66.0
1790783865.0213125,0,no release,18.0,0.9316,,,,18.0,66.0
1790783865.209387,0,no release,18.0,0.8377,,,,18.0,66.0
1790783865.9475358,0,no release,18.0,0.8914,,,,18.0,66.0
1790783866.7616756,0,no release,18.0,0.88,,,,18.0,66.0
1790783868.3710544,0,no release,18.0,0.9302,,,,18.0,66.0
1790783869.1237392,0,no release,18.0,0.8508,,,,18.0,66.0
1790783869.441801,0,hit wall,1.246,0.7277,,,,18.0,66.0
1790783869.538875,0,no release,18.0,0.8596,,,,18.0,66.0
1790783869.692511,0,no release,18.0,0.8894,,,,18.0,66.0
1790783870.8796375,0,no release,18.0,0.84,,,,18.0,66.0
1790783871.886747,0,no release,18.0,0.8309,,,,18.0,66.0
1790783872.163248,0,hit wall,0.912,0.7302,,,,18.0,66.0
1790783872.5864096,0,no release,18.0,0.861,,,,18.0,66.0
1790783873.37955,0,no release,18.0,1.1565,,,,18.0,66.0
1790783874.0507395,0,no release,18.0,0.879,,,,18.0,66.0
1790783876.1724615,0,no release,18.0,0.9495,,,,18.0,66.0
1790783876.2572477,0,no release,18.0,0.893,,,,18.0,66.0
1790783876.3860831,0,no release,18.0,0.8492,,,,18.0,66.0
1790783877.4373388,0,no release,18.0,0.8634,,,,18.0,66.0
1790783877.8739023,0,no release,18.0,0.8771,,,,18.0,66.0
1790783879.125516,0,no release,18.0,0.8367,,,,18.0,66.0
1790783879.988907,0,no release,18.0,0.8718,,,,18.0,66.0
1790783880.5913217,0,no release,18.0,1.0112,,,,18.0,66.0
1790783880.6734948,0,slipped off A,0.33,1.241,,,,18.0,66.0
1790783882.5269501,0,no release,18.0,0.8504,,,,18.0,66.0
1790783882.6218593,0,no release,18.0,0.8879,,,,18.0,66.0
1790783882.7804437,0,no release,18.0,0.8411,,,,18.0,66.0
1790783884.000123,0,no release,18.0,0.8998,,,,18.0,66.0
1790783884.4196095,0,no release,18.0,0.8528,,,,18.0,66.0
1790783884.7183216,0,hit wall,1.122,0.7723,,,,18.0,66.0
1790783884.855852,0,no release,18.0,0.8149,,,,18.0,66.0
1790783885.1517308,0,hit wall,1.076,0.799,,,,18.0,66.0
1790783886.5109866,0,no release,18.0,0.8231,,,,18.0,66.0
1790783887.356923,0,no release,18.0,0.9421,,,,18.0,66.0
1790783888.465933,0,no release,18.0,0.9152,,,,18.0,66.0
1790783888.5497618,0,no release,18.0,0.8973,,,,18.0,66.0
1790783888.6761203,0,no release,18.0,1.1932,,,,18.0,66.0
1790783890.6837792,0,no release,18.0,0.8627,,,,18.0,66.0
1790783891.5030944,0,no release,18.0,0.8695,,,,18.0,66.0
1790783891.9404101,0,no release,18.0,0.9338,,,,18.0,66.0
1790783892.3876905,0,no release,18.0,0.8759,,,,18.0,66.0
1790783892.4080694,0,grip capacity exceeded,0.076,2.2816,,,,18.0,66.0
1790783893.5763865,0,hit wall,16.924,1.1588,,,,18.0,66.0
1790783894.9847012,0,no release,18.0,0.9085,,,,18.0,66.0
1790783895.0836637,0,no release,18.0,0.904,,,,18.0,66.0
1790783895.2397494,0,no release,18.0,0.8252,,,,18.0,66.0
1790783897.0817401,0,no release,18.0,1.5401,,,,18.0,66.0
1790783897.838205,0,no release,18.0,0.849,,,,18.0,66.0
1790783898.2974296,0,no release,18.0,0.8987,,,,18.0,66.0
1790783898.8676577,0,no release,18.0,0.8466,,,,18.0,66.0
1790783899.342622,0,no release,18.0,1.6937,,,,18.0,66.0
1790783901.4025202,0,no release,18.0,0.8974,,,,18.0,66.0
1790783901.4962332,0,no release,18.0,0.9491,,,,18.0,66.0
1790783901.6463907,0,no release,18.0,0.869,,,,18.0,66.0
1790783902.8400197,0,no release,18.0,0.8805,,,,18.0,66.0
1790783903.1480787,0,hit wall,5.18,0.8745,,,,18.0,66.0
1790783904.3878105,0,no release,18.0,0.8547,,,,18.0,66.0
1790783904.7864633,0,no release,18.0,0.859,,,,18.0,66.0
1790783905.317829,0,no release,18.0,0.9244,,,,18.0,66.0
1790783905.800863,0,no release,18.0,1.0607,,,,18.0,66.0
1790783908.014119,0,no release,18.0,0.8878,,,,18.0,66.0
1790783908.0847852,0,no release,18.0,0.8882,,,,18.0,66.0
1790783909.2734582,0,no release,18.0,0.8909,,,,18.0,66.0
1790783909.565702,0,no release,18.0,1.3158,,,,18.0,66.0
1790783910.0971372,0,no release,18.0,0.985,,,,18.0,66.0
1790783910.575666,0,no release,18.0,0.8436,,,,18.0,66.0
1790783911.8042374,0,no release,18.0,0.9395,,,,18.0,66.0
1790783912.1619842,0,no release,18.0,1.2912,,,,18.0,66.0
1790783913.5030296,0,no release,18.0,0.8824,,,,18.0,66.0
1790783913.5957298,0,no release,18.0,1.1724,,,,18.0,66.0
1790783915.691138,0,no release,18.0,0.9227,,,,18.0,66.0
1790783915.9465158,0,no release,18.0,0.9019,,,,18.0,66.0
1790783916.3357666,0,no release,18.0,0.8621,,,,18.0,66.0
1790783916.737535,0,no release,18.0,0.9012,,,,18.0,66.0
1790783917.2806013,0,no release,18.0,0.8771,,,,18.0,66.0
1790783918.5403512,0,no release,18.0,0.9618,,,,18.0,66.0
1790783919.8933508,0,no release,18.0,0.9847,,,,18.0,66.0
1790783919.960216,0,no release,18.0,0.873,,,,18.0,66.0
1790783921.9225526,0,no release,18.0,0.8895,,,,18.0,66.0
1790783922.2109773,0,no release,18.0,0.8688,,,,18.0,66.0
1790783922.7253,0,no release,18.0,0.939,,,,18.0,66.0
1790783923.1858017,0,no release,18.0,1.1415,,,,18.0,66.0
1790783923.6806135,0,no release,18.0,0.9779,,,,18.0,66.0
1790783924.0417287,0,no release,18.0,1.0064,,,,18.0,66.0
1790783926.2518027,0,no release,18.0,0.8943,,,,18.0,66.0
1790783926.3472972,0,no release,18.0,0.9085,,,,18.0,66.0
1790783927.5954099,0,no release,18.0,0.8485,,,,18.0,66.0
1790783927.8300018,0,no release,18.0,0.8704,,,,18.0,66.0
1790783929.058877,0,no release,18.0,0.8706,,,,18.0,66.0
1790783929.4958653,0,no release,18.0,0.8945,,,,18.0,66.0
1790783930.0705693,0,no release,18.0,0.8934,,,,18.0,66.0
1790783930.5112526,0,no release,18.0,0.8947,,,,18.0,66.0
1790783932.547174,0,no release,18.0,0.9059,,,,18.0,66.0
1790783932.629854,0,no release,18.0,0.898,,,,18.0,66.0
1790783933.1842675,0,hit wall,10.976,0.9039,,,,18.0,66.0
1790783933.9530187,0,no release,18.0,0.8835,,,,18.0,66.0
1790783933.9824727,0,grip capacity exceeded,0.082,2.0915,,,,18.0,66.0
1790783934.2363908,0,no release,18.0,0.9221,,,,18.0,66.0
1790783934.5055864,0,hit wall,7.05,0.8707,,,,18.0,66.0
1790783934.688627,0,no release,18.0,0.8793,,,,18.0,66.0
1790783936.4520848,0,no release,18.0,0.9006,,,,18.0,66.0
1790783936.9068866,0,no release,18.0,0.8765,,,,18.0,66.0
1790783938.4519637,0,no release,18.0,0.8642,,,,18.0,66.0
1790783939.8472915,0,no release,18.0,0.8664,,,,18.0,66.0
1790783940.589812,0,no release,18.0,0.8801,,,,18.0,66.0
1790783940.8664656,0,no release,18.0,0.8633,,,,18.0,66.0
1790783941.158249,0,no release,18.0,0.8859,,,,18.0,66.0
1790783941.3647385,0,no release,18.0,0.8555,,,,18.0,66.0
1790783941.4198055,0,hit wall,14.602,0.8669,,,,18.0,66.0
1790783943.645744,0,no release,18.0,0.9078,,,,18.0,66.0
1790783943.74257,0,hit wall,13.022,0.8447,,,,18.0,66.0
1790783945.7319572,0,no release,18.0,0.8665,,,,18.0,66.0
1790783945.9857368,0,hit wall,0.866,0.7977,,,,18.0,66.0
1790783947.2636962,0,no release,18.0,0.9091,,,,18.0,66.0
1790783947.4773073,0,no release,18.0,1.1939,,,,18.0,66.0
1790783947.486902,0,hit wall,16.994,0.8738,,,,18.0,66.0
1790783947.9046745,0,no release,18.0,0.9354,,,,18.0,66.0
1790783947.9590561,0,no release,18.0,1.0423,,,,18.0,66.0
1790783948.085138,0,hit wall,13.054,0.8941,,,,18.0,66.0
1790783949.4018056,0,no release,18.0,0.9579,,,,18.0,66.0
1790783952.3790064,0,no release,18.0,0.8547,,,,18.0,66.0
1790783952.9122078,0,no release,18.0,0.8657,,,,18.0,66.0
1790783953.1802971,0,no release,18.0,0.9377,,,,18.0,66.0
1790783953.1915834,0,no release,18.0,0.8225,,,,18.0,66.0
1790783954.3768125,0,no release,18.0,0.8809,,,,18.0,66.0
1790783954.4218698,0,no release,18.0,1.0014,,,,18.0,66.0
1790783954.5334482,0,no release,18.0,0.8878,,,,18.0,66.0
1790783955.7109354,0,no release,18.0,0.9609,,,,18.0,66.0
1790783957.9353938,0,hit wall,14.898,0.9286,,,,18.0,66.0
1790783958.9219337,0,hit wall,9.232,0.8408,,,,18.0,66.0
1790783959.1566203,0,no release,18.0,0.8841,,,,18.0,66.0
1790783959.410807,0,no release,18.0,0.9005,,,,18.0,66.0
1790783959.4216943,0,no release,18.0,0.8769,,,,18.0,66.0
1790783959.9149058,0,no release,18.0,0.8737,,,,18.0,66.0
1790783959.9741583,0,no release,18.0,0.8696,,,,18.0,66.0
1790783960.1151466,0,no release,18.0,0.8725,,,,18.0,66.0
1790783963.3510664,0,no release,18.0,1.1,,,,18.0,66.0
1790783963.6855378,0,hit wall,13.192,1.2416,,,,18.0,66.0
1790783965.2647169,0,no release,18.0,1.39,,,,18.0,66.0
1790783965.5166233,0,no release,18.0,0.906,,,,18.0,66.0
1790783965.5356593,0,grip capacity exceeded,0.068,2.0943,,,,18.0,66.0
1790783965.7385516,0,no release,18.0,0.8648,,,,18.0,66.0
1790783966.1545453,0,no release,18.0,0.8719,,,,18.0,66.0
1790783966.1973033,0,no release,18.0,1.2057,,,,18.0,66.0
1790783966.3015661,0,no release,18.0,0.8871,,,,18.0,66.0
1790783969.345288,0,hit wall,12.806,0.8777,,,,18.0,66.0
1790783969.6273775,0,no release,18.0,0.9468,,,,18.0,66.0
1790783969.8935392,0,no release,18.0,0.8884,,,,18.0,66.0
1790783970.0804935,0,hit wall,14.852,0.8797,,,,18.0,66.0
1790783971.9747095,0,no release,18.0,0.8373,,,,18.0,66.0
1790783972.4506474,0,no release,18.0,0.9098,,,,18.0,66.0
1790783972.5045898,0,no release,18.0,0.8671,,,,18.0,66.0
1790783972.6237369,0,no release,18.0,0.8564,,,,18.0,66.0
1790783973.5442767,0,hit wall,12.984,0.8702,,,,18.0,66.0
1790783975.9564273,0,no release,18.0,0.8693,,,,18.0,66.0
1790783976.0332978,0,hit wall,17.138,0.8864,,,,18.0,66.0
1790783976.4628468,0,no release,18.0,1.0896,,,,18.0,66.0
1790783977.5180354,0,no release,18.0,0.8675,,,,18.0,66.0
1790783978.7809818,0,no release,18.0,0.8771,,,,18.0,66.0
1790783978.831418,0,no release,18.0,1.2151,,,,18.0,66.0
1790783978.9602058,0,no release,18.0,0.8491,,,,18.0,66.0
1790783979.9064367,0,no release,18.0,0.8666,,,,18.0,66.0
1790783982.4824538,0,no release,18.0,0.8784,,,,18.0,66.0
1790783982.5627902,0,no release,18.0,0.8979,,,,18.0,66.0
1790783983.021162,0,no release,18.0,0.9,,,,18.0,66.0
1790783984.1111493,0,no release,18.0,0.8508,,,,18.0,66.0
1790783984.6282358,0,no release,18.0,0.8471,,,,18.0,66.0
1790783984.681236,0,no release,18.0,0.8952,,,,18.0,66.0
1790783984.8061917,0,no release,18.0,0.8524,,,,18.0,66.0
1790783986.6500974,0,no release,18.0,0.868,,,,18.0,66.0
1790783988.1755161,0,hit wall,15.314,0.9138,,,,18.0,66.0
1790783988.3980734,0,no release,18.0,0.8707,,,,18.0,66.0
1790783988.4685543,0,no release,18.0,0.8998,,,,18.0,66.0
1790783990.484277,0,hit wall,16.954,0.9134,,,,18.0,66.0
1790783991.2473078,0,no release,18.0,1.0051,,,,18.0,66.0
1790783991.30319,0,no release,18.0,0.9264,,,,18.0,66.0
1790783991.4412506,0,no release,18.0,0.9086,,,,18.0,66.0
1790783991.8626997,0,hit wall,9.392,0.8246,,,,18.0,66.0
1790783993.3265305,0,no release,18.0,0.9111,,,,18.0,66.0
1790783993.970536,0,hit wall,15.14,0.9173,,,,18.0,66.0
1790783994.9468918,0,no release,18.0,1.0109,,,,18.0,66.0
1790783996.9402325,0,hit wall,16.97,0.87,,,,18.0,66.0
1790783997.6133747,0,hit wall,16.93,0.8772,,,,18.0,66.0
1790783997.9487526,0,no release,18.0,0.8807,,,,18.0,66.0
1790783998.065376,0,no release,18.0,0.8325,,,,18.0,66.0
1790783998.4449866,0,no release,18.0,0.8881,,,,18.0,66.0
1790783999.101964,0,no release,18.0,0.8604,,,,18.0,66.0
1790784000.6016476,0,no release,18.0,0.9278,,,,18.0,66.0
1790784001.3000786,0,hit wall,17.012,0.8785,,,,18.0,66.0
1790784002.5882463,0,no release,18.0,0.8877,,,,18.0,66.0
1790784004.1901574,0,no release,18.0,0.925,,,,18.0,66.0
1790784004.5370905,0,no release,18.0,0.8524,,,,18.0,66.0
1790784004.6657772,0,no release,18.0,0.9005,,,,18.0,66.0
1790784004.751054,0,hit wall,16.884,0.8447,,,,18.0,66.0
1790784004.815337,0,missed B,0.5,0.5693,0.05999999999999872,0.9335809734752541,1.4936831642470867,18.0,66.0
1790784005.5881977,0,no release,18.0,0.8355,,,,18.0,66.0
1790784006.2480793,0,no release,18.0,0.9033,,,,18.0,66.0
1790784007.8224046,0,no release,18.0,0.8365,,,,18.0,66.0
1790784009.1385021,0,no release,18.0,0.8813,,,,18.0,66.0
1790784009.8821197,0,no release,18.0,0.933,,,,18.0,66.0
1790784010.2257223,0,no release,18.0,0.8547,,,,18.0,66.0
1790784011.201372,0,no release,18.0,0.9557,,,,18.0,66.0
1790784011.264436,0,no release,18.0,0.8257,,,,18.0,66.0
1790784012.186626,0,no release,18.0,0.8586,,,,18.0,66.0
1790784012.8507245,0,no release,18.0,0.951,,,,18.0,66.0
1790784013.5010598,0,no release,18.0,0.8506,,,,18.0,66.0
1790784015.7398155,0,no release,18.0,0.8754,,,,18.0,66.0
1790784016.5028672,0,no release,18.0,0.9012,,,,18.0,66.0
1790784016.8287847,0,no release,18.0,1.1713,,,,18.0,66.0
1790784017.026845,0,no release,18.0,0.9231,,,,18.0,66.0
1790784017.0774763,0,no release,18.0,0.926,,,,18.0,66.0
1790784017.5718482,0,hit wall,16.838,0.8712,,,,18.0,66.0
1790784019.3678374,0,hit wall,14.854,0.8708,,,,18.0,66.0
1790784019.5176525,0,no release,18.0,0.8503,,,,18.0,66.0
1790784022.5545137,0,no release,18.0,0.9049,,,,18.0,66.0
1790784023.3879585,0,no release,18.0,0.8279,,,,18.0,66.0
1790784023.7201667,0,no release,18.0,0.8655,,,,18.0,66.0
1790784023.934477,0,no release,18.0,0.9186,,,,18.0,66.0
1790784023.9972138,0,no release,18.0,0.8868,,,,18.0,66.0
1790784024.508972,0,no release,18.0,0.8567,,,,18.0,66.0
1790784025.0580819,0,hit wall,16.85,0.8842,,,,18.0,66.0
1790784026.2874599,0,no release,18.0,0.8766,,,,18.0,66.0
1790784028.4274466,0,no release,18.0,0.8744,,,,18.0,66.0
1790784030.0405996,0,no release,18.0,0.8711,,,,18.0,66.0
1790784030.3722703,0,no release,18.0,0.849,,,,18.0,66.0
1790784030.5947888,0,no release,18.0,0.9339,,,,18.0,66.0
1790784030.655932,0,no release,18.0,0.8493,,,,18.0,66.0
1790784031.2256167,0,no release,18.0,0.8493,,,,18.0,66.0
1790784031.7929103,0,no release,18.0,0.8657,,,,18.0,66.0
1790784032.264742,0,no release,18.0,0.8379,,,,18.0,66.0
1790784035.1057086,0,hit wall,15.074,0.8694,,,,18.0,66.0
1790784035.1464894,0,no release,18.0,0.8841,,,,18.0,66.0
1790784036.238554,0,no release,18.0,0.8815,,,,18.0,66.0
1790784037.2824879,0,no release,18.0,0.8504,,,,18.0,66.0
1790784037.3389795,0,no release,18.0,0.8544,,,,18.0,66.0
1790784037.84544,0,no release,18.0,0.9154,,,,18.0,66.0
1790784038.4351208,0,no release,18.0,0.849,,,,18.0,66.0
1790784038.9000025,0,no release,18.0,0.8598,,,,18.0,66.0
1790784041.5932736,0,no release,18.0,0.9057,,,,18.0,66.0
1790784041.633743,0,no release,18.0,1.0087,,,,18.0,66.0
1790784042.764402,0,no release,18.0,0.9142,,,,18.0,66.0
1790784042.9549778,0,no release,18.0,0.8348,,,,18.0,66.0
1790784043.006451,0,no release,18.0,0.8572,,,,18.0,66.0
1790784044.3279274,0,no release,18.0,0.8625,,,,18.0,66.0
1790784044.845274,0,no release,18.0,0.8457,,,,18.0,66.0
1790784045.2619274,0,no release,18.0,0.8795,,,,18.0,66.0
1790784046.2114828,0,hit wall,8.992,0.8365,,,,18.0,66.0
1790784048.2089653,0,no release,18.0,0.8635,,,,18.0,66.0
1790784048.2580156,0,no release,18.0,0.9768,,,,18.0,66.0
1790784049.2850711,0,no release,18.0,0.848,,,,18.0,66.0
1790784049.5275822,0,no release,18.0,0.8746,,,,18.0,66.0
1790784050.0693822,0,no release,18.0,1.0369,,,,18.0,66.0
1790784050.572121,0,no release,18.0,0.8748,,,,18.0,66.0
1790784051.8417504,0,no release,18.0,0.8289,,,,18.0,66.0
1790784052.7008417,0,no release,18.0,0.8348,,,,18.0,66.0
1790784053.7459095,0,no release,18.0,0.8474,,,,18.0,66.0
1790784053.7917054,0,no release,18.0,0.8553,,,,18.0,66.0
1790784055.7507002,0,no release,18.0,0.897,,,,18.0,66.0
1790784056.0376065,0,no release,18.0,0.8263,,,,18.0,66.0
1790784056.5275378,0,no release,18.0,0.8389,,,,18.0,66.0
1790784057.0526867,0,no release,18.0,0.8475,,,,18.0,66.0
1790784057.4476933,0,no release,18.0,0.9055,,,,18.0,66.0
1790784059.13283,0,no release,18.0,0.978,,,,18.0,66.0
1790784060.3160534,0,no release,18.0,0.8531,,,,18.0,66.0
1790784060.3598852,0,no release,18.0,0.851,,,,18.0,66.0
1790784062.2079885,0,no release,18.0,0.9037,,,,18.0,66.0
1790784062.4804397,0,no release,18.0,0.861,,,,18.0,66.0
1790784063.0224223,0,no release,18.0,0.8453,,,,18.0,66.0
1790784063.6397653,0,no release,18.0,0.8603,,,,18.0,66.0
1790784063.8587449,0,grip capacity exceeded,0.8,2.1562,,,,18.0,66.0
1790784064.0813599,0,no release,18.0,0.8705,,,,18.0,66.0
1790784064.875174,0,no release,18.0,1.3957,,,,18.0,66.0
1790784066.8472483,0,no release,18.0,0.8581,,,,18.0,66.0
1790784066.906501,0,no release,18.0,0.8378,,,,18.0,66.0
1790784067.9967349,0,no release,18.0,0.8461,,,,18.0,66.0
1790784068.258057,0,no release,18.0,0.8609,,,,18.0,66.0
1790784069.6327405,0,no release,18.0,0.8546,,,,18.0,66.0
1790784070.374743,0,no release,18.0,0.8522,,,,18.0,66.0
1790784070.6219873,0,no release,18.0,0.891,,,,18.0,66.0
1790784071.5292337,0,no release,18.0,0.8419,,,,18.0,66.0
1790784073.3298674,0,no release,18.0,0.8524,,,,18.0,66.0
1790784073.371817,0,no release,18.0,0.8675,,,,18.0,66.0
1790784074.4285793,0,no release,18.0,0.8601,,,,18.0,66.0
1790784074.708334,0,no release,18.0,0.8254,,,,18.0,66.0
1790784074.781646,0,hit wall,12.66,0.8968,,,,18.0,66.0
1790784075.260838,0,no release,18.0,0.8942,,,,18.0,66.0
1790784076.757901,0,no release,18.0,0.8346,,,,18.0,66.0
1790784077.8360953,0,no release,18.0,0.8789,,,,18.0,66.0
1790784079.0224972,0,no release,18.0,0.987,,,,18.0,66.0
1790784079.0672185,0,no release,18.0,1.0529,,,,18.0,66.0
1790784079.1360052,0,hit wall,8.532,0.8473,,,,18.0,66.0
1790784080.914487,0,no release,18.0,0.8515,,,,18.0,66.0
1790784081.148631,0,no release,18.0,0.8861,,,,18.0,66.0
1790784081.2107973,0,no release,18.0,0.8933,,,,18.0,66.0
1790784081.6668253,0,no release,18.0,0.8569,,,,18.0,66.0
1790784081.838082,0,hit wall,7.26,0.8715,,,,18.0,66.0
1790784084.353446,0,no release,18.0,0.8517,,,,18.0,66.0
1790784085.4668286,0,no release,18.0,0.8557,,,,18.0,66.0
1790784085.5203574,0,no release,18.0,0.9284,,,,18.0,66.0
1790784087.4771962,0,no release,18.0,0.8722,,,,18.0,66.0
1790784087.7588322,0,no release,18.0,0.8845,,,,18.0,66.0
1790784087.8309577,0,no release,18.0,0.818,,,,18.0,66.0
1790784088.2859764,0,no release,18.0,0.8535,,,,18.0,66.0
1790784088.4647639,0,no release,18.0,0.8685,,,,18.0,66.0
1790784090.9725645,0,no release,18.0,0.8696,,,,18.0,66.0
1790784092.1066568,0,no release,18.0,0.8838,,,,18.0,66.0
1790784092.1498642,0,no release,18.0,0.8907,,,,18.0,66.0
1790784092.8720763,0,hit wall,6.93,0.8536,,,,18.0,66.0
1790784093.1957183,0,no release,18.0,0.8448,,,,18.0,66.0
1790784093.4437785,0,no release,18.0,0.8809,,,,18.0,66.0
1790784093.506888,0,no release,18.0,0.889,,,,18.0,66.0
1790784094.839645,0,no release,18.0,0.947,,,,18.0,66.0
1790784095.0125456,0,no release,18.0,0.8119,,,,18.0,66.0
1790784095.1200478,0,hit wall,5.246,0.7768,,,,18.0,66.0
1790784096.419834,0,hit wall,12.826,0.9102,,,,18.0,66.0
1790784098.622318,0,no release,18.0,0.9073,,,,18.0,66.0
1790784099.734356,0,no release,18.0,1.3346,,,,18.0,66.0
1790784100.0013196,0,no release,18.0,0.8413,,,,18.0,66.0
1790784100.0690503,0,no release,18.0,0.8468,,,,18.0,66.0
1790784100.5097947,0,no release,18.0,0.8987,,,,18.0,66.0
1790784100.647424,0,no release,18.0,0.8962,,,,18.0,66.0
1790784100.7348564,0,no release,18.0,0.9036,,,,18.0,66.0
1790784102.8207948,0,no release,18.0,0.8905,,,,18.0,66.0
1790784104.2610846,0,no release,18.0,0.8498,,,,18.0,66.0
1790784106.173808,0,no release,18.0,0.8614,,,,18.0,66.0
1790784106.430104,0,no release,18.0,0.8944,,,,18.0,66.0
1790784106.4924283,0,no release,18.0,0.8788,,,,18.0,66.0
1790784106.9503946,0,no release,18.0,0.8987,,,,18.0,66.0
1790784107.109275,0,no release,18.0,0.8748,,,,18.0,66.0
1790784107.2237086,0,no release,18.0,0.9238,,,,18.0,66.0
1790784109.3074143,0,no release,18.0,0.9027,,,,18.0,66.0
1790784110.7686827,0,no release,18.0,1.2828,,,,18.0,66.0
1790784112.6406045,0,no release,18.0,0.871,,,,18.0,66.0
1790784112.8856385,0,no release,18.0,0.8634,,,,18.0,66.0
1790784112.957494,0,no release,18.0,0.8802,,,,18.0,66.0
1790784113.4313388,0,no release,18.0,0.8175,,,,18.0,66.0
1790784113.5744214,0,hit wall,12.734,0.857,,,,18.0,66.0
1790784113.6018984,0,no release,18.0,0.8953,,,,18.0,66.0
1790784113.7166252,0,no release,18.0,0.8604,,,,18.0,66.0
1790784117.143146,0,no release,18.0,0.9606,,,,18.0,66.0
1790784118.2016175,0,no release,18.0,0.8804,,,,18.0,66.0
1790784118.4585743,0,no release,18.0,0.874,,,,18.0,66.0
1790784118.531164,0,no release,18.0,0.846,,,,18.0,66.0
1790784119.7922184,0,no release,18.0,0.8363,,,,18.0,66.0
1790784119.9317355,0,no release,18.0,1.2303,,,,18.0,66.0
1790784119.9608982,0,no release,18.0,0.9019,,,,18.0,66.0
1790784120.0739584,0,no release,18.0,0.9665,,,,18.0,66.0
1790784123.498544,0,no release,18.0,0.9785,,,,18.0,66.0
1790784124.5180652,0,no release,18.0,0.8359,,,,18.0,66.0
1790784124.5793636,0,hit wall,14.676,0.8295,,,,18.0,66.0
1790784124.7957428,0,no release,18.0,0.8519,,,,18.0,66.0
1790784124.8559096,0,no release,18.0,0.8534,,,,18.0,66.0
1790784125.2665136,0,no release,18.0,0.9093,,,,18.0,66.0
1790784125.4085445,0,no release,18.0,0.8497,,,,18.0,66.0
1790784125.527744,0,no release,18.0,0.869,,,,18.0,66.0
1790784128.0507302,0,hit wall,9.284,0.7939,,,,18.0,66.0
1790784128.9392068,0,no release,18.0,0.8663,,,,18.0,66.0
1790784130.8904512,0,no release,18.0,0.86,,,,18.0,66.0
1790784130.946728,0,no release,18.0,0.8704,,,,18.0,66.0
1790784131.2144713,0,no release,18.0,0.8885,,,,18.0,66.0
1790784131.632455,0,no release,18.0,0.876,,,,18.0,66.0
1790784131.7643213,0,no release,18.0,0.8466,,,,18.0,66.0
1790784131.8925066,0,no release,18.0,1.0158,,,,18.0,66.0
1790784134.446817,0,no release,18.0,0.9521,,,,18.0,66.0
1790784134.9004655,0,hit wall,9.058,0.8839,,,,18.0,66.0
1790784135.4387684,0,no release,18.0,0.8714,,,,18.0,66.0
1790784137.2825983,0,no release,18.0,1.0688,,,,18.0,66.0
1790784137.3393648,0,no release,18.0,0.8696,,,,18.0,66.0
1790784137.6322398,0,no release,18.0,0.8992,,,,18.0,66.0
1790784138.2876709,0,no release,18.0,0.8492,,,,18.0,66.0
1790784138.4401212,0,no release,18.0,0.8054,,,,18.0,66.0
1790784140.7956748,0,no release,18.0,0.8677,,,,18.0,66.0
1790784141.267999,0,no release,18.0,0.8706,,,,18.0,66.0
1790784141.8752396,0,no release,18.0,1.2655,,,,18.0,66.0
1790784142.9393017,0,no release,18.0,0.8635,,,,18.0,66.0
1790784142.9873962,0,no release,18.0,0.8892,,,,18.0,66.0
1790784143.2103672,0,no release,18.0,0.8492,,,,18.0,66.0
1790784144.7083106,0,no release,18.0,1.0666,,,,18.0,66.0
1790784144.8540177,0,no release,18.0,0.8458,,,,18.0,66.0
1790784145.6908238,0,hit wall,6.6,0.813,,,,18.0,66.0
1790784146.644597,0,no release,18.0,0.8631,,,,18.0,66.0
1790784147.7896144,0,no release,18.0,1.2706,,,,18.0,66.0
1790784148.3557727,0,no release,18.0,0.8999,,,,18.0,66.0
1790784149.5441003,0,no release,18.0,0.872,,,,18.0,66.0
1790784149.8709247,0,no release,18.0,1.0633,,,,18.0,66.0
1790784150.466997,0,no release,18.0,0.8384,,,,18.0,66.0
1790784151.43224,0,no release,18.0,0.8788,,,,18.0,66.0
1790784152.1717308,0,no release,18.0,0.8484,,,,18.0,66.0
1790784153.2124753,0,no release,18.0,0.8649,,,,18.0,66.0
1790784153.6886632,0,no release,18.0,0.975,,,,18.0,66.0
1790784154.2657588,0,no release,18.0,0.9045,,,,18.0,66.0
1790784156.0919545,0,no release,18.0,0.8295,,,,18.0,66.0
1790784156.437117,0,no release,18.0,0.8439,,,,18.0,66.0
1790784157.0812078,0,no release,18.0,0.8688,,,,18.0,66.0
1790784157.179598,0,grip capacity exceeded,0.358,2.2399,,,,18.0,66.0
1790784157.2265005,0,no release,18.0,0.852,,,,18.0,66.0
1790784158.8170347,0,no release,18.0,1.0665,,,,18.0,66.0
1790784159.673502,0,no release,18.0,0.8916,,,,18.0,66.0
1790784160.0910935,0,no release,18.0,0.9049,,,,18.0,66.0
1790784160.6829152,0,no release,18.0,0.9841,,,,18.0,66.0
1790784162.55071,0,no release,18.0,0.8567,,,,18.0,66.0
1790784162.863101,0,no release,18.0,0.9133,,,,18.0,66.0
1790784163.4844565,0,no release,18.0,1.0344,,,,18.0,66.0
1790784163.519426,0,no release,18.0,0.9039,,,,18.0,66.0
1790784164.2346888,0,no release,18.0,0.8789,,,,18.0,66.0
1790784165.9775393,0,no release,18.0,0.8655,,,,18.0,66.0
1790784166.4382405,0,no release,18.0,0.8731,,,,18.0,66.0
1790784166.9522789,0,no release,18.0,0.8672,,,,18.0,66.0
1790784167.8784385,0,no release,18.0,0.874,,,,18.0,66.0
1790784168.8751872,0,no release,18.0,0.908,,,,18.0,66.0
1790784169.627688,0,no release,18.0,0.8774,,,,18.0,66.0
1790784169.6712666,0,no release,18.0,0.83,,,,18.0,66.0
1790784170.4335372,0,no release,18.0,0.8966,,,,18.0,66.0
1790784171.251687,0,no release,18.0,0.8557,,,,18.0,66.0
1790784172.3936522,0,no release,18.0,0.8648,,,,18.0,66.0
1790784172.6969826,0,hit wall,16.978,0.865,,,,18.0,66.0
1790784174.0884118,0,no release,18.0,0.8496,,,,18.0,66.0
1790784174.3886507,0,no release,18.0,1.1567,,,,18.0,66.0
1790784175.7803946,0,no release,18.0,0.8494,,,,18.0,66.0
1790784175.8285038,0,no release,18.0,0.8575,,,,18.0,66.0
1790784176.6661804,0,no release,18.0,0.8788,,,,18.0,66.0
1790784177.645958,0,no release,18.0,0.8328,,,,18.0,66.0
1790784178.0841758,0,no release,18.0,0.8703,,,,18.0,66.0
1790784178.3307743,0,no release,18.0,0.8376,,,,18.0,66.0
1790784180.0675726,0,hit wall,14.922,0.8149,,,,18.0,66.0
1790784180.6044352,0,no release,18.0,0.9147,,,,18.0,66.0
1790784181.2598839,0,hit wall,16.614,0.86,,,,18.0,66.0
1790784181.6318636,0,no release,18.0,0.8643,,,,18.0,66.0
1790784183.1576014,0,no release,18.0,0.8998,,,,18.0,66.0
1790784184.166627,0,no release,18.0,0.895,,,,18.0,66.0
1790784184.6704173,0,no release,18.0,0.8847,,,,18.0,66.0
1790784184.9389842,0,no release,18.0,0.8823,,,,18.0,66.0
1790784185.7700565,0,no release,18.0,0.9836,,,,18.0,66.0
1790784187.0394957,0,no release,18.0,1.2582,,,,18.0,66.0
1790784187.6806772,0,no release,18.0,0.8712,,,,18.0,66.0
1790784188.147555,0,no release,18.0,0.8266,,,,18.0,66.0
1790784188.8680859,0,no release,18.0,0.86,,,,18.0,66.0
1790784190.582917,0,no release,18.0,0.8579,,,,18.0,66.0
1790784191.0312366,0,no release,18.0,0.8639,,,,18.0,66.0
1790784191.3029857,0,no release,18.0,0.8321,,,,18.0,66.0
1790784192.190653,0,no release,18.0,0.8401,,,,18.0,66.0
1790784192.3052638,0,hit wall,16.548,0.9618,,,,18.0,66.0
1790784193.7699277,0,hit wall,16.636,0.9464,,,,18.0,66.0
1790784194.528171,0,no release,18.0,0.9928,,,,18.0,66.0
1790784194.571694,0,hit wall,9.14,0.8329,,,,18.0,66.0
1790784194.944871,0,hit wall,16.69,0.8485,,,,18.0,66.0
1790784195.8594444,0,hit wall,16.64,0.886,,,,18.0,66.0
1790784197.2285504,0,hit wall,12.806,0.8354,,,,18.0,66.0
1790784197.4949272,0,no release,18.0,0.9126,,,,18.0,66.0
1790784198.7318027,0,no release,18.0,0.9122,,,,18.0,66.0
1790784199.3706782,0,no release,18.0,0.9293,,,,18.0,66.0
1790784199.7995405,0,hit wall,16.606,0.9003,,,,18.0,66.0
1790784201.0700321,0,no release,18.0,0.8784,,,,18.0,66.0
1790784201.458061,0,no release,18.0,0.8331,,,,18.0,66.0
1790784202.3486547,0,no release,18.0,0.8715,,,,18.0,66.0
1790784202.8815355,0,no release,18.0,0.8622,,,,18.0,66.0
1790784203.156663,0,no release,18.0,0.9058,,,,18.0,66.0
1790784205.2282553,0,no release,18.0,1.4916,,,,18.0,66.0
1790784205.4717567,0,hit wall,14.818,0.9159,,,,18.0,66.0
1790784205.8908503,0,no release,18.0,0.8682,,,,18.0,66.0
1790784206.6773994,0,no release,18.0,0.8689,,,,18.0,66.0
1790784207.0616386,0,no release,18.0,0.8673,,,,18.0,66.0
1790784208.7408338,0,no release,18.0,0.8438,,,,18.0,66.0
1790784209.3438745,0,no release,18.0,0.8621,,,,18.0,66.0
1790784209.6162066,0,no release,18.0,0.8594,,,,18.0,66.0
1790784210.2418718,0,hit wall,15.872,1.0035,,,,18.0,66.0
1790784211.8909028,0,no release,18.0,0.8417,,,,18.0,66.0
1790784212.3571522,0,no release,18.0,0.8707,,,,18.0,66.0
1790784213.2164087,0,no release,18.0,0.9812,,,,18.0,66.0
1790784213.602945,0,no release,18.0,0.8829,,,,18.0,66.0
1790784215.3658547,0,no release,18.0,0.8986,,,,18.0,66.0
1790784215.5428846,0,hit wall,16.5,0.8813,,,,18.0,66.0
1790784216.2229407,0,no release,18.0,0.8933,,,,18.0,66.0
1790784216.5499861,0,hit wall,16.79,0.8675,,,,18.0,66.0
1790784217.6338365,0,no release,18.0,1.3274,,,,18.0,66.0
1790784218.745614,0,no release,18.0,0.8309,,,,18.0,66.0
1790784219.664504,0,no release,18.0,0.8901,,,,18.0,66.0
1790784220.033568,0,no release,18.0,0.8331,,,,18.0,66.0
1790784220.7666688,0,hit wall,16.626,0.8278,,,,18.0,66.0
1790784220.9652085,0,no release,18.0,0.8949,,,,18.0,66.0
1790784221.1615849,0,hit wall,14.438,0.9071,,,,18.0,66.0
1790784222.5089235,0,no release,18.0,0.8513,,,,18.0,66.0
1790784224.0513203,0,no release,18.0,0.8463,,,,18.0,66.0
1790784224.404956,0,hit wall,14.54,0.8617,,,,18.0,66.0
1790784224.501095,0,no release,18.0,0.8547,,,,18.0,66.0
1790784226.2796953,0,hit wall,14.596,0.8679,,,,18.0,66.0
1790784226.4886699,0,no release,18.0,0.8407,,,,18.0,66.0
1790784227.4767427,0,no release,18.0,0.9073,,,,18.0,66.0
1790784227.6915338,0,no release,18.0,0.8818,,,,18.0,66.0
1790784228.2732902,0,no release,18.0,0.8502,,,,18.0,66.0
1790784230.6402466,0,no release,18.0,0.8297,,,,18.0,66.0
1790784230.994578,0,no release,18.0,0.8737,,,,18.0,66.0
1790784231.0948007,0,no release,18.0,0.8599,,,,18.0,66.0
1790784232.0931559,0,no release,18.0,0.8686,,,,18.0,66.0
1790784233.0781002,0,no release,18.0,0.8557,,,,18.0,66.0
1790784233.9773831,0,no release,18.0,0.8453,,,,18.0,66.0
1790784234.206222,0,no release,18.0,0.8585,,,,18.0,66.0
1790784234.7986066,0,no release,18.0,0.8522,,,,18.0,66.0
1790784236.9557562,0,no release,18.0,0.874,,,,18.0,66.0
1790784237.2822802,0,no release,18.0,0.8731,,,,18.0,66.0
1790784237.383271,0,no release,18.0,0.9455,,,,18.0,66.0
1790784238.3958404,0,no release,18.0,0.9052,,,,18.0,66.0
1790784238.5882869,0,no release,18.0,0.8694,,,,18.0,66.0
1790784240.247692,0,no release,18.0,0.9257,,,,18.0,66.0
1790784240.457074,0,no release,18.0,0.8696,,,,18.0,66.0
1790784241.04587,0,no release,18.0,0.9026,,,,18.0,66.0
1790784241.141842,0,hit wall,12.886,0.882,,,,18.0,66.0
1790784242.0172365,0,hit wall,14.762,0.8334,,,,18.0,66.0
1790784243.7587676,0,no release,18.0,0.9033,,,,18.0,66.0
1790784244.07643,0,hit wall,14.756,0.8814,,,,18.0,66.0
1790784244.7516634,0,no release,18.0,0.8545,,,,18.0,66.0
1790784245.2419145,0,hit wall,12.634,0.8603,,,,18.0,66.0
1790784245.3599336,0,hit wall,12.736,0.8645,,,,18.0,66.0
1790784245.9042568,0,no release,18.0,0.8648,,,,18.0,66.0
1790784246.095615,0,no release,18.0,0.885,,,,18.0,66.0
1790784247.6275492,0,hit wall,14.592,0.8647,,,,18.0,66.0
1790784249.3320634,0,hit wall,15.96,0.8979,,,,18.0,66.0
1790784249.4404175,0,hit wall,8.9,0.883,,,,18.0,66.0
1790784249.575596,0,no release,18.0,0.8684,,,,18.0,66.0
1790784249.736947,0,hit wall,10.752,0.8144,,,,18.0,66.0
1790784251.405383,0,no release,18.0,0.8883,,,,18.0,66.0
1790784251.85321,0,hit wall,17.702,0.8558,,,,18.0,66.0
1790784252.0476482,0,no release,18.0,0.8787,,,,18.0,66.0
1790784253.1215074,0,hit wall,10.882,0.9792,,,,18.0,66.0
1790784253.381324,0,no release,18.0,0.8524,,,,18.0,66.0
1790784255.084305,0,hit wall,14.582,0.9327,,,,18.0,66.0
1790784255.6292002,0,hit wall,10.876,0.8606,,,,18.0,66.0
1790784256.124344,0,no release,18.0,0.8762,,,,18.0,66.0
1790784256.2826152,0,no release,18.0,0.8635,,,,18.0,66.0
1790784256.7093663,0,hit wall,16.622,0.8562,,,,18.0,66.0
1790784258.305534,0,hit wall,13.078,0.8607,,,,18.0,66.0
1790784258.553051,0,no release,18.0,0.8525,,,,18.0,66.0
1790784259.9324424,0,hit wall,12.728,0.9922,,,,18.0,66.0
1790784259.962775,0,no release,18.0,0.854,,,,18.0,66.0
1790784260.726779,0,no release,18.0,0.8648,,,,18.0,66.0
1790784262.4288392,0,hit wall,16.632,0.8474,,,,18.0,66.0
1790784262.625774,0,no release,18.0,0.9058,,,,18.0,66.0
1790784263.281477,0,no release,18.0,1.0058,,,,18.0,66.0
1790784264.0407224,0,no release,18.0,0.8312,,,,18.0,66.0
1790784264.2415197,0,no release,18.0,0.8544,,,,18.0,66.0
1790784266.4645834,0,no release,18.0,0.857,,,,18.0,66.0
1790784266.5034096,0,no release,18.0,0.8554,,,,18.0,66.0
1790784267.3521147,0,no release,18.0,0.8683,,,,18.0,66.0
1790784268.947242,0,no release,18.0,0.8539,,,,18.0,66.0
1790784269.15181,0,no release,18.0,0.879,,,,18.0,66.0
1790784269.7776434,0,no release,18.0,0.8328,,,,18.0,66.0
1790784270.5257013,0,no release,18.0,0.8463,,,,18.0,66.0
1790784270.733855,0,no release,18.0,0.8336,,,,18.0,66.0
1790784270.7919447,0,grip capacity exceeded,0.22,2.3468,,,,18.0,66.0
1790784272.8456855,0,no release,18.0,0.8675,,,,18.0,66.0
1790784272.8840694,0,no release,18.0,0.8461,,,,18.0,66.0
1790784273.73106,0,no release,18.0,0.9118,,,,18.0,66.0
1790784274.5499015,0,no release,18.0,0.8582,,,,18.0,66.0
1790784274.5641694,0,grip capacity exceeded,0.058,2.2351,,,,18.0,66.0
1790784274.7435799,0,no release,18.0,0.8673,,,,18.0,66.0
1790784276.1071582,0,no release,18.0,0.8561,,,,18.0,66.0
1790784276.9229805,0,no release,18.0,0.8532,,,,18.0,66.0
1790784277.1940877,0,no release,18.0,0.8057,,,,18.0,66.0
1790784278.4047322,0,no release,18.0,0.8429,,,,18.0,66.0
1790784278.4336123,0,no release,18.0,0.9008,,,,18.0,66.0
1790784280.1077447,0,no release,18.0,0.8608,,,,18.0,66.0
1790784281.006145,0,no release,18.0,0.8765,,,,18.0,66.0
1790784281.181088,0,no release,18.0,0.8864,,,,18.0,66.0
1790784281.8012,0,no release,18.0,0.9013,,,,18.0,66.0
1790784283.3253086,0,no release,18.0,0.8675,,,,18.0,66.0
1790784283.6079504,0,no release,18.0,0.8246,,,,18.0,66.0
1790784283.8907156,0,hit wall,14.29,0.8678,,,,18.0,66.0
1790784285.007993,0,no release,18.0,0.8589,,,,18.0,66.0
1790784286.6968992,0,no release,18.0,1.1355,,,,18.0,66.0
1790784287.5605328,0,no release,18.0,0.8483,,,,18.0,66.0
1790784287.7420135,0,no release,18.0,0.8252,,,,18.0,66.0
1790784288.3923848,0,no release,18.0,0.8352,,,,18.0,66.0
1790784289.1181846,0,no release,18.0,0.8916,,,,18.0,66.0
1790784290.1575234,0,no release,18.0,0.8187,,,,18.0,66.0
1790784290.4310467,0,no release,18.0,0.8373,,,,18.0,66.0
1790784291.4378414,0,no release,18.0,0.8339,,,,18.0,66.0
1790784292.3077633,0,no release,18.0,0.8326,,,,18.0,66.0
1790784293.9642048,0,no release,18.0,0.9643,,,,18.0,66.0
1790784294.1459038,0,no release,18.0,0.8675,,,,18.0,66.0
1790784294.7486289,0,no release,18.0,0.8828,,,,18.0,66.0
1790784295.542059,0,no release,18.0,0.8775,,,,18.0,66.0
1790784295.8270652,0,no release,18.0,0.8379,,,,18.0,66.0
1790784296.0777905,0,no release,18.0,0.8401,,,,18.0,66.0
1790784297.8660057,0,no release,18.0,0.8464,,,,18.0,66.0
1790784298.6743832,0,no release,18.0,0.8813,,,,18.0,66.0
1790784299.5091588,0,no release,18.0,0.8818,,,,18.0,66.0
1790784299.6873386,0,no release,18.0,0.8333,,,,18.0,66.0
1790784301.094161,0,no release,18.0,0.8489,,,,18.0,66.0
1790784301.8707318,0,no release,18.0,0.8424,,,,18.0,66.0
1790784302.1508844,0,no release,18.0,0.8183,,,,18.0,66.0
1790784302.3951793,0,no release,18.0,1.6591,,,,18.0,66.0
1790784303.3579292,0,no release,18.0,0.8571,,,,18.0,66.0
1790784305.1115696,0,no release,18.0,0.8609,,,,18.0,66.0
1790784306.000249,0,no release,18.0,0.8233,,,,18.0,66.0
1790784306.1563008,0,no release,18.0,0.8631,,,,18.0,66.0
1790784306.7009943,0,no release,18.0,0.919,,,,18.0,66.0
1790784308.319036,0,no release,18.0,0.8536,,,,18.0,66.0
1790784308.5987427,0,hit wall,16.92,0.9311,,,,18.0,66.0
1790784308.6237116,0,no release,18.0,0.85,,,,18.0,66.0
1790784309.5485177,0,hit wall,16.63,0.8766,,,,18.0,66.0
1790784311.507705,0,no release,18.0,0.8174,,,,18.0,66.0
1790784312.3543766,0,no release,18.0,0.853,,,,18.0,66.0
1790784312.5444973,0,no release,18.0,0.8339,,,,18.0,66.0
1790784313.1853738,0,no release,18.0,0.855,,,,18.0,66.0
1790784313.8875523,0,no release,18.0,0.8488,,,,18.0,66.0
1790784314.9370701,0,no release,18.0,0.8586,,,,18.0,66.0
1790784314.9658513,0,no release,18.0,0.8417,,,,18.0,66.0
1790784315.9086175,0,no release,18.0,1.288,,,,18.0,66.0
1790784317.1380289,0,no release,18.0,0.8155,,,,18.0,66.0
1790784318.7942584,0,no release,18.0,0.8103,,,,18.0,66.0
1790784318.972299,0,no release,18.0,0.9465,,,,18.0,66.0
1790784319.5917811,0,no release,18.0,0.8392,,,,18.0,66.0
1790784320.3899512,0,no release,18.0,0.8092,,,,18.0,66.0
1790784320.6260393,0,no release,18.0,0.8318,,,,18.0,66.0
1790784320.6509743,0,no release,18.0,0.8677,,,,18.0,66.0
1790784322.3917751,0,no release,18.0,0.8638,,,,18.0,66.0
1790784323.5948927,0,no release,18.0,0.8516,,,,18.0,66.0
1790784324.467062,0,no release,18.0,0.8125,,,,18.0,66.0
1790784324.6583858,0,no release,18.0,0.8256,,,,18.0,66.0
1790784326.1298685,0,no release,18.0,0.8868,,,,18.0,66.0
1790784326.8951495,0,no release,18.0,0.8165,,,,18.0,66.0
1790784327.1500516,0,no release,18.0,0.8768,,,,18.0,66.0
1790784327.1753614,0,no release,18.0,0.82,,,,18.0,66.0
1790784328.10532,0,no release,18.0,0.8333,,,,18.0,66.0
1790784329.2236812,0,hit wall,8.57,0.788,,,,18.0,66.0
1790784330.1116636,0,no release,18.0,0.8751,,,,18.0,66.0
1790784330.2138257,0,hit wall,8.36,0.87,,,,18.0,66.0
1790784330.9163966,0,no release,18.0,0.8181,,,,18.0,66.0
1790784331.108841,0,no release,18.0,0.8917,,,,18.0,66.0
1790784333.3986454,0,no release,18.0,0.8062,,,,18.0,66.0
1790784333.6577666,0,no release,18.0,0.8479,,,,18.0,66.0
1790784334.5687387,0,no release,18.0,0.816,,,,18.0,66.0
1790784334.8876085,0,no release,18.0,0.8218,,,,18.0,66.0
1790784336.644755,0,no release,18.0,0.8131,,,,18.0,66.0
1790784336.7662234,0,no release,18.0,0.867,,,,18.0,66.0
1790784337.4932187,0,no release,18.0,0.8883,,,,18.0,66.0
1790784337.6874154,0,no release,18.0,0.8759,,,,18.0,66.0
1790784338.9999769,0,no release,18.0,0.823,,,,18.0,66.0
1790784340.0359938,0,no release,18.0,0.8935,,,,18.0,66.0
1790784341.0163658,0,no release,18.0,0.9249,,,,18.0,66.0
1790784341.342896,0,no release,18.0,0.841,,,,18.0,66.0
1790784342.1188333,0,no release,18.0,0.802,,,,18.0,66.0
1790784342.2296658,0,no release,18.0,0.8629,,,,18.0,66.0
1790784343.825685,0,no release,18.0,0.8217,,,,18.0,66.0
1790784344.006827,0,no release,18.0,0.8796,,,,18.0,66.0
1790784344.338378,0,hit wall,5.1,0.7783,,,,18.0,66.0
1790784345.3966596,0,no release,18.0,0.806,,,,18.0,66.0
1790784345.6419437,0,no release,18.0,0.8602,,,,18.0,66.0
1790784347.516418,0,no release,18.0,0.857,,,,18.0,66.0
1790784347.8556826,0,no release,18.0,0.8482,,,,18.0,66.0
1790784348.8510504,0,no release,18.0,0.8111,,,,18.0,66.0
1790784349.1263855,0,hit wall,16.388,0.8646,,,,18.0,66.0
1790784349.741705,0,no release,18.0,0.832,,,,18.0,66.0
1790784350.9005594,0,no release,18.0,0.868,,,,18.0,66.0
1790784351.9898117,0,no release,18.0,0.8072,,,,18.0,66.0
1790784352.2525954,0,no release,18.0,0.9075,,,,18.0,66.0
1790784353.2253544,0,no release,18.0,0.8853,,,,18.0,66.0
1790784354.4514863,0,no release,18.0,0.8291,,,,18.0,66.0
1790784355.032997,0,hit wall,16.364,0.8489,,,,18.0,66.0
1790784355.7653456,0,no release,18.0,0.9104,,,,18.0,66.0
1790784356.4122808,0,no release,18.0,0.8561,,,,18.0,66.0
1790784356.781773,0,no release,18.0,0.8735,,,,18.0,66.0
1790784358.6788406,0,no release,18.0,0.9305,,,,18.0,66.0
1790784358.943289,0,no release,18.0,0.7997,,,,18.0,66.0
1790784359.8545399,0,no release,18.0,0.8557,,,,18.0,66.0
1790784360.2014215,0,no release,18.0,0.8902,,,,18.0,66.0
1790784361.6569102,0,no release,18.0,0.8985,,,,18.0,66.0
1790784362.4768252,0,no release,18.0,0.8055,,,,18.0,66.0
1790784363.1281009,0,no release,18.0,0.8183,,,,18.0,66.0
1790784363.4569423,0,no release,18.0,0.8306,,,,18.0,66.0
1790784363.965967,0,missed B,15.888,0.8247,15.519999999999719,0.7924698623641275,1.479118868706466,18.0,66.0
1790784365.7533934,0,no release,18.0,0.8108,,,,18.0,66.0
1790784366.6979191,0,no release,18.0,0.881,,,,18.0,66.0
1790784367.0380077,0,no release,18.0,0.859,,,,18.0,66.0
1790784367.5914938,0,no release,18.0,0.8357,,,,18.0,66.0
1790784369.271403,0,no release,18.0,0.878,,,,18.0,66.0
1790784369.8801131,0,no release,18.0,0.9522,,,,18.0,66.0
1790784370.2382,0,no release,18.0,0.8249,,,,18.0,66.0
1790784370.7313895,0,no release,18.0,0.8697,,,,18.0,66.0
1790784371.611416,0,no release,18.0,0.8637,,,,18.0,66.0
1790784373.3927805,0,no release,18.0,0.8837,,,,18.0,66.0
1790784373.7048602,0,no release,18.0,0.8277,,,,18.0,66.0
1790784374.2567575,0,no release,18.0,0.9748,,,,18.0,66.0
1790784375.032462,0,no release,18.0,0.8537,,,,18.0,66.0
1790784376.4455886,0,no release,18.0,0.7942,,,,18.0,66.0
1790784376.8014185,0,no release,18.0,0.8602,,,,18.0,66.0
1790784377.2980423,0,no release,18.0,0.8453,,,,18.0,66.0
1790784378.0538464,0,no release,18.0,0.9003,,,,18.0,66.0
1790784379.0012107,0,no release,18.0,0.7937,,,,18.0,66.0
1790784380.1168137,0,no release,18.0,0.83,,,,18.0,66.0
1790784380.6973934,0,no release,18.0,0.8285,,,,18.0,66.0
1790784381.369626,0,no release,18.0,0.8235,,,,18.0,66.0
1790784381.6260383,0,hit wall,16.782,0.8641,,,,18.0,66.0
1790784382.2537167,0,no release,18.0,0.8314,,,,18.0,66.0
1790784383.5292451,0,no release,18.0,0.8344,,,,18.0,66.0
1790784384.448497,0,no release,18.0,0.8468,,,,18.0,66.0
1790784385.312626,0,no release,18.0,0.8209,,,,18.0,66.0
1790784385.6365852,0,no release,18.0,0.8406,,,,18.0,66.0
1790784387.0019455,0,no release,18.0,0.8453,,,,18.0,66.0
1790784387.8030639,0,no release,18.0,0.8471,,,,18.0,66.0
1790784388.111392,0,no release,18.0,0.8723,,,,18.0,66.0
1790784388.759693,0,no release,18.0,0.8533,,,,18.0,66.0
1790784389.1932027,0,no release,18.0,0.9342,,,,18.0,66.0
1790784390.7822137,0,hit wall,4.478,1.0205,,,,18.0,66.0
1790784390.8878434,0,no release,18.0,0.8556,,,,18.0,66.0
1790784391.935348,0,no release,18.0,0.8092,,,,18.0,66.0
1790784392.278891,0,no release,18.0,0.8661,,,,18.0,66.0
1790784392.7992644,0,no release,18.0,0.8248,,,,18.0,66.0
1790784394.360785,0,no release,18.0,0.8795,,,,18.0,66.0
1790784394.5876524,0,hit wall,17.644,0.8358,,,,18.0,66.0
1790784395.8703506,0,no release,18.0,0.8606,,,,18.0,66.0
1790784396.5745208,0,no release,18.0,0.8227,,,,18.0,66.0
1790784396.6846924,0,no release,18.0,0.844,,,,18.0,66.0
1790784398.4895,0,no release,18.0,0.8245,,,,18.0,66.0
1790784398.8277595,0,no release,18.0,0.8463,,,,18.0,66.0
1790784399.4186172,0,no release,18.0,0.8453,,,,18.0,66.0
1790784400.1979485,0,no release,18.0,0.8589,,,,18.0,66.0
1790784400.4015572,0,no release,18.0,0.8984,,,,18.0,66.0
1790784402.236589,0,hit wall,7.294,0.7617,,,,18.0,66.0
1790784402.4396114,0,no release,18.0,0.8803,,,,18.0,66.0
1790784403.1406713,0,no release,18.0,0.8274,,,,18.0,66.0
1790784403.2364306,0,no release,18.0,0.8912,,,,18.0,66.0
1790784404.2479506,0,no release,18.0,0.9319,,,,18.0,66.0
1790784405.4818633,0,no release,18.0,0.8693,,,,18.0,66.0
1790784406.6829796,0,no release,18.0,0.8744,,,,18.0,66.0
1790784406.8746257,0,no release,18.0,0.8392,,,,18.0,66.0
1790784408.8090603,0,no release,18.0,0.849,,,,18.0,66.0
1790784409.0172038,0,missed B,0.684,0.6706,0.2999999999999936,0.9469143068085872,0.9025118898084867,18.0,66.0
1790784409.04662,0,no release,18.0,0.8773,,,,18.0,66.0
1790784409.7544355,0,no release,18.0,0.8842,,,,18.0,66.0
1790784409.8458407,0,no release,18.0,0.8266,,,,18.0,66.0
1790784410.7872956,0,no release,18.0,0.8204,,,,18.0,66.0
1790784411.116056,0,no release,18.0,0.8415,,,,18.0,66.0
1790784411.3436637,0,hit wall,8.656,0.8141,,,,18.0,66.0
1790784413.2057388,0,no release,18.0,0.8459,,,,18.0,66.0
1790784413.380452,0,no release,18.0,0.875,,,,18.0,66.0
1790784414.5271955,0,no release,18.0,0.8556,,,,18.0,66.0
1790784416.0684707,0,no release,18.0,0.8627,,,,18.0,66.0
1790784416.1858134,0,no release,18.0,0.8399,,,,18.0,66.0
1790784417.1274455,0,no release,18.0,0.8273,,,,18.0,66.0
1790784417.4017754,0,no release,18.0,0.8073,,,,18.0,66.0
1790784417.6138566,0,no release,18.0,0.8497,,,,18.0,66.0
1790784419.5009398,0,no release,18.0,0.831,,,,18.0,66.0
1790784419.7088656,0,no release,18.0,0.8464,,,,18.0,66.0
1790784420.875951,0,no release,18.0,0.8577,,,,18.0,66.0
1790784421.5516868,0,no release,18.0,0.8325,,,,18.0,66.0
1790784421.654763,0,no release,18.0,0.8696,,,,18.0,66.0
1790784423.4717693,0,no release,18.0,0.8449,,,,18.0,66.0
1790784423.818628,0,no release,18.0,0.8467,,,,18.0,66.0
1790784424.0439513,0,no release,18.0,0.8477,,,,18.0,66.0
1790784425.0600624,0,no release,18.0,1.1557,,,,18.0,66.0
1790784425.2393677,0,no release,18.0,1.5293,,,,18.0,66.0
1790784427.262372,0,no release,18.0,0.8326,,,,18.0,66.0
1790784427.9909494,0,no release,18.0,0.8531,,,,18.0,66.0
1790784428.0950646,0,no release,18.0,1.1372,,,,18.0,66.0
1790784429.9040523,0,no release,18.0,0.8593,,,,18.0,66.0
1790784430.3047607,0,no release,18.0,0.8297,,,,18.0,66.0
1790784430.552302,0,no release,18.0,0.8529,,,,18.0,66.0
1790784431.6217062,0,no release,18.0,0.883,,,,18.0,66.0
1790784431.8211942,0,no release,18.0,0.8651,,,,18.0,66.0
1790784433.851872,0,no release,18.0,0.84,,,,18.0,66.0
1790784434.6407044,0,no release,18.0,0.8261,,,,18.0,66.0
1790784434.7370634,0,no release,18.0,0.8816,,,,18.0,66.0
1790784435.1834097,0,hit wall,14.084,0.8345,,,,18.0,66.0
1790784435.6442196,0,no release,18.0,1.0002,,,,18.0,66.0
1790784435.9756298,0,no release,18.0,0.8184,,,,18.0,66.0
1790784438.07617,0,no release,18.0,0.8173,,,,18.0,66.0
1790784438.271096,0,no release,18.0,0.8473,,,,18.0,66.0
1790784439.3898764,0,no release,18.0,0.8228,,,,18.0,66.0
1790784440.9857564,0,no release,18.0,1.1388,,,,18.0,66.0
1790784441.0870452,0,no release,18.0,0.8821,,,,18.0,66.0
1790784441.5537777,0,no release,18.0,0.8407,,,,18.0,66.0
1790784442.05652,0,no release,18.0,0.7992,,,,18.0,66.0
1790784442.358713,0,no release,18.0,0.8301,,,,18.0,66.0
1790784444.457826,0,no release,18.0,0.8528,,,,18.0,66.0
1790784444.6623397,0,no release,18.0,0.8913,,,,18.0,66.0
1790784445.8742833,0,no release,18.0,1.2831,,,,18.0,66.0
1790784446.6037347,0,no release,18.0,0.8076,,,,18.0,66.0
1790784446.7099097,0,no release,18.0,0.8565,,,,18.0,66.0
1790784447.952555,0,no release,18.0,0.8415,,,,18.0,66.0
1790784448.3936846,0,no release,18.0,0.9441,,,,18.0,66.0
1790784448.7270021,0,no release,18.0,1.04,,,,18.0,66.0
1790784450.034406,0,no release,18.0,0.8308,,,,18.0,66.0
1790784450.2345078,0,no release,18.0,0.8542,,,,18.0,66.0
1790784452.1452258,0,no release,18.0,0.8556,,,,18.0,66.0
1790784452.865587,0,no release,18.0,0.8394,,,,18.0,66.0
1790784452.9697733,0,no release,18.0,0.8445,,,,18.0,66.0
1790784453.4642751,0,no release,18.0,0.8173,,,,18.0,66.0
1790784454.8550797,0,no release,18.0,0.8537,,,,18.0,66.0
1790784455.1934788,0,no release,18.0,0.8933,,,,18.0,66.0
1790784456.3828115,0,no release,18.0,0.8525,,,,18.0,66.0
1790784456.5575607,0,no release,18.0,1.0077,,,,18.0,66.0
1790784458.7285483,0,no release,18.0,0.872,,,,18.0,66.0
1790784459.5515597,0,no release,18.0,0.8339,,,,18.0,66.0
1790784459.6422744,0,no release,18.0,0.9012,,,,18.0,66.0
1790784460.019941,0,no release,18.0,0.8313,,,,18.0,66.0
1790784460.4830472,0,no release,18.0,0.8778,,,,18.0,66.0
1790784460.8258429,0,no release,18.0,0.8746,,,,18.0,66.0
1790784463.0350637,0,no release,18.0,0.844,,,,18.0,66.0
1790784463.2402816,0,no release,18.0,1.3186,,,,18.0,66.0
1790784464.348638,0,no release,18.0,0.8359,,,,18.0,66.0
1790784466.0066807,0,no release,18.0,0.8578,,,,18.0,66.0
1790784466.1137068,0,no release,18.0,0.7979,,,,18.0,66.0
1790784466.575999,0,no release,18.0,0.8432,,,,18.0,66.0
1790784467.0923963,0,no release,18.0,0.8299,,,,18.0,66.0
1790784467.4091163,0,no release,18.0,0.9492,,,,18.0,66.0
1790784468.001545,0,hit wall,15.748,0.8287,,,,18.0,66.0
1790784469.7605157,0,no release,18.0,0.8564,,,,18.0,66.0
1790784470.993785,0,no release,18.0,0.8734,,,,18.0,66.0
1790784471.7583702,0,no release,18.0,0.9351,,,,18.0,66.0
1790784471.857689,0,no release,18.0,0.8716,,,,18.0,66.0
1790784473.2616534,0,no release,18.0,0.8133,,,,18.0,66.0
1790784473.7704403,0,no release,18.0,0.8379,,,,18.0,66.0
1790784474.1367877,0,no release,18.0,0.8204,,,,18.0,66.0
1790784474.6043456,0,hit wall,4.762,0.8014,,,,18.0,66.0
1790784474.8472898,0,no release,18.0,0.8502,,,,18.0,66.0
1790784475.6493247,0,no release,18.0,0.8951,,,,18.0,66.0
1790784477.7634778,0,no release,18.0,0.854,,,,18.0,66.0
1790784478.537347,0,no release,18.0,0.8302,,,,18.0,66.0
1790784478.648229,0,no release,18.0,0.8151,,,,18.0,66.0
1790784480.5202646,0,no release,18.0,0.8568,,,,18.0,66.0
1790784480.891291,0,no release,18.0,0.8125,,,,18.0,66.0
1790784481.3616982,0,no release,18.0,0.8386,,,,18.0,66.0
1790784481.5768642,0,no release,18.0,0.881,,,,18.0,66.0
1790784481.8559551,0,missed B,8.828,0.807,8.679999999999815,0.41246986236413286,2.394029641840016,18.0,66.0
1790784481.964765,0,hit wall,8.86,0.856,,,,18.0,66.0
1790784482.4316077,0,no release,18.0,0.8406,,,,18.0,66.0
1790784484.5645955,0,no release,18.0,1.2139,,,,18.0,66.0
1790784486.377875,0,no release,18.0,0.8934,,,,18.0,66.0
1790784486.7047005,0,no release,18.0,0.8548,,,,18.0,66.0
1790784487.9273663,0,no release,18.0,0.8728,,,,18.0,66.0
1790784488.1564946,0,no release,18.0,1.0091,,,,18.0,66.0
1790784488.415717,0,no release,18.0,1.135,,,,18.0,66.0
1790784488.5131822,0,no release,18.0,0.9899,,,,18.0,66.0
1790784488.8763843,0,hit wall,17.93,1.0098,,,,18.0,66.0
1790784490.1475732,0,no release,18.0,0.9554,,,,18.0,66.0
1790784492.7297943,0,no release,18.0,0.8654,,,,18.0,66.0
1790784493.067862,0,no release,18.0,0.8296,,,,18.0,66.0
1790784493.5399368,0,no release,18.0,1.0304,,,,18.0,66.0
1790784493.8102932,0,no release,18.0,0.8126,,,,18.0,66.0
1790784494.8901746,0,no release,18.0,0.8636,,,,18.0,66.0
1790784494.9963243,0,no release,18.0,0.8094,,,,18.0,66.0
1790784495.3516293,0,no release,18.0,1.0736,,,,18.0,66.0
1790784496.487488,0,no release,18.0,0.8237,,,,18.0,66.0
1790784499.079464,0,no release,18.0,0.8758,,,,18.0,66.0
1790784499.3567915,0,no release,18.0,0.8365,,,,18.0,66.0
1790784499.789228,0,no release,18.0,0.8419,,,,18.0,66.0
1790784500.0090547,0,no release,18.0,0.8655,,,,18.0,66.0
1790784500.2877932,0,no release,18.0,0.9523,,,,18.0,66.0
1790784500.3945365,0,no release,18.0,0.8411,,,,18.0,66.0
1790784501.6206498,0,no release,18.0,0.8559,,,,18.0,66.0
1790784502.017768,0,hit wall,1.326,0.7879,,,,18.0,66.0
1790784502.3415625,0,hit wall,1.276,0.9117,,,,18.0,66.0
1790784502.8233383,0,no release,18.0,0.8118,,,,18.0,66.0
1790784505.4262023,0,no release,18.0,0.8911,,,,18.0,66.0
1790784505.801636,0,no release,18.0,0.834,,,,18.0,66.0
1790784506.2409859,0,no release,18.0,0.8877,,,,18.0,66.0
1790784506.4705365,0,no release,18.0,1.3328,,,,18.0,66.0
1790784506.722566,0,no release,18.0,0.8031,,,,18.0,66.0
1790784506.809016,0,hit wall,17.974,0.8373,,,,18.0,66.0
1790784508.7342644,0,no release,18.0,0.8977,,,,18.0,66.0
1790784509.2624102,0,no release,18.0,0.8545,,,,18.0,66.0
1790784510.905131,0,no release,18.0,0.8418,,,,18.0,66.0
1790784511.2459857,0,no release,18.0,0.8215,,,,18.0,66.0
1790784512.5107903,0,no release,18.0,0.8731,,,,18.0,66.0
1790784512.7664473,0,no release,18.0,0.8649,,,,18.0,66.0
1790784513.0910656,0,no release,18.0,0.8718,,,,18.0,66.0
1790784513.2006884,0,no release,18.0,0.8664,,,,18.0,66.0
1790784514.2791843,0,no release,18.0,0.9108,,,,18.0,66.0
1790784514.7444148,0,no release,18.0,0.95,,,,18.0,66.0
1790784517.3695934,0,no release,18.0,1.0493,,,,18.0,66.0
1790784517.6937191,0,no release,18.0,1.0042,,,,18.0,66.0
1790784518.1723819,0,no release,18.0,0.8869,,,,18.0,66.0
1790784518.2261176,0,grip capacity exceeded,0.238,2.4408,,,,18.0,66.0
1790784518.3765426,0,no release,18.0,0.8729,,,,18.0,66.0
1790784519.4590316,0,no release,18.0,0.8538,,,,18.0,66.0
1790784519.5592508,0,no release,18.0,0.7972,,,,18.0,66.0
1790784519.843338,0,hit wall,1.448,0.7426,,,,18.0,66.0
1790784520.658372,0,no release,18.0,0.8588,,,,18.0,66.0
1790784521.1983886,0,no release,18.0,1.0591,,,,18.0,66.0
1790784523.8222723,0,no release,18.0,0.85,,,,18.0,66.0
1790784524.154341,0,no release,18.0,0.8691,,,,18.0,66.0
1790784524.6891303,0,no release,18.0,1.0724,,,,18.0,66.0
1790784524.8648758,0,no release,18.0,0.8305,,,,18.0,66.0
1790784525.2800276,0,no release,18.0,0.8088,,,,18.0,66.0
1790784526.337564,0,no release,18.0,1.0241,,,,18.0,66.0
1790784527.114808,0,no release,18.0,0.7892,,,,18.0,66.0
1790784527.451673,0,hit wall,17.428,0.8094,,,,18.0,66.0
1790784530.1781876,0,no release,18.0,0.8251,,,,18.0,66.0
1790784530.5053127,0,no release,18.0,0.8318,,,,18.0,66.0
1790784530.9897485,0,no release,18.0,0.8589,,,,18.0,66.0
1790784531.1578188,0,no release,18.0,1.1892,,,,18.0,66.0
1790784531.52612,0,no release,18.0,0.9387,,,,18.0,66.0
1790784531.8321147,0,no release,18.0,0.8418,,,,18.0,66.0
1790784533.5339177,0,no release,18.0,0.8313,,,,18.0,66.0
1790784533.6131928,0,hit wall,3.326,0.7347,,,,18.0,66.0
1790784533.8762312,0,no release,18.0,0.86,,,,18.0,66.0
1790784534.1839087,0,hit wall,8.016,0.8009,,,,18.0,66.0
1790784535.679658,0,no release,18.0,0.8295,,,,18.0,66.0
1790784536.8681407,0,no release,18.0,0.8631,,,,18.0,66.0
1790784537.3886733,0,no release,18.0,0.8918,,,,18.0,66.0
1790784537.9167717,0,no release,18.0,0.8842,,,,18.0,66.0
1790784538.8971012,0,no release,18.0,0.8473,,,,18.0,66.0
1790784538.9861417,0,no release,18.0,0.8254,,,,18.0,66.0
1790784539.2699022,0,no release,18.0,0.8278,,,,18.0,66.0
1790784540.522015,0,no release,18.0,0.8527,,,,18.0,66.0
1790784542.0167785,0,no release,18.0,0.8066,,,,18.0,66.0
1790784542.342208,0,no release,18.0,0.8283,,,,18.0,66.0
1790784542.8816707,0,no release,18.0,0.8288,,,,18.0,66.0
1790784544.372882,0,no release,18.0,0.8106,,,,18.0,66.0
1790784545.4358046,0,no release,18.0,0.838,,,,18.0,66.0
1790784545.5176759,0,no release,18.0,0.8119,,,,18.0,66.0
1790784545.7776058,0,no release,18.0,0.8634,,,,18.0,66.0
1790784546.0454903,0,no release,18.0,0.7926,,,,18.0,66.0
1790784548.525765,0,no release,18.0,0.7914,,,,18.0,66.0
1790784548.8493025,0,no release,18.0,0.8596,,,,18.0,66.0
1790784549.3620954,0,no release,18.0,0.8553,,,,18.0,66.0
1790784549.88455,0,no release,18.0,0.8126,,,,18.0,66.0
1790784551.7535255,0,no release,18.0,0.8592,,,,18.0,66.0
1790784551.8326585,0,no release,18.0,0.8331,,,,18.0,66.0
1790784552.084518,0,no release,18.0,0.8454,,,,18.0,66.0
1790784552.3686855,0,no release,18.0,0.8357,,,,18.0,66.0
1790784555.004735,0,no release,18.0,0.8389,,,,18.0,66.0
1790784555.303631,0,no release,18.0,0.8268,,,,18.0,66.0
1790784555.807022,0,no release,18.0,0.8638,,,,18.0,66.0
1790784556.3674653,0,no release,18.0,0.9023,,,,18.0,66.0
1790784558.2886639,0,no release,18.0,0.9931,,,,18.0,66.0
1790784558.391762,0,no release,18.0,0.853,,,,18.0,66.0
1790784558.6733599,0,no release,18.0,0.9491,,,,18.0,66.0
1790784558.9507809,0,no release,18.0,0.8459,,,,18.0,66.0
1790784560.5363603,0,no release,18.0,0.8455,,,,18.0,66.0
1790784561.6007886,0,no release,18.0,0.9512,,,,18.0,66.0
1790784562.1477804,0,no release,18.0,0.8726,,,,18.0,66.0
1790784562.684033,0,no release,18.0,0.8125,,,,18.0,66.0
1790784563.7968907,0,no release,18.0,0.8112,,,,18.0,66.0
1790784563.8987389,0,no release,18.0,0.8881,,,,18.0,66.0
1790784564.1806965,0,no release,18.0,0.8401,,,,18.0,66.0
1790784565.360913,0,no release,18.0,0.8479,,,,18.0,66.0
1790784566.9953206,0,no release,18.0,0.8099,,,,18.0,66.0
1790784567.3136604,0,no release,18.0,0.8656,,,,18.0,66.0
1790784567.342174,0,hit wall,16.136,0.8249,,,,18.0,66.0
1790784569.1469066,0,no release,18.0,0.8018,,,,18.0,66.0
1790784570.2332058,0,no release,18.0,0.828,,,,18.0,66.0
1790784570.3264463,0,hit wall,4.382,0.7778,,,,18.0,66.0
1790784570.3322003,0,no release,18.0,0.8601,,,,18.0,66.0
1790784570.601367,0,no release,18.0,1.3649,,,,18.0,66.0
1790784570.9293377,0,no release,18.0,0.8255,,,,18.0,66.0
1790784571.1011915,0,hit wall,12.476,0.854,,,,18.0,66.0
1790784573.595899,0,no release,18.0,0.837,,,,18.0,66.0
1790784573.621455,0,no release,18.0,0.843,,,,18.0,66.0
1790784574.4506154,0,hit wall,10.536,0.9189,,,,18.0,66.0
1790784576.433862,0,no release,18.0,0.7918,,,,18.0,66.0
1790784576.5022557,0,no release,18.0,0.8428,,,,18.0,66.0
1790784576.5074751,0,no release,18.0,1.0397,,,,18.0,66.0
1790784576.7290342,0,no release,18.0,0.8727,,,,18.0,66.0
1790784577.198993,0,no release,18.0,0.8072,,,,18.0,66.0
1790784579.919322,0,no release,18.0,0.8442,,,,18.0,66.0
1790784579.9419088,0,no release,18.0,0.8354,,,,18.0,66.0
1790784580.7088058,0,no release,18.0,0.8339,,,,18.0,66.0
1790784583.00061,0,no release,18.0,0.8166,,,,18.0,66.0
1790784583.1011643,0,no release,18.0,1.0253,,,,18.0,66.0
1790784583.1061187,0,no release,18.0,0.8188,,,,18.0,66.0
1790784583.3985245,0,no release,18.0,0.8196,,,,18.0,66.0
1790784583.8469353,0,no release,18.0,0.8829,,,,18.0,66.0
1790784586.3254328,0,hit wall,14.094,1.1481,14.019999999999701,0.7091365290307932,2.307223631925658,18.0,66.0
1790784586.53259,0,no release,18.0,1.0264,,,,18.0,66.0
1790784586.5612183,0,no release,18.0,0.848,,,,18.0,66.0
1790784588.759496,0,no release,18.0,0.9054,,,,18.0,66.0
1790784588.8488944,0,no release,18.0,1.2582,,,,18.0,66.0
1790784588.8542197,0,no release,18.0,0.8833,,,,18.0,66.0
1790784589.9816508,0,no release,18.0,0.966,,,,18.0,66.0
1790784590.4840994,0,no release,18.0,0.8136,,,,18.0,66.0
1790784592.1910286,0,no release,18.0,0.9957,,,,18.0,66.0
1790784592.3798592,0,no release,18.0,1.2377,,,,18.0,66.0
1790784592.405335,0,no release,18.0,1.1312,,,,18.0,66.0
1790784595.4778135,0,no release,18.0,0.9481,,,,18.0,66.0
1790784595.4784167,0,hit wall,16.64,0.8182,,,,18.0,66.0
1790784595.5722861,0,no release,18.0,0.8769,,,,18.0,66.0
1790784595.5794168,0,no release,18.0,1.1888,,,,18.0,66.0
1790784596.2917523,0,no release,18.0,0.8214,,,,18.0,66.0
1790784598.660405,0,hit wall,17.74,0.8606,,,,18.0,66.0
1790784598.9102883,0,hit wall,17.794,0.8322,,,,18.0,66.0
1790784599.007635,0,no release,18.0,0.8681,,,,18.0,66.0
1790784602.0053744,0,no release,18.0,0.826,,,,18.0,66.0
1790784602.006001,0,no release,18.0,0.8503,,,,18.0,66.0
1790784602.0960991,0,no release,18.0,0.9139,,,,18.0,66.0
1790784602.1037133,0,no release,18.0,0.8299,,,,18.0,66.0
1790784602.9095066,0,no release,18.0,0.8128,,,,18.0,66.0
1790784605.2988021,0,no release,18.0,0.8541,,,,18.0,66.0
1790784605.5026155,0,no release,18.0,0.8269,,,,18.0,66.0
1790784605.5902574,0,no release,18.0,0.8164,,,,18.0,66.0
1790784608.6756148,0,no release,18.0,0.8405,,,,18.0,66.0
1790784608.677242,0,no release,18.0,0.8437,,,,18.0,66.0
1790784608.758342,0,no release,18.0,0.8562,,,,18.0,66.0
1790784608.7658327,0,no release,18.0,0.9643,,,,18.0,66.0
1790784609.4872096,0,no release,18.0,0.8476,,,,18.0,66.0
1790784611.9089904,0,no release,18.0,0.8835,,,,18.0,66.0
1790784612.1056023,0,no release,18.0,0.8596,,,,18.0,66.0
1790784612.1760738,0,no release,18.0,0.8101,,,,18.0,66.0
1790784614.4028423,0,no release,18.0,0.8186,,,,18.0,66.0
1790784614.4032063,0,no release,18.0,0.8369,,,,18.0,66.0
1790784614.4930124,0,no release,18.0,0.8485,,,,18.0,66.0
1790784614.500785,0,no release,18.0,0.8104,,,,18.0,66.0
1790784616.0898392,0,no release,18.0,0.8146,,,,18.0,66.0
1790784617.6439362,0,no release,18.0,0.7982,,,,18.0,66.0
1790784617.8555222,0,no release,18.0,0.8093,,,,18.0,66.0
1790784617.9365356,0,no release,18.0,1.6633,,,,18.0,66.0
1790784620.9676583,0,no release,18.0,0.8597,,,,18.0,66.0
1790784620.9683013,0,no release,18.0,0.9278,,,,18.0,66.0
1790784621.05195,0,no release,18.0,0.8205,,,,18.0,66.0
1790784621.0570312,0,no release,18.0,0.8206,,,,18.0,66.0
1790784621.8477504,0,no release,18.0,0.8246,,,,18.0,66.0
1790784624.1164842,0,no release,18.0,0.865,,,,18.0,66.0
1790784624.352662,0,no release,18.0,0.8469,,,,18.0,66.0
1790784624.4309516,0,no release,18.0,0.7802,,,,18.0,66.0
1790784626.8097882,0,hit wall,6.764,0.8035,,,,18.0,66.0
1790784627.4172487,0,no release,18.0,0.8301,,,,18.0,66.0
1790784627.4176142,0,no release,18.0,0.7966,,,,18.0,66.0
1790784627.5035455,0,hit wall,15.198,0.839,,,,18.0,66.0
1790784627.511523,0,no release,18.0,0.9475,,,,18.0,66.0
1790784627.519904,0,no release,18.0,0.8081,,,,18.0,66.0
1790784630.9188972,0,no release,18.0,0.8307,,,,18.0,66.0
1790784631.0131621,0,no release,18.0,0.8197,,,,18.0,66.0
1790784632.538028,0,no release,18.0,0.7958,,,,18.0,66.0
1790784633.9771528,0,no release,18.0,1.0157,,,,18.0,66.0
1790784633.9778922,0,no release,18.0,0.8274,,,,18.0,66.0
1790784634.0573614,0,no release,18.0,0.7993,,,,18.0,66.0
1790784634.061786,0,no release,18.0,0.8039,,,,18.0,66.0
1790784634.0687497,0,no release,18.0,0.8179,,,,18.0,66.0
1790784637.4055154,0,no release,18.0,0.8382,,,,18.0,66.0
1790784637.4898274,0,no release,18.0,0.8331,,,,18.0,66.0
1790784639.1064076,0,no release,18.0,0.7994,,,,18.0,66.0
1790784639.1380312,0,hit wall,15.39,0.8801,,,,18.0,66.0
1790784639.5832925,0,hit wall,17.438,0.8149,,,,18.0,66.0
1790784639.7382119,0,no release,18.0,0.8183,,,,18.0,66.0
1790784639.8180852,0,no release,18.0,0.8093,,,,18.0,66.0
1790784639.82323,0,no release,18.0,0.829,,,,18.0,66.0
1790784643.1757908,0,no release,18.0,0.7844,,,,18.0,66.0
1790784643.2637012,0,no release,18.0,0.8186,,,,18.0,66.0
1790784645.6986594,0,no release,18.0,0.7819,,,,18.0,66.0
1790784645.7296588,0,no release,18.0,0.8393,,,,18.0,66.0
1790784646.1875482,0,no release,18.0,0.8384,,,,18.0,66.0
1790784646.3440282,0,no release,18.0,0.8139,,,,18.0,66.0
1790784646.4284055,0,no release,18.0,0.7967,,,,18.0,66.0
1790784646.4350762,0,no release,18.0,1.159,,,,18.0,66.0
1790784649.7609508,0,no release,18.0,0.7956,,,,18.0,66.0
1790784649.8431835,0,no release,18.0,0.7901,,,,18.0,66.0
1790784652.1703484,0,no release,18.0,0.9426,,,,18.0,66.0
1790784652.1991081,0,no release,18.0,0.8194,,,,18.0,66.0
1790784652.6562104,0,no release,18.0,0.8199,,,,18.0,66.0
1790784652.8101158,0,no release,18.0,0.8258,,,,18.0,66.0
1790784652.899339,0,no release,18.0,0.8194,,,,18.0,66.0
1790784652.9057114,0,no release,18.0,0.8203,,,,18.0,66.0
1790784656.276166,0,no release,18.0,0.8015,,,,18.0,66.0
1790784656.3574607,0,no release,18.0,0.8,,,,18.0,66.0
1790784657.924387,0,no release,18.0,0.8504,,,,18.0,66.0
1790784657.952745,0,no release,18.0,0.8032,,,,18.0,66.0
1790784659.2608118,0,no release,18.0,0.8279,,,,18.0,66.0
1790784659.3966713,0,no release,18.0,0.81,,,,18.0,66.0
1790784659.4870005,0,no release,18.0,0.8083,,,,18.0,66.0
1790784659.492257,0,no release,18.0,0.8438,,,,18.0,66.0
1790784662.8101141,0,no release,18.0,0.839,,,,18.0,66.0
1790784662.8907428,0,no release,18.0,0.7976,,,,18.0,66.0
1790784664.4213495,0,no release,18.0,0.7955,,,,18.0,66.0
1790784664.454561,0,no release,18.0,0.7939,,,,18.0,66.0
1790784664.9289842,0,no release,18.0,0.8717,,,,18.0,66.0
1790784665.0821028,0,no release,18.0,0.8144,,,,18.0,66.0
1790784665.1722326,0,no release,18.0,0.8322,,,,18.0,66.0
1790784665.9531636,0,no release,18.0,0.788,,,,18.0,66.0
1790784668.471956,0,no release,18.0,0.9376,,,,18.0,66.0
1790784668.5650876,0,no release,18.0,0.802,,,,18.0,66.0
1790784670.9302495,0,no release,18.0,0.9449,,,,18.0,66.0
1790784670.9584134,0,no release,18.0,0.855,,,,18.0,66.0
1790784671.4029467,0,no release,18.0,0.8415,,,,18.0,66.0
1790784671.5475535,0,no release,18.0,0.8458,,,,18.0,66.0
1790784671.6291375,0,no release,18.0,0.818,,,,18.0,66.0
1790784671.6341114,0,no release,18.0,0.8417,,,,18.0,66.0
1790784674.9383996,0,no release,18.0,0.8141,,,,18.0,66.0
1790784675.008161,0,no release,18.0,1.0023,,,,18.0,66.0
1790784677.2123728,0,no release,18.0,0.8082,,,,18.0,66.0
1790784677.237986,0,no release,18.0,0.8129,,,,18.0,66.0
1790784677.7072513,0,no release,18.0,0.8066,,,,18.0,66.0
1790784677.8791947,0,no release,18.0,0.8047,,,,18.0,66.0
1790784677.9669259,0,no release,18.0,0.8222,,,,18.0,66.0
1790784677.9720778,0,no release,18.0,0.8174,,,,18.0,66.0
1790784681.262896,0,no release,18.0,0.8281,,,,18.0,66.0
1790784681.348452,0,no release,18.0,0.9345,,,,18.0,66.0
1790784683.7230804,0,no release,18.0,0.8227,,,,18.0,66.0
1790784683.7475896,0,no release,18.0,0.7896,,,,18.0,66.0
1790784684.2017152,0,no release,18.0,1.0131,,,,18.0,66.0
1790784684.3461745,0,no release,18.0,0.8633,,,,18.0,66.0
1790784684.4209895,0,no release,18.0,0.8378,,,,18.0,66.0
1790784684.4262695,0,no release,18.0,0.8508,,,,18.0,66.0
1790784687.5635571,0,hit wall,16.76,0.8734,,,,18.0,66.0
1790784687.8020513,0,no release,18.0,0.8681,,,,18.0,66.0
1790784689.4307528,0,no release,18.0,0.8315,,,,18.0,66.0
1790784689.4656296,0,no release,18.0,0.7807,,,,18.0,66.0
1790784689.9851139,0,no release,18.0,0.8355,,,,18.0,66.0
1790784690.96684,0,no release,18.0,0.8415,,,,18.0,66.0
1790784691.0372486,0,no release,18.0,0.7935,,,,18.0,66.0
1790784691.0417082,0,no release,18.0,0.8472,,,,18.0,66.0
1790784693.3577204,0,no release,18.0,0.8932,,,,18.0,66.0
1790784693.6435525,0,no release,18.0,0.7763,,,,18.0,66.0
1790784695.8995028,0,no release,18.0,0.8618,,,,18.0,66.0
1790784695.9260318,0,no release,18.0,0.7987,,,,18.0,66.0
1790784696.3976498,0,no release,18.0,0.874,,,,18.0,66.0
1790784696.5581455,0,no release,18.0,0.8395,,,,18.0,66.0
1790784696.6489,0,no release,18.0,0.8216,,,,18.0,66.0
1790784696.656272,0,no release,18.0,0.7927,,,,18.0,66.0
1790784699.638664,0,no release,18.0,0.8382,,,,18.0,66.0
1790784699.8990738,0,no release,18.0,0.9095,,,,18.0,66.0
1790784702.3719208,0,no release,18.0,0.7952,,,,18.0,66.0
1790784702.399699,0,no release,18.0,0.8093,,,,18.0,66.0
1790784702.8171935,0,no release,18.0,0.8297,,,,18.0,66.0
1790784702.9385993,0,no release,18.0,1.2527,,,,18.0,66.0
1790784703.0039213,0,no release,18.0,0.8022,,,,18.0,66.0
1790784703.0089638,0,no release,18.0,0.7868,,,,18.0,66.0
1790784706.1173992,0,no release,18.0,0.8782,,,,18.0,66.0
1790784706.3747826,0,no release,18.0,1.0468,,,,18.0,66.0
1790784708.7574766,0,no release,18.0,0.9249,,,,18.0,66.0
1790784708.7877564,0,no release,18.0,0.8263,,,,18.0,66.0
1790784709.2639933,0,no release,18.0,0.7994,,,,18.0,66.0
1790784709.443088,0,no release,18.0,0.7886,,,,18.0,66.0
1790784709.5334394,0,no release,18.0,0.7941,,,,18.0,66.0
1790784709.5423424,0,no release,18.0,0.8182,,,,18.0,66.0
1790784712.5302036,0,no release,18.0,0.811,,,,18.0,66.0
1790784712.7889948,0,no release,18.0,0.8229,,,,18.0,66.0
1790784714.4701743,0,no release,18.0,0.8292,,,,18.0,66.0
1790784714.4984696,0,no release,18.0,0.8061,,,,18.0,66.0
1790784714.9164212,0,no release,18.0,0.8127,,,,18.0,66.0
1790784715.951228,0,no release,18.0,0.826,,,,18.0,66.0
1790784716.0326383,0,no release,18.0,0.8008,,,,18.0,66.0
1790784716.0393822,0,no release,18.0,0.7875,,,,18.0,66.0
1790784717.163394,0,hit wall,13.446,0.7937,,,,18.0,66.0
1790784718.6812723,0,no release,18.0,0.833,,,,18.0,66.0
1790784721.3404708,0,no release,18.0,0.7878,,,,18.0,66.0
1790784721.3698726,0,no release,18.0,0.8249,,,,18.0,66.0
1790784721.8455448,0,no release,18.0,0.8606,,,,18.0,66.0
1790784721.9884233,0,no release,18.0,0.8087,,,,18.0,66.0
1790784722.0602462,0,no release,18.0,0.8063,,,,18.0,66.0
1790784722.06588,0,no release,18.0,0.8387,,,,18.0,66.0
1790784723.8927646,0,no release,18.0,0.8092,,,,18.0,66.0
1790784725.4815283,0,no release,18.0,0.7825,,,,18.0,66.0
1790784727.8508427,0,no release,18.0,0.8347,,,,18.0,66.0
1790784727.8850853,0,no release,18.0,0.8752,,,,18.0,66.0
1790784728.3767834,0,no release,18.0,0.8574,,,,18.0,66.0
1790784728.52202,0,no release,18.0,0.8106,,,,18.0,66.0
1790784728.6181767,0,no release,18.0,0.7808,,,,18.0,66.0
1790784728.6248982,0,no release,18.0,0.8114,,,,18.0,66.0
1790784729.6828656,0,no release,18.0,0.8089,,,,18.0,66.0
1790784731.9875364,0,no release,18.0,0.8008,,,,18.0,66.0
1790784734.5040991,0,no release,18.0,0.8337,,,,18.0,66.0
1790784734.5324657,0,no release,18.0,0.7933,,,,18.0,66.0
1790784734.9927804,0,no release,18.0,0.819,,,,18.0,66.0
1790784735.1276453,0,no release,18.0,0.8175,,,,18.0,66.0
1790784735.207832,0,no release,18.0,0.8673,,,,18.0,66.0
1790784735.2136047,0,no release,18.0,0.8303,,,,18.0,66.0
1790784736.408923,0,no release,18.0,0.8513,,,,18.0,66.0
1790784738.5676875,0,hit wall,9.838,0.799,,,,18.0,66.0
1790784738.6510792,0,no release,18.0,0.8461,,,,18.0,66.0
1790784739.5266974,0,hit wall,15.16,0.806,,,,18.0,66.0
1790784740.3278852,0,no release,18.0,0.8527,,,,18.0,66.0
1790784741.8185608,0,no release,18.0,0.8664,,,,18.0,66.0
1790784741.8976893,0,no release,18.0,0.8416,,,,18.0,66.0
1790784741.9047027,0,no release,18.0,0.8776,,,,18.0,66.0
1790784742.855953,0,no release,18.0,0.7775,,,,18.0,66.0
1790784744.3171709,0,no release,18.0,0.8139,,,,18.0,66.0
1790784745.2485814,0,no release,18.0,0.863,,,,18.0,66.0
1790784746.1190224,0,no release,18.0,0.8029,,,,18.0,66.0
1790784746.8283072,0,no release,18.0,0.8534,,,,18.0,66.0
1790784747.5423937,0,no release,18.0,0.817,,,,18.0,66.0
1790784747.6426744,0,no release,18.0,0.8233,,,,18.0,66.0
1790784747.6488526,0,no release,18.0,0.862,,,,18.0,66.0
1790784749.5955007,0,no release,18.0,0.855,,,,18.0,66.0
1790784750.9484036,0,no release,18.0,0.8264,,,,18.0,66.0
1790784751.0622194,0,no release,18.0,0.8077,,,,18.0,66.0
1790784752.782246,0,no release,18.0,0.7958,,,,18.0,66.0
1790784753.562621,0,no release,18.0,0.8358,,,,18.0,66.0
1790784754.1571622,0,no release,18.0,0.7891,,,,18.0,66.0
1790784754.2233617,0,no release,18.0,0.8226,,,,18.0,66.0
1790784754.229952,0,no release,18.0,0.8195,,,,18.0,66.0
1790784755.174897,0,no release,18.0,0.801,,,,18.0,66.0
1790784757.3522298,0,no release,18.0,0.8562,,,,18.0,66.0
1790784757.4473755,0,no release,18.0,0.8381,,,,18.0,66.0
1790784758.2102275,0,no release,18.0,1.0087,,,,18.0,66.0
1790784759.7192743,0,no release,18.0,0.7807,,,,18.0,66.0
1790784760.3664167,0,no release,18.0,1.8336,,,,18.0,66.0
1790784760.4538414,0,no release,18.0,0.8063,,,,18.0,66.0
1790784760.4586127,0,no release,18.0,0.8174,,,,18.0,66.0
1790784761.5271292,0,no release,18.0,0.8156,,,,18.0,66.0
1790784763.6376145,0,no release,18.0,0.8466,,,,18.0,66.0
1790784763.7439694,0,no release,18.0,0.7949,,,,18.0,66.0
1790784764.6601582,0,no release,18.0,0.8357,,,,18.0,66.0
1790784765.394978,0,no release,18.0,1.1452,,,,18.0,66.0
1790784766.8175616,0,no release,18.0,0.7942,,,,18.0,66.0
1790784766.9000213,0,no release,18.0,0.8088,,,,18.0,66.0
1790784766.9056456,0,no release,18.0,0.8277,,,,18.0,66.0
1790784768.0164585,0,no release,18.0,0.8499,,,,18.0,66.0
1790784770.0963352,0,no release,18.0,0.8212,,,,18.0,66.0
1790784770.1849544,0,no release,18.0,0.8091,,,,18.0,66.0
1790784771.095362,0,no release,18.0,0.804,,,,18.0,66.0
1790784771.895336,0,no release,18.0,0.7855,,,,18.0,66.0
1790784772.041393,0,grip capacity exceeded,3.3,2.1718,,,,18.0,66.0
1790784772.5448842,0,no release,18.0,0.8097,,,,18.0,66.0
1790784772.6289668,0,no release,18.0,0.8117,,,,18.0,66.0
1790784772.6333382,0,no release,18.0,0.8684,,,,18.0,66.0
1790784774.3381083,0,no release,18.0,0.7968,,,,18.0,66.0
1790784775.769416,0,no release,18.0,0.8423,,,,18.0,66.0
1790784775.8690536,0,no release,18.0,0.8069,,,,18.0,66.0
1790784778.2491024,0,no release,18.0,1.1715,,,,18.0,66.0
1790784778.4348078,0,no release,18.0,0.7978,,,,18.0,66.0
1790784778.9666505,0,no release,18.0,0.839,,,,18.0,66.0
1790784779.052821,0,no release,18.0,0.8395,,,,18.0,66.0
1790784779.0582788,0,no release,18.0,0.8089,,,,18.0,66.0
1790784781.0342274,0,no release,18.0,0.8439,,,,18.0,66.0
1790784781.340651,0,hit wall,7.896,1.9338,,,,18.0,66.0
1790784782.3471322,0,no release,18.0,0.812,,,,18.0,66.0
1790784782.449131,0,no release,18.0,0.8117,,,,18.0,66.0
1790784783.4167793,0,hit wall,7.338,0.815,7.259999999999845,0.3335809734752456,2.3894230914804155,18.0,66.0
1790784784.9981668,0,no release,18.0,0.8126,,,,18.0,66.0
1790784785.4593186,0,no release,18.0,0.8064,,,,18.0,66.0
1790784785.5419528,0,no release,18.0,0.8375,,,,18.0,66.0
1790784785.5464113,0,no release,18.0,0.8088,,,,18.0,66.0
1790784786.6271558,0,no release,18.0,0.8013,,,,18.0,66.0
1790784788.8103056,0,no release,18.0,0.8387,,,,18.0,66.0
1790784788.9148273,0,no release,18.0,0.8176,,,,18.0,66.0
1790784789.7457366,0,no release,18.0,0.7923,,,,18.0,66.0
1790784790.7492273,0,no release,18.0,0.8029,,,,18.0,66.0
1790784792.0354548,0,no release,18.0,0.8455,,,,18.0,66.0
1790784792.1097484,0,no release,18.0,0.8054,,,,18.0,66.0
1790784792.1146672,0,no release,18.0,0.8186,,,,18.0,66.0
1790784793.087193,0,no release,18.0,0.9687,,,,18.0,66.0
1790784795.4119358,0,no release,18.0,0.8509,,,,18.0,66.0
1790784795.5143445,0,no release,18.0,0.8329,,,,18.0,66.0
1790784795.7612982,0,missed B,10.196,0.8464,10.039999999999786,0.4880254179196868,2.5254521494799484,18.0,66.0
1790784796.352581,0,no release,18.0,0.8287,,,,18.0,66.0
1790784797.2256618,0,no release,18.0,0.8437,,,,18.0,66.0
1790784797.7524383,0,no release,18.0,0.8192,,,,18.0,66.0
1790784797.8402665,0,no release,18.0,0.8122,,,,18.0,66.0
1790784799.727828,0,no release,18.0,0.8292,,,,18.0,66.0
1790784801.0816727,0,no release,18.0,0.82,,,,18.0,66.0
1790784801.200874,0,no release,18.0,0.8636,,,,18.0,66.0
1790784801.4547744,0,no release,18.0,0.8513,,,,18.0,66.0
1790784802.9957485,0,no release,18.0,0.8216,,,,18.0,66.0
1790784803.8737974,0,no release,18.0,1.0139,,,,18.0,66.0
1790784804.3169937,0,no release,18.0,0.8328,,,,18.0,66.0
1790784804.3964455,0,no release,18.0,0.8303,,,,18.0,66.0
1790784806.277232,0,no release,18.0,0.8188,,,,18.0,66.0
1790784807.7010767,0,no release,18.0,0.8008,,,,18.0,66.0
1790784807.78795,0,no release,18.0,0.8272,,,,18.0,66.0
1790784808.0028448,0,no release,18.0,0.8449,,,,18.0,66.0
1790784808.5941942,0,no release,18.0,0.8032,,,,18.0,66.0
1790784810.364781,0,no release,18.0,0.8098,,,,18.0,66.0
1790784810.839509,0,no release,18.0,0.8333,,,,18.0,66.0
1790784810.9229074,0,no release,18.0,0.9825,,,,18.0,66.0
1790784811.96732,0,no release,18.0,0.7996,,,,18.0,66.0
1790784814.1813526,0,no release,18.0,0.8186,,,,18.0,66.0
1790784814.3031619,0,no release,18.0,0.8223,,,,18.0,66.0
1790784814.4413438,0,hit wall,15.26,0.7808,,,,18.0,66.0
1790784814.5512865,0,no release,18.0,1.6153,,,,18.0,66.0
1790784816.1222847,0,no release,18.0,0.8135,,,,18.0,66.0
1790784817.6017644,0,no release,18.0,0.8343,,,,18.0,66.0
1790784817.7011802,0,no release,18.0,0.8371,,,,18.0,66.0
1790784818.7673595,0,no release,18.0,0.8065,,,,18.0,66.0
1790784821.0525515,0,no release,18.0,0.825,,,,18.0,66.0
1790784821.169523,0,no release,18.0,0.8722,,,,18.0,66.0
1790784821.323707,0,no release,18.0,0.8439,,,,18.0,66.0
1790784821.4411414,0,no release,18.0,0.823,,,,18.0,66.0
1790784822.3336992,0,hit wall,13.45,0.8539,,,,18.0,66.0
1790784823.0309274,0,no release,18.0,0.811,,,,18.0,66.0
1790784823.5417252,0,no release,18.0,0.8185,,,,18.0,66.0
1790784825.5650554,0,no release,18.0,0.8035,,,,18.0,66.0
1790784827.0100434,0,no release,18.0,0.8335,,,,18.0,66.0
1790784827.1215465,0,no release,18.0,0.8468,,,,18.0,66.0
1790784827.2605333,0,no release,18.0,0.8437,,,,18.0,66.0
1790784827.3632822,0,no release,18.0,0.8414,,,,18.0,66.0
1790784828.8585508,0,hit wall,15.322,0.8058,,,,18.0,66.0
1790784828.920084,0,no release,18.0,0.8278,,,,18.0,66.0
1790784830.0598457,0,no release,18.0,0.8327,,,,18.0,66.0
1790784832.0613234,0,no release,18.0,0.8134,,,,18.0,66.0
1790784833.42403,0,no release,18.0,0.8025,,,,18.0,66.0
1790784833.5264895,0,no release,18.0,0.8217,,,,18.0,66.0
1790784833.6644406,0,no release,18.0,0.8692,,,,18.0,66.0
1790784833.76982,0,no release,18.0,0.8349,,,,18.0,66.0
1790784834.6249056,0,no release,18.0,0.8752,,,,18.0,66.0
1790784835.485706,0,no release,18.0,0.8124,,,,18.0,66.0
1790784836.5722642,0,no release,18.0,0.8279,,,,18.0,66.0
1790784836.736222,0,missed B,0.568,0.7249,0.2199999999999953,0.9424698623641429,1.1742563403052138,18.0,66.0
1790784837.734817,0,no release,18.0,0.8312,,,,18.0,66.0
1790784839.934477,0,no release,18.0,0.8063,,,,18.0,66.0
1790784840.0329027,0,no release,18.0,0.8186,,,,18.0,66.0
1790784840.160297,0,no release,18.0,0.8875,,,,18.0,66.0
1790784840.2795217,0,no release,18.0,0.824,,,,18.0,66.0
1790784841.1662982,0,no release,18.0,0.8114,,,,18.0,66.0
1790784841.2286885,0,no release,18.0,0.8113,,,,18.0,66.0
1790784843.0051003,0,grip capacity exceeded,3.2,2.5269,,,,18.0,66.0
1790784843.444875,0,no release,18.0,0.8444,,,,18.0,66.0
1790784844.4101539,0,no release,18.0,0.8617,,,,18.0,66.0
1790784846.6152277,0,no release,18.0,0.7997,,,,18.0,66.0
1790784846.7272778,0,no release,18.0,0.8278,,,,18.0,66.0
1790784846.8576722,0,no release,18.0,0.8228,,,,18.0,66.0
1790784846.9702506,0,no release,18.0,0.8104,,,,18.0,66.0
1790784847.7511058,0,no release,18.0,0.8016,,,,18.0,66.0
1790784848.6944942,0,no release,18.0,0.8307,,,,18.0,66.0
1790784850.0049944,0,no release,18.0,0.8492,,,,18.0,66.0
1790784851.0592747,0,no release,18.0,0.8097,,,,18.0,66.0
1790784852.37558,0,no release,18.0,0.8011,,,,18.0,66.0
1790784852.4790125,0,no release,18.0,0.8058,,,,18.0,66.0
1790784852.5908196,0,no release,18.0,0.8554,,,,18.0,66.0
1790784852.6957493,0,no release,18.0,0.8701,,,,18.0,66.0
1790784854.4123473,0,no release,18.0,0.8101,,,,18.0,66.0
1790784855.3637996,0,no release,18.0,0.8461,,,,18.0,66.0
1790784855.7553554,0,no release,18.0,0.8083,,,,18.0,66.0
1790784857.7070525,0,no release,18.0,0.829,,,,18.0,66.0
1790784859.0908644,0,no release,18.0,0.8246,,,,18.0,66.0
1790784859.185554,0,no release,18.0,0.8356,,,,18.0,66.0
1790784859.3210764,0,no release,18.0,0.8063,,,,18.0,66.0
1790784859.4183567,0,no release,18.0,0.814,,,,18.0,66.0
1790784861.0242841,0,no release,18.0,0.8565,,,,18.0,66.0
1790784861.9674406,0,no release,18.0,0.8373,,,,18.0,66.0
1790784862.4170325,0,no release,18.0,0.8422,,,,18.0,66.0
1790784863.3196318,0,no release,18.0,0.8246,,,,18.0,66.0
1790784865.6503105,0,no release,18.0,0.8259,,,,18.0,66.0
1790784865.7665298,0,no release,18.0,0.802,,,,18.0,66.0
1790784865.9059503,0,no release,18.0,0.8232,,,,18.0,66.0
1790784866.0255744,0,no release,18.0,0.8337,,,,18.0,66.0
1790784866.928892,0,no release,18.0,0.88,,,,18.0,66.0
1790784868.6451588,0,no release,18.0,0.7882,,,,18.0,66.0
1790784869.141661,0,no release,18.0,0.8114,,,,18.0,66.0
1790784870.269201,0,no release,18.0,0.8231,,,,18.0,66.0
1790784870.7998598,0,missed B,13.836,0.8632,13.519999999999712,0.681358751253016,1.791358484304112,18.0,66.0
1790784872.4607885,0,no release,18.0,0.8512,,,,18.0,66.0
1790784872.5687556,0,no release,18.0,0.765,,,,18.0,66.0
1790784872.8421185,0,no release,18.0,0.8132,,,,18.0,66.0
1790784873.7565951,0,no release,18.0,0.8092,,,,18.0,66.0
1790784874.8646498,0,no release,18.0,0.8405,,,,18.0,66.0
1790784876.1366029,0,no release,18.0,0.8096,,,,18.0,66.0
1790784877.2094302,0,no release,18.0,0.8015,,,,18.0,66.0
1790784877.7821732,0,no release,18.0,0.8595,,,,18.0,66.0
1790784878.8321137,0,no release,18.0,0.859,,,,18.0,66.0
1790784878.9594471,0,no release,18.0,0.8237,,,,18.0,66.0
1790784879.9962852,0,no release,18.0,0.8197,,,,18.0,66.0
1790784880.848255,0,no release,18.0,0.9273,,,,18.0,66.0
1790784881.90529,0,no release,18.0,0.8364,,,,18.0,66.0
1790784882.4027114,0,no release,18.0,0.804,,,,18.0,66.0
1790784884.234147,0,no release,18.0,0.8192,,,,18.0,66.0
1790784884.7309039,0,no release,18.0,0.8691,,,,18.0,66.0
1790784885.7539701,0,no release,18.0,0.8172,,,,18.0,66.0
1790784885.8806696,0,no release,18.0,0.8301,,,,18.0,66.0
1790784886.188067,0,no release,18.0,0.803,,,,18.0,66.0
1790784887.914721,0,no release,18.0,0.8252,,,,18.0,66.0
1790784888.8173537,0,no release,18.0,0.8101,,,,18.0,66.0
1790784889.3139486,0,no release,18.0,0.8086,,,,18.0,66.0
1790784890.4436815,0,no release,18.0,0.7858,,,,18.0,66.0
1790784891.8373103,0,no release,18.0,0.7784,,,,18.0,66.0
1790784892.7234235,0,no release,18.0,0.8316,,,,18.0,66.0
1790784892.8177836,0,no release,18.0,0.8614,,,,18.0,66.0
1790784893.0807934,0,no release,18.0,0.8399,,,,18.0,66.0
1790784894.0076954,0,no release,18.0,0.9718,,,,18.0,66.0
1790784895.9007041,0,no release,18.0,0.8232,,,,18.0,66.0
1790784896.3373086,0,no release,18.0,0.7958,,,,18.0,66.0
1790784897.2985086,0,no release,18.0,0.8142,,,,18.0,66.0
1790784897.7769573,0,hit wall,13.208,0.8258,,,,18.0,66.0
1790784897.8508644,0,no release,18.0,0.7845,,,,18.0,66.0
1790784899.7579021,0,no release,18.0,0.817,,,,18.0,66.0
1790784899.8586264,0,no release,18.0,0.8161,,,,18.0,66.0
1790784900.9088945,0,no release,18.0,0.7758,,,,18.0,66.0
1790784901.908268,0,no release,18.0,0.8127,,,,18.0,66.0
1790784903.1630132,0,no release,18.0,0.8205,,,,18.0,66.0
1790784904.2527227,0,no release,18.0,0.8763,,,,18.0,66.0
1790784904.669323,0,no release,18.0,0.8536,,,,18.0,66.0
1790784904.7316043,0,no release,18.0,0.8387,,,,18.0,66.0
1790784905.5617566,0,no release,18.0,0.8378,,,,18.0,66.0
1790784905.665708,0,no release,18.0,0.8422,,,,18.0,66.0
1790784907.6784399,0,no release,18.0,0.7889,,,,18.0,66.0
1790784908.7105064,0,no release,18.0,0.8368,,,,18.0,66.0
1790784909.1358774,0,no release,18.0,0.855,,,,18.0,66.0
1790784910.9744284,0,no release,18.0,0.8646,,,,18.0,66.0
1790784911.4969623,0,no release,18.0,0.855,,,,18.0,66.0
1790784911.5681674,0,no release,18.0,0.8057,,,,18.0,66.0
1790784912.6227434,0,no release,18.0,0.8082,,,,18.0,66.0
1790784912.7248497,0,no release,18.0,0.7971,,,,18.0,66.0
1790784913.008915,0,missed B,1.052,0.7445,0.6199999999999868,0.9646920845863646,1.151313142611314,18.0,66.0
1790784914.647462,0,no release,18.0,0.8452,,,,18.0,66.0
1790784915.7263062,0,no release,18.0,0.8233,,,,18.0,66.0
1790784916.2281218,0,no release,18.0,0.8307,,,,18.0,66.0
1790784917.269266,0,no release,18.0,0.8419,,,,18.0,66.0
1790784918.5252807,0,no release,18.0,0.8479,,,,18.0,66.0
1790784918.5977392,0,no release,18.0,0.8767,,,,18.0,66.0
1790784919.3223073,0,hit wall,16.87,0.8185,,,,18.0,66.0
1790784920.1921952,0,no release,18.0,0.8083,,,,18.0,66.0
1790784921.097972,0,no release,18.0,0.8153,,,,18.0,66.0
1790784922.8730538,0,no release,18.0,0.8214,,,,18.0,66.0
1790784923.3822505,0,no release,18.0,0.7885,,,,18.0,66.0
1790784924.5283406,0,no release,18.0,0.8016,,,,18.0,66.0
1790784925.0502675,0,no release,18.0,0.8666,,,,18.0,66.0
1790784925.1223798,0,no release,18.0,0.7968,,,,18.0,66.0
1790784926.5335739,0,no release,18.0,0.7799,,,,18.0,66.0
1790784927.3250906,0,no release,18.0,0.8355,,,,18.0,66.0
1790784928.2548223,0,no release,18.0,0.8187,,,,18.0,66.0
1790784929.3760276,0,no release,18.0,0.8514,,,,18.0,66.0
1790784930.5458913,0,no release,18.0,0.8786,,,,18.0,66.0
1790784931.6371164,0,no release,18.0,0.7759,,,,18.0,66.0
1790784932.1655862,0,no release,18.0,0.7854,,,,18.0,66.0
1790784932.2513154,0,no release,18.0,0.8047,,,,18.0,66.0
1790784932.9316998,0,no release,18.0,0.8057,,,,18.0,66.0
1790784934.4928517,0,no release,18.0,0.8446,,,,18.0,66.0
1790784935.209598,0,no release,18.0,0.8424,,,,18.0,66.0
1790784936.2957184,0,no release,18.0,0.8465,,,,18.0,66.0
1790784936.816823,0,no release,18.0,0.8008,,,,18.0,66.0
1790784938.6614597,0,no release,18.0,0.8042,,,,18.0,66.0
1790784939.0493138,0,no release,18.0,0.8211,,,,18.0,66.0
1790784939.1136253,0,no release,18.0,0.8926,,,,18.0,66.0
1790784939.7422314,0,no release,18.0,0.8029,,,,18.0,66.0
1790784940.5135064,0,hit wall,15.1,0.8269,,,,18.0,66.0
1790784940.5367472,0,no release,18.0,0.8359,,,,18.0,66.0
1790784943.1867733,0,no release,18.0,0.8706,,,,18.0,66.0
1790784943.6018033,0,no release,18.0,0.8771,,,,18.0,66.0
1790784944.7460175,0,no release,18.0,0.8372,,,,18.0,66.0
1790784946.084525,0,no release,18.0,0.7965,,,,18.0,66.0
1790784946.1591856,0,no release,18.0,0.8731,,,,18.0,66.0
1790784946.8224328,0,no release,18.0,0.8213,,,,18.0,66.0
1790784947.4056056,0,missed B,11.358,0.7801,11.21999999999976,0.5535809734752409,2.348892496600642,18.0,66.0
1790784947.4919374,0,no release,18.0,1.1819,,,,18.0,66.0
1790784947.5147338,0,no release,18.0,0.7939,,,,18.0,66.0
1790784950.740448,0,no release,18.0,0.8171,,,,18.0,66.0
1790784951.74173,0,no release,18.0,0.8285,,,,18.0,66.0
1790784952.1845276,0,no release,18.0,0.8123,,,,18.0,66.0
1790784952.2691948,0,no release,18.0,0.8294,,,,18.0,66.0
1790784953.7197855,0,no release,18.0,0.7836,,,,18.0,66.0
1790784953.7434359,0,hit wall,15.502,0.8482,,,,18.0,66.0
1790784954.3785946,0,no release,18.0,0.832,,,,18.0,66.0
1790784954.4833086,0,no release,18.0,0.793,,,,18.0,66.0
1790784957.658525,0,no release,18.0,0.9714,,,,18.0,66.0
1790784958.7902443,0,no release,18.0,0.8335,,,,18.0,66.0
1790784959.272448,0,no release,18.0,0.8801,,,,18.0,66.0
1790784959.3474345,0,no release,18.0,0.8271,,,,18.0,66.0
1790784959.9642773,0,no release,18.0,0.8106,,,,18.0,66.0
1790784959.98227,0,no release,18.0,0.8306,,,,18.0,66.0
1790784961.3903062,0,no release,18.0,0.8178,,,,18.0,66.0
1790784961.488642,0,no release,18.0,0.8254,,,,18.0,66.0
1790784963.9769607,0,no release,18.0,0.8762,,,,18.0,66.0
1790784965.949544,0,no release,18.0,0.7912,,,,18.0,66.0
1790784966.2651863,0,missed B,14.96,0.8394,14.619999999999688,0.7424698623641258,1.3485473729954038,18.0,66.0
1790784966.4434202,0,no release,18.0,0.7968,,,,18.0,66.0
1790784966.5175078,0,no release,18.0,0.849,,,,18.0,66.0
1790784967.2157407,0,no release,18.0,0.8017,,,,18.0,66.0
1790784967.8536313,0,no release,18.0,0.7991,,,,18.0,66.0
1790784967.9518852,0,no release,18.0,0.8467,,,,18.0,66.0
1790784971.1116235,0,no release,18.0,0.8273,,,,18.0,66.0
1790784971.723547,0,hit wall,14.518,0.8103,14.439999999999692,0.732469862364126,2.2640035297514123,18.0,66.0
1790784972.2422051,0,no release,18.0,0.8357,,,,18.0,66.0
1790784973.2359822,0,no release,18.0,0.8408,,,,18.0,66.0
1790784973.420806,0,no release,18.0,0.8598,,,,18.0,66.0
1790784974.22646,0,no release,18.0,0.8233,,,,18.0,66.0
1790784974.8665915,0,no release,18.0,0.8042,,,,18.0,66.0
1790784974.9666169,0,no release,18.0,0.8313,,,,18.0,66.0
1790784978.4863405,0,no release,18.0,0.8107,,,,18.0,66.0
1790784979.0444303,0,no release,18.0,0.8323,,,,18.0,66.0
1790784979.5768921,0,no release,18.0,0.8397,,,,18.0,66.0
1790784979.9037132,0,no release,18.0,0.8082,,,,18.0,66.0
1790784980.1080408,0,no release,18.0,0.8564,,,,18.0,66.0
1790784981.6951811,0,no release,18.0,0.8722,,,,18.0,66.0
1790784982.3834815,0,no release,18.0,0.8075,,,,18.0,66.0
1790784982.4911067,0,no release,18.0,0.793,,,,18.0,66.0
1790784985.7795272,0,no release,18.0,0.8146,,,,18.0,66.0
1790784986.3226151,0,no release,18.0,0.8577,,,,18.0,66.0
1790784986.8431747,0,no release,18.0,0.8212,,,,18.0,66.0
1790784987.12641,0,no release,18.0,0.8435,,,,18.0,66.0
1790784987.3276064,0,no release,18.0,0.8197,,,,18.0,66.0
1790784988.1232636,0,no release,18.0,0.8712,,,,18.0,66.0
1790784989.5872927,0,no release,18.0,1.1419,,,,18.0,66.0
1790784989.6715262,0,no release,18.0,0.8358,,,,18.0,66.0
1790784992.077748,0,no release,18.0,0.8344,,,,18.0,66.0
1790784993.5727446,0,no release,18.0,0.8379,,,,18.0,66.0
1790784993.8199127,0,missed B,13.094,0.7871,12.799999999999727,0.6413587512530169,1.7962712295695098,18.0,66.0
1790784994.0618324,0,no release,18.0,0.8247,,,,18.0,66.0
1790784994.242649,0,missed B,12.148,0.8381,11.839999999999748,0.5880254179196847,1.7634452125031286,18.0,66.0
1790784994.3362958,0,no release,18.0,0.837,,,,18.0,66.0
1790784994.5099254,0,no release,18.0,0.8079,,,,18.0,66.0
1790784995.94024,0,no release,18.0,0.8601,,,,18.0,66.0
1790784998.9242568,0,hit wall,13.554,0.841,,,,18.0,66.0
1790784999.1737494,0,no release,18.0,0.7778,,,,18.0,66.0
1790784999.7728748,0,no release,18.0,0.8118,,,,18.0,66.0
1790784999.8481624,0,hit wall,15.038,0.8417,,,,18.0,66.0
1790785000.0012374,0,no release,18.0,0.8239,,,,18.0,66.0
1790785001.264365,0,no release,18.0,0.8144,,,,18.0,66.0
1790785001.3760612,0,no release,18.0,0.8414,,,,18.0,66.0
1790785002.899276,0,no release,18.0,0.85,,,,18.0,66.0
1790785005.4311247,0,hit wall,13.758,0.8002,,,,18.0,66.0
1790785005.5835006,0,hit wall,13.434,0.8339,,,,18.0,66.0
1790785005.8767717,0,no release,18.0,0.8574,,,,18.0,66.0
1790785006.052439,0,hit wall,15.472,0.8377,,,,18.0,66.0
1790785006.1559708,0,no release,18.0,0.9324,,,,18.0,66.0
1790785007.3374784,0,no release,18.0,0.8029,,,,18.0,66.0
1790785007.4172378,0,no release,18.0,0.8868,,,,18.0,66.0
1790785009.7563093,0,no release,18.0,0.7962,,,,18.0,66.0
1790785011.4578238,0,no release,18.0,0.8502,,,,18.0,66.0
1790785012.4192085,0,no release,18.0,0.8154,,,,18.0,66.0
1790785012.7242732,0,no release,18.0,0.824,,,,18.0,66.0
1790785012.9059594,0,no release,18.0,0.8229,,,,18.0,66.0
1790785013.0195909,0,no release,18.0,0.7971,,,,18.0,66.0
1790785014.422554,0,no release,18.0,0.8648,,,,18.0,66.0
1790785014.5204248,0,no release,18.0,0.8417,,,,18.0,66.0
1790785016.7700174,0,no release,18.0,0.8365,,,,18.0,66.0
1790785018.7172396,0,no release,18.0,0.7871,,,,18.0,66.0
1790785018.8732245,0,no release,18.0,0.8068,,,,18.0,66.0
1790785019.13528,0,no release,18.0,0.8083,,,,18.0,66.0
1790785019.2785625,0,no release,18.0,0.848,,,,18.0,66.0
1790785019.361752,0,no release,18.0,0.8279,,,,18.0,66.0
1790785021.443819,0,no release,18.0,0.8158,,,,18.0,66.0
1790785021.551471,0,no release,18.0,0.7755,,,,18.0,66.0
1790785023.2769923,0,no release,18.0,0.8604,,,,18.0,66.0
1790785025.9732862,0,no release,18.0,0.7836,,,,18.0,66.0
1790785026.1450343,0,no release,18.0,0.8125,,,,18.0,66.0
1790785026.4647164,0,no release,18.0,0.9356,,,,18.0,66.0
1790785026.6634095,0,no release,18.0,0.8335,,,,18.0,66.0
1790785026.7734008,0,no release,18.0,0.8049,,,,18.0,66.0
1790785028.8304882,0,no release,18.0,0.7954,,,,18.0,66.0
1790785028.9393473,0,no release,18.0,0.8165,,,,18.0,66.0
1790785030.7148254,0,no release,18.0,0.8654,,,,18.0,66.0
1790785031.3705027,0,hit wall,13.524,0.8365,,,,18.0,66.0
1790785031.7392616,0,hit wall,13.798,0.8078,,,,18.0,66.0
1790785031.76362,0,hit wall,15.354,0.7865,,,,18.0,66.0
1790785033.839929,0,no release,18.0,0.8183,,,,18.0,66.0
1790785033.9432397,0,no release,18.0,0.8064,,,,18.0,66.0
1790785035.2946568,0,no release,18.0,0.8056,,,,18.0,66.0
1790785035.3900666,0,no release,18.0,0.808,,,,18.0,66.0
1790785037.5719254,0,no release,18.0,0.9881,,,,18.0,66.0
1790785038.2050314,0,no release,18.0,0.7744,,,,18.0,66.0
1790785038.5945544,0,no release,18.0,1.0227,,,,18.0,66.0
1790785038.6162572,0,no release,18.0,0.8157,,,,18.0,66.0
1790785040.8019528,0,no release,18.0,0.8167,,,,18.0,66.0
1790785040.8913107,0,no release,18.0,0.8508,,,,18.0,66.0
1790785042.0498557,0,no release,18.0,0.8239,,,,18.0,66.0
1790785042.1439672,0,no release,18.0,0.8081,,,,18.0,66.0
1790785044.5115826,0,no release,18.0,0.8158,,,,18.0,66.0
1790785045.0821333,0,no release,18.0,0.8291,,,,18.0,66.0
1790785045.4100115,0,no release,18.0,0.864,,,,18.0,66.0
1790785045.4287674,0,no release,18.0,0.8143,,,,18.0,66.0
1790785046.7941124,0,no release,18.0,0.8101,,,,18.0,66.0
1790785046.8962212,0,no release,18.0,1.7583,,,,18.0,66.0
1790785049.0045135,0,no release,18.0,0.8096,,,,18.0,66.0
1790785049.1001625,0,no release,18.0,0.8222,,,,18.0,66.0
1790785050.4272406,0,no release,18.0,0.8118,,,,18.0,66.0
1790785051.8103604,0,no release,18.0,0.8225,,,,18.0,66.0
1790785052.2214556,0,no release,18.0,1.9874,,,,18.0,66.0
1790785052.2461493,0,no release,18.0,0.7702,,,,18.0,66.0
1790785053.6604245,0,no release,18.0,0.8208,,,,18.0,66.0
1790785053.7413588,0,no release,18.0,0.8256,,,,18.0,66.0
1790785053.8225849,0,hit wall,13.768,1.9514,,,,18.0,66.0
1790785055.7077425,0,no release,18.0,0.8192,,,,18.0,66.0
1790785057.4639692,0,no release,18.0,0.808,,,,18.0,66.0
1790785058.0139282,0,no release,18.0,0.8351,,,,18.0,66.0
1790785059.16051,0,no release,18.0,0.8129,,,,18.0,66.0
1790785059.1913147,0,no release,18.0,0.9029,,,,18.0,66.0
1790785060.6661117,0,no release,18.0,0.8352,,,,18.0,66.0
1790785060.759017,0,no release,18.0,0.7891,,,,18.0,66.0
1790785060.866556,0,no release,18.0,0.8374,,,,18.0,66.0
1790785062.0597348,0,no release,18.0,0.8558,,,,18.0,66.0
1790785063.3410609,0,hit wall,14.314,0.785,,,,18.0,66.0
1790785064.8250942,0,hit wall,15.688,0.7834,,,,18.0,66.0
1790785065.1614826,0,no release,18.0,0.8531,,,,18.0,66.0
1790785065.586705,0,no release,18.0,0.8424,,,,18.0,66.0
1790785065.9364688,0,hit wall,13.92,0.7616,,,,18.0,66.0
1790785067.0830672,0,hit wall,15.664,0.8246,,,,18.0,66.0
1790785067.6621597,0,no release,18.0,0.87,,,,18.0,66.0
1790785067.8980286,0,hit wall,12.3,0.7994,12.139999999999741,0.6046920845863509,2.282977031131395,18.0,66.0
1790785069.033573,0,grip capacity exceeded,6.256,2.1331,,,,18.0,66.0
1790785069.126268,0,no release,18.0,0.7663,,,,18.0,66.0
1790785071.722922,0,no release,18.0,0.8712,,,,18.0,66.0
1790785072.068119,0,no release,18.0,0.8156,,,,18.0,66.0
1790785072.4811218,0,no release,18.0,0.8021,,,,18.0,66.0
1790785072.8720994,0,no release,18.0,0.8081,,,,18.0,66.0
1790785073.9797282,0,no release,18.0,0.8461,,,,18.0,66.0
1790785074.8977141,0,no release,18.0,0.7844,,,,18.0,66.0
1790785075.2767627,0,grip capacity exceeded,6.82,2.2601,,,,18.0,66.0
1790785075.8329272,0,no release,18.0,0.8232,,,,18.0,66.0
1790785075.9435008,0,no release,18.0,0.7922,,,,18.0,66.0
1790785077.3957832,0,hit wall,9.186,0.7938,,,,18.0,66.0
1790785078.7114127,0,no release,18.0,0.8186,,,,18.0,66.0
1790785078.983346,0,no release,18.0,0.8751,,,,18.0,66.0
1790785079.075436,0,missed B,11.704,0.8557,11.539999999999754,0.5713587512530184,2.338762197473998,18.0,66.0
1790785079.6441147,0,no release,18.0,0.8509,,,,18.0,66.0
1790785081.3745265,0,no release,18.0,0.9197,,,,18.0,66.0
1790785082.6556108,0,hit wall,17.306,0.7985,,,,18.0,66.0
1790785082.9353726,0,no release,18.0,0.8909,,,,18.0,66.0
1790785084.1884131,0,no release,18.0,0.8294,,,,18.0,66.0
1790785084.7255597,0,no release,18.0,0.8526,,,,18.0,66.0
1790785085.0604885,0,no release,18.0,0.7937,,,,18.0,66.0
1790785085.1695495,0,no release,18.0,0.8397,,,,18.0,66.0
1790785086.6189907,0,no release,18.0,0.8312,,,,18.0,66.0
1790785088.1500056,0,no release,18.0,0.7966,,,,18.0,66.0
1790785088.6092124,0,no release,18.0,0.8304,,,,18.0,66.0
1790785088.8960114,0,no release,18.0,0.8452,,,,18.0,66.0
1790785090.8568811,0,hit wall,15.396,0.8261,,,,18.0,66.0
1790785091.101078,0,no release,18.0,0.8123,,,,18.0,66.0
1790785091.8299236,0,no release,18.0,0.7887,,,,18.0,66.0
1790785091.9210029,0,no release,18.0,0.8436,,,,18.0,66.0
1790785092.5367177,0,no release,18.0,0.8485,,,,18.0,66.0
1790785095.1231675,0,no release,18.0,0.8039,,,,18.0,66.0
1790785095.5052545,0,no release,18.0,0.868,,,,18.0,66.0
1790785095.746663,0,no release,18.0,0.8257,,,,18.0,66.0
1790785097.679227,0,no release,18.0,0.8203,,,,18.0,66.0
1790785097.9549708,0,no release,18.0,0.818,,,,18.0,66.0
1790785098.8800864,0,no release,18.0,0.8476,,,,18.0,66.0
1790785098.9943538,0,no release,18.0,0.8324,,,,18.0,66.0
1790785099.588838,0,no release,18.0,0.8635,,,,18.0,66.0
1790785101.945558,0,no release,18.0,0.8177,,,,18.0,66.0
1790785102.3970118,0,no release,18.0,0.7834,,,,18.0,66.0
1790785102.7017684,0,no release,18.0,0.7893,,,,18.0,66.0
1790785103.844263,0,no release,18.0,0.8373,,,,18.0,66.0
1790785104.0566068,0,no release,18.0,0.8356,,,,18.0,66.0
1790785105.787727,0,no release,18.0,0.8114,,,,18.0,66.0
1790785105.8983858,0,no release,18.0,0.8024,,,,18.0,66.0
1790785106.557709,0,no release,18.0,0.7965,,,,18.0,66.0
1790785108.2181492,0,no release,18.0,0.8289,,,,18.0,66.0
1790785109.4566844,0,no release,18.0,0.8012,,,,18.0,66.0
1790785109.7409084,0,no release,18.0,0.9894,,,,18.0,66.0
1790785110.9537249,0,no release,18.0,0.8277,,,,18.0,66.0
1790785111.2009392,0,no release,18.0,0.8613,,,,18.0,66.0
1790785112.0505047,0,no release,18.0,0.8262,,,,18.0,66.0
1790785112.1419923,0,no release,18.0,0.8322,,,,18.0,66.0
1790785113.5397713,0,no release,18.0,0.8414,,,,18.0,66.0
1790785115.3400676,0,no release,18.0,0.8647,,,,18.0,66.0
1790785115.7551,0,no release,18.0,0.821,,,,18.0,66.0
1790785116.0551112,0,no release,18.0,0.8116,,,,18.0,66.0
1790785117.9005258,0,no release,18.0,0.8321,,,,18.0,66.0
1790785118.159014,0,no release,18.0,0.8071,,,,18.0,66.0
1790785119.100374,0,no release,18.0,0.8197,,,,18.0,66.0
1790785119.204018,0,no release,18.0,0.8366,,,,18.0,66.0
1790785119.901876,0,no release,18.0,0.8375,,,,18.0,66.0
1790785121.4817953,0,missed B,12.896,0.7704,12.65999999999973,0.6335809734752392,2.2702006335349485,18.0,66.0
1790785122.270832,0,no release,18.0,0.7953,,,,18.0,66.0
1790785122.7281585,0,no release,18.0,0.8122,,,,18.0,66.0
1790785125.138269,0,no release,18.0,1.1524,,,,18.0,66.0
1790785125.3628373,0,no release,18.0,1.0225,,,,18.0,66.0
1790785126.1532745,0,no release,18.0,0.8644,,,,18.0,66.0
1790785126.2665024,0,no release,18.0,0.7746,,,,18.0,66.0
1790785126.9946306,0,no release,18.0,0.8235,,,,18.0,66.0
1790785127.860247,0,no release,18.0,0.8332,,,,18.0,66.0
1790785129.539353,0,no release,18.0,0.7891,,,,18.0,66.0
1790785129.9335058,0,no release,18.0,0.8387,,,,18.0,66.0
1790785131.4697187,0,no release,18.0,0.869,,,,18.0,66.0
1790785131.7419236,0,no release,18.0,0.8188,,,,18.0,66.0
1790785133.4678078,0,no release,18.0,0.8181,,,,18.0,66.0
1790785133.5537791,0,no release,18.0,0.8289,,,,18.0,66.0
1790785134.1385639,0,no release,18.0,0.852,,,,18.0,66.0
1790785135.0570035,0,no release,18.0,0.8343,,,,18.0,66.0
1790785136.6957853,0,no release,18.0,0.8125,,,,18.0,66.0
1790785137.103984,0,no release,18.0,0.8491,,,,18.0,66.0
1790785138.457405,0,no release,18.0,0.8364,,,,18.0,66.0
1790785138.702835,0,no release,18.0,0.8076,,,,18.0,66.0
1790785139.6134508,0,no release,18.0,0.8673,,,,18.0,66.0
1790785140.5129013,0,no release,18.0,0.8281,,,,18.0,66.0
1790785141.1722324,0,no release,18.0,0.7966,,,,18.0,66.0
1790785142.0036774,0,no release,18.0,1.8996,,,,18.0,66.0
1790785142.8230705,0,no release,18.0,0.8779,,,,18.0,66.0
1790785143.2645037,0,no release,18.0,0.8366,,,,18.0,66.0
1790785145.4887266,0,no release,18.0,0.8397,,,,18.0,66.0
1790785145.7382824,0,no release,18.0,0.8347,,,,18.0,66.0
1790785146.5077941,0,no release,18.0,0.8126,,,,18.0,66.0
1790785146.6058273,0,no release,18.0,0.8414,,,,18.0,66.0
1790785147.2655072,0,no release,18.0,0.8281,,,,18.0,66.0
1790785148.9766011,0,no release,18.0,0.8953,,,,18.0,66.0
1790785149.8455193,0,no release,18.0,0.826,,,,18.0,66.0
1790785150.2367928,0,no release,18.0,0.8277,,,,18.0,66.0
1790785152.606021,0,no release,18.0,0.8344,,,,18.0,66.0
1790785152.8666732,0,no release,18.0,0.8318,,,,18.0,66.0
1790785153.7209501,0,no release,18.0,0.8192,,,,18.0,66.0
1790785153.8358479,0,no release,18.0,0.7896,,,,18.0,66.0
1790785154.4999824,0,no release,18.0,0.8139,,,,18.0,66.0
1790785156.1583617,0,no release,18.0,0.8221,,,,18.0,66.0
1790785157.0312846,0,no release,18.0,0.8288,,,,18.0,66.0
1790785157.4694357,0,no release,18.0,0.7857,,,,18.0,66.0
1790785158.8878396,0,no release,18.0,0.8373,,,,18.0,66.0
1790785159.09225,0,no release,18.0,0.8134,,,,18.0,66.0
1790785160.8266475,0,no release,18.0,0.8186,,,,18.0,66.0
1790785160.9337795,0,no release,18.0,0.815,,,,18.0,66.0
1790785161.5902252,0,no release,18.0,0.8126,,,,18.0,66.0
1790785162.4799032,0,no release,18.0,0.833,,,,18.0,66.0
1790785164.0759466,0,no release,18.0,0.8058,,,,18.0,66.0
1790785164.51468,0,no release,18.0,0.8199,,,,18.0,66.0
1790785165.9954104,0,no release,18.0,0.8156,,,,18.0,66.0
1790785166.2450454,0,no release,18.0,0.8451,,,,18.0,66.0
1790785167.9983518,0,no release,18.0,0.8255,,,,18.0,66.0
1790785168.1041203,0,no release,18.0,0.8166,,,,18.0,66.0
1790785168.801218,0,no release,18.0,0.8282,,,,18.0,66.0
1790785169.6767564,0,no release,18.0,0.7892,,,,18.0,66.0
1790785170.5295792,0,no release,18.0,0.8044,,,,18.0,66.0
1790785170.9729128,0,no release,18.0,0.7549,,,,18.0,66.0
1790785173.2746956,0,no release,18.0,0.8368,,,,18.0,66.0
1790785173.5491323,0,no release,18.0,0.8677,,,,18.0,66.0
1790785174.4357696,0,no release,18.0,0.8783,,,,18.0,66.0
1790785174.4385123,0,missed B,8.476,0.7628,8.159999999999826,0.38358097347524456,1.7715349470865978,18.0,66.0
1790785174.5574648,0,no release,18.0,0.7883,,,,18.0,66.0
1790785176.0376086,0,no release,18.0,0.8055,,,,18.0,66.0
1790785176.9076288,0,no release,18.0,0.7861,,,,18.0,66.0
1790785177.7286289,0,no release,18.0,0.8513,,,,18.0,66.0
1790785180.4834902,0,no release,18.0,0.8351,,,,18.0,66.0
1790785180.717222,0,no release,18.0,0.8049,,,,18.0,66.0
1790785181.5973797,0,no release,18.0,0.8268,,,,18.0,66.0
1790785181.597685,0,no release,18.0,0.8077,,,,18.0,66.0
1790785181.7053967,0,no release,18.0,0.8132,,,,18.0,66.0
1790785182.337491,0,no release,18.0,0.8696,,,,18.0,66.0
1790785184.0268931,0,no release,18.0,0.7845,,,,18.0,66.0
1790785184.7579806,0,no release,18.0,0.7806,,,,18.0,66.0
1790785186.54812,0,no release,18.0,0.9703,,,,18.0,66.0
1790785187.5753083,0,no release,18.0,0.8347,,,,18.0,66.0
1790785188.4563198,0,no release,18.0,0.8006,,,,18.0,66.0
1790785188.4564886,0,no release,18.0,0.8479,,,,18.0,66.0
1790785188.5520573,0,no release,18.0,0.8024,,,,18.0,66.0
1790785189.126986,0,no release,18.0,1.2269,,,,18.0,66.0
1790785189.9855592,0,no release,18.0,0.8853,,,,18.0,66.0
1790785191.6496592,0,no release,18.0,0.8296,,,,18.0,66.0
1790785193.5116584,0,no release,18.0,0.8155,,,,18.0,66.0
1790785193.723959,0,no release,18.0,0.8114,,,,18.0,66.0
1790785195.360777,0,no release,18.0,0.7825,,,,18.0,66.0
1790785195.360986,0,no release,18.0,0.7956,,,,18.0,66.0
1790785195.4588373,0,no release,18.0,0.8105,,,,18.0,66.0
1790785196.1217813,0,no release,18.0,0.8157,,,,18.0,66.0
1790785196.9396539,0,no release,18.0,0.8053,,,,18.0,66.0
1790785197.7880125,0,no release,18.0,0.7969,,,,18.0,66.0
1790785200.4526057,0,no release,18.0,0.8356,,,,18.0,66.0
1790785200.7107334,0,no release,18.0,0.8074,,,,18.0,66.0
1790785201.5742276,0,no release,18.0,0.8367,,,,18.0,66.0
1790785201.5742931,0,hit wall,17.994,0.8289,,,,18.0,66.0
1790785201.6820529,0,no release,18.0,1.4339,,,,18.0,66.0
1790785203.2101831,0,no release,18.0,0.8372,,,,18.0,66.0
1790785204.1246774,0,no release,18.0,0.8167,,,,18.0,66.0
1790785204.9675987,0,no release,18.0,1.1761,,,,18.0,66.0
1790785207.3637333,0,hit wall,16.354,0.8108,,,,18.0,66.0
1790785207.573025,0,hit wall,13.838,0.7938,,,,18.0,66.0
1790785207.620532,0,no release,18.0,0.8366,,,,18.0,66.0
1790785208.2661977,0,hit wall,13.79,0.8845,,,,18.0,66.0
1790785208.786025,0,no release,18.0,0.8228,,,,18.0,66.0
1790785208.7871122,0,no release,18.0,0.8416,,,,18.0,66.0
1790785209.1776938,0,hit wall,13.852,0.8934,,,,18.0,66.0
1790785211.5623562,0,hit wall,16.372,0.7935,,,,18.0,66.0
1790785212.3166523,0,hit wall,8.93,0.8629,,,,18.0,66.0
1790785213.7174246,0,no release,18.0,0.8043,,,,18.0,66.0
1790785213.9158862,0,no release,18.0,0.7845,,,,18.0,66.0
1790785213.9604053,0,no release,18.0,0.7763,,,,18.0,66.0
1790785214.9651647,0,hit wall,13.794,0.8038,,,,18.0,66.0
1790785215.357407,0,no release,18.0,0.7961,,,,18.0,66.0
1790785215.8650115,0,no release,18.0,0.7986,,,,18.0,66.0
1790785217.9111884,0,no release,18.0,0.8818,,,,18.0,66.0
1790785219.4756317,0,no release,18.0,0.8432,,,,18.0,66.0
1790785219.7418687,0,hit wall,14.296,0.8458,,,,18.0,66.0
1790785221.0955045,0,no release,18.0,0.828,,,,18.0,66.0
1790785221.1353984,0,no release,18.0,0.8022,,,,18.0,66.0
1790785221.3305743,0,no release,18.0,0.8637,,,,18.0,66.0
1790785221.7328868,0,no release,18.0,0.8007,,,,18.0,66.0
1790785223.039407,0,no release,18.0,0.7779,,,,18.0,66.0
1790785224.9932795,0,no release,18.0,0.7948,,,,18.0,66.0
1790785225.7743633,0,no release,18.0,0.8557,,,,18.0,66.0
1790785226.9372444,0,no release,18.0,0.7966,,,,18.0,66.0
1790785228.1893246,0,no release,18.0,0.8421,,,,18.0,66.0
1790785228.225763,0,no release,18.0,0.8258,,,,18.0,66.0
1790785228.4451957,0,no release,18.0,0.8007,,,,18.0,66.0
1790785228.8302937,0,no release,18.0,0.8217,,,,18.0,66.0
1790785229.3520772,0,no release,18.0,0.8383,,,,18.0,66.0
1790785230.9264119,0,grip capacity exceeded,3.98,2.0968,,,,18.0,66.0
1790785232.2007551,0,no release,18.0,0.8003,,,,18.0,66.0
1790785232.9352734,0,no release,18.0,0.8503,,,,18.0,66.0
1790785233.215693,0,no release,18.0,0.8444,,,,18.0,66.0
1790785235.3007004,0,no release,18.0,0.8193,,,,18.0,66.0
1790785235.3523254,0,no release,18.0,0.7793,,,,18.0,66.0
1790785235.5756779,0,no release,18.0,0.8162,,,,18.0,66.0
1790785236.4089,0,no release,18.0,0.7751,,,,18.0,66.0
1790785237.114572,0,no release,18.0,0.8692,,,,18.0,66.0
1790785239.256678,0,hit wall,17.91,0.8083,,,,18.0,66.0
1790785240.0278618,0,no release,18.0,0.8254,,,,18.0,66.0
1790785240.295614,0,no release,18.0,0.8375,,,,18.0,66.0
1790785241.651585,0,no release,18.0,0.7899,,,,18.0,66.0
1790785241.6884747,0,no release,18.0,0.8355,,,,18.0,66.0
1790785242.7949538,0,no release,18.0,0.7844,,,,18.0,66.0
1790785243.7453938,0,no release,18.0,0.7984,,,,18.0,66.0
1790785244.1914148,0,grip capacity exceeded,5.118,2.3792,,,,18.0,66.0
1790785244.42105,0,no release,18.0,0.8103,,,,18.0,66.0
1790785245.131578,0,hit wall,16.17,0.8635,,,,18.0,66.0
1790785247.4098368,0,no release,18.0,0.8419,,,,18.0,66.0
1790785247.6717896,0,no release,18.0,0.7992,,,,18.0,66.0
1790785248.9894032,0,no release,18.0,0.7923,,,,18.0,66.0
1790785249.2658434,0,no release,18.0,0.8174,,,,18.0,66.0
1790785251.1110425,0,hit wall,13.366,0.8561,,,,18.0,66.0
1790785251.1160376,0,no release,18.0,0.8635,,,,18.0,66.0
1790785251.62517,0,no release,18.0,0.8058,,,,18.0,66.0
1790785251.887052,0,no release,18.0,0.8275,,,,18.0,66.0
1790785253.889883,0,no release,18.0,0.8096,,,,18.0,66.0
1790785255.1080687,0,no release,18.0,0.8601,,,,18.0,66.0
1790785256.4803534,0,no release,18.0,0.8104,,,,18.0,66.0
1790785256.7247713,0,no release,18.0,0.8149,,,,18.0,66.0
1790785257.6095014,0,no release,18.0,0.8248,,,,18.0,66.0
1790785257.6143892,0,no release,18.0,0.7756,,,,18.0,66.0
1790785258.8522787,0,no release,18.0,0.8573,,,,18.0,66.0
1790785259.1217036,0,no release,18.0,0.8097,,,,18.0,66.0
1790785261.183244,0,no release,18.0,0.8328,,,,18.0,66.0
1790785261.4475565,0,no release,18.0,0.8477,,,,18.0,66.0
1790785263.4927278,0,missed B,13.722,0.8016,13.379999999999715,0.6735809734752384,1.6895499492242911,18.0,66.0
1790785263.6245344,0,no release,18.0,0.8154,,,,18.0,66.0
1790785263.7701123,0,missed B,12.334,0.7971,12.059999999999743,0.6002476401419066,1.9189873789677891,18.0,66.0
1790785263.9008303,0,no release,18.0,0.848,,,,18.0,66.0
1790785264.8314328,0,no release,18.0,0.8322,,,,18.0,66.0
1790785265.2861342,0,no release,18.0,0.8546,,,,18.0,66.0
1790785268.561492,0,no release,18.0,0.8216,,,,18.0,66.0
1790785268.832102,0,no release,18.0,0.824,,,,18.0,66.0
1790785270.0139732,0,no release,18.0,0.8312,,,,18.0,66.0
1790785270.971635,0,no release,18.0,0.8395,,,,18.0,66.0
1790785271.1098928,0,no release,18.0,0.8323,,,,18.0,66.0
1790785271.2431717,0,no release,18.0,1.2736,,,,18.0,66.0
1790785272.1656597,0,no release,18.0,0.8114,,,,18.0,66.0
1790785272.643601,0,no release,18.0,0.8246,,,,18.0,66.0
1790785275.902891,0,no release,18.0,0.7967,,,,18.0,66.0
1790785276.158584,0,no release,18.0,0.905,,,,18.0,66.0
1790785277.4474676,0,no release,18.0,0.8248,,,,18.0,66.0
1790785277.5827565,0,no release,18.0,0.7942,,,,18.0,66.0
1790785277.7158978,0,no release,18.0,0.8711,,,,18.0,66.0
1790785277.846256,0,no release,18.0,0.9104,,,,18.0,66.0
1790785279.59492,0,no release,18.0,0.8275,,,,18.0,66.0
1790785280.059169,0,no release,18.0,0.8421,,,,18.0,66.0
1790785283.161647,0,no release,18.0,0.7867,,,,18.0,66.0
1790785283.4217129,0,no release,18.0,0.789,,,,18.0,66.0
1790785284.6086705,0,no release,18.0,0.8782,,,,18.0,66.0
1790785284.7657142,0,no release,18.0,0.816,,,,18.0,66.0
1790785284.9106805,0,no release,18.0,0.8114,,,,18.0,66.0
1790785285.0495048,0,no release,18.0,0.8313,,,,18.0,66.0
1790785285.9421537,0,no release,18.0,0.825,,,,18.0,66.0
1790785287.2409346,0,no release,18.0,0.8142,,,,18.0,66.0
1790785289.5615828,0,no release,18.0,0.8249,,,,18.0,66.0
1790785289.816159,0,no release,18.0,0.8731,,,,18.0,66.0
1790785291.881324,0,no release,18.0,0.8528,,,,18.0,66.0
1790785292.0071056,0,no release,18.0,0.7635,,,,18.0,66.0
1790785292.1280859,0,no release,18.0,0.8272,,,,18.0,66.0
1790785292.2487025,0,no release,18.0,0.7826,,,,18.0,66.0
1790785293.1629355,0,no release,18.0,0.8006,,,,18.0,66.0
1790785293.3600538,0,hit wall,17.098,0.7781,,,,18.0,66.0
1790785296.7552922,0,no release,18.0,0.7996,,,,18.0,66.0
1790785297.0083387,0,no release,18.0,0.814,,,,18.0,66.0
1790785298.223872,0,no release,18.0,1.038,,,,18.0,66.0
1790785299.1825116,0,no release,18.0,0.8465,,,,18.0,66.0
1790785299.3335948,0,no release,18.0,0.845,,,,18.0,66.0
1790785299.4682364,0,no release,18.0,0.808,,,,18.0,66.0
1790785300.4014883,0,no release,18.0,0.7944,,,,18.0,66.0
1790785300.5491533,0,no release,18.0,0.7741,,,,18.0,66.0
1790785304.0596473,0,no release,18.0,0.8069,,,,18.0,66.0
1790785304.334452,0,no release,18.0,0.8562,,,,18.0,66.0
1790785305.5280063,0,no release,18.0,0.7707,,,,18.0,66.0
1790785305.6674376,0,no release,18.0,0.7968,,,,18.0,66.0
1790785305.7930634,0,no release,18.0,0.8077,,,,18.0,66.0
1790785305.9086714,0,no release,18.0,0.7981,,,,18.0,66.0
1790785307.6549437,0,no release,18.0,0.8133,,,,18.0,66.0
1790785307.815501,0,no release,18.0,0.8361,,,,18.0,66.0
1790785311.1610649,0,no release,18.0,0.818,,,,18.0,66.0
1790785311.4198372,0,no release,18.0,0.8059,,,,18.0,66.0
1790785312.680295,0,no release,18.0,0.8153,,,,18.0,66.0
1790785312.8258014,0,no release,18.0,0.7985,,,,18.0,66.0
1790785312.9606645,0,no release,18.0,0.8168,,,,18.0,66.0
1790785313.0956848,0,no release,18.0,0.8142,,,,18.0,66.0
1790785313.9449458,0,grip capacity exceeded,3.298,2.3494,,,,18.0,66.0
1790785313.9674544,0,no release,18.0,0.8061,,,,18.0,66.0
1790785314.129987,0,no release,18.0,0.8009,,,,18.0,66.0
1790785317.7106507,0,no release,18.0,0.9325,,,,18.0,66.0
1790785317.9893565,0,no release,18.0,0.7682,,,,18.0,66.0
1790785319.9727921,0,no release,18.0,0.8636,,,,18.0,66.0
1790785320.1166973,0,no release,18.0,0.8518,,,,18.0,66.0
1790785320.4106212,0,no release,18.0,0.8484,,,,18.0,66.0
1790785321.3289878,0,no release,18.0,0.8651,,,,18.0,66.0
1790785321.3571827,0,no release,18.0,0.7957,,,,18.0,66.0
1790785321.530534,0,no release,18.0,0.8021,,,,18.0,66.0
1790785325.0127885,0,no release,18.0,0.7985,,,,18.0,66.0
1790785325.2834003,0,no release,18.0,0.807,,,,18.0,66.0
1790785327.3495367,0,no release,18.0,0.8052,,,,18.0,66.0
1790785327.499769,0,no release,18.0,0.8098,,,,18.0,66.0
1790785327.7714472,0,no release,18.0,0.8212,,,,18.0,66.0
1790785328.6709306,0,no release,18.0,0.8146,,,,18.0,66.0
1790785328.6961846,0,no release,18.0,0.8475,,,,18.0,66.0
1790785328.8663733,0,no release,18.0,0.8328,,,,18.0,66.0
1790785332.9024844,0,no release,18.0,0.7949,,,,18.0,66.0
1790785333.2386851,0,no release,18.0,0.8085,,,,18.0,66.0
1790785335.729083,0,no release,18.0,0.7737,,,,18.0,66.0
1790785336.0677955,0,no release,18.0,0.7974,,,,18.0,66.0
1790785336.6936538,0,no release,18.0,0.8525,,,,18.0,66.0
1790785339.7558386,0,no release,18.0,0.8,,,,18.0,66.0
1790785339.8059506,0,no release,18.0,0.7998,,,,18.0,66.0
1790785340.1897902,0,no release,18.0,1.0,,,,18.0,66.0
1790785346.0095992,0,no release,18.0,0.8463,,,,18.0,66.0
1790785346.4077244,0,no release,18.0,0.8636,,,,18.0,66.0
1790785348.3398845,0,no release,18.0,0.8059,,,,18.0,66.0
1790785348.6071713,0,no release,18.0,0.8076,,,,18.0,66.0
1790785349.0335765,0,no release,18.0,0.8243,,,,18.0,66.0
1790785350.5548527,0,no release,18.0,0.7992,,,,18.0,66.0
1790785350.5920236,0,no release,18.0,0.8373,,,,18.0,66.0
1790785351.7400897,0,no release,18.0,0.8232,,,,18.0,66.0
1790785356.057398,0,no release,18.0,0.8779,,,,18.0,66.0
1790785356.5273569,0,no release,18.0,0.8068,,,,18.0,66.0
1790785359.3503194,0,no release,18.0,0.7951,,,,18.0,66.0
1790785359.605529,0,no release,18.0,0.8168,,,,18.0,66.0
1790785359.7432957,0,grip capacity exceeded,0.23,2.236,,,,18.0,66.0
1790785360.059162,0,no release,18.0,0.8537,,,,18.0,66.0
1790785360.3636103,0,hit wall,15.786,0.8338,,,,18.0,66.0
1790785361.5300386,0,no release,18.0,0.8187,,,,18.0,66.0
1790785361.789723,0,no release,18.0,0.7708,,,,18.0,66.0
1790785366.8054004,0,hit wall,17.696,0.7798,,,,18.0,66.0
1790785367.3210096,0,no release,18.0,0.8598,,,,18.0,66.0
1790785368.5794644,0,hit wall,15.784,0.799,,,,18.0,66.0
1790785370.3600075,0,no release,18.0,0.8095,,,,18.0,66.0
1790785371.1009371,0,no release,18.0,0.8495,,,,18.0,66.0
1790785371.4290824,0,no release,18.0,0.8252,,,,18.0,66.0
1790785371.6155512,0,hit wall,15.578,0.8684,,,,18.0,66.0
1790785372.5574207,0,no release,18.0,0.8508,,,,18.0,66.0
1790785378.0738163,0,no release,18.0,0.8715,,,,18.0,66.0
1790785378.62754,0,no release,18.0,0.8724,,,,18.0,66.0
1790785379.8557115,0,no release,18.0,0.7884,,,,18.0,66.0
1790785380.6620774,0,no release,18.0,1.0191,,,,18.0,66.0
1790785381.4012363,0,no release,18.0,0.8105,,,,18.0,66.0
1790785382.7765112,0,no release,18.0,0.7897,,,,18.0,66.0
1790785382.9647522,0,no release,18.0,0.8162,,,,18.0,66.0
1790785383.9315963,0,no release,18.0,0.8379,,,,18.0,66.0
1790785389.0755656,0,no release,18.0,0.7807,,,,18.0,66.0
1790785389.6286073,0,no release,18.0,0.7778,,,,18.0,66.0
1790785390.8849814,0,no release,18.0,0.8084,,,,18.0,66.0
1790785391.6158855,0,no release,18.0,0.8127,,,,18.0,66.0
1790785392.3399863,0,no release,18.0,0.7927,,,,18.0,66.0
1790785392.715321,0,no release,18.0,0.7879,,,,18.0,66.0
1790785392.8992102,0,no release,18.0,0.781,,,,18.0,66.0
1790785393.7871892,0,no release,18.0,1.0112,,,,18.0,66.0
1790785399.248686,0,no release,18.0,0.8099,,,,18.0,66.0
1790785399.8194346,0,no release,18.0,0.801,,,,18.0,66.0
1790785401.9687304,0,no release,18.0,0.794,,,,18.0,66.0
1790785402.681592,0,no release,18.0,0.8391,,,,18.0,66.0
1790785403.320321,0,no release,18.0,0.7735,,,,18.0,66.0
1790785403.6608782,0,no release,18.0,1.0021,,,,18.0,66.0
1790785403.8364651,0,no release,18.0,0.7806,,,,18.0,66.0
1790785404.8158937,0,no release,18.0,0.8751,,,,18.0,66.0
1790785408.9867308,0,hit wall,12.406,0.8515,,,,18.0,66.0
1790785409.9177558,0,no release,18.0,0.7825,,,,18.0,66.0
1790785410.496474,0,no release,18.0,0.7901,,,,18.0,66.0
1790785413.4502423,0,no release,18.0,0.7785,,,,18.0,66.0
1790785414.0903034,0,no release,18.0,0.8168,,,,18.0,66.0
1790785414.4214277,0,no release,18.0,0.881,,,,18.0,66.0
1790785414.6224973,0,no release,18.0,0.8369,,,,18.0,66.0
1790785415.4950354,0,no release,18.0,0.8294,,,,18.0,66.0
1790785417.74487,0,hit wall,15.56,0.8608,,,,18.0,66.0
1790785420.9437768,0,hit wall,17.946,0.9944,,,,18.0,66.0
1790785421.5332036,0,no release,18.0,0.8436,,,,18.0,66.0
1790785423.4341376,0,no release,18.0,0.8321,,,,18.0,66.0
1790785424.1006753,0,no release,18.0,0.8383,,,,18.0,66.0
1790785425.2156851,0,hit wall,17.392,0.7929,,,,18.0,66.0
1790785425.3156602,0,no release,18.0,0.8632,,,,18.0,66.0
1790785426.4696543,0,no release,18.0,0.7939,,,,18.0,66.0
1790785428.5162656,0,no release,18.0,0.7939,,,,18.0,66.0
1790785431.5555599,0,no release,18.0,0.8209,,,,18.0,66.0
1790785432.1260676,0,no release,18.0,0.8548,,,,18.0,66.0
1790785434.0548458,0,no release,18.0,0.8291,,,,18.0,66.0
1790785434.7146902,0,no release,18.0,0.7882,,,,18.0,66.0
1790785434.9668987,0,no release,18.0,0.8442,,,,18.0,66.0
1790785435.068865,0,no release,18.0,0.8593,,,,18.0,66.0
1790785437.044152,0,no release,18.0,0.8057,,,,18.0,66.0
1790785439.3344324,0,no release,18.0,0.817,,,,18.0,66.0
1790785441.0078552,0,hit wall,17.042,0.8729,,,,18.0,66.0
1790785441.9998338,0,no release,18.0,0.8197,,,,18.0,66.0
1790785444.2407732,0,hit wall,15.436,0.8554,,,,18.0,66.0
1790785444.8269413,0,no release,18.0,0.8371,,,,18.0,66.0
1790785445.7233992,0,no release,18.0,0.835,,,,18.0,66.0
1790785445.8621004,0,no release,18.0,0.8272,,,,18.0,66.0
1790785447.114313,0,no release,18.0,0.8463,,,,18.0,66.0
1790785450.0741282,0,no release,18.0,0.8111,,,,18.0,66.0
1790785451.7603023,0,no release,18.0,0.8808,,,,18.0,66.0
1790785452.8892317,0,no release,18.0,0.8255,,,,18.0,66.0
1790785453.7171192,0,hit wall,13.878,0.8153,,,,18.0,66.0
1790785454.2081017,0,no release,18.0,0.8218,,,,18.0,66.0
1790785455.6996365,0,no release,18.0,0.807,,,,18.0,66.0
1790785456.7044885,0,no release,18.0,0.8647,,,,18.0,66.0
1790785457.7936437,0,no release,18.0,0.7964,,,,18.0,66.0
1790785460.0165765,0,no release,18.0,0.8264,,,,18.0,66.0
1790785462.6352236,0,no release,18.0,0.7889,,,,18.0,66.0
1790785463.666216,0,no release,18.0,0.7982,,,,18.0,66.0
1790785464.4035482,0,no release,18.0,0.8057,,,,18.0,66.0
1790785464.9676929,0,no release,18.0,0.8413,,,,18.0,66.0
1790785465.626038,0,no release,18.0,0.81,,,,18.0,66.0
1790785467.474743,0,no release,18.0,0.8246,,,,18.0,66.0
1790785468.6866515,0,no release,18.0,0.814,,,,18.0,66.0
1790785470.7721732,0,no release,18.0,0.8048,,,,18.0,66.0
1790785473.481893,0,no release,18.0,0.8096,,,,18.0,66.0
1790785474.5973034,0,no release,18.0,1.1987,,,,18.0,66.0
1790785475.3839197,0,no release,18.0,0.8395,,,,18.0,66.0
1790785475.9807634,0,no release,18.0,0.8217,,,,18.0,66.0
1790785476.6367412,0,no release,18.0,0.8154,,,,18.0,66.0
1790785477.6558285,0,no release,18.0,0.8021,,,,18.0,66.0
1790785479.6588805,0,no release,18.0,0.8157,,,,18.0,66.0
1790785481.8741484,0,no release,18.0,0.8231,,,,18.0,66.0
1790785483.652424,0,no release,18.0,0.797,,,,18.0,66.0
1790785485.792044,0,no release,18.0,0.8583,,,,18.0,66.0
1790785486.5520778,0,no release,18.0,0.7948,,,,18.0,66.0
1790785487.0910494,0,no release,18.0,0.8684,,,,18.0,66.0
1790785487.7519417,0,no release,18.0,0.8054,,,,18.0,66.0
1790785488.8381069,0,no release,18.0,0.7977,,,,18.0,66.0
1790785490.0525637,0,no release,18.0,0.9335,,,,18.0,66.0
1790785493.0996513,0,no release,18.0,0.7715,,,,18.0,66.0
1790785494.8212292,0,no release,18.0,0.8306,,,,18.0,66.0
1790785495.9940717,0,no release,18.0,0.7731,,,,18.0,66.0
1790785496.8134367,0,no release,18.0,0.9664,,,,18.0,66.0
1790785498.3519454,0,no release,18.0,0.8442,,,,18.0,66.0
1790785498.955881,0,no release,18.0,0.8303,,,,18.0,66.0
1790785499.911851,0,no release,18.0,0.794,,,,18.0,66.0
1790785501.0823035,0,no release,18.0,0.8084,,,,18.0,66.0
1790785503.299719,0,no release,18.0,0.7893,,,,18.0,66.0
1790785505.820789,0,no release,18.0,0.7942,,,,18.0,66.0
1790785506.9519699,0,no release,18.0,0.8065,,,,18.0,66.0
1790785507.7350404,0,no release,18.0,0.8435,,,,18.0,66.0
1790785508.2943242,0,no release,18.0,0.8374,,,,18.0,66.0
1790785508.9214091,0,no release,18.0,0.8203,,,,18.0,66.0
1790785510.8545663,0,no release,18.0,0.884,,,,18.0,66.0
1790785511.9403079,0,no release,18.0,0.863,,,,18.0,66.0
1790785514.2128396,0,no release,18.0,0.8161,,,,18.0,66.0
1790785516.7374144,0,hit wall,15.514,0.8596,,,,18.0,66.0
1790785516.89688,0,no release,18.0,0.8291,,,,18.0,66.0
1790785518.775655,0,no release,18.0,0.8603,,,,18.0,66.0
1790785519.377423,0,no release,18.0,0.8336,,,,18.0,66.0
1790785520.0259953,0,no release,18.0,0.77,,,,18.0,66.0
1790785521.0081456,0,no release,18.0,0.8282,,,,18.0,66.0
1790785522.979422,0,no release,18.0,0.8346,,,,18.0,66.0
1790785523.3880043,0,hit wall,0.796,1.7019,,,,18.0,66.0
1790785525.0241747,0,no release,18.0,0.8524,,,,18.0,66.0
1790785526.6269655,0,no release,18.0,0.8036,,,,18.0,66.0
1790785526.7846043,0,no release,18.0,0.782,,,,18.0,66.0
1790785529.567426,0,no release,18.0,0.8051,,,,18.0,66.0
1790785530.107225,0,no release,18.0,0.8397,,,,18.0,66.0
1790785530.701209,0,no release,18.0,0.8326,,,,18.0,66.0
1790785531.7334192,0,no release,18.0,0.8384,,,,18.0,66.0
1790785532.811624,0,hit wall,17.232,0.8065,,,,18.0,66.0
1790785535.6771598,0,no release,18.0,0.8236,,,,18.0,66.0
1790785537.2397437,0,no release,18.0,0.8852,,,,18.0,66.0
1790785537.4424357,0,no release,18.0,0.7902,,,,18.0,66.0
1790785539.3418772,0,no release,18.0,0.8443,,,,18.0,66.0
1790785540.7880638,0,no release,18.0,0.8565,,,,18.0,66.0
1790785541.4221005,0,no release,18.0,0.7797,,,,18.0,66.0
1790785542.4412491,0,no release,18.0,0.7937,,,,18.0,66.0
1790785543.6118004,0,no release,18.0,0.8167,,,,18.0,66.0
1790785546.529138,0,no release,18.0,1.061,,,,18.0,66.0
1790785548.1395495,0,no release,18.0,0.7831,,,,18.0,66.0
1790785548.2842953,0,no release,18.0,0.8309,,,,18.0,66.0
1790785550.050923,0,no release,18.0,0.8245,,,,18.0,66.0
1790785550.5754583,0,no release,18.0,0.7828,,,,18.0,66.0
1790785551.2519531,0,no release,18.0,0.7888,,,,18.0,66.0
1790785553.1273825,0,no release,18.0,0.8154,,,,18.0,66.0
1790785554.292804,0,no release,18.0,0.8542,,,,18.0,66.0
1790785556.2259045,0,no release,18.0,0.78,,,,18.0,66.0
1790785558.5898783,0,no release,18.0,0.8691,,,,18.0,66.0
1790785558.7674277,0,no release,18.0,0.7719,,,,18.0,66.0
1790785560.5966527,0,no release,18.0,0.85,,,,18.0,66.0
1790785561.0549123,0,no release,18.0,0.8154,,,,18.0,66.0
1790785561.6797059,0,no release,18.0,0.8208,,,,18.0,66.0
1790785562.6933663,0,no release,18.0,0.8258,,,,18.0,66.0
1790785564.672144,0,no release,18.0,0.8133,,,,18.0,66.0
1790785566.7539904,0,no release,18.0,0.8485,,,,18.0,66.0
1790785568.2694256,0,no release,18.0,0.8106,,,,18.0,66.0
1790785568.4057732,0,no release,18.0,0.8189,,,,18.0,66.0
1790785571.252232,0,no release,18.0,0.9175,,,,18.0,66.0
1790785571.7500226,0,no release,18.0,0.7779,,,,18.0,66.0
1790785572.2707865,0,no release,18.0,0.816,,,,18.0,66.0
1790785573.3514097,0,no release,18.0,0.8758,,,,18.0,66.0
1790785574.1684198,0,hit wall,9.71,0.7547,,,,18.0,66.0
1790785574.4570487,0,no release,18.0,0.7987,,,,18.0,66.0
1790785577.4406176,0,no release,18.0,0.8314,,,,18.0,66.0
1790785579.0446956,0,no release,18.0,0.794,,,,18.0,66.0
1790785581.0196633,0,hit wall,11.562,0.8582,,,,18.0,66.0
1790785581.2427015,0,no release,18.0,0.823,,,,18.0,66.0
1790785582.552406,0,no release,18.0,0.797,,,,18.0,66.0
1790785583.0673983,0,no release,18.0,0.8131,,,,18.0,66.0
1790785583.9565706,0,no release,18.0,0.8058,,,,18.0,66.0
1790785584.971972,0,no release,18.0,0.8896,,,,18.0,66.0
1790785587.8257325,0,no release,18.0,0.7696,,,,18.0,66.0
1790785589.329796,0,no release,18.0,1.0013,,,,18.0,66.0
1790785591.0542774,0,no release,18.0,0.7639,,,,18.0,66.0
1790785591.2873566,0,no release,18.0,0.753,,,,18.0,66.0
1790785591.8242357,0,no release,18.0,0.8137,,,,18.0,66.0
1790785592.3801165,0,no release,18.0,0.805,,,,18.0,66.0
1790785594.241095,0,no release,18.0,0.8181,,,,18.0,66.0
1790785595.4286904,0,no release,18.0,0.8028,,,,18.0,66.0
1790785597.441718,0,no release,18.0,0.7853,,,,18.0,66.0
1790785599.8753116,0,no release,18.0,0.9786,,,,18.0,66.0
1790785601.6115787,0,no release,18.0,0.8261,,,,18.0,66.0
1790785601.8136706,0,no release,18.0,0.7616,,,,18.0,66.0
1790785602.3051438,0,no release,18.0,0.7741,,,,18.0,66.0
1790785602.8862066,0,no release,18.0,0.7887,,,,18.0,66.0
1790785603.8687663,0,no release,18.0,0.799,,,,18.0,66.0
1790785605.8936126,0,no release,18.0,0.9294,,,,18.0,66.0
1790785607.81344,0,no release,18.0,0.8202,,,,18.0,66.0
1790785608.1723537,0,hit wall,11.512,0.7881,,,,18.0,66.0
1790785609.3529353,0,no release,18.0,0.8057,,,,18.0,66.0
1790785609.6643965,0,hit wall,10.198,0.8119,,,,18.0,66.0
1790785612.069382,0,no release,18.0,0.9894,,,,18.0,66.0
1790785612.7321494,0,no release,18.0,0.7948,,,,18.0,66.0
1790785613.3324327,0,no release,18.0,0.7657,,,,18.0,66.0
1790785615.3287818,0,no release,18.0,0.8121,,,,18.0,66.0
1790785618.1657214,0,no release,18.0,0.8089,,,,18.0,66.0
1790785618.5007882,0,no release,18.0,0.8271,,,,18.0,66.0
1790785619.6151981,0,no release,18.0,0.8335,,,,18.0,66.0
1790785619.8887548,0,no release,18.0,0.7746,,,,18.0,66.0
1790785621.3259988,0,no release,18.0,0.8268,,,,18.0,66.0
1790785622.960731,0,no release,18.0,0.7787,,,,18.0,66.0
1790785623.4839678,0,no release,18.0,0.8342,,,,18.0,66.0
1790785625.5100327,0,no release,18.0,0.8418,,,,18.0,66.0
1790785628.424077,0,no release,18.0,0.9644,,,,18.0,66.0
1790785628.7183714,0,no release,18.0,0.8144,,,,18.0,66.0
1790785629.771178,0,no release,18.0,0.7958,,,,18.0,66.0
1790785630.020934,0,no release,18.0,0.8838,,,,18.0,66.0
1790785631.4812217,0,no release,18.0,0.7913,,,,18.0,66.0
1790785632.1859941,0,no release,18.0,0.8302,,,,18.0,66.0
1790785632.7526689,0,no release,18.0,0.8331,,,,18.0,66.0
1790785635.3932054,0,hit wall,9.97,0.7755,,,,18.0,66.0
1790785635.4500878,0,no release,18.0,0.7753,,,,18.0,66.0
1790785637.0840995,0,hit wall,16.618,0.837,,,,18.0,66.0
1790785637.4016109,0,no release,18.0,0.7905,,,,18.0,66.0
1790785639.7523627,0,no release,18.0,0.8153,,,,18.0,66.0
1790785641.4371939,0,no release,18.0,0.7735,,,,18.0,66.0
1790785641.7686274,0,hit wall,11.774,1.0553,,,,18.0,66.0
1790785642.1246886,0,no release,18.0,0.795,,,,18.0,66.0
1790785642.6990573,0,hit wall,10.138,0.7886,,,,18.0,66.0
1790785642.7202458,0,no release,18.0,0.8022,,,,18.0,66.0
1790785645.542262,0,no release,18.0,0.815,,,,18.0,66.0
1790785647.4527018,0,no release,18.0,0.7907,,,,18.0,66.0
1790785648.9468994,0,no release,18.0,0.8339,,,,18.0,66.0
1790785651.4208467,0,no release,18.0,0.7933,,,,18.0,66.0
1790785651.7548757,0,no release,18.0,0.8321,,,,18.0,66.0
1790785652.091198,0,no release,18.0,0.8196,,,,18.0,66.0
1790785652.602852,0,no release,18.0,0.835,,,,18.0,66.0
1790785652.6307764,0,no release,18.0,0.8214,,,,18.0,66.0
1790785654.7581801,0,no release,18.0,0.8176,,,,18.0,66.0
1790785654.7888563,0,missed B,6.382,0.8212,6.139999999999869,0.2713587512530247,1.9789940950336775,18.0,66.0
1790785657.520108,0,no release,18.0,0.7805,,,,18.0,66.0
1790785658.8707318,0,no release,18.0,0.8054,,,,18.0,66.0
1790785661.5360985,0,no release,18.0,0.8461,,,,18.0,66.0
1790785662.2284398,0,no release,18.0,0.8232,,,,18.0,66.0
1790785662.7698693,0,no release,18.0,0.7819,,,,18.0,66.0
1790785662.785883,0,no release,18.0,0.7859,,,,18.0,66.0
1790785664.7287974,0,no release,18.0,0.8029,,,,18.0,66.0
1790785664.745691,0,no release,18.0,0.8496,,,,18.0,66.0
1790785667.5622041,0,no release,18.0,0.8557,,,,18.0,66.0
1790785668.9439793,0,no release,18.0,1.4564,,,,18.0,66.0
1790785670.562868,0,no release,18.0,0.7922,,,,18.0,66.0
1790785671.2687042,0,no release,18.0,0.7845,,,,18.0,66.0
1790785672.7884815,0,no release,18.0,0.7816,,,,18.0,66.0
1790785672.8123765,0,no release,18.0,0.7858,,,,18.0,66.0
1790785674.8419163,0,no release,18.0,0.8198,,,,18.0,66.0
1790785674.854516,0,no release,18.0,0.7682,,,,18.0,66.0
1790785676.7432227,0,no release,18.0,0.7762,,,,18.0,66.0
1790785679.1484993,0,no release,18.0,0.7895,,,,18.0,66.0
1790785680.8240733,0,no release,18.0,0.8164,,,,18.0,66.0
1790785681.5047395,0,no release,18.0,0.8201,,,,18.0,66.0
1790785682.0124207,0,no release,18.0,0.8091,,,,18.0,66.0
1790785682.0411415,0,no release,18.0,0.818,,,,18.0,66.0
1790785684.894682,0,no release,18.0,0.7572,,,,18.0,66.0
1790785684.9187515,0,no release,18.0,0.8528,,,,18.0,66.0
1790785686.8502007,0,no release,18.0,0.7811,,,,18.0,66.0
1790785687.2420805,0,hit wall,0.94,0.7293,,,,18.0,66.0
1790785688.2345214,0,no release,18.0,1.676,,,,18.0,66.0
1790785690.7978206,0,no release,18.0,0.8286,,,,18.0,66.0
1790785691.1441183,0,hit wall,0.738,0.8657,,,,18.0,66.0
1790785691.5448017,0,no release,18.0,0.7979,,,,18.0,66.0
1790785692.1082492,0,no release,18.0,0.7973,,,,18.0,66.0
1790785692.131502,0,no release,18.0,0.7798,,,,18.0,66.0
1790785694.1308777,0,no release,18.0,0.8189,,,,18.0,66.0
1790785694.1563013,0,no release,18.0,0.8265,,,,18.0,66.0
1790785696.0070047,0,missed B,8.454,0.8351,8.139999999999826,0.3824698623641335,1.684333178962453,18.0,66.0
1790785697.3427715,0,no release,18.0,0.8006,,,,18.0,66.0
1790785698.4447052,0,no release,18.0,0.8249,,,,18.0,66.0
1790785701.6846576,0,no release,18.0,0.814,,,,18.0,66.0
1790785702.193699,0,no release,18.0,0.7978,,,,18.0,66.0
1790785702.2200665,0,no release,18.0,0.8768,,,,18.0,66.0
1790785702.5527303,0,hit wall,0.692,0.8456,,,,18.0,66.0
1790785704.2597332,0,no release,18.0,0.783,,,,18.0,66.0
1790785704.2747824,0,no release,18.0,0.8498,,,,18.0,66.0
1790785705.2232547,0,no release,18.0,0.7639,,,,18.0,66.0
1790785707.4135256,0,no release,18.0,0.844,,,,18.0,66.0
1790785707.695608,0,grip capacity exceeded,5.662,2.3321,,,,18.0,66.0
1790785708.4487574,0,no release,18.0,0.8789,,,,18.0,66.0
1790785710.9302459,0,no release,18.0,0.8511,,,,18.0,66.0
1790785712.4367402,0,no release,18.0,0.8429,,,,18.0,66.0
1790785712.8239083,0,no release,18.0,0.784,,,,18.0,66.0
1790785714.4438565,0,no release,18.0,1.2887,,,,18.0,66.0
1790785715.365722,0,no release,18.0,0.8425,,,,18.0,66.0
1790785716.7299125,0,no release,18.0,0.8035,,,,18.0,66.0
1790785717.8213649,0,no release,18.0,0.8999,,,,18.0,66.0
1790785718.5400484,0,no release,18.0,0.826,,,,18.0,66.0
1790785720.958692,0,no release,18.0,0.8349,,,,18.0,66.0
1790785721.5319662,0,no release,18.0,0.8452,,,,18.0,66.0
1790785721.8632681,0,no release,18.0,0.7937,,,,18.0,66.0
1790785724.3205147,0,no release,18.0,0.7924,,,,18.0,66.0
1790785725.230768,0,no release,18.0,0.8159,,,,18.0,66.0
1790785726.7385516,0,no release,18.0,0.7586,,,,18.0,66.0
1790785727.0189655,0,no release,18.0,0.8836,,,,18.0,66.0
1790785727.8036582,0,no release,18.0,0.7808,,,,18.0,66.0
1790785731.0318327,0,no release,18.0,0.8037,,,,18.0,66.0
1790785731.5612938,0,no release,18.0,0.8232,,,,18.0,66.0
1790785731.8916292,0,no release,18.0,0.8218,,,,18.0,66.0
1790785734.4376411,0,no release,18.0,0.8531,,,,18.0,66.0
1790785735.3242354,0,no release,18.0,0.7988,,,,18.0,66.0
1790785736.7889261,0,no release,18.0,0.7922,,,,18.0,66.0
1790785737.0710604,0,no release,18.0,0.7607,,,,18.0,66.0
1790785737.823175,0,no release,18.0,0.8074,,,,18.0,66.0
1790785738.1462102,0,hit wall,0.678,0.9085,,,,18.0,66.0
1790785740.9753704,0,no release,18.0,0.9142,,,,18.0,66.0
1790785741.5231168,0,no release,18.0,0.8227,,,,18.0,66.0
1790785741.8730404,0,no release,18.0,0.7874,,,,18.0,66.0
1790785743.4454312,0,no release,18.0,0.8943,,,,18.0,66.0
1790785744.4236116,0,no release,18.0,0.8335,,,,18.0,66.0
1790785746.5906627,0,no release,18.0,0.7939,,,,18.0,66.0
1790785746.8559692,0,no release,18.0,1.0103,,,,18.0,66.0
1790785747.8935099,0,no release,18.0,0.8706,,,,18.0,66.0
1790785749.937638,0,no release,18.0,0.8144,,,,18.0,66.0
1790785751.3709989,0,no release,18.0,0.7968,,,,18.0,66.0
1790785751.6824958,0,no release,18.0,0.8265,,,,18.0,66.0
1790785753.3005898,0,no release,18.0,0.7838,,,,18.0,66.0
1790785754.2457972,0,no release,18.0,0.8095,,,,18.0,66.0
1790785756.526254,0,no release,18.0,0.8072,,,,18.0,66.0
1790785756.7878785,0,no release,18.0,0.8305,,,,18.0,66.0
1790785757.80338,0,no release,18.0,0.8227,,,,18.0,66.0
1790785759.7550828,0,no release,18.0,0.8452,,,,18.0,66.0
1790785760.28513,0,no release,18.0,0.8169,,,,18.0,66.0
1790785760.5941765,0,no release,18.0,0.8031,,,,18.0,66.0
1790785762.6723819,0,hit wall,17.312,0.8044,,,,18.0,66.0
1790785763.9446275,0,no release,18.0,0.7865,,,,18.0,66.0
1790785765.3188467,0,no release,18.0,1.6246,,,,18.0,66.0
1790785765.558006,0,no release,18.0,0.9015,,,,18.0,66.0
1790785767.393544,0,no release,18.0,0.7737,,,,18.0,66.0
1790785769.5068884,0,no release,18.0,0.8706,,,,18.0,66.0
1790785769.8182592,0,hit wall,17.522,0.7503,,,,18.0,66.0
1790785770.357732,0,no release,18.0,0.8042,,,,18.0,66.0
1790785771.7942734,0,no release,18.0,0.8188,,,,18.0,66.0
1790785773.8455367,0,no release,18.0,0.7913,,,,18.0,66.0
1790785775.2173572,0,no release,18.0,0.7712,,,,18.0,66.0
1790785775.4587002,0,no release,18.0,0.8029,,,,18.0,66.0
1790785776.556973,0,no release,18.0,0.8242,,,,18.0,66.0
1790785779.5762815,0,no release,18.0,0.841,,,,18.0,66.0
1790785779.9497638,0,no release,18.0,0.8017,,,,18.0,66.0
1790785780.5175033,0,no release,18.0,0.8116,,,,18.0,66.0
1790785781.7611957,0,no release,18.0,0.8151,,,,18.0,66.0
1790785783.048841,0,no release,18.0,1.1467,,,,18.0,66.0
1790785785.3808548,0,no release,18.0,0.7681,,,,18.0,66.0
1790785785.6299381,0,no release,18.0,0.7716,,,,18.0,66.0
1790785786.656551,0,no release,18.0,1.2678,,,,18.0,66.0
1790785789.3832958,0,no release,18.0,0.8037,,,,18.0,66.0
1790785789.7141862,0,no release,18.0,0.9569,,,,18.0,66.0
1790785790.2556527,0,no release,18.0,0.9896,,,,18.0,66.0
1790785791.6891012,0,no release,18.0,1.0287,,,,18.0,66.0
1790785792.8951433,0,no release,18.0,0.8084,,,,18.0,66.0
1790785793.9123545,0,grip capacity exceeded,5.008,2.109,,,,18.0,66.0
1790785795.0255613,0,no release,18.0,0.8236,,,,18.0,66.0
1790785795.255515,0,no release,18.0,0.8163,,,,18.0,66.0
1790785796.2841547,0,no release,18.0,0.8031,,,,18.0,66.0
1790785798.277946,0,no release,18.0,0.778,,,,18.0,66.0
1790785798.6103463,0,no release,18.0,0.7926,,,,18.0,66.0
1790785799.077745,0,no release,18.0,0.8131,,,,18.0,66.0
1790785802.5375946,0,no release,18.0,0.7734,,,,18.0,66.0
1790785803.6323972,0,no release,18.0,0.9988,,,,18.0,66.0
1790785803.928131,0,no release,18.0,0.783,,,,18.0,66.0
1790785804.150769,0,no release,18.0,0.7899,,,,18.0,66.0
1790785806.0138783,0,no release,18.0,0.7826,,,,18.0,66.0
1790785808.0292778,0,no release,18.0,0.8331,,,,18.0,66.0
1790785808.4213912,0,no release,18.0,0.7929,,,,18.0,66.0
1790785809.0591195,0,no release,18.0,0.803,,,,18.0,66.0
1790785812.3951337,0,no release,18.0,0.8367,,,,18.0,66.0
1790785813.4312797,0,no release,18.0,0.7936,,,,18.0,66.0
1790785813.836954,0,no release,18.0,0.8384,,,,18.0,66.0
1790785814.1243768,0,no release,18.0,0.833,,,,18.0,66.0
1790785815.1585863,0,no release,18.0,0.794,,,,18.0,66.0
1790785817.5243118,0,hit wall,15.97,1.0135,,,,18.0,66.0
1790785817.7961783,0,hit wall,17.264,0.7569,,,,18.0,66.0
1790785819.0208085,0,no release,18.0,0.7681,,,,18.0,66.0
1790785822.590167,0,no release,18.0,0.8175,,,,18.0,66.0
1790785823.5957887,0,no release,18.0,0.7811,,,,18.0,66.0
1790785823.8961477,0,no release,18.0,0.779,,,,18.0,66.0
1790785824.1622934,0,no release,18.0,0.7721,,,,18.0,66.0
1790785825.2162883,0,no release,18.0,0.777,,,,18.0,66.0
1790785826.7012193,0,no release,18.0,0.747,,,,18.0,66.0
1790785826.9638844,0,no release,18.0,0.7809,,,,18.0,66.0
1790785828.9577188,0,no release,18.0,0.7764,,,,18.0,66.0
1790785831.6049714,0,no release,18.0,0.7962,,,,18.0,66.0
1790785833.565653,0,no release,18.0,0.786,,,,18.0,66.0
1790785833.891886,0,no release,18.0,0.7945,,,,18.0,66.0
1790785834.107094,0,no release,18.0,0.7567,,,,18.0,66.0
1790785835.1938586,0,no release,18.0,0.7859,,,,18.0,66.0
1790785835.2234342,0,hit wall,14.868,0.7486,,,,18.0,66.0
1790785837.0535092,0,no release,18.0,0.8194,,,,18.0,66.0
1790785838.273092,0,no release,18.0,0.7606,,,,18.0,66.0
1790785841.6802917,0,no release,18.0,0.7941,,,,18.0,66.0
1790785842.7162397,0,no release,18.0,0.7784,,,,18.0,66.0
1790785843.0738173,0,no release,18.0,0.7844,,,,18.0,66.0
1790785843.363287,0,no release,18.0,0.8227,,,,18.0,66.0
1790785845.1642659,0,no release,18.0,0.8125,,,,18.0,66.0
1790785845.1960802,0,no release,18.0,0.7642,,,,18.0,66.0
1790785846.526011,0,hit wall,6.578,0.8042,6.439999999999863,0.28802541791969105,2.1855108207836977,18.0,66.0
1790785846.8551784,0,no release,18.0,0.9362,,,,18.0,66.0
1790785847.895086,0,hit wall,17.524,0.7932,,,,18.0,66.0
1790785850.3677258,0,hit wall,6.698,0.8632,6.619999999999859,0.29802541791969084,2.3036976860062306,18.0,66.0
1790785851.3272045,0,no release,18.0,0.8026,,,,18.0,66.0
1790785852.650077,0,no release,18.0,0.7926,,,,18.0,66.0
1790785852.9175725,0,no release,18.0,0.8261,,,,18.0,66.0
1790785853.4001892,0,hit wall,16.746,1.0134,,,,18.0,66.0
1790785853.7760558,0,hit wall,17.446,0.7834,,,,18.0,66.0
1790785856.4578319,0,no release,18.0,0.775,,,,18.0,66.0
1790785857.3597813,0,no release,18.0,0.8146,,,,18.0,66.0
1790785859.0450263,0,no release,18.0,0.776,,,,18.0,66.0
1790785859.8278477,0,hit wall,17.18,0.8853,,,,18.0,66.0
1790785862.337947,0,no release,18.0,0.824,,,,18.0,66.0
1790785862.5835724,0,no release,18.0,0.7766,,,,18.0,66.0
1790785863.0325816,0,no release,18.0,0.7612,,,,18.0,66.0
1790785863.3934276,0,no release,18.0,0.7624,,,,18.0,66.0
1790785865.2282572,0,no release,18.0,0.7857,,,,18.0,66.0
1790785867.085301,0,no release,18.0,0.7763,,,,18.0,66.0
1790785868.646053,0,no release,18.0,0.7837,,,,18.0,66.0
1790785869.366356,0,no release,18.0,0.7984,,,,18.0,66.0
1790785872.0838048,0,no release,18.0,0.7935,,,,18.0,66.0
1790785872.3585944,0,no release,18.0,1.0289,,,,18.0,66.0
1790785872.815239,0,no release,18.0,0.7942,,,,18.0,66.0
1790785873.1800976,0,no release,18.0,0.7975,,,,18.0,66.0
1790785875.018223,0,no release,18.0,0.7794,,,,18.0,66.0
1790785876.0158553,0,no release,18.0,0.8262,,,,18.0,66.0
1790785878.5600555,0,no release,18.0,1.2446,,,,18.0,66.0
1790785879.313166,0,no release,18.0,0.7902,,,,18.0,66.0
1790785881.053712,0,no release,18.0,0.9532,,,,18.0,66.0
1790785881.3035321,0,no release,18.0,0.7764,,,,18.0,66.0
1790785882.7198749,0,no release,18.0,0.7719,,,,18.0,66.0
1790785883.0705514,0,no release,18.0,0.7769,,,,18.0,66.0
1790785885.1085262,0,no release,18.0,0.7649,,,,18.0,66.0
1790785886.0732074,0,no release,18.0,0.7685,,,,18.0,66.0
1790785888.7301376,0,no release,18.0,0.811,,,,18.0,66.0
1790785889.464302,0,no release,18.0,0.9185,,,,18.0,66.0
1790785891.227898,0,no release,18.0,0.7803,,,,18.0,66.0
1790785891.475315,0,no release,18.0,0.7547,,,,18.0,66.0
1790785891.9179676,0,no release,18.0,0.7713,,,,18.0,66.0
1790785892.2733908,0,no release,18.0,0.8034,,,,18.0,66.0
1790785895.0485537,0,no release,18.0,0.769,,,,18.0,66.0
1790785896.0700068,0,no release,18.0,0.8045,,,,18.0,66.0
1790785897.8254542,0,no release,18.0,0.8053,,,,18.0,66.0
1790785899.429032,0,no release,18.0,0.7802,,,,18.0,66.0
1790785901.1280968,0,no release,18.0,0.7972,,,,18.0,66.0
1790785901.3770049,0,no release,18.0,0.8023,,,,18.0,66.0
1790785901.8408127,0,no release,18.0,0.7628,,,,18.0,66.0
1790785902.213843,0,no release,18.0,0.8155,,,,18.0,66.0
1790785904.9022322,0,no release,18.0,0.7518,,,,18.0,66.0
1790785905.8920944,0,no release,18.0,0.8202,,,,18.0,66.0
1790785907.7502735,0,no release,18.0,0.7636,,,,18.0,66.0
1790785908.4740038,0,hit wall,17.988,0.7962,,,,18.0,66.0
1790785910.9125931,0,no release,18.0,0.7669,,,,18.0,66.0
1790785911.1641734,0,no release,18.0,0.7672,,,,18.0,66.0
1790785911.661773,0,no release,18.0,0.8002,,,,18.0,66.0
1790785912.024878,0,no release,18.0,0.7834,,,,18.0,66.0
1790785913.9340756,0,no release,18.0,0.7975,,,,18.0,66.0
1790785914.8217194,0,no release,18.0,0.8363,,,,18.0,66.0
1790785917.4260168,0,no release,18.0,0.8119,,,,18.0,66.0
1790785918.1507056,0,no release,18.0,0.8167,,,,18.0,66.0
1790785919.88967,0,no release,18.0,0.8099,,,,18.0,66.0
1790785920.1168127,0,no release,18.0,0.8001,,,,18.0,66.0
1790785921.4085646,0,no release,18.0,0.8931,,,,18.0,66.0
1790785921.6963449,0,no release,18.0,0.7756,,,,18.0,66.0
1790785923.57546,0,no release,18.0,0.7934,,,,18.0,66.0
1790785924.594983,0,no release,18.0,0.7858,,,,18.0,66.0
1790785927.0437355,0,no release,18.0,0.7494,,,,18.0,66.0
1790785927.734503,0,no release,18.0,0.7784,,,,18.0,66.0
1790785929.5176942,0,no release,18.0,0.805,,,,18.0,66.0
1790785929.7444794,0,no release,18.0,0.7893,,,,18.0,66.0
1790785930.2393446,0,no release,18.0,0.8232,,,,18.0,66.0
1790785930.6151543,0,no release,18.0,0.8849,,,,18.0,66.0
1790785933.1542735,0,no release,18.0,0.7948,,,,18.0,66.0
1790785934.1964173,0,no release,18.0,0.784,,,,18.0,66.0
1790785935.9670105,0,no release,18.0,0.8226,,,,18.0,66.0
1790785937.5837643,0,no release,18.0,0.7638,,,,18.0,66.0
1790785939.1548815,0,no release,18.0,0.7925,,,,18.0,66.0
1790785939.425957,0,no release,18.0,0.7956,,,,18.0,66.0
1790785939.9418302,0,no release,18.0,0.7685,,,,18.0,66.0
1790785940.0940058,0,hit wall,17.526,1.8054,,,,18.0,66.0
1790785943.1110556,0,no release,18.0,0.805,,,,18.0,66.0
1790785943.986833,0,no release,18.0,0.7825,,,,18.0,66.0
1790785945.6266391,0,no release,18.0,0.8388,,,,18.0,66.0
1790785946.3890026,0,no release,18.0,0.7816,,,,18.0,66.0
1790785948.845455,0,no release,18.0,0.8279,,,,18.0,66.0
1790785949.0733511,0,no release,18.0,0.8156,,,,18.0,66.0
1790785949.4956884,0,no release,18.0,0.7762,,,,18.0,66.0
1790785949.6150439,0,no release,18.0,0.8012,,,,18.0,66.0
1790785951.741556,0,no release,18.0,0.7946,,,,18.0,66.0
1790785953.6002684,0,no release,18.0,0.7748,,,,18.0,66.0
1790785955.1933205,0,no release,18.0,0.8117,,,,18.0,66.0
1790785955.8911736,0,no release,18.0,0.7947,,,,18.0,66.0
1790785957.6098948,0,no release,18.0,0.8259,,,,18.0,66.0
1790785957.8669906,0,no release,18.0,0.8171,,,,18.0,66.0
1790785959.2708735,0,no release,18.0,0.8269,,,,18.0,66.0
1790785959.40968,0,no release,18.0,0.7809,,,,18.0,66.0
1790785961.4517736,0,no release,18.0,0.8087,,,,18.0,66.0
1790785962.437387,0,no release,18.0,0.7879,,,,18.0,66.0
1790785965.1499455,0,no release,18.0,0.8467,,,,18.0,66.0
1790785965.918093,0,no release,18.0,0.8257,,,,18.0,66.0
1790785967.494616,0,no release,18.0,0.8101,,,,18.0,66.0
1790785967.7295358,0,no release,18.0,0.8557,,,,18.0,66.0
1790785968.1955295,0,no release,18.0,0.7739,,,,18.0,66.0
1790785968.3466716,0,no release,18.0,0.983,,,,18.0,66.0
1790785970.1371145,0,hit wall,4.0,0.8059,,,,18.0,66.0
1790785970.2543967,0,hit wall,2.314,0.7201,,,,18.0,66.0
1790785971.3017912,0,no release,18.0,0.7764,,,,18.0,66.0
1790785972.067106,0,hit wall,4.02,0.7758,,,,18.0,66.0
1790785972.2856305,0,no release,18.0,0.8148,,,,18.0,66.0
1790785973.8900213,0,no release,18.0,0.7683,,,,18.0,66.0
1790785975.5755908,0,no release,18.0,0.8214,,,,18.0,66.0
1790785977.587446,0,no release,18.0,0.8277,,,,18.0,66.0
1790785978.0319242,0,no release,18.0,0.8153,,,,18.0,66.0
1790785979.0685868,0,no release,18.0,0.8442,,,,18.0,66.0
1790785981.1311226,0,no release,18.0,0.7744,,,,18.0,66.0
1790785981.892192,0,no release,18.0,1.0354,,,,18.0,66.0
1790785982.147174,0,no release,18.0,0.837,,,,18.0,66.0
1790785983.8919616,0,no release,18.0,1.362,,,,18.0,66.0
1790785984.646724,0,no release,18.0,0.7857,,,,18.0,66.0
1790785987.4198246,0,no release,18.0,0.7932,,,,18.0,66.0
1790785987.911981,0,no release,18.0,0.8428,,,,18.0,66.0
1790785989.0776393,0,no release,18.0,0.78,,,,18.0,66.0
1790785990.2499888,0,no release,18.0,0.7939,,,,18.0,66.0
1790785991.8749683,0,no release,18.0,0.787,,,,18.0,66.0
1790785992.1447175,0,no release,18.0,0.7767,,,,18.0,66.0
1790785993.9034233,0,no release,18.0,0.8576,,,,18.0,66.0
1790785994.6814258,0,no release,18.0,0.805,,,,18.0,66.0
1790785997.5305626,0,no release,18.0,1.2571,,,,18.0,66.0
1790785997.9863613,0,no release,18.0,0.8027,,,,18.0,66.0
1790785999.0490623,0,no release,18.0,0.8265,,,,18.0,66.0
1790786000.3208313,0,no release,18.0,0.7688,,,,18.0,66.0
1790786001.045796,0,no release,18.0,0.7922,,,,18.0,66.0
1790786001.3045752,0,no release,18.0,0.8346,,,,18.0,66.0
1790786003.948722,0,no release,18.0,0.8042,,,,18.0,66.0
1790786004.7537801,0,no release,18.0,0.8337,,,,18.0,66.0
1790786006.7318017,0,no release,18.0,0.8291,,,,18.0,66.0
1790786007.2042303,0,no release,18.0,0.8113,,,,18.0,66.0
1790786009.1106884,0,no release,18.0,0.7897,,,,18.0,66.0
1790786010.2471232,0,no release,18.0,0.8309,,,,18.0,66.0
1790786011.0753238,0,no release,18.0,0.8145,,,,18.0,66.0
1790786011.3094833,0,no release,18.0,0.8203,,,,18.0,66.0
1790786012.9697375,0,no release,18.0,0.8871,,,,18.0,66.0
1790786014.5456643,0,no release,18.0,0.806,,,,18.0,66.0
1790786016.5101187,0,no release,18.0,0.7754,,,,18.0,66.0
1790786016.591717,0,hit wall,17.132,0.7934,,,,18.0,66.0
1790786017.7269871,0,hit wall,17.134,0.8154,,,,18.0,66.0
1790786020.2274008,0,no release,18.0,0.8154,,,,18.0,66.0
1790786020.9691734,0,no release,18.0,0.7829,,,,18.0,66.0
1790786021.2156043,0,no release,18.0,0.7841,,,,18.0,66.0
1790786022.9317296,0,no release,18.0,0.7698,,,,18.0,66.0
1790786023.6645358,0,no release,18.0,0.7684,,,,18.0,66.0
1790786026.5897586,0,no release,18.0,0.8013,,,,18.0,66.0
1790786026.6777673,0,no release,18.0,0.8078,,,,18.0,66.0
1790786027.772639,0,no release,18.0,0.8441,,,,18.0,66.0
1790786029.3813891,0,no release,18.0,0.7967,,,,18.0,66.0
1790786030.9541097,0,no release,18.0,0.7712,,,,18.0,66.0
1790786031.1985693,0,no release,18.0,0.8088,,,,18.0,66.0
1790786032.793915,0,no release,18.0,0.816,,,,18.0,66.0
1790786033.580588,0,no release,18.0,0.7645,,,,18.0,66.0
1790786036.6364748,0,no release,18.0,0.7981,,,,18.0,66.0
1790786036.712474,0,no release,18.0,0.8002,,,,18.0,66.0
1790786037.7553158,0,no release,18.0,0.7932,,,,18.0,66.0
1790786039.2559283,0,no release,18.0,0.8357,,,,18.0,66.0
1790786040.0050392,0,no release,18.0,0.8016,,,,18.0,66.0
1790786040.2725449,0,no release,18.0,0.7916,,,,18.0,66.0
1790786042.8995574,0,no release,18.0,0.8116,,,,18.0,66.0
1790786043.6553135,0,no release,18.0,0.7958,,,,18.0,66.0
1790786045.52889,0,no release,18.0,0.7973,,,,18.0,66.0
1790786045.6215665,0,no release,18.0,0.7904,,,,18.0,66.0
1790786047.5996044,0,no release,18.0,0.8118,,,,18.0,66.0
1790786048.9452994,0,hit wall,17.542,0.7803,,,,18.0,66.0
1790786049.8338282,0,no release,18.0,0.7998,,,,18.0,66.0
1790786050.0702643,0,no release,18.0,0.8419,,,,18.0,66.0
1790786051.9328926,0,no release,18.0,0.8245,,,,18.0,66.0
1790786053.4330986,0,no release,18.0,0.802,,,,18.0,66.0
1790786053.4875383,0,hit wall,6.058,0.8033,,,,18.0,66.0
1790786055.4060311,0,no release,18.0,0.7817,,,,18.0,66.0
1790786055.4761205,0,no release,18.0,0.7924,,,,18.0,66.0
1790786056.5412445,0,no release,18.0,0.8715,,,,18.0,66.0
1790786058.961453,0,no release,18.0,0.8427,,,,18.0,66.0
1790786060.1269908,0,no release,18.0,0.7947,,,,18.0,66.0
1790786061.7362928,0,no release,18.0,0.8176,,,,18.0,66.0
1790786062.4447258,0,no release,18.0,0.7938,,,,18.0,66.0
1790786062.5157893,0,no release,18.0,0.8365,,,,18.0,66.0
1790786065.2621832,0,no release,18.0,0.7994,,,,18.0,66.0
1790786065.3517373,0,no release,18.0,0.8486,,,,18.0,66.0
1790786066.358888,0,no release,18.0,0.8231,,,,18.0,66.0
1790786067.6776307,0,no release,18.0,0.8376,,,,18.0,66.0
1790786069.715641,0,no release,18.0,0.8089,,,,18.0,66.0
1790786071.4075148,0,no release,18.0,0.7683,,,,18.0,66.0
1790786072.1568353,0,no release,18.0,1.4724,,,,18.0,66.0
1790786072.2153945,0,no release,18.0,0.782,,,,18.0,66.0
1790786074.97356,0,no release,18.0,0.8011,,,,18.0,66.0
1790786075.0424743,0,no release,18.0,0.8395,,,,18.0,66.0
1790786076.0840888,0,no release,18.0,0.812,,,,18.0,66.0
1790786077.0051746,0,hit wall,17.03,0.8034,,,,18.0,66.0
1790786078.5828524,0,no release,18.0,0.7849,,,,18.0,66.0
1790786081.163358,0,no release,18.0,0.7417,,,,18.0,66.0
1790786081.86685,0,no release,18.0,0.7963,,,,18.0,66.0
1790786081.9316328,0,no release,18.0,0.7902,,,,18.0,66.0
1790786083.904551,0,no release,18.0,0.8764,,,,18.0,66.0
1790786083.9799347,0,no release,18.0,0.8557,,,,18.0,66.0
1790786085.9593027,0,no release,18.0,0.7651,,,,18.0,66.0
1790786086.8531954,0,no release,18.0,0.7918,,,,18.0,66.0
1790786088.5019825,0,no release,18.0,0.7897,,,,18.0,66.0
1790786091.0274742,0,no release,18.0,1.9808,,,,18.0,66.0
1790786091.7371118,0,no release,18.0,0.7586,,,,18.0,66.0
1790786091.806705,0,no release,18.0,0.7909,,,,18.0,66.0
1790786093.696571,0,no release,18.0,0.7755,,,,18.0,66.0
1790786093.794666,0,no release,18.0,0.7861,,,,18.0,66.0
1790786094.9388344,0,no release,18.0,0.7506,,,,18.0,66.0
1790786096.5885139,0,no release,18.0,0.7696,,,,18.0,66.0
1790786098.229098,0,no release,18.0,0.7786,,,,18.0,66.0
1790786099.920016,0,no release,18.0,0.7999,,,,18.0,66.0
1790786100.6735928,0,no release,18.0,0.7619,,,,18.0,66.0
1790786100.7371356,0,no release,18.0,0.7921,,,,18.0,66.0
1790786103.535583,0,no release,18.0,0.759,,,,18.0,66.0
1790786103.6192682,0,no release,18.0,0.7866,,,,18.0,66.0
1790786104.6584668,0,no release,18.0,0.7975,,,,18.0,66.0
1790786105.629826,0,no release,18.0,0.7568,,,,18.0,66.0
1790786108.1836102,0,no release,18.0,0.7807,,,,18.0,66.0
1790786109.8344536,0,no release,18.0,0.8046,,,,18.0,66.0
1790786110.6505184,0,no release,18.0,0.8096,,,,18.0,66.0
1790786110.7128477,0,no release,18.0,0.7666,,,,18.0,66.0
1790786113.5642998,0,no release,18.0,0.8061,,,,18.0,66.0
1790786113.640932,0,no release,18.0,0.8113,,,,18.0,66.0
1790786114.7219343,0,no release,18.0,0.781,,,,18.0,66.0
1790786114.7582135,0,missed B,8.662,0.766,8.359999999999822,0.39469208458635546,2.3091896586967624,18.0,66.0
1790786115.6887512,0,no release,18.0,0.7845,,,,18.0,66.0
1790786117.452115,0,no release,18.0,0.7595,,,,18.0,66.0
1790786120.8144095,0,no release,18.0,0.8073,,,,18.0,66.0
1790786120.8759425,0,no release,18.0,0.7617,,,,18.0,66.0
1790786122.9585989,0,no release,18.0,0.7687,,,,18.0,66.0
1790786123.0334601,0,no release,18.0,1.091,,,,18.0,66.0
1790786125.1327612,0,no release,18.0,0.7902,,,,18.0,66.0
1790786125.1704948,0,no release,18.0,0.7756,,,,18.0,66.0
1790786126.0447116,0,no release,18.0,0.808,,,,18.0,66.0
1790786127.707405,0,no release,18.0,0.8072,,,,18.0,66.0
1790786131.125705,0,no release,18.0,0.7793,,,,18.0,66.0
1790786131.2087514,0,no release,18.0,0.7848,,,,18.0,66.0
1790786133.214829,0,no release,18.0,0.7806,,,,18.0,66.0
1790786133.3133016,0,no release,18.0,0.7731,,,,18.0,66.0
1790786134.44446,0,no release,18.0,0.8035,,,,18.0,66.0
1790786134.4905157,0,no release,18.0,0.7932,,,,18.0,66.0
1790786136.363059,0,no release,18.0,0.8239,,,,18.0,66.0
1790786138.0163589,0,no release,18.0,0.7909,,,,18.0,66.0
1790786140.5833051,0,no release,18.0,0.7998,,,,18.0,66.0
1790786140.6773977,0,no release,18.0,0.7792,,,,18.0,66.0
1790786143.4532695,0,no release,18.0,0.7591,,,,18.0,66.0
1790786143.5196762,0,no release,18.0,0.7784,,,,18.0,66.0
1790786144.6108863,0,no release,18.0,0.7659,,,,18.0,66.0
1790786144.6594028,0,no release,18.0,0.7911,,,,18.0,66.0
1790786145.5717916,0,no release,18.0,0.7945,,,,18.0,66.0
1790786148.1504266,0,no release,18.0,0.8001,,,,18.0,66.0
1790786150.5374932,0,no release,18.0,0.7544,,,,18.0,66.0
1790786150.6093001,0,no release,18.0,0.7922,,,,18.0,66.0
1790786153.604236,0,no release,18.0,0.8056,,,,18.0,66.0
1790786153.7090523,0,no release,18.0,0.7698,,,,18.0,66.0
1790786154.7525208,0,no release,18.0,0.7775,,,,18.0,66.0
1790786154.79261,0,no release,18.0,0.7455,,,,18.0,66.0
1790786155.649605,0,no release,18.0,0.7293,,,,18.0,66.0
1790786157.40814,0,no release,18.0,0.8296,,,,18.0,66.0
1790786160.7663205,0,no release,18.0,0.8246,,,,18.0,66.0
1790786160.8258774,0,no release,18.0,0.7899,,,,18.0,66.0
1790786162.879896,0,no release,18.0,0.7714,,,,18.0,66.0
1790786162.9802384,0,no release,18.0,0.7478,,,,18.0,66.0
1790786165.145392,0,no release,18.0,0.7604,,,,18.0,66.0
1790786165.1982033,0,no release,18.0,0.8127,,,,18.0,66.0
1790786166.0927951,0,no release,18.0,0.7977,,,,18.0,66.0
1790786167.7272427,0,no release,18.0,0.777,,,,18.0,66.0
1790786171.0604498,0,no release,18.0,0.7921,,,,18.0,66.0
1790786171.1213624,0,no release,18.0,0.7829,,,,18.0,66.0
1790786173.1619859,0,no release,18.0,0.7893,,,,18.0,66.0
1790786173.2392836,0,no release,18.0,0.8308,,,,18.0,66.0
1790786174.3207967,0,no release,18.0,0.7811,,,,18.0,66.0
1790786174.363833,0,no release,18.0,0.7988,,,,18.0,66.0
1790786174.4077938,0,slipped off A,0.19,0.8624,,,,18.0,66.0
1790786174.690627,0,slipped off A,0.53,0.8198,,,,18.0,66.0
1790786176.2641556,0,no release,18.0,1.3009,,,,18.0,66.0
1790786177.9725478,0,no release,18.0,0.769,,,,18.0,66.0
1790786180.4398417,0,no release,18.0,0.8048,,,,18.0,66.0
1790786180.498689,0,no release,18.0,0.7916,,,,18.0,66.0
1790786183.5029254,0,no release,18.0,0.7776,,,,18.0,66.0
1790786183.5938182,0,no release,18.0,0.7725,,,,18.0,66.0
1790786184.791311,0,no release,18.0,0.7801,,,,18.0,66.0
1790786185.069316,0,no release,18.0,0.7475,,,,18.0,66.0
1790786185.719342,0,no release,18.0,0.7597,,,,18.0,66.0
1790786188.323249,0,no release,18.0,0.7786,,,,18.0,66.0
1790786191.0657852,0,no release,18.0,0.758,,,,18.0,66.0
1790786191.128019,0,no release,18.0,0.7673,,,,18.0,66.0
1790786194.0062044,0,no release,18.0,0.7813,,,,18.0,66.0
1790786194.1179273,0,no release,18.0,0.7898,,,,18.0,66.0
1790786195.466824,0,no release,18.0,0.8099,,,,18.0,66.0
1790786195.7792463,0,no release,18.0,0.9104,,,,18.0,66.0
1790786196.438643,0,no release,18.0,0.7848,,,,18.0,66.0
1790786198.1518035,0,no release,18.0,0.7894,,,,18.0,66.0
1790786201.9207916,0,no release,18.0,0.8243,,,,18.0,66.0
1790786201.996046,0,no release,18.0,0.7961,,,,18.0,66.0
1790786204.0852618,0,no release,18.0,0.7705,,,,18.0,66.0
1790786204.1752455,0,no release,18.0,0.8032,,,,18.0,66.0
1790786206.415559,0,no release,18.0,0.7711,,,,18.0,66.0
1790786206.7575026,0,no release,18.0,0.7796,,,,18.0,66.0
1790786207.42957,0,no release,18.0,0.806,,,,18.0,66.0
1790786209.159203,0,no release,18.0,0.7754,,,,18.0,66.0
1790786212.756974,0,no release,18.0,0.7764,,,,18.0,66.0
1790786212.8242958,0,no release,18.0,0.7948,,,,18.0,66.0
1790786214.9703426,0,no release,18.0,0.9561,,,,18.0,66.0
1790786215.0569818,0,no release,18.0,0.8059,,,,18.0,66.0
1790786216.2633352,0,no release,18.0,0.7522,,,,18.0,66.0
1790786217.4023583,0,no release,18.0,0.7836,,,,18.0,66.0
1790786218.062341,0,no release,18.0,0.7598,,,,18.0,66.0
1790786219.9550118,0,no release,18.0,0.8064,,,,18.0,66.0
1790786223.7174268,0,no release,18.0,0.768,,,,18.0,66.0
1790786223.7835329,0,no release,18.0,0.7774,,,,18.0,66.0
1790786224.5743966,0,hit wall,1.68,0.7029,,,,18.0,66.0
1790786225.9650476,0,no release,18.0,0.7924,,,,18.0,66.0
1790786226.0536194,0,no release,18.0,0.764,,,,18.0,66.0
1790786227.3432674,0,no release,18.0,0.8294,,,,18.0,66.0
1790786227.6729245,0,no release,18.0,0.827,,,,18.0,66.0
1790786228.0733807,0,hit wall,1.482,0.6714,,,,18.0,66.0
1790786228.3228316,0,no release,18.0,0.8411,,,,18.0,66.0
1790786228.6225562,0,hit wall,7.908,0.7816,,,,18.0,66.0
1790786231.060845,0,no release,18.0,0.791,,,,18.0,66.0
1790786233.9773133,0,no release,18.0,0.7661,,,,18.0,66.0
1790786237.0788105,0,no release,18.0,0.7793,,,,18.0,66.0
1790786237.1671734,0,no release,18.0,0.7719,,,,18.0,66.0
1790786238.832774,0,no release,18.0,0.7816,,,,18.0,66.0
1790786239.3117049,0,no release,18.0,0.7601,,,,18.0,66.0
1790786239.6000693,0,no release,18.0,0.822,,,,18.0,66.0
1790786239.8613868,0,no release,18.0,0.734,,,,18.0,66.0
1790786242.4241173,0,no release,18.0,0.7885,,,,18.0,66.0
1790786245.2849655,0,no release,18.0,0.7851,,,,18.0,66.0
1790786247.4444058,0,no release,18.0,0.7868,,,,18.0,66.0
1790786247.5247917,0,no release,18.0,0.7976,,,,18.0,66.0
1790786250.0312104,0,no release,18.0,0.8022,,,,18.0,66.0
1790786250.497716,0,no release,18.0,0.7863,,,,18.0,66.0
1790786250.7361622,0,no release,18.0,0.7563,,,,18.0,66.0
1790786251.0205626,0,no release,18.0,0.7878,,,,18.0,66.0
1790786252.564987,0,no release,18.0,0.8313,,,,18.0,66.0
1790786256.0576732,0,no release,18.0,0.8274,,,,18.0,66.0
1790786258.3210783,0,no release,18.0,0.7523,,,,18.0,66.0
1790786258.42309,0,no release,18.0,0.7623,,,,18.0,66.0
1790786260.8630424,0,no release,18.0,0.7912,,,,18.0,66.0
1790786261.0102813,0,slipped off A,0.25,0.9712,,,,18.0,66.0
1790786261.3451495,0,no release,18.0,0.7584,,,,18.0,66.0
1790786261.6030085,0,no release,18.0,0.7657,,,,18.0,66.0
1790786261.8949406,0,no release,18.0,0.8281,,,,18.0,66.0
1790786263.4017599,0,no release,18.0,0.7756,,,,18.0,66.0
1790786266.980814,0,no release,18.0,0.7633,,,,18.0,66.0
1790786269.078006,0,no release,18.0,0.7385,,,,18.0,66.0
1790786269.1678157,0,no release,18.0,0.7637,,,,18.0,66.0
1790786270.8990228,0,no release,18.0,0.7736,,,,18.0,66.0
1790786271.221978,0,no release,18.0,0.7669,,,,18.0,66.0
1790786271.4557104,0,no release,18.0,0.7901,,,,18.0,66.0
1790786271.7445054,0,no release,18.0,0.7748,,,,18.0,66.0
1790786274.1825886,0,no release,18.0,0.7616,,,,18.0,66.0
1790786276.940557,0,no release,18.0,0.8021,,,,18.0,66.0
1790786280.0310462,0,no release,18.0,0.8005,,,,18.0,66.0
1790786280.1162837,0,no release,18.0,0.7806,,,,18.0,66.0
1790786281.8578458,0,no release,18.0,0.7864,,,,18.0,66.0
1790786282.1637247,0,no release,18.0,0.7979,,,,18.0,66.0
1790786282.419817,0,no release,18.0,0.8106,,,,18.0,66.0
1790786282.7381647,0,no release,18.0,0.7574,,,,18.0,66.0
1790786285.1875968,0,no release,18.0,0.7667,,,,18.0,66.0
1790786287.522623,0,no release,18.0,0.7804,,,,18.0,66.0
1790786289.3389316,0,no release,18.0,0.7856,,,,18.0,66.0
1790786290.2905917,0,no release,18.0,0.7943,,,,18.0,66.0
1790786291.6948774,0,no release,18.0,0.7826,,,,18.0,66.0
1790786291.932229,0,no release,18.0,0.8114,,,,18.0,66.0
1790786292.1675372,0,no release,18.0,0.7725,,,,18.0,66.0
1790786292.4270544,0,no release,18.0,0.8266,,,,18.0,66.0
1790786293.6240032,0,no release,18.0,0.7875,,,,18.0,66.0
