T,m,phi,ok,status,U,effort,d_s,d_f,phi_c,polished,solve_s,U_swing,U_hold,U_catch,U_imp,BW
16.0,60.0,0.0,1,Solve_Succeeded,3.5006178405867865,2.967225276654273,6.207143616070603,0.5619533150479862,0.03512208219049917,0,1361.1776769161224,1.233793398040792,1.0103083497380474,3.5006178498552156,2.809420770591068,7.731571853147846
16.0,60.0,0.062,1,Solve_Succeeded,2.9762940124389026,3.1741011978610585,7.139984450692904,0.5784118733403029,0.098650742083769,0,1803.8949356079102,1.3975568278331476,0.9776887329112303,2.9762940221856824,2.4351141947483854,6.573534176300668
16.0,60.0,0.125,1,Solved_To_Acceptable_Level,3.0607735113453307,3.9552745719289,10.17167116751269,0.5966060750959586,0.16228787969349745,0,510.9565441608429,1.4670623086299936,1.0127665357462903,3.060773521483684,2.418190185417224,6.760118186797366
16.0,60.0,0.188,1,Solved_To_Acceptable_Level,2.8387482935535306,3.845886846865141,9.77664954832634,0.5903742392036566,0.22439838995022843,0,955.0612437725067,1.5539696518489632,1.0289628922456373,2.8387483035710304,2.2662148109727434,6.269746485932024
16.0,60.0,0.25,1,Solve_Succeeded,1.0271051574545689,2.854521076241869,5.744195958530769,0.4716684279491141,0.2794792767468197,0,334.04448676109314,1.0271050168960036,1.0271051427060336,1.0271051168517793,0.04127750177326285,2.268495930497689
16.0,60.0,0.312,1,Solve_Succeeded,1.0766541044133224,3.014032698065572,5.8637771817117486,0.4881600589162606,0.3430100036822663,0,635.1530940532684,1.0766535841020521,1.076654170043802,1.0766541058767414,0.043327249944870326,2.377931253376349
16.0,60.0,0.375,1,Solve_Succeeded,2.9939264444979616,3.1671392868649555,5.7440368327824975,0.6438146624652457,0.4152384164040779,0,4619.083051204681,1.3301582578459086,1.0673646905300318,2.99392645226012,2.4127702492600713,6.612477706162673
16.0,60.0,0.438,0,Maximum_Iterations_Exceeded,5.987203111272294,3.950377664975104,4.411593467852204,0.68601892268421,0.4803725920741164,0,11165.595685243607,1.7329836492866117,1.1489637958871985,3.7685146666733216,2.619550866434376,13.223520293329905
16.0,60.0,0.5,0,Infeasible_Problem_Detected,5.985854307541617,4.397831298735666,5.9999991708421625,0.7829008051311614,0.5489313005977481,0,20992.987144231796,1.697066111985861,1.3695036904614768,3.587273795401126,2.2177701012886915,13.22054128407085
16.0,60.0,0.562,1,Solve_Succeeded,2.9329436993207314,3.1727538619234874,5.673495865737678,0.6629646146320792,0.6039352884145051,0,616.2525391578674,1.3462287356081895,1.0543652178416327,2.9329437090075583,2.402923203461443,6.477789346104231
16.0,60.0,0.625,1,Solve_Succeeded,2.785014321155366,3.482284293788018,7.372671333393117,0.6424077015722482,0.6651504813482658,0,1258.241857767105,1.5212030517566668,1.0141306449202403,2.7850143299250565,2.2820541994171797,6.151067987601047
16.0,60.0,0.688,1,Solved_To_Acceptable_Level,2.7517845589944754,3.6517700427214037,8.387486040664227,0.6299226424431134,0.7268701651526945,0,1293.8440639972687,1.738794850308848,0.9811845118469491,2.7517845691200944,2.2098782525431426,6.0776757164336015
16.0,60.0,0.75,1,Solved_To_Acceptable_Level,2.7741342505797757,3.494667524410161,8.202711628031427,0.6090421918983961,0.78806513699365,0,1482.8318448066711,1.6070535885271733,1.007057199459273,2.7741342606069668,2.2196234197149267,6.12703793026454
16.0,60.0,0.812,1,Solve_Succeeded,2.825970506755457,3.4580047513852485,8.367510604364123,0.5968725811064903,0.8498045363191555,0,1400.308245897293,1.4815135082630475,1.0299913966917893,2.825970517185664,2.274372433311854,6.241525074383442
16.0,60.0,0.875,1,Solve_Succeeded,2.8999160113260833,3.2392137106955374,7.4208526984192975,0.5993904328145517,0.9124619020509095,0,1805.337554693222,1.4619342770694448,0.9638878150925472,2.899916013160661,2.369201213593272,6.404843382133722
16.0,60.0,0.938,1,Solve_Succeeded,2.907342382674625,3.1701479732959212,7.465733959093442,0.5933751133440547,0.9745859445840035,0,989.1471300125122,1.2106875990821877,0.9570470421572378,2.9073423721639227,2.353665693884165,6.421245493504949
16.0,63.0,0.0,1,Solve_Succeeded,3.3932723051119438,3.1745466625378187,6.465368487607424,0.5295490569263455,0.033096816057896605,0,1474.3639631271362,1.5304120521928335,1.093774744944035,3.393272315337788,2.599091406322148,7.137604965204806
16.0,63.0,0.062,1,Solve_Succeeded,3.201284413180257,3.487792432349626,7.566729272813216,0.5455681142541027,0.0965980071408814,0,853.7082321643829,1.5058968050224022,1.0152301875606569,3.2012844229149433,2.5843183039193804,6.7337665439126475
16.0,63.0,0.125,1,Solve_Succeeded,3.097338463742439,3.695712642482565,8.160167339087364,0.5570477847178715,0.15981548654486688,0,1161.0730469226837,1.6671663649459882,1.0459992436448926,3.0973384678487705,2.5027015765437626,6.515120629848341
16.0,63.0,0.188,1,Solve_Succeeded,3.005524858428148,3.834852661836683,8.511831124027754,0.5645945092684057,0.22278715682927563,0,1275.2923889160156,1.7349607899357598,1.0850813370129968,3.005524869218228,2.412236024773886,6.321994589189185
16.0,63.0,0.25,1,Solve_Succeeded,1.0817031874367857,3.186853017570582,5.807356503667926,0.4667713573910274,0.2791732098369395,0,223.7426028251648,1.0817025761304189,1.0817031096929508,1.0817031246696356,0.04167272375324398,2.2753169646583844
16.0,63.0,0.312,1,Solve_Succeeded,1.1348755899567646,3.208398614346385,5.405036314050321,0.4854459609081072,0.3428403725567568,0,233.11155104637146,1.1348552333521926,1.1348754961046388,1.1348755388791898,0.04177617704107212,2.3871628674073975
16.0,63.0,0.375,1,Solve_Succeeded,3.3651198565931537,3.35152090014881,5.7626030917446505,0.5316023167199168,0.4082251447949947,0,1497.9436507225037,2.0018222306243,1.4205750020351895,3.365119863752094,1.9445448581972027,7.078387478878209
16.0,63.0,0.438,0,Maximum_CpuTime_Exceeded,5.986164221870483,4.806642131062054,5.966089355253151,0.6994773607475521,0.4811226277738607,0,32617.031850099564,1.50264138781456,1.2196048319352601,3.756961006569303,2.668609568569368,12.591643590815377
16.0,63.0,0.5,0,Maximum_CpuTime_Exceeded,5.9868533844094385,6.934828866740493,11.99864773114942,0.7391230814156161,0.5461638265608879,0,4190.973818540573,1.6948766606527308,1.104336117441127,3.777582286874887,2.7255677396428717,12.593093215106498
16.0,63.0,0.562,1,Solved_To_Acceptable_Level,3.395967651300776,3.6003284157712816,6.600373959971377,0.5480152130319464,0.5967509508144966,0,1036.899348974228,1.873319596138369,1.4568666806826156,3.395967661289699,1.9391009771750607,7.143274512064154
16.0,63.0,0.625,1,Solve_Succeeded,2.9897843215665483,3.628642068498078,6.6886210212659565,0.5655712147294947,0.6603482009205932,0,1186.7656064033508,1.8067343520151562,1.145829880822262,2.9897843311855845,2.111982027592886,6.288885034766131
16.0,63.0,0.688,1,Solve_Succeeded,2.890681176062384,3.5794396740893135,7.031390857681741,0.5732660655854639,0.7233291290990915,0,1388.9167437553406,1.722524496983271,1.1862831455068366,2.8906811850294565,2.1982742698943776,6.080425754220829
16.0,63.0,0.75,1,Solve_Succeeded,2.942767512962915,3.451245198218123,6.829607492219908,0.5676775669813746,0.7854798479363359,0,418.5565025806427,1.583844709884775,1.177186614900494,2.942767510252728,2.2898994779649517,6.189987163813713
16.0,63.0,0.812,1,Solved_To_Acceptable_Level,3.013349800566345,3.5154051415136065,7.449015069640022,0.5647245690845651,0.8477952855677853,0,761.0580923557281,1.5521105408675153,1.1313333534015835,3.0133498105849985,2.400611171350451,6.338454024458761
16.0,63.0,0.875,1,Solve_Succeeded,3.092933139683896,3.444072728811478,7.319612888407937,0.5612698301616678,0.9100793643851042,0,1043.6620581150055,1.4739369923887928,1.044517650141207,3.0929331457302984,2.5073128161877216,6.505854216767898
16.0,63.0,0.938,1,Solve_Succeeded,3.06207709588711,3.1853156487218017,6.594099831006727,0.5567842549148586,0.9722990159321787,0,1072.3277070522308,1.3873384338909693,1.0247099521964367,3.0620771028774847,2.4547358462347746,6.4409498319713325
16.0,66.0,0.0,1,Solve_Succeeded,3.5940628572744093,3.5560134475421217,6.785739463366192,0.5310193461354548,0.03318870913346594,0,934.6330893039703,1.6097849341933193,1.1852769805028405,3.5940628668382324,2.7281776579446517,7.216324891818386
16.0,66.0,0.062,1,Solve_Succeeded,3.3736574199639,3.877426492260775,7.748388723011694,0.5473207442355437,0.09670754651472158,0,1197.6557121276855,1.5612018499991804,1.1015097398030353,3.3736573381267005,2.7182189110080226,6.773784706318644
16.0,66.0,0.125,1,Solve_Succeeded,3.262524943845207,3.9752553465321574,7.871193698985006,0.5597554434643399,0.15998471521652124,0,1098.3116102218628,1.6773825051509061,1.111405318752638,3.262524941197742,2.6366408418136027,6.550647803723424
16.0,66.0,0.188,1,Solve_Succeeded,3.1701562016011233,4.317276055605805,8.959914038874286,0.5671773069745923,0.22294858168591203,0,1059.9497039318085,1.7837954795040598,1.1483900099023374,3.170156209974249,2.5418631286001925,6.365185589969203
16.0,66.0,0.25,1,Solve_Succeeded,1.1402347193983853,3.454445050247431,5.759797928912843,0.46919014870805925,0.27932438429425366,0,293.0955729484558,1.1402345607816482,1.1402346878086629,1.140234706231068,0.04574662781132903,2.2894157711949785
16.0,66.0,0.312,1,Solve_Succeeded,1.2003064741522094,3.5944096445796925,5.785022335195349,0.4915328828688199,0.3432208051793013,0,311.2338836193085,1.2003061370078603,1.200306475446098,1.2003064811184296,0.04578416948861748,2.410030606366219
16.0,66.0,0.375,1,Solve_Succeeded,3.6021908900441812,3.7618035664784584,6.000000058944895,0.5309197904498473,0.4081824869031154,0,763.0651543140411,1.8852643108385645,1.454522355989296,3.602190900033855,2.147668540607004,7.232644730265091
16.0,66.0,0.438,0,Infeasible_Problem_Detected,5.9787517928908915,4.127172255117919,5.999999687525468,0.5135166330662181,0.46959478931116383,0,3810.0300590991974,1.5938511447549515,1.5825478167938107,3.5475695056577674,1.9650216857044944,12.004413138662093
16.0,66.0,0.5,0,Infeasible_Problem_Detected,5.987327296007032,5.18481913539866,5.999999017237676,0.7202740645992963,0.5450171292576376,0,2268.144868373871,1.9866978337795798,1.2711762850282662,3.987465193976081,2.8626883586504035,12.021631428673805
16.0,66.0,0.562,1,Solved_To_Acceptable_Level,3.6329588267541526,3.8248929389352697,6.000000059951448,0.5541723453076484,0.597135771581728,0,482.1779007911682,1.6136330789282598,1.4645094598618547,3.6329588379580318,2.168449374682065,7.294422010286964
16.0,66.0,0.625,1,Solve_Succeeded,3.139359475805555,3.7012256852107193,5.753483805922531,0.5577745887174989,0.6598609117948437,0,7415.304240942001,2.304581216180914,1.2433525013940885,3.1393594776076577,2.1995724925309568,6.303350505895687
16.0,66.0,0.688,1,Solve_Succeeded,3.046519529743651,3.593661677978915,5.570040366881026,0.5789998981348731,0.7236874936334297,0,14278.77213215828,1.7599251461476875,1.2958352667840476,3.04651953935872,2.344182542938965,6.1169421874196805
16.0,66.0,0.75,1,Solve_Succeeded,3.101284825971268,3.479246261998409,5.458703135528771,0.57024828999886,0.7856405181249289,0,807.0400631427765,1.6240868888106117,1.2707426221161526,3.101284835990402,2.4194820107781556,6.226902470828542
16.0,66.0,0.812,1,Solve_Succeeded,3.314500042049903,3.622061437679496,6.542387102720888,0.5656547213884194,0.8478534200867762,0,1166.9559915065765,1.5687911874942317,1.05762351338516,3.3145000513224256,2.6960988778257104,6.655005799068473
16.0,66.0,0.875,1,Solve_Succeeded,3.260558944611205,3.5798739204724153,6.556258031011791,0.5638944205287585,0.9102434012830476,0,1170.0181758403778,1.4013877558840673,1.1251465875587632,3.2605589573905895,2.63890609736915,6.5467003799378585
16.0,66.0,0.938,1,Solve_Succeeded,3.2218679029264745,3.5962797557275756,7.010355570340989,0.5576550241841889,0.9723534390115118,0,1582.0515134334564,1.42638172614195,1.0643605274253765,3.2218679127503176,2.583229496959231,6.469014724931913
16.0,69.0,0.0,1,Solve_Succeeded,3.822295915794766,3.2587267902637196,4.416872665199012,0.5338252460671916,0.03336407787919948,0,1403.398696899414,1.5489275314693798,1.3153151313025278,3.8222959088257413,2.8990708772025244,7.340904268837175
16.0,69.0,0.062,1,Solve_Succeeded,3.5493502149129688,4.01413179625648,6.985969136203983,0.5457461486812946,0.096609134292581,0,1460.5189504623413,1.5310425143350441,1.1884350481351147,3.5493498882960153,2.844136316483479,6.816698842333111
16.0,69.0,0.125,1,Solve_Succeeded,3.4300079879104453,4.5469423792621715,8.622555152811847,0.5601748760196015,0.1600109297512251,0,1104.4356806278229,1.727704830321855,1.1729947487562917,3.430007979700581,2.773552193935419,6.587496320352758
16.0,69.0,0.188,1,Solve_Succeeded,3.3384222086514175,4.802906540773243,9.285220503780849,0.5680619438623883,0.22300387149139933,0,1020.5297627449036,1.8582231941225118,1.2208367970495082,3.338422200232342,2.676702620294174,6.411601399410308
16.0,69.0,0.25,1,Solve_Succeeded,1.19972381663761,3.7508896514448677,5.693539578355241,0.4714443227297809,0.2794652701706113,0,292.1989984512329,1.1997237963967473,1.1997238176840885,1.1997238211272419,0.04614736340424346,2.304127645007155
16.0,69.0,0.312,1,Solve_Succeeded,1.3275052676136367,3.9901539336430547,5.900676584764503,0.48190357162567204,0.3426189732266045,0,443.0088806152344,1.241701203122674,1.32750503550872,1.327504999992313,0.05171156879868013,2.5495381050063197
16.0,69.0,0.375,1,Solve_Succeeded,3.67708568430254,4.1377609383839555,5.103648900302392,0.6601393945804143,0.41625871216127597,0,858.3939638137817,1.4467567910171577,1.3974709153137825,3.6770856922093147,2.8399101263890847,7.062020992470419
16.0,69.0,0.438,0,Infeasible_Problem_Detected,5.984465790055173,5.215110143409401,5.999999897805042,0.670403731002696,0.47940023309256463,0,3499.777090072632,1.884555763859973,1.2993747009331882,4.001416791994258,2.9250534986697074,11.493456140690105
16.0,69.0,0.5,0,Infeasible_Problem_Detected,5.987379440765094,5.530244588747304,5.999999427386081,0.7137669627436662,0.5446104354842853,0,3137.189427137375,2.109981911787632,1.313995133499449,3.975077861149414,2.9176409686170994,11.499051947871328
16.0,69.0,0.562,1,Solve_Succeeded,3.5766567183720275,4.091271724796405,5.110351992894365,0.6667320075954287,0.6041707504747142,0,6288.810238599777,1.4585244118099687,1.3120311094009762,3.5766567145828345,2.807107294584939,6.869142303599752
16.0,69.0,0.625,1,Solved_To_Acceptable_Level,3.379058574408579,4.283539449376934,6.618741202718602,0.6349146962009506,0.6646821685125595,0,913.0678877830505,1.5488007073805865,1.2666804749970262,3.3790585845565584,2.6918299281912317,6.489645506258259
16.0,69.0,0.688,1,Solve_Succeeded,3.221244885711161,3.9262091526493226,5.547797959204661,0.5826402384810202,0.7239150149050635,0,963.4768843650818,1.8302265380839988,1.312145194887848,3.221244895027839,2.4689899916514904,6.186556680442183
16.0,69.0,0.75,1,Solve_Succeeded,3.275810033795853,3.786520070162117,5.457014375950582,0.5734865140588763,0.7858429071286799,0,594.2836315631866,1.6681215339311615,1.312361108908272,3.275810044425226,2.5468533848812807,6.291351687769962
16.0,69.0,0.812,1,Solve_Succeeded,3.338807722105378,3.8141193250736745,5.9906790486543455,0.5715649216165207,0.8482228076010327,0,940.8694105148315,1.5288918507519769,1.2060175212966815,3.3388077304953594,2.676959097397542,6.4123417966538
16.0,69.0,0.875,1,Solve_Succeeded,3.430442868448598,3.7356993707608015,5.9081152954371134,0.5657369509287221,0.9103585594330452,0,865.5068233013153,1.4402768563447943,1.1673131236495937,3.430442878167157,2.778262624668165,6.588331529470338
16.0,69.0,0.938,1,Solve_Succeeded,3.3894022606661975,3.52848394691705,5.612520429415659,0.5585721681680039,0.9724107605105003,0,479.0477201938629,1.3230856904321027,1.1481415693634098,3.3894022702695277,2.7185271546533176,6.509511056251469
16.0,72.0,0.0,1,Solve_Succeeded,4.037356274535745,4.122506245080607,6.434473194510219,0.5366551477460291,0.033540946734127,0,1227.0959510803223,1.7310298030494182,1.3566431406522117,4.037356282520374,3.062553822311145,7.4308573407187515
16.0,72.0,0.062,1,Solve_Succeeded,3.733865733523421,4.380466382242943,7.025399879711766,0.5446129891913778,0.09653831182446115,0,1183.6473112106323,1.7386276203778464,1.2925190121164392,3.7338657410705456,2.9690197579542614,6.8722752485848435
16.0,72.0,0.125,1,Solve_Succeeded,3.5970123601779975,4.844447189472897,8.283124868309024,0.5607547931009234,0.16004717456880768,0,1365.0894854068756,1.7505285886332826,1.2410118047430536,3.597012360081065,2.9063053290565737,6.620393119593663
16.0,72.0,0.188,1,Solve_Succeeded,3.503715472642804,5.125225818660355,8.987627670077318,0.5676016165626948,0.22297510103516816,0,1182.2702493667603,1.9040538896844377,1.2859118344634104,3.5037154578357437,2.8028464242861926,6.4486778152050706
16.0,72.0,0.25,1,Solve_Succeeded,1.2581908088071265,4.13514017197844,5.683315071319583,0.4751808168347686,0.27969880105217304,0,528.9195377826691,1.2581886640613953,1.2581905878763682,1.2581906052769827,0.051144391830898486,2.315732318848772
16.0,72.0,0.312,1,Solve_Succeeded,1.48664822420445,4.337403205712316,5.933403702856978,0.4767643529866012,0.3422977720616627,0,456.1788740158081,1.3271061060855203,1.4866481912783933,1.4370258808497105,0.05484726024466741,2.736214026879863
16.0,72.0,0.375,0,Maximum_CpuTime_Exceeded,5.98586487806427,5.185048271799475,5.13925847544812,0.5413911157929004,0.408832055791879,0,4049.092441558838,1.669954278335275,1.754626810305599,4.199905001488965,2.445278188333757,11.017137192042629
16.0,72.0,0.438,0,Infeasible_Problem_Detected,5.276587525319775,4.786585550393367,5.9415108297934385,0.4583070802014579,0.46614418484978604,0,3278.528345823288,1.5821844954852076,2.0515292691521934,1.8638324932395274,0.05854455297714069,9.71169410878314
16.0,72.0,0.5,0,Infeasible_Problem_Detected,5.987432135106562,5.817512142874166,5.999997268311939,0.705567558016671,0.5440979721756134,0,24402.604291677475,2.2182466668344225,1.3507937027709753,3.914191599202029,2.971199980309683,11.020021768658015
16.0,72.0,0.562,1,Solve_Succeeded,3.852123108408554,4.7805212664933,6.1450572356868545,0.6809520816825624,0.6050595051051602,0,1607.0386867523193,1.4802761147777568,1.410437153825866,3.8521231173528254,2.9627111031102213,7.089930967452599
16.0,72.0,0.625,1,Solve_Succeeded,3.5739913765392597,4.625962764935705,6.523571283618334,0.6407182926961275,0.665044893293508,0,884.9466404914856,1.5394405759198246,1.3125617586190186,3.573991362891164,2.920534381075315,6.578022411231506
16.0,72.0,0.688,1,Solve_Succeeded,3.3877625534850995,4.851342989229568,7.577285412848111,0.5836985646680282,0.7239811602917519,0,827.153094291687,2.0161148135594877,1.3468955862053555,3.387762563322604,2.622878136326874,6.2352635059613615
16.0,72.0,0.75,1,Solve_Succeeded,3.439008831142603,4.773597098116193,7.733176368709631,0.5769984412040295,0.7860624025752521,0,819.8117938041687,1.7795697181519092,1.3379690158496647,3.439008840833231,2.703078583993879,6.329583588862532
16.0,72.0,0.812,1,Solve_Succeeded,3.5023598263522877,4.612420967518673,7.53197800225197,0.5727624423080399,0.848297652644252,0,1277.120552778244,1.6075972469452926,1.2602845041766897,3.5023598357526353,2.8119340954406526,6.446182713583041
16.0,72.0,0.875,1,Solve_Succeeded,3.5972069881532676,4.4395199521194435,7.183865297833687,0.5666327462071559,0.9104145466379474,0,904.0498056411743,1.5347400498188075,1.233585498996064,3.597206997828287,2.9146393052174195,6.620751337353108
16.0,72.0,0.938,1,Solve_Succeeded,3.5541252721012575,3.9537348611390613,6.003144867670535,0.5577771001715329,0.9723610687607207,0,1070.589079618454,1.511336005882694,1.2299311010637075,3.5541252404233434,2.8347490012678125,6.54145833861654
16.0,75.0,0.0,1,Solve_Succeeded,4.279362083287024,4.244536070066646,5.574833371877642,0.5417225466735311,0.0338576591670956,0,676.8893897533417,1.749127326519207,1.4390708971963913,4.279362090241255,3.356045103436555,7.561224204244827
16.0,75.0,0.062,1,Solve_Succeeded,3.932249636484084,4.792573275605271,7.183190124976093,0.5435674940561708,0.0964729683785106,0,1110.7714493274689,1.7519799522954795,1.4007171700630492,3.9322496455746396,3.093990602465683,6.947909653318804
16.0,75.0,0.125,1,Solve_Succeeded,3.7724347619911605,5.1656476781411085,8.027826681585909,0.5617525630634026,0.16010953519146276,0,1004.7418043613434,1.7783032618668129,1.2974432435312808,3.7724347681468138,3.0462472168280055,6.665532029342179
16.0,75.0,0.188,1,Solve_Succeeded,3.6847535084164713,5.5519152509251555,8.978586302595088,0.5686516402013071,0.22304072751258164,0,981.9745614528656,1.970366574209119,1.3361277913329475,3.684753514688593,2.9507549999177183,6.510607626152107
16.0,75.0,0.25,1,Solve_Succeeded,1.3988548745596467,4.510737613307309,5.821468978617414,0.48019889837667046,0.2800124311485419,0,215.69843745231628,1.3988528292012807,1.3988545868150741,1.36917290430022,0.05259121633576332,2.4716429995617273
16.0,75.0,0.312,1,Solve_Succeeded,3.8308368350084843,4.450730285418823,4.423485935603623,0.6280512240482439,0.35175320150301514,0,14058.02535033226,1.4647802962190755,1.4578897344784696,3.8308368436474316,3.045976916152529,6.768722916087026
16.0,75.0,0.375,0,Maximum_CpuTime_Exceeded,5.985500178463551,5.647238671531538,4.920861729816971,0.6764762575802455,0.4172749496821544,0,20472.770704984665,2.1556409159475916,1.4727431548337717,4.338349671481968,3.16024116748458,10.575807314988264
16.0,75.0,0.438,0,Maximum_Iterations_Exceeded,5.98921386615909,9.490035598766601,11.99952685571716,0.7692242216937876,0.48557603855792375,0,8847.795815467834,3.765702935647449,1.6222364001107357,5.568720400288894,3.9464839970959944,10.582369046560403
16.0,75.0,0.5,0,Infeasible_Problem_Detected,5.988984452861567,9.191784287707513,12.000000069300693,0.7044628896893695,0.5440289306189297,0,4924.213076591492,2.2316158771240158,1.513263844699364,4.17017485922142,3.206177251571342,10.581963695168247
16.0,75.0,0.562,1,Solve_Succeeded,4.0600547600488746,6.939393332612421,12.000000119597368,0.6868367840469353,0.6054272990029335,0,4915.225817680359,1.8743963187597077,1.4908212856695553,4.060054769982742,3.09753786516458,7.173729103722103
16.0,75.0,0.625,1,Solved_To_Acceptable_Level,3.704638316772507,6.677073770843533,11.974875456165778,0.6017083826788483,0.662606773917428,0,742.20210313797,2.407861819075508,1.4708435250704752,3.704638327011615,2.7687036607802864,6.545742183899774
16.0,75.0,0.688,1,Solve_Succeeded,3.5635432555715933,6.000770047035463,10.172868890956233,0.5853635245358135,0.7240852202834884,0,1707.507089138031,2.302306427501077,1.412225877399283,3.5635432655256496,2.76031827180137,6.296440682627349
16.0,75.0,0.75,1,Solve_Succeeded,3.6080270873788765,5.523585075002286,8.889168860606887,0.5824995258205722,0.7864062203637858,0,1742.3123729228973,2.0343711462037195,1.3625400856617162,3.608027097592975,2.8605651627119877,6.375039366078885
16.0,75.0,0.812,1,Solve_Succeeded,3.6743517837840978,5.172546246508206,8.094213843068509,0.5733479316326819,0.8483342457270426,0,1582.3194761276245,1.8453692207096273,1.3114231783269996,3.674351791658438,2.948789574718104,6.492228771891711
16.0,75.0,0.875,1,Solve_Succeeded,3.769801240602893,4.873194745684279,7.361259829233298,0.5668274921557193,0.9104267182597325,0,777.2453768253326,1.7280499376486873,1.2998263125938874,3.7698012443770113,3.0514255900580967,6.660878848499844
16.0,75.0,0.938,1,Solve_Succeeded,3.724048909836613,4.361106556135315,6.260090990124562,0.55901340194732,0.9724383376217074,0,968.198769569397,1.5793155449842673,1.3201736085460187,3.724048907384386,2.960903043037795,6.580038848505058
17.0,60.0,0.0,1,Solve_Succeeded,1.1795772878094213,2.4257720631449846,4.895684596662179,0.4357169000753599,0.025630405886785845,0,1675.169148683548,1.1373636154265754,1.179577290379982,1.179577294491008,0.30682740055209884,2.605250550717376
17.0,60.0,0.062,1,Solve_Succeeded,1.1285217231143234,2.6775527708354008,5.968860459159424,0.4375540034834498,0.08823847079314404,0,1319.6318395137787,1.1285217218229804,1.128521728900108,1.1285217326692905,0.2311423647794195,2.4924876657299024
17.0,60.0,0.125,1,Solve_Succeeded,1.0758576213121185,2.8644250823020365,6.6732285019015904,0.43814202523484264,0.15077306030793192,0,910.1524004936218,1.075857605349262,1.075857624887737,1.0758576285722619,0.11996129936384316,2.3761721163876213
17.0,60.0,0.188,1,Solve_Succeeded,1.0439282536060372,2.931607195908356,6.628817385741405,0.4539302167061512,0.21420177745330302,0,360.58664751052856,1.0439282581390668,1.043928261269112,1.0439282636562468,0.05272727085888198,2.3056519362688555
17.0,60.0,0.25,1,Solve_Succeeded,1.0303306744231755,2.869190714226229,5.74651906407754,0.47251236796422597,0.27779484517436615,0,279.4404344558716,1.0303301721944593,1.0303306134295762,1.0303304522053345,0.0416485110711128,2.2756199061334152
17.0,60.0,0.312,1,Solve_Succeeded,1.0724529964162635,2.956771125267996,5.801067777852416,0.48899090502082837,0.34126417088357786,0,543.2015705108643,1.0724498497219717,1.0724529299207894,1.0724529543423766,0.04194087445564582,2.368652557494296
17.0,60.0,0.375,1,Solve_Succeeded,2.493144750558934,3.4301027441527863,5.9009575700430625,0.700068653560785,0.4161805090329873,0,272.6915476322174,1.517223370780906,1.483514429962078,2.493144726104973,1.7388649585705376,5.506435908471992
17.0,60.0,0.438,0,Infeasible_Problem_Detected,5.982051814094934,4.259931553520132,5.588070240455978,0.6858786321056131,0.477845801638966,0,1650.5931985378265,1.6991388309632642,1.3932662536436902,3.9848831403594636,2.591616883127084,13.212142980501893
17.0,60.0,0.5,0,Maximum_CpuTime_Exceeded,5.986189679265408,4.409161376225898,5.695568073437875,0.7024406621509314,0.541314312693562,0,28789.321939706802,1.9636989063720964,1.1374826777542166,3.289157428508475,2.468538680487399,13.22128199633882
17.0,60.0,0.562,1,Solve_Succeeded,1.8860898693743022,3.3576966105927326,6.000000056779132,0.6951310546906087,0.6033900620406241,0,627.59792137146,1.766968803721387,1.3729208771779722,1.8860898804985786,1.1363955077078236,4.165675892264004
17.0,60.0,0.625,1,Solve_Succeeded,1.0850518560328086,3.0461274607932136,5.999687231404318,0.5202472439846014,0.6556027790579178,0,650.902664899826,1.0850518561798248,1.085051864163435,1.0850518652067043,0.037985042127721656,2.396478784985816
17.0,60.0,0.688,1,Solve_Succeeded,1.0334868997476576,2.9116750332494616,5.893850321972079,0.4965422522109416,0.7167083677771139,0,395.43735933303833,1.033486217486318,1.0334868422922674,1.0334867895706006,0.04100456138208959,2.282590842120209
17.0,60.0,0.75,1,Solve_Succeeded,1.0328734938277944,2.82610342062756,5.744586333750636,0.4780563504650319,0.7781209617920605,0,332.52258229255676,1.0328732849715905,1.0328735190167104,1.0328735268461717,0.040408655863770016,2.2812360550053223
17.0,60.0,0.812,1,Solve_Succeeded,1.0476753441799584,2.7115749232490627,5.694349642197894,0.4549551144192221,0.8392620655540718,0,363.06131863594055,1.0476613061442126,1.0476740616399862,1.047671584319642,0.06535083305205769,2.313927875354988
17.0,60.0,0.875,1,Solved_To_Acceptable_Level,1.1053291598145794,2.7227523386871653,5.800256691602782,0.45334986066051913,0.9016676388623838,0,321.9041745662689,1.1053291652822883,1.1053291655097839,1.1053291698126781,0.1785896868128136,2.44126385959727
17.0,60.0,0.938,1,Solve_Succeeded,1.1052293137304117,2.5330742422640045,5.464498369882522,0.446615420866439,0.9637714953450844,0,555.810480594635,1.1052288706548705,1.1052293110868585,1.1052293128592443,0.260732549090019,2.441043336475595
17.0,63.0,0.0,1,Solve_Succeeded,3.3130519478573732,3.086168835547018,5.850477118671418,0.5449445602254006,0.03205556236619976,0,1090.6876239776611,1.8674064636718228,1.1004561932662529,3.313051954496465,2.5565447874416805,6.968864832151488
17.0,63.0,0.062,1,Solve_Succeeded,3.178890741238719,3.7115642359331225,8.276182768746455,0.5633118884429322,0.09563599343781955,0,1430.4995226860046,1.6964235246324606,1.108900598785087,3.178890751002267,2.5249896292189726,6.6866624008710485
17.0,63.0,0.125,1,Solve_Succeeded,3.072701363359779,3.685674572565732,7.87766759008987,0.5739996759551829,0.15876468682089306,0,2056.211733341217,1.6355911347030512,1.129350550309962,3.0727011884829167,2.4278987835387538,6.463297529841127
17.0,63.0,0.188,1,Solve_Succeeded,2.9818697022645746,3.7309385977468645,7.804831259967197,0.5777520751576624,0.2214854161857448,0,2219.7692334651947,1.7709780233449457,1.1542409624276928,2.9818696788596184,2.323189869996159,6.2722369673704295
17.0,63.0,0.25,1,Solve_Succeeded,1.079686351889736,3.1275476478956064,5.698263888431152,0.4718088584094347,0.2777534622593785,0,332.8219907283783,1.0796863553784442,1.0796863582172376,1.079686366528146,0.04418824791930778,2.271074636274382
17.0,63.0,0.312,1,Solve_Succeeded,1.1346740640062134,3.252996089158102,5.792029222061902,0.48744118997499974,0.3411730111750001,0,581.514720916748,1.1346736205568335,1.1346740751783098,1.1346740676262357,0.04433845518979689,2.3867389660826777
17.0,63.0,0.375,1,Solve_Succeeded,3.1991436479384574,3.494761970481028,5.748895649874514,0.6400520035332962,0.41265011785489975,0,884.7308940887451,1.2727741958733487,1.1358235330502493,3.199143661860631,2.5226278689602744,6.7292635346504115
17.0,63.0,0.438,0,Infeasible_Problem_Detected,5.985638819511398,4.321885230672943,5.884488831759644,0.674612987702119,0.4771831159530984,0,2395.2731432914734,1.6731879184166425,1.255237544259604,3.6202823847739354,2.6342977822504974,12.590538429145537
17.0,63.0,0.5,0,Maximum_CpuTime_Exceeded,5.986494869358419,4.814257739711648,5.999681093931582,0.7039434082131796,0.5413928880221304,0,36082.15802526474,1.8307786549221496,1.2036435864319512,3.4005248648416093,2.564320208121692,12.592339093840012
17.0,63.0,0.562,1,Solve_Succeeded,3.1649366699099395,3.4988821835419532,5.712281408686864,0.6600056138687062,0.6013238596393354,0,272.686913728714,1.2334490408685688,1.111458829912528,3.1649366799935734,2.5118620253497674,6.6573106012376755
17.0,63.0,0.625,1,Solve_Succeeded,2.993574142366726,3.8021093360211085,7.350454019676741,0.6364192519566115,0.662436426585708,0,1115.7041594982147,1.6521917451241688,1.1469569207196133,2.9935741551584787,2.373948882472954,6.296856762740876
17.0,63.0,0.688,1,Solved_To_Acceptable_Level,2.89084224696963,3.931807765780083,8.25975813327393,0.5942955822931328,0.7224585636643018,0,1221.7507600784302,2.088855092024193,1.1460179358911804,2.8908422571561188,2.2226604320598886,6.080764560070739
17.0,63.0,0.75,1,Solved_To_Acceptable_Level,2.923347686390545,3.8335385577927656,8.36345508416129,0.5787776561137581,0.7840457444772798,0,1458.6031785011292,2.0207124129581135,1.1615302697993055,2.9233476964503895,2.2522590311161688,6.149138378893755
17.0,63.0,0.812,1,Solve_Succeeded,2.986333103104899,3.764264510524519,8.292997633547897,0.5817539483017782,0.8467208204883399,0,1386.2907011508942,1.806800294070695,1.1504260371138655,2.9863331131419546,2.3320968566237545,6.281625542508241
17.0,63.0,0.875,1,Solve_Succeeded,3.0715049201546285,3.5469764624500373,7.530189063177441,0.5769848007878116,0.908940282399283,0,1318.2942168712616,1.6216485448760167,1.1308153595788208,3.0715049295725914,2.4313444483699365,6.460780862095718
17.0,63.0,0.938,1,Solve_Succeeded,3.0852474255592086,3.318622833679124,6.92536338856029,0.572229844868104,0.971160579109889,0,973.9264135360718,1.489294202699155,1.0833102020663605,3.085247435459277,2.4292362457159347,6.489687641743881
17.0,66.0,0.0,1,Solve_Succeeded,1.3189083389819878,3.1328774381305933,5.675968385978985,0.43785389508973876,0.025756111475866938,0,5211.83074593544,1.211109878556885,1.31890833913409,1.3189083399554684,0.34250725888935646,2.6481648915401474
17.0,66.0,0.062,1,Solve_Succeeded,1.2730819168453158,3.920816869212506,8.613338925781761,0.4438426935272113,0.08860839373689486,0,1349.131474018097,1.273081362857315,1.2730819075871167,1.2730819080774942,0.29741512570579487,2.5561524911174596
17.0,66.0,0.125,1,Solve_Succeeded,1.2127625793877859,4.119705767628281,9.161823699050231,0.44614128584693225,0.15124360504981926,0,1044.2426280975342,1.2127600685042141,1.212762372775755,1.2127622553377453,0.1743012872674742,2.435040547993886
17.0,66.0,0.188,1,Solve_Succeeded,1.1648027826408878,4.309871581242917,9.635575498578996,0.45129153859024856,0.21404656109354397,0,955.7857549190521,1.164795876414551,1.164801623110969,1.164800693759753,0.0667816020865501,2.338744659798526
17.0,66.0,0.25,1,Solve_Succeeded,1.1434830468707775,3.473240917025699,5.762501351533254,0.4670088724917759,0.277471110146575,0,233.97776699066162,1.1434829147053376,1.1434830576535449,1.143483041855266,0.04800037515194002,2.2959379126618025
17.0,66.0,0.312,1,Solve_Succeeded,1.1975026558703608,3.627772712809168,5.849375041482575,0.4832633731196644,0.3409272572423333,0,269.70914793014526,1.1975022122685601,1.19750267063597,1.1975026614699815,0.04474717686175745,2.404400970919391
17.0,66.0,0.375,1,Solve_Succeeded,3.435312020818909,3.919786573009989,5.7193354882249,0.6770816180670189,0.41482833047453044,0,2349.5104508399963,1.511182686651058,1.2391747357897647,3.4353120299452593,2.6859409131834635,6.89757765277327
17.0,66.0,0.438,0,Infeasible_Problem_Detected,5.986722920389967,4.763903411809331,5.999994483045518,0.6625375752705014,0.4764727944180998,0,5090.231010437012,1.4609102301155996,1.278207778544291,3.585650196587909,2.71413419278217,12.020417935481662
17.0,66.0,0.5,0,Infeasible_Problem_Detected,5.9873154573984015,5.0359757734777535,5.999997305812864,0.7361268677483848,0.5433015809016195,0,26300.659143209457,1.9894747927047618,1.2621515325495334,3.780767172627943,2.7240727012319437,12.021607658570293
17.0,66.0,0.562,1,Solve_Succeeded,3.3201406203058457,3.806675356551673,5.723360657424025,0.6694095980781781,0.6018770351810692,0,644.0427832603455,1.4717199067111337,1.1830408422593592,3.320140627913524,2.6380892855960125,6.666331211808604
17.0,66.0,0.625,1,Solve_Succeeded,3.1842097918713024,3.981607397014783,6.749112615428297,0.6418373609075705,0.6627551388769158,0,700.4035174846649,1.8032197607097955,1.1774294276336656,3.18420979995066,2.5022465419188094,6.393403035604814
17.0,66.0,0.688,1,Solve_Succeeded,3.139166825587553,3.792044608094372,6.420145578999246,0.6127757939285648,0.7235456349369745,0,953.9622232913971,1.9943286552875439,1.2159512856916292,3.139166835386048,2.4177350117276983,6.302963693917491
17.0,66.0,0.75,1,Solve_Succeeded,3.1805652441303423,3.7277277962262065,6.635154800494282,0.598412445432314,0.7852007320842537,0,1047.2259991168976,1.8707119502553096,1.2418068477049178,3.1805652541273814,2.459785122772912,6.386085344838977
17.0,66.0,0.812,1,Solve_Succeeded,3.2455938705243477,3.8156698195056946,7.23703034540251,0.5983923474519424,0.847699549850114,0,1397.082400560379,1.7327504931539786,1.2027098583253915,3.245593880324897,2.5524027922256063,6.516652815126266
17.0,66.0,0.875,1,Solve_Succeeded,3.335808796777711,3.738994407342321,7.12651442758893,0.5902931031170193,0.9097231237127659,0,855.2202575206757,1.6422939856529772,1.1920204479352066,3.3358087998671304,2.6487694921437623,6.6977904979628455
17.0,66.0,0.938,1,Solve_Succeeded,3.3980392445635577,3.534263780331389,6.726564672440631,0.5840508267062003,0.9718559309827178,0,1175.2197663784027,1.8762107064463955,1.1780243153350578,3.398039254368234,2.6517292080885384,6.822739656399817
17.0,69.0,0.0,1,Solve_Succeeded,3.730859552635511,3.2733439920000995,4.363586095436574,0.5414665166064504,0.03185097156508539,0,1799.8064422607422,1.4470762102817112,1.2835108640120552,3.73085956270739,2.8141799668530667,7.165296308744647
17.0,69.0,0.062,1,Solved_To_Acceptable_Level,3.5939161018764065,4.749722455712881,9.266377574340376,0.5639994998733346,0.09567644116901958,0,1056.1516377925873,1.4751615346949696,1.2505696177166363,3.593916111875744,2.8265713392680905,6.902289784808948
17.0,69.0,0.125,1,Solve_Succeeded,3.4183412867719527,4.602583319953333,8.62888981358411,0.5695468244008707,0.15850275437652178,0,1576.6619138717651,1.5283282156572786,1.2220592359299778,3.4183412682452015,2.7595364218036447,6.565089856259568
17.0,69.0,0.188,1,Solve_Succeeded,3.3290425977157527,4.825869415157973,9.14389726682767,0.5751852716736215,0.22133442774550716,0,1667.550446510315,1.6290365342878086,1.2546899763214758,3.329042593809371,2.6720515483536014,6.393587402724931
17.0,69.0,0.25,1,Solve_Succeeded,1.2008587084698437,3.765988230339208,5.749550898081623,0.4714347545826873,0.27773145615192285,0,259.76840472221375,1.2008569009700916,1.2008586754135442,1.2008583657870853,0.04604703382051155,2.3063072596888663
17.0,69.0,0.312,1,Solve_Succeeded,1.3175962925705542,3.9742508156383836,5.893197778573684,0.48427529543125664,0.3409867820841916,0,292.32197880744934,1.312986625611632,1.3175962975832733,1.3175963011587424,0.05027953053831716,2.53050743893649
17.0,69.0,0.375,1,Solve_Succeeded,3.6332931194599136,3.9555203054652286,4.583810642150269,0.6514985057417562,0.41332344151422096,0,1214.6984794139862,1.8298373956941805,1.3680515812095857,3.6332931249522584,2.8350344598848842,6.977915252548994
17.0,69.0,0.438,0,Infeasible_Problem_Detected,5.985349616320422,4.662461674209254,4.877854371589715,0.6699401117442049,0.47690823801942045,0,3352.913641691208,1.9932352855575706,1.3549327162617402,3.938341655201417,2.88189561540931,11.49515357180125
17.0,69.0,0.5,0,Infeasible_Problem_Detected,5.986396845933748,4.964879368064924,5.041795582045913,0.6952118901673497,0.5408948168934489,0,1774.1902582645416,2.0950705582813787,1.2939740416347574,3.696370406522041,2.8437048667555644,11.497164826949538
17.0,69.0,0.562,1,Solve_Succeeded,3.5674584729355914,3.939571602144619,4.538980301005451,0.6651871457035319,0.6016286556296196,0,483.6829524040222,1.8090422242211435,1.2953215107344083,3.567458482093552,2.8230918858980885,6.851476628132
17.0,69.0,0.625,1,Solve_Succeeded,3.341314066424474,3.905383875527777,4.928786020577627,0.6387619371202279,0.6625742315953072,0,6831.943001270294,1.5087101414717186,1.2826301855976647,3.3413140802807795,2.7092534534070483,6.4171553522017115
17.0,69.0,0.688,1,Solve_Succeeded,3.2061927338927934,3.8696710921775455,4.963570777676858,0.594959948665223,0.7224976440391309,0,1383.923558473587,2.1354800126907554,1.2952986100151234,3.2061927252966362,2.5014829774110146,6.157648294494868
17.0,69.0,0.75,1,Solve_Succeeded,3.2466402518730533,3.847120883076531,5.460179767600907,0.5937398344516984,0.7849258726148058,0,14257.10655617714,1.705035423648095,1.2349966866953663,3.2466402620701356,2.611078289410266,6.2353297100488545
17.0,69.0,0.812,1,Solve_Succeeded,3.3285953952073677,3.8522306689969223,5.890282250168594,0.5813044352708349,0.8466943785453431,0,628.4877598285675,1.591574054474551,1.2117928582395086,3.328595401051174,2.688959676860741,6.392728528667255
17.0,69.0,0.875,1,Solve_Succeeded,3.4323741088048227,3.987007616832031,6.6868302608590495,0.5710772738623194,0.9085927808154307,0,807.6196796894073,1.5306428883461602,1.1658424694104093,3.4323741066600864,2.7915569454106897,6.592040570028024
17.0,69.0,0.938,1,Solve_Succeeded,3.4315925643048546,3.8457754547998233,6.602251830976169,0.5652823516318997,0.9707519030371706,0,1060.5779650211334,1.3644536632882873,1.1624679390143184,3.43159257415089,2.7700391925630474,6.5905395759965595
17.0,72.0,0.0,1,Solve_Succeeded,3.951690915881464,4.026673437841189,6.1184583765866085,0.5319728167067352,0.031292518637528965,0,1644.315752029419,1.7497865769576697,1.3639907559106625,3.9516909169581202,2.9480510653083463,7.273188060151068
17.0,72.0,0.062,1,Solve_Succeeded,3.7023451338347866,4.481597151339511,7.233658926348186,0.5577217620217223,0.09530716247186595,0,1431.886126279831,1.63880258249981,1.3002669520811103,3.7023451441562387,2.9293113797872983,6.814260779795591
17.0,72.0,0.125,1,Solve_Succeeded,3.5883474489045035,4.9558378408918395,8.486588950009457,0.5682985712432588,0.1584293277201916,0,791.3663172721863,1.6282340069272558,1.3158424690099613,3.5883474352944904,2.8315888742447135,6.60444512908576
17.0,72.0,0.188,1,Solve_Succeeded,3.4919411099428466,5.1656171525518655,8.95735913345706,0.5679991349710558,0.22091171382182687,0,1047.6850669384003,1.6985270819049898,1.3838678499874668,3.491941055642881,2.7239759918393696,6.427006799928787
17.0,72.0,0.25,1,Solve_Succeeded,1.2612421645562328,4.076949339079722,5.661902077055808,0.472088899010547,0.27776993523591453,0,364.7124423980713,1.2612421317909823,1.2612421643800023,1.2612421709156079,0.04539928509673589,2.3213484170391645
17.0,72.0,0.312,1,Solve_Succeeded,1.4663661653531115,4.376608471983364,5.9999971566539365,0.4767068393166902,0.3405415787833346,0,402.22620129585266,1.295969614653022,1.4663660999416357,1.446001629731601,0.05403296555037383,2.6988843795433297
17.0,72.0,0.375,0,Infeasible_Problem_Detected,5.987436881815104,5.838474601558218,5.999991374666841,0.6829485594051485,0.4151734408413597,0,4736.826656341553,1.6984405211495657,1.3639501693745246,3.9279441984613364,2.9622164588184607,11.020030505096324
17.0,72.0,0.438,0,Maximum_Iterations_Exceeded,5.9824845493855285,5.453354065065879,5.99999948599467,0.6626643014290635,0.47648025248992765,0,29115.34195613861,1.9396811275217212,1.3873287768285996,3.963883873510112,2.972650763965397,11.010915610773
17.0,72.0,0.5,0,Infeasible_Problem_Detected,5.988941960046282,8.649726209301676,11.999999756388474,0.720187821509644,0.5423639896953609,0,1545.7659094333649,1.833913589083957,1.3521004572680786,3.9540233986741313,2.971076259992294,11.022800640021755
17.0,72.0,0.562,0,Infeasible_Problem_Detected,5.989261294407895,9.039394809931498,11.999999379814197,0.7606505774186831,0.6072441515990761,0,3761.5855741500854,2.981085273624415,1.664880317717067,5.680271545500922,4.015391224780636,11.023388383070369
17.0,72.0,0.625,1,Solve_Succeeded,3.5693578461386983,4.331163278626597,5.354609724895289,0.6440662072842829,0.6628862474873107,0,7885.634548664093,1.4822689761469652,1.3033042065223266,3.569357855100819,2.882481268156412,6.569494280185054
17.0,72.0,0.688,1,Solve_Succeeded,3.3529925135658902,4.592765516832262,6.5747929104043985,0.5717525194733154,0.7211325011454889,0,876.4696819782257,2.0844204502488686,1.3743978457841879,3.3529925198358193,2.527571149540043,6.171268359434332
17.0,72.0,0.75,1,Solve_Succeeded,3.4060063034710915,4.590748565143197,7.131647258144871,0.5702062455753483,0.7835415438573735,0,1097.387823343277,1.9013623736824177,1.3802959645904507,3.406006312847972,2.6163651044017553,6.268841593771121
17.0,72.0,0.812,1,Solve_Succeeded,3.4920475226563794,4.624483583090036,7.552727913129459,0.5655665295830037,0.8457686193872354,0,1256.4985542297363,1.7134939967874163,1.3767847378620128,3.492047531959653,2.7245498446297223,6.427202655245912
17.0,72.0,0.875,1,Solve_Succeeded,3.596611530793832,4.343821283545474,6.802885516966393,0.5625689327236967,0.9080922901602176,0,1379.727890253067,1.5983081482588102,1.3211525352253581,3.5966115307319537,2.850196019741638,6.6196553828745905
17.0,72.0,0.938,1,Solve_Succeeded,3.585598284392074,4.087148733592518,6.35512081558543,0.5580404490171029,0.9703259087657121,0,638.8376684188843,1.5125584472588907,1.3443760358611958,3.585598293770752,2.8158364563738845,6.599385221584686
17.0,75.0,0.0,1,Solve_Succeeded,4.2064540624167766,4.106213942430159,5.35711052472343,0.528175990224633,0.031069175895916016,0,1662.3392429351807,1.8897544998845124,1.4417707797470631,4.2064540729583895,3.088186553589263,7.432402692683397
17.0,75.0,0.062,1,Solve_Succeeded,3.8879376467328135,4.738194021616489,6.913166997933428,0.5545968436540424,0.09512334374435545,0,1413.4876880645752,1.751947118473211,1.3710238030116064,3.8879376262918495,3.0562970444939275,6.869614598372624
17.0,75.0,0.125,1,Solve_Succeeded,3.7655928173864184,5.27201209412375,8.212281081327097,0.5655831958742005,0.15826959975730592,0,1144.8048334121704,1.6879263835353133,1.3610917354088454,3.7655927997382075,2.982377049535488,6.6534429664999575
17.0,75.0,0.188,1,Solve_Succeeded,3.6673946764823815,5.113735508543325,7.5151060117696735,0.5658444488783226,0.22078496758107805,0,627.7435307502747,1.824814593249366,1.434345823364243,3.6673946858475936,2.864562206220648,6.479936227559763
17.0,75.0,0.25,1,Solve_Succeeded,1.3658695529909235,4.448602049309262,5.680143044859247,0.47829069842234023,0.2781347469660201,0,358.00130701065063,1.3658695079507253,1.365869544100726,1.352403289613195,0.051687846097315894,2.4133610858147474
17.0,75.0,0.312,1,Solve_Succeeded,3.8273403406674347,4.592016943021598,4.984185825837378,0.6246051654964112,0.34924148032331837,0,15616.895631551743,1.4601329872247257,1.4657646121815175,3.827340344494103,3.0326903225502515,6.762544944434476
17.0,75.0,0.375,0,Infeasible_Problem_Detected,5.987507399444,5.833948079036,5.504059568476912,0.6783575335107009,0.41490338380543035,0,18763.62740778923,1.6472610984690228,1.497840806032348,4.276277086711944,3.1548956657098612,10.57935388280965
17.0,75.0,0.438,0,Maximum_Iterations_Exceeded,5.989029033114796,9.09980023540327,11.999806605321991,0.7121645643159551,0.4793916033155688,0,3699.960481405258,2.309964791242365,1.4244753867694626,4.93227133101273,3.6019442183672554,10.582042464219143
17.0,75.0,0.5,0,Restoration_Failed,5.988529239944801,8.184696152712423,9.15853237640277,0.7332342943662818,0.543131428962846,0,5674.0636348724365,2.3669425330560583,1.4784565998285366,4.649839860003064,3.5135460052121474,10.581159377408415
17.0,75.0,0.562,0,Maximum_CpuTime_Exceeded,5.987910416378991,6.157429415585767,6.1043282919847766,0.6944889279817017,0.6033257536836542,0,6772.480021953583,2.202109553004026,1.4720733373516042,4.155136051153444,3.1197036146538593,10.5800659752534
17.0,75.0,0.625,1,Solve_Succeeded,3.776293355855818,4.60047279468571,4.971787348470348,0.643257475066683,0.6628386750039226,0,251.68197464942932,1.4653107258186848,1.4104182860801957,3.776293401191994,3.004738896504603,6.672349796279392
17.0,75.0,0.688,1,Solve_Succeeded,3.562318882857141,4.797184850960706,5.971700831417597,0.5724977781476178,0.7211763398910361,0,664.8350536823273,2.1445111982228386,1.423744512014272,3.5623188828217147,2.6745645225714125,6.294277332945
17.0,75.0,0.75,1,Solve_Succeeded,3.5773452634269143,4.689950418829065,6.115939597970224,0.5778562546070092,0.7839915443886476,0,565.1834561824799,1.8761794053901337,1.4024948476572716,3.5773452728987274,2.753416541151666,6.320827512680922
17.0,75.0,0.812,1,Solve_Succeeded,3.665842031720268,4.879103540593596,7.047401476314771,0.5748844843907476,0.8463167343759261,0,789.1792616844177,1.7530293744370578,1.3882407758670932,3.665841961157491,2.8636490455410657,6.477192852512876
17.0,75.0,0.875,1,Solve_Succeeded,3.7633906576297127,4.894792236251492,7.286553926336403,0.5734826791761662,0.9087342752456569,0,1030.6224744319916,1.6555795022800692,1.3412297401390365,3.763390651960749,2.9815363961729733,6.649551960473838
17.0,75.0,0.938,1,Solve_Succeeded,3.7516746033518364,4.544017253764942,6.668429024766496,0.5676677688728599,0.9708922216984035,0,416.36068844795227,1.581277855268413,1.406829058887678,3.7516746129145746,2.9512485961235124,6.628850811223089
18.0,60.0,0.0,1,Solved_To_Acceptable_Level,1.221651878958128,2.895736809510202,7.043367424588912,0.4363780219462544,0.02424322344145856,0,457.3351819515228,1.0396221871301285,1.2216518850498668,1.2216518889529042,0.3665505575310478,2.698177782272454
18.0,60.0,0.062,1,Solved_To_Acceptable_Level,1.1963660199253061,3.7009266873610667,10.426861386481765,0.44785272079176325,0.08738070671065341,0,578.9873633384705,1.19636602296193,1.196366029991025,1.1963660296938945,0.31343211167575863,2.64233065902633
18.0,60.0,0.125,1,Solve_Succeeded,1.0888159242603512,3.3972492147491473,9.19298554878702,0.4427727103431734,0.14959848390795413,0,991.8877379894257,1.0888137265296427,1.0888156722287103,1.0888155351475852,0.16497941730053342,2.4047922214380844
18.0,60.0,0.188,1,Solve_Succeeded,1.0549777857047815,3.6869651737225837,10.210227889318578,0.4606357803470322,0.21309087668594628,0,638.081075668335,1.0549777807286,1.0549777881177838,1.0549777874535846,0.09887054564766791,2.3300562715192252
18.0,60.0,0.25,1,Solve_Succeeded,1.0308262773085413,2.859752792101361,5.754239952738197,0.4724483661326015,0.2762471314518111,0,268.8866786956787,1.0308244581005566,1.0308259413336776,1.0308256343416382,0.04464420858331981,2.2767145098557657
18.0,60.0,0.312,1,Solve_Succeeded,1.0716194377896924,2.9880653711729455,5.947565193166295,0.4964296616666177,0.34007942564814564,0,335.6208143234253,1.0716193986747744,1.0716194738877296,1.0716194465353375,0.039050953278736124,2.3668115343639142
18.0,60.0,0.375,1,Solve_Succeeded,2.444033567097631,3.429307394248397,5.999999616890424,0.6980997837572822,0.4137833213198492,0,332.684663772583,1.5375152062449344,1.5220314835337525,2.44403357190995,1.713286677310828,5.397967443470813
18.0,60.0,0.438,0,Infeasible_Problem_Detected,5.98718558777827,4.186309782001303,5.61620544191724,0.6859760463577413,0.47560977428920914,0,2281.049479007721,1.7088690238504818,1.4301180243197007,3.9863050718541264,2.556187044038211,13.223481590403926
18.0,60.0,0.5,0,Maximum_CpuTime_Exceeded,5.984757159171154,4.465047220161992,5.95079362351798,0.7047080020642045,0.5391505959120296,0,29617.79740548134,2.01095605340818,1.1132066482528598,3.299903311965825,2.4781410252157756,13.218118088553346
18.0,60.0,0.562,1,Solve_Succeeded,2.4364206010344436,3.4321675278893053,5.966479769955469,0.7241713848470186,0.6027317436026122,0,352.75837993621826,1.5331173123925417,1.5486547348158608,2.436420604657047,1.6709998286217187,5.381153213293878
18.0,60.0,0.625,1,Solve_Succeeded,1.2690449502365106,3.142550382978068,5.973908751623183,0.578961190506424,0.6571645105836902,0,465.39965200424194,1.1435655104587414,1.2690449560242643,1.2690449600406997,0.4770325914621882,2.8028515720480183
18.0,60.0,0.688,1,Solve_Succeeded,1.031590227681311,2.904507736062948,5.8745110518799875,0.4947899632488683,0.7149883312916037,0,361.1455054283142,1.0315899019645334,1.0315901948879043,1.0315901824694818,0.04052440828204924,2.278401794063378
18.0,60.0,0.75,1,Solve_Succeeded,1.031499291379893,2.8122660144799587,5.776674033805016,0.4723518934712961,0.7762417718595164,0,518.9218864440918,1.0314992826549763,1.0314992947855033,1.0314992966785008,0.03734689798369927,2.2782009493609596
18.0,60.0,0.812,1,Solve_Succeeded,1.0488114373699706,2.892261624430586,6.606358863111998,0.45761143102227925,0.8379228572790155,0,629.6082668304443,1.0488114126977346,1.0488114394636194,1.048811437412737,0.07350362577499628,2.316437085594566
18.0,60.0,0.875,1,Solve_Succeeded,1.0949371063825861,3.0258695311646298,7.5642075545501335,0.4449642329441179,0.899720235163562,0,598.0785338878632,1.0949371102530103,1.0949371124756637,1.0949371162368369,0.16968819345229522,2.418311651881349
18.0,60.0,0.938,1,Solve_Succeeded,1.1237699511427681,2.8871910003714802,7.199098189366684,0.44291874547788374,0.9621065969838251,0,500.2111449241638,1.0622479138905783,1.1237698994696315,1.123769907547043,0.26486507480831034,2.4819927565164774
18.0,63.0,0.0,1,Solved_To_Acceptable_Level,1.2694135790290362,3.155206603325027,7.0139692748926405,0.43719245811023455,0.024288469895013085,0,824.0588591098785,1.0817483713673077,1.2694135850895996,1.2694135890229619,0.3553173258161256,2.670157844664089
18.0,63.0,0.062,1,Solve_Succeeded,1.1977013602722222,3.2128519412964547,7.127872230716789,0.44034151595175847,0.08696341755287544,0,1728.4094994068146,1.1976972481913213,1.1977012841231778,1.197701270075398,0.26439540901913033,2.519314221565116
18.0,63.0,0.125,1,Solve_Succeeded,1.1487122885943688,3.8758461497910184,9.778872475718089,0.4432735129894163,0.14962630627718987,0,1198.7790222167969,1.1487120668706545,1.148712264208429,1.1487122547492181,0.15900724451698656,2.4162677785425934
18.0,63.0,0.188,1,Solve_Succeeded,1.1118296007320327,4.00830138742964,10.027747347462286,0.45621565433868067,0.21284531412992674,0,661.8698530197144,1.111829524366011,1.1118295856507372,1.1118295502502247,0.08825351367392012,2.3386866025138624
18.0,63.0,0.25,1,Solve_Succeeded,1.082248272071893,3.1954851255128602,5.860567296584471,0.46845919215299375,0.2760255106751664,0,187.07311725616455,1.0822478454782505,1.0822482036096006,1.082248175577903,0.04255800499655873,2.276463527164475
18.0,63.0,0.312,1,Solve_Succeeded,1.1305415579469706,3.266836616681208,5.826374231339581,0.48608320065969063,0.3395046222588718,0,515.8179407119751,1.1285002014207266,1.1305416104106258,1.1305415623877448,0.044534677515931494,2.37804641414019
18.0,63.0,0.375,1,Solve_Succeeded,3.1972004669641416,3.5562090880095547,6.000000059986285,0.6790741995464052,0.4127263444192448,0,4532.067762374878,1.7941581375881528,1.7088975584421031,3.1972004770003677,2.1704829123015945,6.725176135549057
18.0,63.0,0.438,0,Infeasible_Problem_Detected,5.986991310003709,4.565313825724312,5.99999511806319,0.6746136772889042,0.4749785364733172,0,2577.73371386528,1.6871741275330812,1.185104895674806,3.521231432773665,2.6053362075519853,12.5933833357682
18.0,63.0,0.5,0,Infeasible_Problem_Detected,5.987227759300606,4.735491155104038,5.999999991858125,0.7143417881513963,0.5396856549085367,0,26378.293842077255,1.9157860798708857,1.2353311451642348,3.525629685268126,2.607711073978001,12.59388069687683
18.0,63.0,0.562,1,Solve_Succeeded,3.3363987918105718,3.8491438250858834,7.123241413346799,0.7013964627825099,0.6014664701545838,0,3297.1911103725433,1.515296170079526,1.3267008323325389,3.3363988015788135,2.2533867306854205,7.017973932258536
18.0,63.0,0.625,1,Solved_To_Acceptable_Level,1.4866406413318405,3.7853106315029095,7.596808761116586,0.5841134911246231,0.6574507495069235,0,1204.5444407463074,1.4866406480564884,1.4178598503979776,1.48664065208281,0.6498304826179297,3.1270857947533166
18.0,63.0,0.688,1,Solve_Succeeded,1.0846551844034038,3.5508009607615296,7.4410618556975905,0.4896156247592278,0.7147008680421794,0,868.4562468528748,1.0831459218453072,1.0846551870039258,1.0846551918669365,0.03998701783755502,2.2815263655881184
18.0,63.0,0.75,1,Solve_Succeeded,1.084555858414687,3.4381129348845088,7.278987010083477,0.47274756490948294,0.7762637536060824,0,269.99789786338806,0.9749710108410549,1.0845558588877127,1.0845558562902768,0.03776576693867864,2.281317437566288
18.0,63.0,0.812,1,Solve_Succeeded,1.1107191121316835,3.6391106199645593,8.546203995125667,0.45723584620429136,0.8379019914557939,0,559.8843784332275,1.1107025383074394,1.110717275827576,1.1107138701917105,0.07224276235440533,2.336350736649011
18.0,63.0,0.875,1,Solve_Succeeded,1.1477558951406905,3.4172929255456914,7.947527145897441,0.441649221385285,0.8995360678547376,0,483.6381697654724,1.1094981622089697,1.1477559010379612,1.1477559051188242,0.1406984443995012,2.414256045309932
18.0,63.0,0.938,1,Solve_Succeeded,1.1773029557268218,3.1603395320857897,7.1317480337579395,0.4457088609858134,0.9622616033881006,0,454.76476764678955,1.0610841057266467,1.1773029126268637,1.1773029127320602,0.2634560191721692,2.4764070392130932
18.0,66.0,0.0,1,Solve_Succeeded,3.5533003007377553,3.339627430129401,5.875211226088822,0.5287359095258791,0.029374217195882107,0,755.0459868907928,1.839319646835859,1.1872725314560029,3.5533003095367572,2.719381729086766,7.134479953910793
18.0,66.0,0.062,1,Solve_Succeeded,3.3713921540266845,3.461193514929461,6.0169416076363,0.5464585804800955,0.09285881002667197,0,608.6847848892212,1.7280693056919534,1.1510665479429771,3.371392163118008,2.6689681532789735,6.769236401066768
18.0,66.0,0.125,1,Solve_Succeeded,3.262309703099665,4.265237190881615,8.994210665819484,0.5555272241963269,0.15586262356646252,0,1033.065761566162,1.724714457866258,1.2119707451981834,3.2623094306193607,2.5841894620850807,6.550215633443863
18.0,66.0,0.188,1,Solve_Succeeded,3.1595853351583316,4.229015768596418,8.531713760496723,0.561950475802619,0.21871947087792323,0,1314.5453743934631,1.8111567901590546,1.2363857311228565,3.1595853334114175,2.4866601605430887,6.343960917594647
18.0,66.0,0.25,1,Solve_Succeeded,1.14052889559245,3.4350744766686647,5.755542477445419,0.4707599819962487,0.2761533323331247,0,286.5884394645691,1.1405271468647147,1.1405285508935674,1.1405286069523313,0.04468568122354523,2.29000643170263
18.0,66.0,0.312,1,Solve_Succeeded,1.1954772525382293,3.6222120335260914,5.84460766500217,0.4866894514903639,0.33953830286057557,0,287.7849283218384,1.1954771544773588,1.1954772622500942,1.1954772616809433,0.04480396664786775,2.4003342728503663
18.0,66.0,0.375,1,Solve_Succeeded,3.4084949194686995,3.934730420965464,5.970710615271075,0.6709190974489454,0.41227328319160805,0,809.1059322357178,1.5655647781715216,1.2166700741548517,3.408494929037787,2.6751843051325834,6.843733041901136
18.0,66.0,0.438,0,Maximum_Iterations_Exceeded,5.987296653458195,5.200241744828471,5.993730680349738,0.6744756631484045,0.47496904803993917,0,30571.403550624847,1.7707052724610854,1.266631384158462,3.7682638477228227,2.7668567743227968,12.021569903153326
18.0,66.0,0.5,0,Infeasible_Problem_Detected,5.988838093350795,6.722313460869647,8.709217726359245,0.7175577614893969,0.5398643201780455,0,4788.021015405655,2.074757059781823,1.277698773575101,3.856360682270261,2.7862184000953625,12.024664877144584
18.0,66.0,0.562,1,Solve_Succeeded,3.3378301113603728,3.9202184433818767,6.187546738369587,0.6716651467454051,0.5998147303747445,0,701.9262907505035,1.461174921679345,1.1762990986014141,3.337830121432761,2.6502741216966568,6.701848986452421
18.0,66.0,0.625,1,Solve_Succeeded,3.182026521392649,3.8429252044070554,6.184670377348367,0.6424892386414508,0.6606938465911916,0,1040.0869131088257,1.8793122710868368,1.1943154442232344,3.182026528221539,2.5036682874557674,6.389019364610082
18.0,66.0,0.688,1,Solve_Succeeded,3.1325645472842205,3.7647406331607325,6.211496693374652,0.6155089852500353,0.7216949436250018,0,1050.6207542419434,1.9926814821352392,1.2143261940462795,3.1325645573879397,2.421634036533966,6.289707335541171
18.0,66.0,0.75,1,Solved_To_Acceptable_Level,3.3167530653227875,4.313614341146188,8.580134556138574,0.6159736093508584,0.7842207560750478,0,377.4104838371277,1.6110526355001569,1.186099218642589,3.3167530754682892,2.574685988366905,6.659529522935197
18.0,66.0,0.812,1,Solve_Succeeded,3.162956948504083,3.705124613432691,6.721174411272968,0.5666130204364997,0.8439785011353611,0,1625.7993111610413,1.8840792745886317,1.2095921193549466,3.162956955834236,2.484401639859909,6.350730598114645
18.0,66.0,0.875,1,Solve_Succeeded,3.260067166248951,3.6594954659632064,6.785583470308945,0.5600172942536662,0.9061120719029816,0,948.6359524726868,1.788864001682848,1.1707231942914071,3.2600671718873437,2.5868496098644713,6.5457129646984145
18.0,66.0,0.938,1,Solve_Succeeded,3.2925805634860463,3.5519920108077327,6.682078690796639,0.5590819985937138,0.9685601110285194,0,1097.9383096694946,1.636367449558773,1.1341128000819396,3.2925805631982485,2.6252025630602183,6.610994860735582
18.0,69.0,0.0,1,Solve_Succeeded,3.753433378827746,3.330032411366762,4.582348449039355,0.5401511759000391,0.03000839866111329,0,1656.691759109497,1.4393439292045438,1.2961260025889962,3.7534333801686075,2.8206173527213343,7.208650434304051
18.0,69.0,0.062,1,Solve_Succeeded,3.4946070403242726,4.226738386973826,7.499339408039958,0.5682898422125888,0.09407165790069942,0,1910.741047859192,1.5054229710849447,1.216867110300751,3.4946070485304213,2.8110401670683913,6.711561926489614
18.0,69.0,0.125,1,Solve_Succeeded,3.3948736136897737,4.560385139474884,8.38098303262302,0.5814692236444101,0.15730384575802286,0,1626.1357560157776,1.5754309237217985,1.2486003369710401,3.3948736232020895,2.732806123409882,6.520019054494387
18.0,69.0,0.188,1,Solve_Succeeded,3.326139591364398,4.5779772722858265,8.242154656569157,0.5768184839931766,0.2195454713329542,0,1268.313196182251,1.6531918470050302,1.2773574890676533,3.326139600109645,2.660511986154318,6.38801203854942
18.0,69.0,0.25,1,Solve_Succeeded,1.2009456619683798,3.7748962050881802,5.775591847287812,0.4683252886232778,0.27601807159018205,0,243.63580203056335,1.2009448104434577,1.2009455168319203,1.200945518893553,0.046706757595333645,2.306474258090523
18.0,69.0,0.312,1,Solve_Succeeded,1.308239854138934,3.971207045352722,5.917972547900352,0.47663070922863177,0.338979483846035,0,573.861560344696,1.2371927319320661,1.308239857393695,1.3082398505737953,0.05058653527451646,2.5125379461664585
18.0,69.0,0.375,1,Solve_Succeeded,3.6102349299091423,3.8634485984625533,4.303610362859214,0.6503851797374188,0.4111325099854122,0,2845.777132511139,1.8438746673420092,1.3552003903861616,3.6102349051524283,2.8287806403352893,6.9336308837209675
18.0,69.0,0.438,0,Infeasible_Problem_Detected,5.987372166491068,5.526677986830945,5.9999971345833245,0.6786652723043446,0.4752036227440384,0,29827.305881023407,1.8644075195626966,1.3111216288184326,4.131388455037267,2.9783608016787335,11.499037977276053
18.0,69.0,0.5,0,Infeasible_Problem_Detected,5.988974956502697,8.717488965355026,11.99999849150061,0.7772769917549305,0.543182055238208,0,3842.3081765174866,3.1555792668026377,1.3489889509335748,5.0618406080849,3.712851653444845,11.50211621305309
18.0,69.0,0.562,1,Solve_Succeeded,3.5826801644787776,3.9292627471277557,4.4884636751814355,0.6671735501849455,0.5995651972324969,0,762.4099268913269,1.7466450786136587,1.2970770097181088,3.5826801679381406,2.8277637068231685,6.880710623324929
18.0,69.0,0.625,1,Solve_Succeeded,3.3440838149052343,3.838842428413561,4.683866392865084,0.639630851033986,0.6605350472796658,0,1087.892427444458,1.426527144766035,1.2640410633450623,3.344083824698048,2.7262493278083735,6.422474788188339
18.0,69.0,0.688,1,Solve_Succeeded,3.2123424378351975,3.871882144994587,4.993992298880336,0.5873800121287298,0.7201322228960405,0,844.9233651161194,1.962399462627225,1.304081864944464,3.212342448221802,2.481606425822361,6.169459098503091
18.0,69.0,0.75,1,Solve_Succeeded,3.2652766317626565,3.7758332256790013,5.2627104478778906,0.579813471823117,0.7822118595457286,0,700.5032720565796,1.6686794363770754,1.3338825963767769,3.2652766467584,2.5640504897883187,6.2711217794493255
18.0,69.0,0.812,1,Solve_Succeeded,3.3365301189688923,3.9097651018375608,6.177636051418077,0.5731026296964638,0.8443390349844128,0,774.3395552635193,1.5919633324318356,1.259135202891399,3.3365301184948857,2.6706772144685047,6.407967549615979
18.0,69.0,0.875,1,Solve_Succeeded,3.429859273375504,3.8548203566145425,6.273985073945774,0.5675759794512455,0.9065319988584027,0,685.4617397785187,1.4626364778519911,1.2195151373174014,3.4298592837359414,2.7721244195751553,6.587210706892044
18.0,69.0,0.938,1,Solve_Succeeded,3.462677882283469,3.8098853555345116,6.48326246168617,0.5626316529800761,0.9687573140544485,0,946.7383568286896,1.364467220232427,1.1739851544331446,3.4626778911354537,2.798018090853277,6.650240433406477
18.0,72.0,0.0,1,Solve_Succeeded,1.6771469770637049,3.5717162661037527,5.2004622127968565,0.43585664861626733,0.024214258256459214,0,3034.698042154312,1.212011403329506,1.645200981571861,1.6771469866454907,0.5206609319523612,3.086831847013841
18.0,72.0,0.062,1,Solve_Succeeded,1.4292727501001603,4.074640205047666,6.655657316693356,0.4513656656992261,0.08757587031662359,0,486.7676513195038,1.428697331072231,1.429272744021145,1.4292727493238628,0.37936881035366005,2.63061300137361
18.0,72.0,0.125,1,Solve_Succeeded,1.360662396469392,4.495852927156898,7.854756342702632,0.4552626860802696,0.15029237144890376,0,370.682893037796,1.360662391386863,1.3606624009412052,1.3606624045615359,0.24602761533944756,2.5043338931507098
18.0,72.0,0.188,1,Solve_Succeeded,1.2996880897030274,5.040482755755477,9.348666735598686,0.4594794849722809,0.21302663805401562,0,697.7713568210602,1.2996880023797337,1.2996880761802256,1.299688065325706,0.10390916165973878,2.39210912421273
18.0,72.0,0.25,1,Solve_Succeeded,1.259980291466513,4.06729574600733,5.641439954847789,0.4724329258970065,0.2762462736609448,0,369.99501848220825,1.2599801599463012,1.2599802747459505,1.2599802804630162,0.04599355286400781,2.319025907388247
18.0,72.0,0.312,1,Solve_Succeeded,1.443524694028757,4.3517597601940015,5.999999464515169,0.4761488646686748,0.3389527147038154,0,486.9772126674652,1.3643255680358908,1.4435246888103646,1.4431480572110105,0.05345828975756304,2.6568440681806886
18.0,72.0,0.375,0,Maximum_CpuTime_Exceeded,5.98583876708816,5.437987733988485,5.311267389648298,0.6786141183389442,0.412688531219507,0,4165.34557056427,1.5106018875953247,1.4371449062524162,4.069450420559772,3.004179350957331,11.017089134124205
18.0,72.0,0.438,0,Infeasible_Problem_Detected,5.9874445772962535,5.226407526582075,5.050188141176236,0.6739847322070737,0.47494359422426413,0,3010.187450170517,1.4847871518982159,1.3366127289156362,3.9407690684424304,2.9805117901605103,11.020044668825927
18.0,72.0,0.5,0,Infeasible_Problem_Detected,5.987446518189386,5.671278132288904,5.628862253382909,0.7078776371874703,0.5393265356566561,0,24923.01590538025,2.071931584969853,1.4397613096576516,3.9717628958355786,2.99702115293932,11.02004824108931
18.0,72.0,0.562,1,Solve_Succeeded,3.6490334791951495,6.130791065443791,11.31007685687961,0.6834531885572129,0.6004696215865118,0,2332.400267124176,1.9612809738081152,1.3604869506115516,3.6490334314306665,2.9102172374354827,6.716139317807359
18.0,72.0,0.625,1,Solved_To_Acceptable_Level,3.4981896517858915,5.737097511924024,10.452565819731008,0.6431960828101018,0.6607331157116724,0,1262.7122750282288,2.3780068304363553,1.4141416604466408,3.498189661893755,2.74896308656879,6.438507400783863
18.0,72.0,0.688,1,Solve_Succeeded,3.461370955130145,5.44597340880242,9.701334174778632,0.6172437736143178,0.7217913207563511,0,1454.972445487976,1.9883979708739594,1.352287337496667,3.4613709638829895,2.7008234667370465,6.370741649208839
18.0,72.0,0.75,1,Solve_Succeeded,3.5005626289307235,5.125918054489775,8.883557972483002,0.6105267826069165,0.7839181545892733,0,940.82044506073,2.0527475154552435,1.3344561896949154,3.500562637949529,2.771796544813027,6.442874925826737
18.0,72.0,0.812,1,Solve_Succeeded,3.569397555353741,4.835764755223467,8.164149404158627,0.6055050159963936,0.8461391675553551,0,1183.0655364990234,1.9178598367571715,1.2841531313851953,3.5693975622794274,2.877406418600968,6.569567366009546
18.0,72.0,0.875,1,Solve_Succeeded,3.6594557919549224,4.394983228777166,6.954489482005817,0.5888792974282385,0.9077155165237905,0,1133.8884744644165,1.724868852298728,1.2724469862695071,3.6594558007132116,2.9349963769021707,6.735321850636254
18.0,72.0,0.938,1,Solve_Succeeded,3.7098428022049896,4.115789975442003,6.481461025386266,0.5710011607268896,0.9692222867070492,0,956.6049437522888,1.581707384106724,1.3799265061991461,3.709842809923221,2.9241090394794305,6.828060429927634
18.0,75.0,0.0,1,Solve_Succeeded,4.270223488319083,4.752985867564622,7.217356912936752,0.5430551438339923,0.030169730212999585,0,847.3212521076202,1.7467617533541604,1.4244643838388085,4.2702234831424954,3.2984163838614298,7.545077179496849
18.0,75.0,0.062,1,Solve_Succeeded,3.9283802015565623,4.926087959982658,7.611255397935818,0.5444875400872475,0.09274930778262479,0,1068.1278729438782,1.8110816002686287,1.397529957016399,3.928380188867054,3.0950346610465274,6.941072731258622
18.0,75.0,0.125,1,Solve_Succeeded,3.767511773478283,5.16715296480794,8.049119193717324,0.5622667439507886,0.15623704133059946,0,989.3112421035767,1.7962514253730697,1.3079955656576656,3.7675117161235434,3.0446229871101074,6.656833578690816
18.0,75.0,0.188,1,Solve_Succeeded,3.6856224109870146,5.602773337187097,9.152947948595973,0.5694355116351716,0.2191353062019539,0,590.4400866031647,2.031684702769233,1.3258102614171172,3.68562241964758,2.9483367724054235,6.5121428940307435
18.0,75.0,0.25,1,Solve_Succeeded,1.3617760781092894,4.444051288837087,5.635308135878651,0.4789238307326133,0.27660687948514506,0,405.5072090625763,1.3617760716989755,1.3617760801551524,1.342580958408387,0.05297304934700613,2.4061283065471644
18.0,75.0,0.312,1,Solve_Succeeded,3.8018429567169063,4.565657586092559,4.8592824932719925,0.6279690883844518,0.3473871715769139,0,15412.487149953842,1.4395332334525393,1.439942790344108,3.80184295926437,3.0511883373462494,6.717493501504557
18.0,75.0,0.375,0,Maximum_CpuTime_Exceeded,5.986967862894631,5.695751210592592,4.843347328303412,0.6760803298768076,0.41253705799882034,0,20807.238744020462,2.1683156614289545,1.4322601707881955,4.171343044066165,3.124396650307714,10.578400573242298
18.0,75.0,0.438,0,Maximum_Iterations_Exceeded,5.988983762458168,8.918608801339154,11.999456719110505,0.6733633268243159,0.4749082858504888,0,3904.3520789146423,2.1102223063191166,1.4490371029429296,4.155166486704458,3.204109767717223,10.58196247529136
18.0,75.0,0.5,0,Infeasible_Problem_Detected,5.98868103628161,8.302539806073074,9.202761345410524,0.7400780206858714,0.5411154456419626,0,2546.06520485878,2.471533603569269,1.5167046753617492,4.754294261231214,3.4625346682444405,10.581427587041922
18.0,75.0,0.562,1,Solve_Succeeded,3.8713614392133637,6.710219104577167,12.000000109241311,0.5844709579268008,0.5949706087737111,0,5182.008428096771,2.271199964913034,1.4245981086174133,3.871361448697087,2.662779169818528,6.840326022395343
18.0,75.0,0.625,1,Solved_To_Acceptable_Level,3.6501960228370782,6.627149777628564,11.689322249159186,0.5918486160592886,0.6578804786699605,0,395.79799818992615,2.5381366503101854,1.4483789210511504,3.65019603291661,2.6736115023925735,6.449547848709754
18.0,75.0,0.688,1,Solved_To_Acceptable_Level,3.632482717091593,6.290092240649267,10.913300738200544,0.5828834632175055,0.719882414623195,0,502.5775740146637,2.3724455973835323,1.441730309230957,3.632482727090893,2.73631176480301,6.418250128738118
18.0,75.0,0.75,1,Solve_Succeeded,3.602071319286924,5.515742883142416,8.793619376599526,0.5852132220980766,0.7825118456721154,0,938.6946177482605,2.1823440623299435,1.3465542334044671,3.602071329270603,2.8718837677231535,6.364516092521919
18.0,75.0,0.812,1,Solve_Succeeded,3.669329794912142,5.2622770035043125,8.2897553450739,0.5754641043232265,0.8444702280179569,0,702.3641698360443,1.9429536675609564,1.3208794365728518,3.6693298003816506,2.951955275953423,6.4833553970584905
18.0,75.0,0.875,1,Solve_Succeeded,3.763993760183571,4.986539225734194,7.701199408059692,0.5669074356535472,0.9064948575363082,0,544.2663822174072,1.7259808614744272,1.3041149848307987,3.76399376645237,3.048812300690876,6.650617585101791
18.0,75.0,0.938,1,Solve_Succeeded,3.7996655334607774,4.667326439271832,7.094979453549713,0.5624471757941517,0.9687470653218975,0,740.0942203998566,1.6134010402125927,1.3127268444002362,3.7996655058215123,3.069054851399952,6.713646202513097
19.0,60.0,0.0,1,Solved_To_Acceptable_Level,1.2073472168649935,2.9926431358456127,7.612669694025479,0.4321736841599833,0.02274598337684128,0,806.6313934326172,1.07835247844976,1.2073472227347495,1.2073472268585463,0.3378935487788269,2.6665840671500027
19.0,60.0,0.062,1,Solve_Succeeded,1.1307082373025705,2.842066689989452,6.837609842724177,0.43479162141033434,0.0853837695479123,0,987.7928071022034,1.1307080502743347,1.1307082303277047,1.1307082336791876,0.23016087224973006,2.497316867980533
19.0,60.0,0.125,1,Solve_Succeeded,1.0726776071775608,2.862141960659309,6.646475021664475,0.44493661107937854,0.14841771637259882,0,291.46679067611694,1.0726775903727777,1.0726776102177233,1.0726776124623987,0.13333909912607925,2.369148639705792
19.0,60.0,0.188,1,Solve_Succeeded,1.0431171886912636,3.283985752009496,8.33873130701807,0.4527983728841948,0.21133149330969453,0,551.3672029972076,1.043117192995169,1.0431171943007096,1.0431172022933157,0.04830416826611081,2.30386059343976
19.0,60.0,0.25,1,Solve_Succeeded,1.0300378742476592,2.857855888515564,5.757364265561412,0.47362661837555026,0.27492771675660793,0,260.78445768356323,1.030030602566332,1.0300364658114842,1.0300353108010192,0.04594252844499381,2.274973218691738
19.0,60.0,0.312,1,Solve_Succeeded,1.0693496273802485,2.972159835918297,5.829963866836575,0.4874372021618302,0.33815458958746447,0,255.34009313583374,1.0693493310575437,1.069349630874174,1.069349632422846,0.040443795803436496,2.361798361526203
19.0,60.0,0.375,1,Solved_To_Acceptable_Level,2.7703307048196955,3.2596740461037963,5.922644468159719,0.6652320049665256,0.41001221078771194,0,5544.23569393158,1.3775491619132874,1.2648441715970067,2.770330714869491,1.7085200758198256,6.118637302523961
19.0,60.0,0.438,0,Maximum_Iterations_Exceeded,5.987185832566166,4.315330077089646,5.378274239506458,0.6873518544916124,0.4736764080050685,0,35883.84375786781,1.73589305662907,1.1706798796742997,3.7019374791431012,2.5670913135184175,13.223482131049977
19.0,60.0,0.5,0,Maximum_CpuTime_Exceeded,5.9854586524909035,6.716522893629858,11.999908285197087,0.7028440999939676,0.5369796772138365,0,6707.986986398697,1.7081589709541003,1.1814362124652773,3.2866693995931016,2.458794621196575,13.219667428199413
19.0,60.0,0.562,1,Solve_Succeeded,2.745845988983941,3.3052260208193838,6.0371020512069995,0.6899166248856679,0.5988114013097773,0,734.6785576343536,1.6543169342066462,1.2648945407352175,2.7458459989607333,1.7810033030582233,6.064559608697117
19.0,60.0,0.625,1,Solve_Succeeded,2.2773943047327916,3.2508819449290196,6.294394925327069,0.6231052048216372,0.6577950107800761,0,629.1347188949585,1.7308635927769627,1.3915766839732273,2.277394314692157,1.0390661749265684,5.029922861285472
19.0,60.0,0.688,1,Solve_Succeeded,1.0297775626613077,3.074910017259988,6.560550389096221,0.4933808936257652,0.7134674154539875,0,642.848872423172,1.0297775098599347,1.0297775811884322,1.029777565177195,0.039818548577394954,2.274398286543833
19.0,60.0,0.75,1,Solve_Succeeded,1.026086562472929,2.9770195232917454,6.460118681469414,0.47109008698082233,0.7747942151042538,0,151.74814534187317,1.026086508050012,1.0260865581919019,1.0260865528603906,0.038124823068115064,2.266246230402323
19.0,60.0,0.812,1,Solve_Succeeded,1.0426112635780953,2.884169257221366,6.341609959497631,0.44871408769995175,0.8361165309315766,0,217.36801528930664,1.0426112658344235,1.042611269176572,1.0426112748534082,0.05125400716971946,2.302743191728719
19.0,60.0,0.875,1,Solve_Succeeded,1.0812910524355646,2.7933229756188984,6.280804002232049,0.4371142259969448,0.898006011894576,0,257.3364427089691,1.0245188914298482,1.081291054098279,1.0812910564778082,0.12513942806533102,2.388172558896082
19.0,60.0,0.938,1,Solve_Succeeded,1.1292516126579513,2.717183071818151,6.217553370265823,0.432319772802846,0.9602536722523103,0,415.970778465271,0.9629114680565893,1.1292516541285686,1.1292516097274654,0.22952932045220684,2.4940997221463417
19.0,63.0,0.0,1,Solve_Succeeded,1.2531857532507147,3.034461659049182,6.484852335938537,0.43546971187382394,0.022919458519675005,0,532.4916241168976,1.1195354909067643,1.2531857370790864,1.2531857368030188,0.3159272939697053,2.636023298587332
19.0,63.0,0.062,1,Solve_Succeeded,1.1947051707215357,3.4039696250579152,7.990383695337289,0.4365710292121948,0.08547742259011558,0,893.236129283905,1.1947021453277447,1.1947050973475732,1.1947050963226034,0.23710247496202086,2.513011863401447
19.0,63.0,0.125,1,Solve_Succeeded,1.1450537197995283,3.8264131031776856,9.590455446151898,0.442532375728662,0.1482911776699295,0,651.6693806648254,1.145052838220791,1.1450536212162445,1.1450535625667122,0.14496607332375333,2.4085721336171164
19.0,63.0,0.188,1,Solve_Succeeded,1.1082281329132218,4.003238403919513,10.00450665599738,0.45439508231029524,0.21141553064791027,0,817.3935697078705,1.1082281378939243,1.1082281391742765,1.108228143143926,0.06168275927358112,2.331111067079572
19.0,63.0,0.25,1,Solve_Succeeded,1.0861551287422682,3.1836712551752635,5.808841616639951,0.4726778500987778,0.2748777815841461,0,242.34109592437744,1.0861438345374552,1.0861531857901752,1.0861517836062395,0.04360861233508378,2.2846814351486957
19.0,63.0,0.312,1,Solve_Succeeded,1.1284996367893032,3.2580971690447518,5.810847047229248,0.4863598275106651,0.3380978856584562,0,601.8082230091095,1.1284929179494978,1.12849956909311,1.1284995917138683,0.043819779306438704,2.373751319233846
19.0,63.0,0.375,1,Solve_Succeeded,3.1611509709409598,3.550869797155376,6.0000000333174075,0.6752505146855472,0.41053950077292356,0,5240.14059472084,1.7714197252705546,1.807291800131321,3.161150978819131,2.1458863357427416,6.649347543360755
19.0,63.0,0.438,0,Infeasible_Problem_Detected,5.98723176930383,4.825559609066284,5.999986156728922,0.6754677439928185,0.4730509278090592,0,29392.72024321556,1.6836922040877698,1.2232965855717353,3.5586489116581785,2.6279294464448877,12.593889131749233
19.0,63.0,0.5,0,Infeasible_Problem_Detected,5.9888191775539,7.671025748050131,11.999999629335461,0.7789195944170358,0.5409957682374767,0,4215.363495111465,2.966764086080186,1.1817615547363292,4.640602868157992,3.458841309190691,12.597228177952637
19.0,63.0,0.562,1,Solve_Succeeded,3.313875949425148,3.6141136879895646,6.060713084998071,0.6999805853842616,0.5993410834412769,0,846.6913304328918,1.8142620353009837,1.4975208729522518,3.313875959421796,2.321867389778855,6.97059808464426
19.0,63.0,0.625,1,Solve_Succeeded,2.368439325574938,3.7336014814036487,7.2112948347884585,0.6153718630857131,0.6573879927939847,0,1676.2959933280945,1.9264003528013094,1.4440000290597017,2.3684393352798594,1.030279575246373,4.981912080720061
19.0,63.0,0.688,1,Solve_Succeeded,1.2647889911653185,3.61151881293142,7.280475043218408,0.5188560902744987,0.7148082152776051,0,501.8842463493347,1.2647889947694264,1.2647889970686281,1.2647890010456857,0.04471339561136155,2.660430219430956
19.0,63.0,0.75,1,Solve_Succeeded,1.2151538064115945,3.4744394791358992,7.280211830709469,0.5084959306091712,0.7767629437162722,0,933.0436174869537,1.1807165620606093,1.2151537985143104,1.2151538026806308,0.0466366513466094,2.5560247048445426
19.0,63.0,0.812,1,Solve_Succeeded,1.2437031989653138,3.3440996839773383,7.0800846672088795,0.4812865935078616,0.8378308733425189,0,339.74185156822205,1.2302725006287154,1.2437031952324622,1.243703183314681,0.04380226964694778,2.6160771461820747
19.0,63.0,0.875,1,Solve_Succeeded,1.13233888442234,3.123104832213553,6.77703317897767,0.4399700232372048,0.8981563170124847,0,1173.9416770935059,1.1323381581084286,1.1323388649600472,1.1323388564387589,0.09883813491226476,2.381827014463767
19.0,63.0,0.938,1,Solved_To_Acceptable_Level,1.1824978673555064,3.1459260807789944,7.1088993602786195,0.440283710249058,0.9606728268552134,0,270.1823983192444,1.101718914660453,1.1824978731998295,1.1824978773504193,0.22615054789998354,2.4873343163959
19.0,66.0,0.0,1,Solve_Succeeded,1.3268598403310559,2.986761972970066,5.089670625628297,0.4366434427537936,0.022981233829147085,0,2302.6245119571686,1.1894612503128925,1.3268598463635408,1.3268598499696427,0.3495738930772942,2.6641302820720547
19.0,66.0,0.062,1,Solve_Succeeded,1.267682128091998,3.7125443935039737,7.858710306381514,0.4421386676828725,0.08577045619383539,0,1142.3111250400543,1.2676804921335358,1.2676820592780746,1.2676820501719968,0.28557981616338324,2.5453105466277415
19.0,66.0,0.125,1,Solve_Succeeded,1.2115474197348046,4.06839327067391,9.061014249451143,0.4430253142178401,0.14831712180093903,0,1384.435217142105,1.2115464231229438,1.2115473127218284,1.211547266787607,0.16395343109609553,2.432600694491159
19.0,66.0,0.188,1,Solve_Succeeded,1.1609947476921658,4.21344225419298,9.319702343935278,0.45323264869017915,0.21135434993106203,0,946.7189130783081,1.1609946768692647,1.1609947408697296,1.1609947251171988,0.06043254175449345,2.3310987118892523
19.0,66.0,0.25,1,Solve_Succeeded,1.1435305498013806,3.4329779661945636,5.743198011014118,0.4683681531161519,0.27465095542716594,0,226.57540464401245,1.1435278311999508,1.1435301840853531,1.1435299559597267,0.04459299421635576,2.296033291233118
19.0,66.0,0.312,1,Solve_Succeeded,1.192075993141787,3.565028107912182,5.78149245242858,0.48860524407751654,0.33821606547776395,0,699.6877949237823,1.1920755692818341,1.192076045623928,1.1920759989667005,0.045503750484051926,2.3935050676247536
19.0,66.0,0.375,1,Solve_Succeeded,3.3468402156783497,3.771163536741838,5.498401211495394,0.6573760379294972,0.40959873883839487,0,2324.588547229767,1.7213519279346374,1.241864255377178,3.3468401892005737,2.6978090014501364,6.7199398887681925
19.0,66.0,0.438,0,Maximum_Iterations_Exceeded,5.9872940143554505,5.2174979031271755,5.999916874276685,0.671131917399729,0.472822684305698,0,30745.30054283142,1.5229071278590904,1.2997443650544347,3.586958851586857,2.7138960042261093,12.02156460424132
19.0,66.0,0.5,0,Infeasible_Problem_Detected,5.988831776524101,7.923640232373165,12.000000034467059,0.7299237049131952,0.5384170371381412,0,5630.001666307449,1.7417690324778263,1.2452796633563366,3.667046964376363,2.730019074377269,12.024652193929095
19.0,66.0,0.562,1,Solve_Succeeded,3.3460213504866716,3.799077523882136,5.514864243593958,0.6771444909138156,0.5981391837323062,0,491.82100534439087,1.6164302038222098,1.2177399171083012,3.3460213604161826,2.6964708166574614,6.718295733532068
19.0,66.0,0.625,1,Solve_Succeeded,3.167236100374015,3.8233945668350717,6.036600883104655,0.6379967549931505,0.6585787765785869,0,1112.2176396846771,1.4718146971364956,1.2086161907728057,3.167236110851378,2.56774170876908,6.3593224762706875
19.0,66.0,0.688,1,Solve_Succeeded,3.0351381701416273,3.963325810922907,6.637265034548072,0.6050504031343299,0.7193447580597014,0,636.6407132148743,1.9000683854570521,1.2455323701361252,3.035138180289313,2.36925038525565,6.094090169561232
19.0,66.0,0.75,1,Solve_Succeeded,3.079575366232685,3.8409237028928978,6.690864032050871,0.5968125370509505,0.7814111861605764,0,581.8329708576202,1.7084682796617439,1.249907301644954,3.0795752991446563,2.4276601856995916,6.183313217963256
19.0,66.0,0.812,1,Solve_Succeeded,3.142592745252878,3.9061736149004913,7.262088154852601,0.5945303077210763,0.8437910688274253,0,685.0329720973969,1.5895389033469787,1.2038697481306146,3.1425927528100357,2.519476513675157,6.309842413166437
19.0,66.0,0.875,1,Solve_Succeeded,3.2323125608642185,3.733230554012071,6.784921094469215,0.5976324768985913,0.9064543408893995,0,770.9598290920258,1.7443255951881056,1.139939188794578,3.2323125692391406,2.6304125908191947,6.48998599005882
19.0,66.0,0.938,1,Solve_Succeeded,3.3053741245109443,3.6880548038877374,6.892865026271815,0.5836097237377037,0.9682163012493528,0,1273.482108592987,1.4717352309543263,1.1383034485058372,3.3053741218242814,2.6602329296586804,6.636682361635047
19.0,69.0,0.0,1,Solve_Succeeded,3.816063582088422,3.932973207715147,6.973079412861699,0.5358513287029083,0.02820270151067935,0,1132.405368566513,1.670047978547437,1.2659222198332647,3.8160635757615626,2.8655960797409334,7.328934770368818
19.0,69.0,0.062,1,Solve_Succeeded,3.548988783644579,4.244001558602893,7.8556517089537135,0.5466283714288347,0.09126991428572813,0,1089.7282178401947,1.6599549641430071,1.1760670980889383,3.548988791499259,2.8464737778506866,6.816004696092354
19.0,69.0,0.125,1,Solve_Succeeded,3.426934643055243,4.506328677737221,8.535483085301287,0.5599593472195828,0.15447154459050433,0,1185.7065896987915,1.729942141621522,1.165104683551539,3.4269346529478026,2.772514302874357,6.581593812837855
19.0,69.0,0.188,1,Solve_Succeeded,3.33406252798481,4.6474542539105705,8.775771431739798,0.5674180278545968,0.2173641067291893,0,1147.6725270748138,1.8523912052749318,1.206170803379422,3.3340625348762396,2.674395405071906,6.403228421723253
19.0,69.0,0.25,1,Solve_Succeeded,1.2007805055824916,3.7440244670689564,5.713790182220897,0.4683364517229666,0.2746492869327877,0,258.454754114151,1.2007804405522635,1.2007805016654451,1.2007805055982452,0.04535522180872207,2.306157067259435
19.0,69.0,0.312,1,Solve_Succeeded,1.283275226473838,3.971617316365905,5.884424980167695,0.48862767387282396,0.3382172459933063,0,340.50195503234863,1.2832747064260666,1.2832752097720332,1.2832752093155955,0.04981209466650769,2.464592170686507
19.0,69.0,0.375,1,Solve_Succeeded,3.620093694816246,3.985031795796582,4.798107740750891,0.6540050236125945,0.4094213170322416,0,4397.322194576263,1.4448984637446076,1.3017532871345496,3.62009363050256,2.8221041178328155,6.952565118794959
19.0,69.0,0.438,0,Maximum_CpuTime_Exceeded,5.986651735829812,5.47727109655871,5.999673125848821,0.684527185477489,0.47349986289597407,0,34419.00158071518,1.9099262575462737,1.3183530790814901,3.802534318621532,2.8692134791195683,11.497654355329162
19.0,69.0,0.5,0,Infeasible_Problem_Detected,5.988883385286204,8.5004650548467,11.99999724482,0.7422792305769265,0.5390673279972529,0,2974.531919002533,2.0312091948965296,1.3335443028898746,4.080456407994381,2.945468052689433,11.501940346100646
19.0,69.0,0.562,1,Solve_Succeeded,3.6080582741361833,4.005525988432947,4.780945576005891,0.6719290176630915,0.597864685140163,0,331.0308930873871,1.4668301217366193,1.285836354286767,3.6080582838869777,2.821779020910916,6.929450510979684
19.0,69.0,0.625,1,Solve_Succeeded,3.3903211061474545,4.035119978362365,5.597196326249774,0.6362990906192604,0.6584894258220664,0,638.275360584259,1.4856621565746038,1.2691077812382139,3.390321116596981,2.692414485872958,6.511275743461554
19.0,69.0,0.688,1,Solve_Succeeded,3.223840750759637,3.9361772517622517,5.566650730740808,0.5816832148247979,0.7181149060434106,0,596.4896757602692,1.8193303488886632,1.3181845818523528,3.22384076128098,2.4641419700808154,6.191542164882815
19.0,69.0,0.75,1,Solve_Succeeded,3.26669944438157,4.001260759932731,6.2969714928673275,0.5724415676692435,0.7801285035615392,0,869.4654242992401,1.6480012109855906,1.3249358727247156,3.266699428644976,2.5473209219369357,6.273854359934466
19.0,69.0,0.812,1,Solve_Succeeded,3.484232655746962,3.9940295316154453,6.654635203155727,0.5663655853317618,0.842308715017461,0,1010.9656982421875,1.5709639539449531,1.1186124329878313,3.4842326645607304,2.842516285866206,6.69163741888793
19.0,69.0,0.875,1,Solve_Succeeded,3.429106604481293,3.9029289146039687,6.561179295995554,0.5651492934925927,0.904744699657505,0,482.8069908618927,1.4492712876078337,1.1825962372207317,3.429106573684797,2.7814835798760296,6.585765169858737
19.0,69.0,0.938,1,Solve_Succeeded,3.486008094531741,4.14925754524263,7.668993348079171,0.5595035521090322,0.9669475553741598,0,562.6370978355408,1.4443610446049322,1.1735388050405882,3.4860080962847304,2.8247441785177205,6.695047234988349
19.0,72.0,0.0,1,Solve_Succeeded,4.211384365532005,4.005262522816201,5.7595967193233975,0.5521279098140213,0.029059363674422207,0,496.809335231781,1.5624404210717229,1.3420439557328299,4.211384318181605,3.370512185757722,7.751160487019491
19.0,72.0,0.062,1,Solve_Succeeded,3.8478573187275673,4.161931315905233,6.434241598832539,0.542285347537937,0.09104133407977955,0,1423.3291573524475,1.632442862432779,1.3796067587497287,3.84785732625021,2.970847478994411,7.082079672592928
19.0,72.0,0.125,1,Solve_Succeeded,3.661362093691786,4.489305241801452,7.151008415237138,0.5752869445829392,0.15527826024120728,0,996.9874691963196,1.7727429120877989,1.233930769759373,3.661362100310888,2.9710807013587925,6.738830447671483
19.0,72.0,0.188,1,Solve_Succeeded,3.5637181415723425,5.085307491572667,8.793839764901076,0.5860265632206176,0.2183435033274009,0,1136.4050908088684,1.7916066227139371,1.2474195793869718,3.5637181136670995,2.892772916676174,6.559114259887933
19.0,72.0,0.25,1,Solve_Succeeded,1.2612064665156086,4.075301214763331,5.647881845836913,0.472983626794447,0.27489387509444485,0,329.1288571357727,1.2612063853367939,1.2612064536864382,1.2612064587104028,0.04533218420479255,2.3212827138836376
19.0,72.0,0.312,1,Solve_Succeeded,1.4330394429127795,4.364740897527447,5.999999990316746,0.47700600243043356,0.3376055790752859,0,475.7379848957062,1.302249165533499,1.4330394456262368,1.4261685044705752,0.05323056314686472,2.6375456956997017
19.0,72.0,0.375,0,Maximum_CpuTime_Exceeded,5.9858071446479135,5.159464030336278,4.168053840746292,0.6746203753233327,0.4105006049882864,0,4149.414234161377,2.0015210573277535,1.4141996811253266,4.143118391311008,3.015468590622488,11.017030932215267
19.0,72.0,0.438,0,Maximum_Iterations_Exceeded,5.987457621655952,5.132399938547811,4.542082876194723,0.6707209356171431,0.4728010749074656,0,3461.203712463379,1.5742271324912391,1.3417050833824051,3.845537281898415,2.9553314582427372,11.020068677303115
19.0,72.0,0.5,0,Infeasible_Problem_Detected,5.98749114587561,5.190715400368022,4.099822963599037,0.7005187359644666,0.5368694074832926,0,21510.61011838913,1.9782399525332381,1.3473666378138707,3.8841256673969964,2.9737969327367955,11.020130379485632
19.0,72.0,0.562,1,Solve_Succeeded,3.6277674434737337,6.178341436242235,11.732921406459297,0.6756191294896098,0.5980589015520849,0,1931.7539978027344,1.897485726827045,1.326210223767254,3.6277674536908107,2.9178131401881258,6.676998635909862
19.0,72.0,0.625,1,Solved_To_Acceptable_Level,3.479104377334981,5.7328098737351345,10.506900159625314,0.6416315728996177,0.6587700827841904,0,1197.5761399269104,2.337171133641183,1.3658683386662065,3.479104387505995,2.75431940697362,6.4033804657031865
19.0,72.0,0.688,1,Solve_Succeeded,3.4461665514906294,5.535149646900659,10.012546808885071,0.6118445958982157,0.7197023471525379,0,979.7000274658203,2.155813015064061,1.3461251327974917,3.4461665630687044,2.7427361497967806,6.342757555977203
19.0,72.0,0.75,1,Solve_Succeeded,3.490199353679021,5.229485390918274,9.299860136393773,0.6022310027441857,0.7816963685654833,0,1153.1654279232025,1.897530623207575,1.2922075334454555,3.4901993231038526,2.8195907787614427,6.423801053039312
19.0,72.0,0.812,1,Solve_Succeeded,3.5657695729030796,5.032421816580375,8.93004520166507,0.5907276454416345,0.8435909287074543,0,931.5395951271057,1.7888601069118322,1.2562800539320855,3.565769578181966,2.8992416527594855,6.562889971647417
19.0,72.0,0.875,1,Solve_Succeeded,3.655744164307915,4.531875626972559,7.522765068968626,0.5761449294756628,0.9053234173408242,0,842.0094661712646,1.7008017586718511,1.2238962500403128,3.655744169003099,2.9782534035848722,6.728490505153881
19.0,72.0,0.938,1,Solve_Succeeded,3.7517411640440614,4.183576549899298,6.768667147292864,0.5594445837193022,0.9669444517747002,0,608.2420241832733,1.5567209927567578,1.3310625471627433,3.7517411712400635,2.959063303831897,6.905175435011438
19.0,75.0,0.0,1,Solve_Succeeded,2.0944731212530954,4.083247587344475,5.830225554877587,0.462877595419023,0.024361978706264376,0,4907.073739767075,1.3400939012270903,1.6457953182838228,2.094473123635167,0.8685496964229342,3.7007340232810386
19.0,75.0,0.062,1,Solve_Succeeded,1.6523840472837767,4.079728543933447,5.548086049599418,0.4510417260125386,0.08623903821118617,0,1504.9710257053375,1.2585924958853758,1.6523839800023012,1.6523840412855657,0.4541823011594133,2.9196048405965476
19.0,75.0,0.125,1,Solve_Succeeded,1.4510201890956866,5.098067682258387,8.522246608621368,0.45851041314921437,0.1491321270078533,0,851.8007917404175,1.4510119601278224,1.4510200726750526,1.451020108701101,0.2771415400546733,2.5638141295608463
19.0,75.0,0.188,1,Solve_Succeeded,1.4005638364627686,5.438929124193984,9.265911090460794,0.475430972443002,0.2125226827601581,0,1266.10733127594,1.4005629107392847,1.400563723565865,1.400563188992106,0.18812823783796429,2.4746625720714905
19.0,75.0,0.25,1,Solve_Succeeded,1.3958468156303043,4.524787850937974,5.842641936414138,0.48073945318826017,0.2753020764835926,0,208.75388169288635,1.3958465711421593,1.3958467856209051,1.365208849131571,0.05207404069518503,2.466328046645458
19.0,75.0,0.312,1,Solve_Succeeded,3.793942215450081,4.54778529897092,4.781556670678917,0.6305651760827952,0.3456876408464628,0,4872.849146604538,1.4508441918609252,1.4392658625080939,3.793942218871375,3.0506548493792405,6.703533646055189
19.0,75.0,0.375,0,Maximum_CpuTime_Exceeded,5.986383834306813,6.199143210206795,5.998556232334225,0.6805146223371087,0.41080563443983414,0,29129.08536338806,2.1639951526418764,1.512866008258352,4.156968467795853,3.125344632294539,10.57736865049114
19.0,75.0,0.438,0,Maximum_Iterations_Exceeded,5.9890052366879125,9.01662815502279,11.999995516912714,0.7042821883096824,0.47456747887010625,0,10821.779603004456,2.1870874379508107,1.404226459472774,4.6721579564606355,3.50703982562422,10.582000418204942
19.0,75.0,0.5,0,Infeasible_Problem_Detected,5.988079748192895,6.442426120291972,6.544130828764306,0.7072543522378759,0.5372239131717398,0,4346.5726408958435,1.697253962501341,1.4706353217256476,4.127155986927866,3.083787050886001,10.580365168400629
19.0,75.0,0.562,0,Infeasible_Problem_Detected,5.98910242185326,9.461809569514724,11.999998054456196,0.6784598240979518,0.5982084106922787,0,7808.796933412552,2.5808608102050137,1.5210104748147781,5.343848257382969,3.8228377792809023,10.582172135112794
19.0,75.0,0.625,1,Solve_Succeeded,3.773756062852619,4.564535773587779,4.787459223089518,0.6488371410824906,0.6591493232148679,0,140.54631686210632,1.4888472442943141,1.393673360420232,3.7737560719012295,3.0381322510192508,6.667866641805511
19.0,75.0,0.688,1,Solve_Succeeded,3.568980002565012,4.650942908318204,5.509949401443529,0.571687718893094,0.7175888273101629,0,424.4973986148834,2.144338975214726,1.420242067991051,3.5689800098279387,2.675914063668978,6.306046895459756
19.0,75.0,0.75,1,Solve_Succeeded,3.572522027732539,4.465092166242812,5.291077325404823,0.5801906229388308,0.7805363485757278,0,421.09966254234314,1.95968398680135,1.394970547375806,3.5725220368183592,2.758927565378219,6.312305315735372
19.0,75.0,0.812,1,Solve_Succeeded,3.6613653915173927,4.668419008320514,6.340777756494799,0.5778016958191026,0.8429106155694266,0,589.1774291992188,1.7464323507929225,1.383978534369552,3.6613654012163384,2.8665909764290003,6.469283056707591
19.0,75.0,0.875,1,Solve_Succeeded,3.7609638548808286,4.714746919142551,6.793413310930561,0.5743412061934446,0.9052284845364975,0,792.3989856243134,1.6246299387966905,1.3595049577924718,3.7609638451356724,2.972490445164159,6.645264031729633
19.0,75.0,0.938,1,Solve_Succeeded,3.8126916498197017,4.7906873156134875,7.235991530563191,0.5740233053372996,0.967711752912489,0,1213.0242307186127,1.579632625487711,1.3826436378177411,3.8126916588400723,3.02812811707358,6.73666210637528
20.0,60.0,0.0,1,Solved_To_Acceptable_Level,1.2149420640078665,2.9355426100783144,7.298181879139919,0.43412289577019786,0.021706144788509896,0,1079.5326392650604,1.0248477482674376,1.214942069951593,1.214942074001793,0.3586815779489083,2.683358279324204
20.0,60.0,0.062,1,Solve_Succeeded,1.1380393156456647,3.2279769989873905,8.658274152848941,0.43636332579528786,0.08431816628976438,0,1867.1025698184967,1.1380392917981417,1.1380393201914674,1.1380393245365976,0.25334560379024784,2.513508512299293
20.0,60.0,0.125,1,Solve_Succeeded,1.080894646025458,3.1961453679760314,8.293301713517682,0.4402305605737461,0.14701152802868728,0,1510.4918420314789,1.0808946126703673,1.0808946468778948,1.0808946489438505,0.13690608950615968,2.3872970435492613
20.0,60.0,0.188,1,Solve_Succeeded,1.0520871060746806,3.429921187960052,9.040680747117019,0.4593388736682547,0.2104669436915591,0,1183.9461748600006,1.052086641846466,1.0520870225479615,1.0520867840796302,0.07735611872303261,2.323671827891751
20.0,60.0,0.25,1,Solve_Succeeded,1.0308123850321982,3.119489802883957,6.950000795525328,0.4708398589455398,0.27354199294727694,0,284.51855087280273,1.030812356265703,1.0308123855262048,1.0308123857648555,0.040570149886003624,2.27668382694845
20.0,60.0,0.312,1,Solve_Succeeded,1.067123190246019,3.2993994607858443,7.529767276745742,0.48441923965890776,0.33672096198294543,0,327.42098808288574,1.067123160089936,1.0671231944853643,1.0671231994940564,0.04162562854708077,2.3568809842334772
20.0,60.0,0.375,1,Solve_Succeeded,2.377093647882315,3.4895326676166905,6.520971297028657,0.7038390463938006,0.41019195231968997,0,1935.0263392925262,1.528026975849405,1.4656859944937881,2.3770936556887476,1.6508929225995106,5.25012188625044
20.0,60.0,0.438,0,Infeasible_Problem_Detected,5.988769873540509,4.827352402029501,6.4739651048621525,0.6891785242323446,0.4719589261856987,0,9070.600835084915,1.722852761999384,1.180079461408666,3.6083883569850457,2.5316554299064906,13.226980692495177
20.0,60.0,0.5,0,Infeasible_Problem_Detected,5.988733171087257,4.854535195001137,6.763567052649034,0.701877158636636,0.5350938580615674,0,9330.528852939606,2.0051764219253756,1.1253125148935876,3.3358343357200315,2.476899535291696,13.226899630332031
20.0,60.0,0.562,1,Solve_Succeeded,2.4093007589401,3.5524561007294873,6.561859253437277,0.7304318259835474,0.5990215912991774,0,276.5666596889496,1.6086782156714605,1.4668233344350934,2.4093007689033,1.6585002268848275,5.321255498848335
20.0,60.0,0.625,1,Solved_To_Acceptable_Level,1.8355630967436318,3.425884760745603,6.7974619715265465,0.6546682912160225,0.6577334145608006,0,937.5029695034027,1.6689623353689287,1.3609446869530573,1.835563106744899,1.1859291131826986,4.054080913636971
20.0,60.0,0.688,1,Solve_Succeeded,1.032945504253641,3.108708572932928,6.8267294270555885,0.4882188685875432,0.7119109434293783,0,784.0299413204193,1.0329455082437604,1.0329455244901984,1.0329455142649002,0.03883668197909278,2.2813950994388947
20.0,60.0,0.75,1,Solve_Succeeded,1.0330552696819464,3.0278708285746143,6.734625815758632,0.46877547808728665,0.773438773908331,0,350.1641583442688,1.0330533607902062,1.0330551246093231,1.0330547835482802,0.03694490324561494,2.28163753072805
20.0,60.0,0.812,1,Solve_Succeeded,1.0527639044503476,3.0636387995619323,7.301254955470651,0.45395384175437276,0.8351976920877184,0,526.6813917160034,1.0527628794450536,1.0527638734524973,1.052763805591362,0.08384296941325985,2.3251666255274412
20.0,60.0,0.875,1,Solve_Succeeded,1.0913260812627956,2.9109579588835794,7.021592399030842,0.4395452360358318,0.8969772618017917,0,464.07758378982544,1.015834030070194,1.091326078939816,1.0913260802193105,0.15730905998113068,2.410336231127479
20.0,60.0,0.938,1,Solve_Succeeded,1.1371389442507192,2.7803348169261812,6.7104524299872255,0.4381428290260243,0.9594071414513013,0,1331.2705109119415,0.9693238556202961,1.1371389302298165,1.1371389345098408,0.26088630306549976,2.511519924440936
20.0,63.0,0.0,1,Solve_Succeeded,1.2499871322128497,2.843959031137263,5.656664538647542,0.43701214849663733,0.021850607424831914,0,1612.0266513824463,1.143758552468297,1.2499871353158782,1.249987138318048,0.328362392071372,2.629295134340897
20.0,63.0,0.062,1,Solve_Succeeded,1.196765962962905,3.180420844010694,7.031571702655282,0.43893499576152684,0.0844467497880764,0,1280.812769651413,1.1967651853247077,1.1967659358622302,1.1967659317316715,0.25413037658200904,2.517346652835261
20.0,63.0,0.125,1,Solve_Succeeded,1.1358594504865416,3.28775351359087,7.270956010884777,0.44042013235465655,0.14702100661773282,0,1128.8614971637726,1.1358591590896923,1.135859422106757,1.1358594011353629,0.12882958390906568,2.389232376474449
20.0,63.0,0.188,1,Solve_Succeeded,1.1033277419541396,3.6011694056862495,8.313688105675553,0.45417482733011555,0.2102087413665057,0,845.6118850708008,1.103326926258405,1.1033276777284575,1.1033275282837527,0.06000905844528441,2.320803301685001
20.0,63.0,0.25,1,Solve_Succeeded,1.0862636537557486,3.4602638004408557,7.016830770720862,0.4703252245295842,0.27351626122647926,0,259.21381306648254,1.0862636458096788,1.086263658460054,1.0862636694139725,0.04296106572684735,2.2849097129305584
20.0,63.0,0.312,1,Solve_Succeeded,1.12704812046768,3.550713683133679,7.195040918395979,0.48077135053914716,0.33653856752695716,0,328.6820409297943,1.1208310918556823,1.1270480965253085,1.127048109472588,0.042014503845866,2.3706981159619827
20.0,63.0,0.375,1,Solved_To_Acceptable_Level,3.2281981026823736,3.8350925479285736,6.850685908512029,0.679556545734838,0.4089778272867305,0,1944.001342535019,1.768605772978081,1.596771717735729,3.228198112608397,2.192435841533219,6.790378352971676
20.0,63.0,0.438,0,Maximum_CpuTime_Exceeded,5.988498523771415,7.087387973967088,12.001880589004084,0.68581931309713,0.4717822920070418,0,6031.139867544174,1.8620701326015712,1.2549963364173187,3.5711788401856506,2.6364739562712227,12.59655369626529
20.0,63.0,0.5,0,Infeasible_Problem_Detected,5.988808882427474,4.875900390086493,6.320942344444885,0.7154588531172522,0.5357729428936727,0,7420.584380865097,1.4705420650222327,1.2221996271985685,3.573006515102728,2.60447024717263,12.597206522589056
20.0,63.0,0.562,1,Solved_To_Acceptable_Level,3.2794165976685097,4.055081062192189,7.625539592947641,0.7053074356090165,0.5977653717804504,0,791.0593314170837,1.8100274526984874,1.393008358932247,3.2794166123839648,2.2994923563512732,6.898114293754449
20.0,63.0,0.625,1,Solved_To_Acceptable_Level,2.5126624119025855,4.126332013802759,8.770898066162388,0.6179898670846381,0.6558994933542319,0,1502.5411355495453,1.8038686220127265,1.2509656353858587,2.5126624231243393,1.3468065712020978,5.285279250964129
20.0,63.0,0.688,1,Solved_To_Acceptable_Level,1.0891329946046926,3.9280579880081756,9.207856655582743,0.4844666753546229,0.7117233337677312,0,1271.0771214962006,1.089133000055232,1.0891330002861621,1.0891330046098087,0.03940853621272498,2.2909452502080807
20.0,63.0,0.75,1,Solve_Succeeded,1.0868006136760124,3.8223978028241348,9.108696467846784,0.4716393487785743,0.7735819674389287,0,489.7681906223297,0.9944654553819808,1.0868002168050832,1.0867997675961023,0.037624532671030865,2.2860391854421565
20.0,63.0,0.812,1,Solve_Succeeded,1.1111791127233077,3.9411438997424026,9.935684478290666,0.4565469950920071,0.8353273497546002,0,431.810106754303,1.1111783305769551,1.111179092323831,1.1111790350419366,0.08039736973297519,2.3373183284635046
20.0,63.0,0.875,1,Solve_Succeeded,1.1512422528498059,3.539187610456528,8.513772823196152,0.4445316753790295,0.8972265837689516,0,1147.755190372467,1.1512422218113838,1.1512422577377066,1.151242261792507,0.1699717779667309,2.421589451490619
20.0,63.0,0.938,1,Solve_Succeeded,1.192080974913909,3.0863928735783976,6.817313897235489,0.44289563473858223,0.9596447817369288,0,830.8839814662933,1.1353597490975897,1.1920809770539949,1.192080980982774,0.256380769994979,2.5074919783636416
20.0,66.0,0.0,1,Solved_To_Acceptable_Level,3.8315752831178815,3.6986884492315455,7.039233115657563,0.5476494071186895,0.02738247035593453,0,472.5509157180786,1.2931596519047313,1.283117296851442,3.8315752932945215,3.030327309093748,7.693213276578083
20.0,66.0,0.062,1,Solve_Succeeded,3.447741566925554,3.5378431188919834,6.423838328035723,0.5531766363765387,0.09015883181882689,0,802.6887295246124,1.5817913691971093,1.2406152711805232,3.4477415596479,2.6840842266503473,6.922534267758965
20.0,66.0,0.125,1,Solve_Succeeded,3.311820982108794,3.8699318542167993,7.367906187468569,0.5907110084820569,0.15453555042410283,0,877.4183611869812,1.7375142895261833,1.1789085328150606,3.311820988993815,2.6554049942316302,6.649626659162623
20.0,66.0,0.188,1,Solve_Succeeded,3.235476618686798,4.0015260172290406,7.602975447029591,0.5962117132654067,0.21731058566327074,0,622.8974750041962,1.8774795042980215,1.183796106964553,3.2354766285970524,2.5719162610505713,6.496338931042593
20.0,66.0,0.25,1,Solve_Succeeded,1.1498361979721736,3.7284501398562826,6.972912067625112,0.46745758194003906,0.2733728790970019,0,378.05958461761475,1.1498353116315752,1.149836104286685,1.149835974173829,0.041929048849117086,2.3086940619711265
20.0,66.0,0.312,1,Solve_Succeeded,1.1912996707174417,3.942278726741259,7.424269003783206,0.487789398108039,0.33688946990540175,0,405.1709942817688,1.1912942187845341,1.1912995291784179,1.1912995727663154,0.0455781172872363,2.391946331715742
20.0,66.0,0.375,1,Solve_Succeeded,3.341368256588442,3.8208100965156326,5.844228712887817,0.6563943500637758,0.4078197175031887,0,2377.990007162094,1.4360996150011958,1.2427051864636993,3.3413682666069686,2.658391198109922,6.708953037353619
20.0,66.0,0.438,0,Infeasible_Problem_Detected,5.988811441736234,7.34433919014995,12.00000011889619,0.677617208725511,0.4713808604359896,0,2427.952306509018,1.9804132842981048,1.2967542173581883,3.7307182207069487,2.6868275489912694,12.02461136480571
20.0,66.0,0.5,0,Infeasible_Problem_Detected,5.988840074635752,5.90875111280427,8.200022925256354,0.716551195506403,0.5358275597882092,0,5935.403898000717,2.0239387324245275,1.2468772220659943,3.800346109590164,2.7661930973363096,12.024668855259751
20.0,66.0,0.562,1,Solved_To_Acceptable_Level,3.3769470737099927,4.070136590860044,6.269391050849499,0.6793458850440984,0.5964672942522048,0,324.75810623168945,1.4844878953779523,1.2309309830467623,3.376947087071717,2.65861828381703,6.780389824580654
20.0,66.0,0.625,1,Solve_Succeeded,3.1811570274093106,3.845016085984318,6.225403346788825,0.6456937835716042,0.6572846891785797,0,986.9655621051788,1.7336423848585334,1.213865668086892,3.1811570374486062,2.540728140016431,6.387273554554881
20.0,66.0,0.688,1,Solved_To_Acceptable_Level,3.134295169387088,3.7933207200853865,6.304195275985011,0.6235171175099884,0.7186758558754992,0,1152.446766614914,1.9038343684908308,1.1463430879131469,3.134295179458234,2.461862584494915,6.293182158285013
20.0,66.0,0.75,1,Solved_To_Acceptable_Level,3.183590615313394,3.7737334676409753,6.728157703870839,0.6078522998015838,0.7803926149900793,0,1011.1999912261963,1.8156046924725826,1.2102821896449016,3.1835906253557265,2.5027493506805687,6.392159824402144
20.0,66.0,0.812,1,Solve_Succeeded,3.255115431627682,4.122340856200906,8.388630550134584,0.5965753937307969,0.8423287696865398,0,973.6422455310822,1.627169418731414,1.1634298175972717,3.255115441113446,2.589776785162614,6.535770643925472
20.0,66.0,0.875,1,Solve_Succeeded,3.3288068593189672,3.8026599462867514,7.386805065686724,0.590007294029525,0.9045003647014763,0,1051.6599028110504,1.5676667464012803,1.1388466133488697,3.32880686869617,2.6783494702200987,6.683731685532167
20.0,66.0,0.938,1,Solve_Succeeded,3.424566109924101,3.5500651235690732,6.709647541745169,0.5632869194873884,0.9656643459743695,0,977.5405197143555,1.449791818399518,1.2292085442171667,3.4245661183934213,2.683142874629548,6.876001518088115
20.0,69.0,0.0,1,Solve_Succeeded,3.82444652909576,3.7969802784414144,6.482144051802071,0.5326904596546612,0.02663452298273299,0,874.2109034061432,1.651905925887366,1.258785693378647,3.8244465370565335,2.901783878802212,7.345034625750843
20.0,69.0,0.062,1,Solve_Succeeded,3.545355566517907,4.228588284338214,7.789844963008822,0.5459660953713268,0.08979830476856634,0,955.6076817512512,1.6437280965367436,1.181789441914167,3.545355574194922,2.845378840394513,6.809026926787631
20.0,69.0,0.125,1,Solve_Succeeded,3.4266857048781185,4.508385077756365,8.548602322519047,0.5598966598995335,0.15299483299497663,0,705.8475344181061,1.7040800499114064,1.1723418935766692,3.4266856925978573,2.7710404001492654,6.581115715022461
20.0,69.0,0.188,1,Solve_Succeeded,3.3343822045966283,4.641442531776087,8.743547940589115,0.5682749009944136,0.2159137450497207,0,665.5389831066132,1.8567408395073486,1.201874254568329,3.3343822077767893,2.6757206489066063,6.40384237612554
20.0,69.0,0.25,1,Solve_Succeeded,1.2055823141868756,4.005741446091081,6.552056735264635,0.4656455298231872,0.27328227649115944,0,420.0683012008667,1.2055820272069357,1.2055822717054832,1.2055822688260736,0.04695918199335227,2.3153791730457507
20.0,69.0,0.312,1,Solve_Succeeded,1.2871121771414833,4.337349607355233,7.390884805360992,0.48312447682813253,0.33665622384140653,0,696.7533302307129,1.2656861237917294,1.2871121593082961,1.287112163391545,0.049221748453527586,2.471961220115422
20.0,69.0,0.375,1,Solve_Succeeded,3.6126167269714253,3.9397520252069627,4.679756174182924,0.6552934207079674,0.4077646710353983,0,1141.6362988948822,1.4839541823431677,1.3434556893271168,3.6126167310188086,2.824145844788818,6.938205240235271
20.0,69.0,0.438,0,Maximum_Iterations_Exceeded,5.988933097902659,6.246276641133418,7.57108239104736,0.7331949283412901,0.4741597444521265,0,2462.274351119995,1.907363704197405,1.4691392302289503,4.483981426799493,3.216737237509925,11.50203582158616
20.0,69.0,0.5,0,Infeasible_Problem_Detected,5.987672986940984,7.004165404249033,8.873005722666742,0.7315133423462776,0.5365756671572827,0,4185.0819437503815,2.2171652216034006,1.298450025939568,4.309879512999968,3.060606138844815,11.49961571750695
20.0,69.0,0.562,1,Solve_Succeeded,3.615702545603164,4.001404208072927,4.725900066456575,0.6716093183372536,0.5960804659168627,0,172.7033233642578,1.5073260909202988,1.317426956325735,3.6157025384116945,2.821711985500753,6.944131704241625
20.0,69.0,0.625,1,Solve_Succeeded,3.38234630849838,3.954063262863327,5.2585479592156075,0.6385369109979635,0.6569268455498978,0,333.17739748954773,1.4507871884362304,1.2922735693291851,3.3823463074432163,2.7044678790157066,6.495959758672597
20.0,69.0,0.688,1,Solve_Succeeded,3.215338233109493,3.9903114551925087,5.754723626607478,0.5792410935941467,0.7164620546797075,0,622.5387387275696,1.80745773239301,1.3264386273253579,3.215338238777779,2.454103789676123,6.175212668295204
20.0,69.0,0.75,1,Solve_Succeeded,3.265963437879727,4.081856715686008,6.61374386054773,0.5729676164420948,0.7786483808221046,0,998.608362197876,1.653804305590014,1.3120715898237356,3.2659634378028755,2.5543417813463156,6.272440823832003
20.0,69.0,0.812,1,Solve_Succeeded,3.337391309648725,4.109831682313358,6.965190247987476,0.5734458249007556,0.8411722912450379,0,1031.6365070343018,1.5808148520250813,1.187987657384186,3.337391301503377,2.6896410208529664,6.409621507989987
20.0,69.0,0.875,1,Solve_Succeeded,3.431745120940013,4.10572482977119,7.276104950171821,0.5657165572542079,0.9032858278627103,0,952.7113418579102,1.4780490516443727,1.1679737514917703,3.4317451057348443,2.78623999598282,6.590832568396662
20.0,69.0,0.938,1,Solve_Succeeded,3.5107146517055443,4.158191255052033,7.769883766767142,0.5565442018830623,0.9653272100941532,0,1254.8466410636902,1.5159649899273937,1.1694863320605045,3.510714495129629,2.8382832261304123,6.742497373601631
20.0,72.0,0.0,1,Solve_Succeeded,3.961083979940268,3.764351057770349,5.5499403292189475,0.5348741699435,0.02674370849717498,0,942.6189699172974,1.9325115924824843,1.3160339817385014,3.9610839849302937,2.9992877653247367,7.290476234457962
20.0,72.0,0.062,1,Solve_Succeeded,3.7749041037404902,3.7741011895379213,5.161919534409434,0.556498524069387,0.09032492620346932,0,1202.7250201702118,1.9071681902711004,1.2216167103871323,3.7749041032693538,2.9854371553299406,6.947807417123452
20.0,72.0,0.125,1,Solve_Succeeded,3.653962043779973,4.669661824787781,7.888180397432349,0.5692705265681981,0.15346352632840982,0,1603.09255194664,2.045895567429018,1.1978172836350998,3.6539620470241125,2.9080805756238224,6.725210466805364
20.0,72.0,0.188,1,Solve_Succeeded,3.718243146825889,5.012412987361676,8.801970036586049,0.5696137752323361,0.21598068876161686,0,1523.0162415504456,2.4715520775376576,1.2576666596493453,3.718243144164421,3.0172104666050594,6.843521478754185
20.0,72.0,0.25,1,Solve_Succeeded,1.2644097510390233,4.456001462658942,7.004187383652169,0.47060518668988854,0.27353025933449454,0,532.4498550891876,1.264407965791776,1.264409441844247,1.2644094847569174,0.04570023548074526,2.3271784408635323
20.0,72.0,0.312,1,Solve_Succeeded,1.4140546268469825,4.829030759234518,7.812801625864268,0.48049694315688696,0.3365248471578443,0,677.2518546581268,1.3210390622540444,1.4140546329118233,1.4121652617915001,0.05347341642437138,2.602603656842617
20.0,72.0,0.375,1,Solve_Succeeded,3.7591590791288305,6.285794913559576,12.000000119456098,0.6608550090582878,0.4080427504529144,0,4922.853508234024,1.8989700764710726,1.3823048319261413,3.7591590892077518,2.9508954784924937,6.9188282971846755
20.0,72.0,0.438,0,Maximum_Iterations_Exceeded,5.988961309041076,9.226120987879927,11.8981553307988,0.6858792306160089,0.4717939613622807,0,13042.369683980942,2.083464727642233,1.523476902921052,4.320463077428584,3.2366955132420663,11.022836252340863
20.0,72.0,0.5,0,Infeasible_Problem_Detected,5.987255061239445,7.682620887853468,9.309484071064967,0.7189696803581093,0.535948484096638,0,3384.336163043976,2.2985264121565248,1.4287753081658554,4.295858655035234,3.1329017307749316,11.019695859682974
20.0,72.0,0.562,1,Solved_To_Acceptable_Level,3.7486838493801597,6.327114438515743,12.000000119981173,0.6783768680525082,0.5964188434026255,0,713.6201553344727,1.9157803098128119,1.372049184997647,3.7486838593974405,2.9379074781467693,6.899548369286169
20.0,72.0,0.625,1,Solved_To_Acceptable_Level,3.4825102306484426,6.019816700960902,11.428298109791072,0.6151415032330394,0.655757075161652,0,2007.7442817687988,2.2083290695068887,1.3788167428212514,3.482510240808976,2.6658862082399613,6.409649025714938
20.0,72.0,0.688,1,Solve_Succeeded,3.3865013921704605,5.489324609333156,9.956478094757033,0.5811420160613424,0.7165571008030671,0,1973.5693683624268,2.214736132038049,1.3574791185935144,3.386501401140224,2.5949882751514073,6.23294230635066
20.0,72.0,0.75,1,Solve_Succeeded,3.440541855844592,5.271150647636492,9.45536728369233,0.5798934780816236,0.7789946739040812,0,1543.4986827373505,2.031377834925262,1.3158250003024072,3.4405418646041994,2.7154334571906515,6.332405159981269
20.0,72.0,0.812,1,Solve_Succeeded,3.5045668881895327,4.848806938001796,8.29112035638591,0.5708182573813699,0.8410409128690685,0,1503.010845899582,1.7891380112622037,1.2746020084600618,3.5045668962646555,2.807604722100747,6.450244867264685
20.0,72.0,0.875,1,Solve_Succeeded,3.651668421655212,4.217474646271771,6.644395818190264,0.5713507046422084,0.9035675352321103,0,1704.281664133072,1.8967406393123554,1.2008639119007312,3.651668402225576,2.916811358907606,6.720988996703726
20.0,72.0,0.938,1,Solve_Succeeded,3.7373167087918175,4.054701743067969,6.426383543914973,0.562342784001062,0.9656171391902799,0,1900.7900943756104,1.7848321743484787,1.230963716859197,3.7373166649904923,2.970726259205425,6.878626856707106
20.0,75.0,0.0,1,Solve_Succeeded,4.212900035649214,4.266482932433858,5.837291801415078,0.5291560336274846,0.026457801681374172,0,1449.8934345245361,2.0198055633652814,1.4334798550563377,4.212900043951498,3.090698328284155,7.4437921119184205
20.0,75.0,0.062,1,Solve_Succeeded,3.8817818634395986,4.91544924534791,7.475387377993505,0.5576785500994058,0.09038392750497035,0,1809.9049966335297,1.8528839548985618,1.3692082383468809,3.8817817943977375,3.053280689490132,6.858737917052638
20.0,75.0,0.125,1,Solve_Succeeded,3.762343654760038,5.122279219853813,7.77165344531925,0.569187202843919,0.15345936014219586,0,931.8903903961182,1.7371688127080318,1.3660455991231817,3.7623436364833056,2.9667875614785038,6.647702006371797
20.0,75.0,0.188,1,Solve_Succeeded,3.6684300467428397,5.465363395264358,8.608230768397911,0.567297953668268,0.2158648976834135,0,1072.4621284008026,1.8281712679708764,1.4425634108772116,3.6684300491140913,2.857864318875299,6.481765627952011
20.0,75.0,0.25,1,Solve_Succeeded,1.3667076134456664,5.106308653586928,7.819971885938477,0.48107076328460097,0.2740535381642301,0,780.7558152675629,1.3667076142490842,1.3667076187017433,1.3639718674560306,0.05346199179878197,2.4148418586195937
20.0,75.0,0.312,1,Solve_Succeeded,3.792728605038371,4.681751843633253,5.304730933459582,0.6278144797483681,0.3438907239874183,0,7160.1744384765625,1.4642722682265705,1.4224360028462761,3.792728570683033,3.0417747446355463,6.701389312334192
20.0,75.0,0.375,0,Infeasible_Problem_Detected,5.989020281794905,6.323850812596223,6.389704460187455,0.6709667508398556,0.4085483375246957,0,7506.813613176346,1.951912742115847,1.495172528504544,4.217401147549312,3.125705583802282,10.582027001472479
20.0,75.0,0.438,0,Maximum_Iterations_Exceeded,5.988989131723962,8.984432373202624,11.999904186493431,0.6818341364813905,0.4715915899991444,0,15629.7495303154,2.0576797639430633,1.42143727603516,4.270948692383937,3.2605975313218525,10.581971962271357
20.0,75.0,0.5,0,Maximum_CpuTime_Exceeded,5.988951108277651,9.110912652988235,11.999978237560331,0.6773237559802155,0.5338652840894561,0,4379.914509296417,2.076279190544642,1.4288642753721792,3.9452662296019922,2.9973079468792134,10.581904778472234
20.0,75.0,0.562,0,Infeasible_Problem_Detected,5.989005798520226,5.74025917510588,4.972818172092611,0.6869837129727928,0.5968491855308136,0,8320.64779806137,1.5391535975474324,1.4861444130755421,4.0716256046787365,3.1034793707276846,10.582001410908996
20.0,75.0,0.625,1,Solve_Succeeded,3.783606835727765,4.703903881745752,5.324070455347111,0.6464996151245359,0.6573249807562267,0,243.89583468437195,1.4590732250207166,1.3871983152519465,3.783606704295281,3.033820587435633,6.6852720169162
20.0,75.0,0.688,1,Solve_Succeeded,3.563217492311483,4.8988900985222035,6.324424471216095,0.5685089659647422,0.7159254482982366,0,1582.6969928741455,2.4089574635453275,1.4482779952421119,3.5632175025866943,2.6673811606001263,6.29586509005087
20.0,75.0,0.75,1,Solve_Succeeded,3.5898103208493115,4.874210555031455,6.682280974980481,0.5753790403557896,0.7787689520177896,0,1099.1430833339691,1.8787755929894123,1.4217530425332314,3.589810331870452,2.7596367030159583,6.34285207897262
20.0,75.0,0.812,1,Solve_Succeeded,3.6615726987051462,4.668366933465943,6.369573981972017,0.5763110116455309,0.8413155505822765,0,701.42595744133,1.7682186011856713,1.3890184632078642,3.661572705770874,2.851850029512367,6.469649348714496
20.0,75.0,0.875,1,Solve_Succeeded,3.7594760500404676,4.9059542471272035,7.357563437129928,0.5754130711905391,0.9037706535595269,0,1351.3346138000488,1.7096800006083355,1.3518766561997124,3.7594760559116427,2.9734230625096694,6.642635222633515
20.0,75.0,0.938,1,Solve_Succeeded,3.8321245606898144,4.799466233823993,7.245893200309241,0.5715420065715314,0.9660771003285763,0,1918.0964584350586,1.691830425449873,1.38089205553075,3.83212456774515,3.045229886088852,6.770998204412856
21.0,60.0,0.0,1,Solved_To_Acceptable_Level,1.1990771023933127,2.8464044301515843,6.924111320012954,0.43224346995167606,0.020583022378651214,0,1686.8421795368195,1.129696164763089,1.1990771084179566,1.1990771123859043,0.32111692986921375,2.6483184388571295
21.0,60.0,0.062,1,Solve_Succeeded,1.133714263886962,2.81144636068529,6.661173555471217,0.4380976152324531,0.08336179120154544,0,711.7357277870178,1.1337142652442838,1.1337142693515005,1.1337142736573944,0.2418963457292752,2.503956070426521
21.0,60.0,0.125,1,Solve_Succeeded,1.080292174359884,3.180728371895113,8.127040601284294,0.4427073271956269,0.1460813012950299,0,1497.088374376297,1.0802914141292879,1.080292078068145,1.0802920219752412,0.1378322369673185,2.385966406163522
21.0,60.0,0.188,1,Solve_Succeeded,1.0473565381468817,3.6567077246027444,10.077663895174387,0.4575821863377405,0.20928962792084485,0,914.9346628189087,1.0473564767289631,1.047356530193246,1.0473564944445728,0.06202279296786181,2.3132237505792492
21.0,60.0,0.25,1,Solve_Succeeded,1.0289710717710392,3.202502954278585,7.298405098376121,0.46892559786195104,0.27232979035478655,0,461.34229040145874,1.028967284694806,1.028970596959903,1.0289700407891436,0.04054710163741822,2.2726170460454482
21.0,60.0,0.312,1,Solve_Succeeded,1.0628426491184588,3.5919961612950555,9.081985840342584,0.48300190757292993,0.3355000908368062,0,833.8071744441986,1.0628425412180662,1.0628426479704567,1.0628426528372408,0.04135397716517157,2.3474268499048527
21.0,60.0,0.375,1,Solve_Succeeded,1.4658994524054554,3.8527852183465825,9.483573212378062,0.4845606751747143,0.3980743178654625,0,1703.3812499046326,1.2592898070836602,1.4658994585672227,1.4658994619454213,0.04920852347428466,3.237630458931519
21.0,60.0,0.438,0,Infeasible_Problem_Detected,5.988726539663836,4.58860362991731,7.206838651423365,0.5152847482890741,0.46203736874050605,0,6618.718343496323,1.474106684863776,1.5435888030326672,3.082759248021876,1.5391704417500043,13.226884983967018
21.0,60.0,0.5,0,Infeasible_Problem_Detected,5.988723951003235,4.8405650933963145,6.771439330458052,0.7028215051793406,0.5334676907241106,0,8557.065165519714,2.0001168331261145,1.1454759712621583,3.3308426127144735,2.4786320009661456,13.226879266571874
21.0,60.0,0.562,1,Solve_Succeeded,2.9531523625544267,3.0809784081217177,5.19328284121961,0.6745560747180853,0.5946217178437182,0,4147.752205371857,1.4275238467125706,1.0354947939843553,2.953152383745864,2.3967322075605866,6.522422819097442
21.0,60.0,0.625,1,Solve_Succeeded,2.8280648114277986,3.198833883677165,5.880605361828076,0.6513217222444675,0.6560153201068795,0,1463.5711147785187,1.7357835471672634,1.0103518121705801,2.8280648176283494,2.272951311753593,6.2461506198711145
21.0,60.0,0.688,1,Solve_Succeeded,2.8078588763828165,3.237531642268121,6.75548528287627,0.6284575271164411,0.7174265489103069,0,1263.5447416305542,1.814996289979856,0.9905948967275433,2.8078588863839786,2.219807058632331,6.201523172439112
21.0,60.0,0.75,1,Solve_Succeeded,2.8468986998609185,3.226839561937598,7.177193277710596,0.6167620896570748,0.7793696233170031,0,1611.712982416153,1.6833602039569737,1.0043685282846289,2.846898709860252,2.268034318197896,6.287747723104305
21.0,60.0,0.812,1,Solve_Succeeded,2.908537908503864,3.2418971661936085,7.527691443911504,0.6065069574746806,0.8413812836892705,0,1368.0303711891174,1.574756795953223,1.0100245845180555,2.9085379173179424,2.3350855536547637,6.423885968493074
21.0,60.0,0.875,1,Solved_To_Acceptable_Level,3.0503746223124844,3.7201031733065757,9.714490739299029,0.594956101212778,0.9033312429148943,0,930.4627740383148,1.4420145717966766,1.0079725729082696,3.0503746323245386,2.4354520689345307,6.737150881763896
21.0,60.0,0.938,1,Solve_Succeeded,1.1333365559000501,2.8980864800022146,7.26378945732517,0.4359061393840467,0.9582574352087637,0,4154.966547489166,1.0613564530232507,1.1333365594211096,1.1333365629184007,0.2388055267858249,2.503121852990257
21.0,63.0,0.0,1,Solve_Succeeded,3.3145317308844473,3.200705412169741,6.419074820858583,0.5379391052511368,0.025616147869101775,0,1568.1867289543152,1.7419002647175321,1.1221522504749748,3.314531740371652,2.557095522984111,6.97197749324431
21.0,63.0,0.062,1,Solve_Succeeded,3.181084627886929,3.8038114359230315,8.682516236756209,0.5614079327892068,0.08923371108520041,0,1649.819934129715,1.4904526681849912,1.111713235383002,3.181084451223869,2.522138910802473,6.69127714876787
21.0,63.0,0.125,1,Solve_Succeeded,3.074535954332926,3.607871845592433,7.629931776803667,0.5687623604268395,0.15208392192508752,0,2230.7425298690796,1.4822311995682906,1.1324032760011584,3.074535958816299,2.420574151700018,6.467156514461763
21.0,63.0,0.188,1,Solve_Succeeded,2.986493863652752,3.6471093289927983,7.587097393695989,0.5681073258383952,0.2145527298018281,0,2131.2165489196777,1.679183985985747,1.1534927814209193,2.9864938737212974,2.316967607079662,6.281963695530277
21.0,63.0,0.25,1,Solve_Succeeded,1.097679660592157,3.656225575522968,7.99122406656703,0.47292157101824617,0.27252007481039237,0,476.81939697265625,1.097679233684574,1.0976796084570526,1.097679520417613,0.0408585769018688,2.308922801109661
21.0,63.0,0.312,1,Solve_Succeeded,1.1335163790398854,3.8685624740028333,8.569729512151012,0.4919840520623712,0.33592781200297006,0,602.1309356689453,1.1248727160701235,1.1335163821235903,1.1335163838820457,0.04355776343343513,2.38430382465552
21.0,63.0,0.375,1,Solve_Succeeded,3.1700430731940084,3.4700576615062544,5.63760545444385,0.6413408051317048,0.405540038339605,0,3906.286731004715,1.258568861455216,1.1180161061895548,3.1700430672960707,2.5250902795525367,6.668051704856092
21.0,63.0,0.438,0,Maximum_CpuTime_Exceeded,5.989459188845233,7.315304225642845,12.000063872689788,0.6880032661338203,0.4702605225085311,0,19877.977922439575,1.8443278061487312,1.2341876579200468,3.6110670253663866,2.6209504028847146,12.598574414670487
21.0,63.0,0.5,0,Infeasible_Problem_Detected,5.988759010750433,7.037611523252375,11.9999994289945,0.696151093626499,0.5331500520993198,0,5392.094908952713,1.9989149687580587,1.218735696882822,3.4823618744217417,2.6004342781435557,12.597101619622935
21.0,63.0,0.562,1,Solve_Succeeded,3.1735266981718357,3.56848504661727,5.847006310982895,0.6632292883160822,0.5940823470626706,0,581.1064965724945,1.3115885556661915,1.108123281602771,3.173526708153767,2.5379474431187763,6.675379362851943
21.0,63.0,0.625,1,Solve_Succeeded,3.0108535769888096,3.5906148586686943,6.410894532723061,0.6351783455494268,0.655246587883306,0,994.7819619178772,1.4446074907393558,1.1499407947908515,3.01085356353979,2.391292952656983,6.333203323601527
21.0,63.0,0.688,1,Solved_To_Acceptable_Level,2.8940065649470283,3.7860163431463887,7.6049726880596875,0.5858907220669958,0.7153995581936666,0,921.9550578594208,1.80813022162969,1.1521523309283865,2.8940065750434423,2.2093583675243154,6.087420569278411
21.0,63.0,0.75,1,Solve_Succeeded,2.9259351502398347,3.5879518780293083,7.38156102898834,0.5656299349786968,0.7769347588085093,0,1618.6316998004913,1.8042889276477747,1.1568284307684564,2.925935158713643,2.245436385595864,6.154580999808722
21.0,63.0,0.812,1,Solve_Succeeded,3.0019607327337434,3.565580679641296,7.56451527284538,0.5583562965382127,0.8390883950732483,0,2269.4309694767,1.5978233655888598,1.1629824940339484,3.001960742693489,2.341802474685124,6.314497601336288
21.0,63.0,0.875,1,Solve_Succeeded,3.0821701742664285,3.3686194672305536,6.890477666723476,0.5651396935784228,0.9019114139799249,0,1672.9518489837646,1.4356697564013468,1.1253944828520666,3.0821701829940564,2.4326106590211536,6.483214773629689
21.0,63.0,0.938,1,Solve_Succeeded,3.1695550384958,3.5175506356607618,7.725436881937369,0.5673037382905683,0.9645144637281223,0,1791.1647129058838,1.4213173347698436,1.1178626266876808,3.1695550307429636,2.523422632437078,6.667025144482532
21.0,66.0,0.0,1,Solve_Succeeded,3.5189304780981936,3.4617102791896843,6.199761140155885,0.5439189964916344,0.025900904594839704,0,1805.111694097519,2.0409914672201177,1.2124601788549543,3.5189304880942798,2.685575121913063,7.065470641472294
21.0,66.0,0.062,1,Solve_Succeeded,3.34706234830806,3.8081836039369232,7.277769704934795,0.5639028607197356,0.08935251717713012,0,1407.455257177353,1.767773252683058,1.1808202773453889,3.347062357387001,2.6579527299198644,6.720385896890121
21.0,66.0,0.125,1,Solve_Succeeded,3.2400138870569855,3.974747531189865,7.65237202598038,0.5736548822541665,0.15231689915496038,0,1698.9551312923431,1.678173839045583,1.1988340807828892,3.2400138968473513,2.564617320006076,6.505449067392704
21.0,66.0,0.188,1,Solve_Succeeded,3.147636403499963,4.2526098153335,8.538232471907229,0.5735010500370888,0.2148095738112899,0,1726.8377029895782,1.8893873882676882,1.2688181707412451,3.1476364105132157,2.4498283776405705,6.319969302427875
21.0,66.0,0.25,1,Solve_Succeeded,1.1504603452987427,4.121061578148419,8.555534150838437,0.4717096430227316,0.2724623639534632,0,573.608238697052,1.1504602206362198,1.1504603336832786,1.1504603053208506,0.04568627095845592,2.3099472537119907
21.0,66.0,0.312,1,Solve_Succeeded,1.188694524446273,4.390554163997312,9.253980770249365,0.4825552004804885,0.33547881907049937,0,671.1735854148865,1.1886897479293836,1.1886942200651345,1.1886943376981973,0.044487612684277804,2.386715599079719
21.0,66.0,0.375,1,Solve_Succeeded,3.341013630030807,3.8366236755312517,5.870297687304961,0.654802961402954,0.40618109340014064,0,1283.7562086582184,1.4376975321312602,1.1721391031238153,3.3410136400349026,2.665490364625768,6.708241001822582
21.0,66.0,0.438,0,Infeasible_Problem_Detected,5.988864480095699,5.270095053318132,6.409869304164911,0.6957602048022578,0.470631437600738,0,3524.167868375778,1.9597591703060362,1.2216285207319049,4.116019504816245,2.8972040109539123,12.02471785766597
21.0,66.0,0.5,0,Infeasible_Problem_Detected,5.9889331481475905,8.327518966336411,11.999999063295462,0.7831054971554601,0.537290738024246,0,4599.273711681366,3.043799264235826,1.466658547765774,5.0527034037982546,3.5860448526233704,12.024855732542346
21.0,66.0,0.562,1,Solve_Succeeded,3.3640213188373957,3.9734659899426163,6.205654993195885,0.6808698402898417,0.5949223733471352,0,927.8219447135925,1.477794659493072,1.226641365319885,3.3640213183807064,2.665384716395026,6.754436898786975
21.0,66.0,0.625,1,Solve_Succeeded,3.191432115156332,3.9414336713060014,6.614545534897163,0.6426329755563372,0.6556015702645875,0,1381.341053724289,1.7943659788094468,1.2090941189560664,3.1914321253382436,2.5230274061591,6.407904348845073
21.0,66.0,0.688,1,Solved_To_Acceptable_Level,3.0251999759822055,4.2209219411648125,7.803180122974093,0.5845514579554514,0.7153357837121642,0,2210.4195120334625,2.2089217738365425,1.2565724377742056,3.0251999859813306,2.300700247574382,6.074135805728334
21.0,66.0,0.75,1,Solve_Succeeded,3.0743987980839678,4.065131506993859,7.743893624093736,0.5814964789990299,0.7776903085237633,0,1694.316088438034,2.00150626353482,1.281137783679141,3.0743988074948905,2.3676156221695335,6.172919466081546
21.0,66.0,0.812,1,Solve_Succeeded,3.148692756618424,3.978262300750062,7.649202124157981,0.580756914100381,0.8401550911476373,0,1896.7278299331665,1.8275922867452417,1.2521034310986314,3.1486927668011737,2.457638120057141,6.322090296858417
21.0,66.0,0.875,1,Solve_Succeeded,3.241661425946865,4.0632443510405984,8.234701431464082,0.5785514092546238,0.902550067107363,0,1769.4514095783234,1.719958740135302,1.2043128782066432,3.241661434937709,2.568141032012673,6.508757071835981
21.0,66.0,0.938,1,Solve_Succeeded,3.3309930705459583,3.8048776283789207,7.494422060602184,0.5731060302889249,0.9647907633470917,0,1727.5393013954163,1.6367670749351886,1.1881317599990524,3.3309930677728685,2.657005739336718,6.688121261096818
21.0,69.0,0.0,1,Solve_Succeeded,1.4149308508333833,3.310177161734487,5.311078089537342,0.433355339758027,0.020635968559906036,0,4590.581074714661,1.2039740901962737,1.4149308426310627,1.4149308473208502,0.3808255131163507,2.7174431681416458
21.0,69.0,0.062,1,Solve_Succeeded,1.3393693508218176,4.2584823074957345,8.539652778674789,0.4477592479045469,0.08382186894783554,0,1493.5288109779358,1.3393692675931015,1.3393693531332278,1.339369355987026,0.31379893973933887,2.5723236509157514
21.0,69.0,0.125,1,Solve_Succeeded,1.2796593808071735,4.494479171283405,9.19020011281305,0.4471777748546024,0.14629417975498105,0,1293.6385457515717,1.2796589450714393,1.2796593402407361,1.279659323767505,0.18752992075615726,2.4576477641113406
21.0,69.0,0.188,1,Solve_Succeeded,1.2218656747795067,4.490456408828965,8.935386620072224,0.4527018766335401,0.20905723222064476,0,1335.7606811523438,1.2218651469260073,1.2218655827066174,1.2218655091700206,0.05703752972812634,2.3466521550227637
21.0,69.0,0.25,1,Solve_Succeeded,1.2067580659320254,4.0708882983841725,6.923801499700064,0.46540251455260007,0.2721620245025048,0,376.43771290779114,1.206751813163345,1.2067572816888328,1.2067570473337732,0.04597704415929202,2.3176372611674467
21.0,69.0,0.312,1,Solve_Succeeded,1.269163599366951,4.427392894605582,7.749867295858376,0.4870653236628244,0.33569358684108713,0,761.2705898284912,1.2661416576165834,1.2691635810318245,1.2691635851405638,0.05007903291020549,2.437490107959988
21.0,69.0,0.375,1,Solve_Succeeded,3.6109764678281904,3.8891119551891413,4.227914334922612,0.6512306762309045,0.4060109845824241,0,1538.4177832603455,1.5074808429164797,1.3040123643292192,3.6109764747483766,2.8300416811719096,6.935055043177839
21.0,69.0,0.438,0,Infeasible_Problem_Detected,5.98889081127213,8.098047813321761,11.999995101070127,0.7067226166194884,0.4711534559586329,0,11097.754599571228,1.7427873416019282,1.2652783864357395,4.11748121937602,2.949578917450463,11.501954608065962
21.0,69.0,0.5,0,Infeasible_Problem_Detected,5.989256600298892,8.89146807032922,11.999996854147822,0.7840825328337749,0.5373372634649789,0,3235.0729982852936,3.1929468914453447,1.8726203445825058,5.694505916508666,3.821885569256104,11.502657123592547
21.0,69.0,0.562,1,Solve_Succeeded,3.6161905469048587,3.906795069325721,4.240553424738387,0.6694371228751587,0.5943779582321504,0,799.7377774715424,1.534322586619146,1.3060468572557538,3.616190555551141,2.8307155827307056,6.945068934356123
21.0,69.0,0.625,1,Solve_Succeeded,3.3724483406746204,3.882688421304985,4.819715829157559,0.6389356964103273,0.6554255093528728,0,1551.3973014354706,1.4399945912482073,1.2536483915790193,3.372448350429018,2.726549486134631,6.476950232500121
21.0,69.0,0.688,1,Solve_Succeeded,3.2506851623040154,3.936704245573493,5.17031364296951,0.616121777394094,0.7168391322568615,0,591.2414608001709,1.812491734962369,1.253055813481716,3.250685157267128,2.5603413575806355,6.243098156266483
21.0,69.0,0.75,1,Solve_Succeeded,3.254963275379906,4.393933698696255,7.499300444404671,0.5898519573374823,0.7780881884446419,0,1483.0694315433502,1.7047176432344628,1.278299575500897,3.2549632844374425,2.59414006217646,6.2513144794484745
21.0,69.0,0.812,1,Solve_Succeeded,3.325256676424524,4.290393550705015,7.49407192018971,0.5786175581246942,0.8400532170535567,0,1315.5050106048584,1.5729253593040495,1.258797737821251,3.3252566861747317,2.6695828507359236,6.386316357682757
21.0,69.0,0.875,1,Solve_Succeeded,3.419464699645852,4.261559366727549,7.700705738941663,0.5722808958520527,0.9022514712310505,0,1512.2937424182892,1.4445664501897193,1.1655775159678257,3.419464429334768,2.785514016736713,6.567247425046326
21.0,69.0,0.938,1,Solve_Succeeded,3.526925615007666,4.139496897037471,7.5850943978405265,0.5594017852873094,0.9641381802517766,0,1742.6283514499664,1.3819672808053352,1.1866095615353631,3.5269255720994677,2.8421204738102293,6.773631313078884
21.0,72.0,0.0,1,Solve_Succeeded,4.0551657629513524,3.963378871190595,5.853708547939105,0.5353681807522598,0.02549372289296482,0,1358.015503168106,1.7120022243335173,1.3492683662449516,4.055165757035734,3.1315856713363956,7.463636159016816
21.0,72.0,0.062,1,Solve_Succeeded,3.7265716487169853,4.442798722590393,7.277857601202186,0.5449674460392093,0.08845083076377185,0,1706.5805034637451,1.694742188690054,1.2845824982780654,3.726571658493782,2.968726570362318,6.85885029920161
21.0,72.0,0.125,1,Solve_Succeeded,3.5965022871622567,4.8460488403382636,8.331757917044094,0.5616511685388041,0.1517452937399431,0,1300.2568140029907,1.7513915098200181,1.230944457273305,3.5965022928736636,2.907486970421529,6.619454317180504
21.0,72.0,0.188,1,Solve_Succeeded,3.5064928021247095,4.974668398712337,8.509265417629413,0.5694014051464688,0.2146143526260223,0,1114.6875109672546,1.8779678382831404,1.2671514685892349,3.506492808867109,2.811319653511726,6.4537895610518206
21.0,72.0,0.25,1,Solve_Succeeded,1.2665028870148094,4.55864158834232,7.372389770787235,0.47009122388228625,0.2723852963753469,0,798.2979550361633,1.2665009537228986,1.266502540387636,1.266502558709051,0.04731354640647093,2.3310309110874
21.0,72.0,0.312,1,Solve_Succeeded,1.3960701533231787,5.211961357209076,9.041585536692729,0.48084042660046583,0.33539716317145074,0,858.164338350296,1.2771992835106318,1.3960701591803204,1.3960701597016547,0.0544955002968082,2.5695027739836505
21.0,72.0,0.375,0,Maximum_CpuTime_Exceeded,5.981807762116834,8.12646023088491,11.997102856072122,0.6637085392438176,0.4065916837430886,0,4751.425989151001,2.211972278136642,1.3041189465660645,3.995750062336207,3.0650591734983337,11.00966996651926
21.0,72.0,0.438,0,Infeasible_Problem_Detected,5.988949763407497,6.543561687521752,7.761221483995548,0.6804877982212683,0.46990417655422284,0,2972.6291043758392,1.5700257883491477,1.3611586636080915,4.0313442412561535,3.0016925976812394,11.022815002307375
21.0,72.0,0.5,0,Infeasible_Problem_Detected,5.989040495405703,9.19602699283506,11.999999848270559,0.7751623672596437,0.536912493779446,0,2572.6947469711304,3.410595811890861,1.4263975171660868,5.11725556504227,3.7949270656255965,11.022981996867445
21.0,72.0,0.562,1,Solve_Succeeded,3.6429393882217282,6.190910818241838,12.000000114166252,0.5838483550780331,0.5903023026227262,0,1618.6685616970062,2.168742230749273,1.4068040711010257,3.6429393977124995,2.5146848595506763,6.704922987722627
21.0,72.0,0.625,1,Solved_To_Acceptable_Level,3.4460841574975376,6.044187256683633,11.5257467831359,0.5879637316710546,0.6529982729367168,0,1000.9350509643555,2.4607521444517295,1.4159616229713574,3.446084167509816,2.544954893716076,6.342605907728506
21.0,72.0,0.688,1,Solve_Succeeded,3.3839778894540262,5.588632074423446,10.300896838379195,0.580772791017027,0.7151558471912869,0,1786.4059646129608,2.1403375607695936,1.382804613121343,3.3839778992409233,2.592472411435972,6.228297735148706
21.0,72.0,0.75,1,Solve_Succeeded,3.4370186685428705,5.36361891407021,9.766979113859154,0.5774073099472771,0.7774955861859321,0,1551.4342041015625,2.013015507642485,1.340832302848,3.4370186725196197,2.6989343696284775,6.325920643767317
21.0,72.0,0.812,1,Solve_Succeeded,3.4996860555084135,4.905400984350679,8.448776145828433,0.571476469756484,0.8397131652264992,0,1732.0462574958801,1.985834228507749,1.273182501997593,3.499686060868636,2.80213573641623,6.441261570054561
21.0,72.0,0.875,1,Solve_Succeeded,3.5925756332095093,4.582066937259587,7.678176497942695,0.5645259006592472,0.9018821857456785,0,1449.155683517456,1.7010983199614862,1.2416192332431468,3.5925755987020342,2.9053834059930925,6.612227210290466
21.0,72.0,0.938,1,Solve_Succeeded,3.703869117207802,4.378308338277549,7.296235330395994,0.5513011418809968,0.9637524353276665,0,1397.7858345508575,1.6771070328087436,1.278302095344433,3.7038690763569804,2.964175420153373,6.817065710117429
21.0,75.0,0.0,1,Solve_Succeeded,4.175553554545111,4.25836466500083,6.08848012141514,0.5341899328365327,0.025437615849358712,0,762.1788845062256,2.0014754087592435,1.396699811228691,4.175553559631597,3.138963388165082,7.377804445679435
21.0,75.0,0.062,1,Solve_Succeeded,3.9582922484585588,4.804051255292075,7.393209808730286,0.558940659957903,0.08911622190275721,0,878.8665401935577,1.9786298386359564,1.3206985805374245,3.958292254012187,3.1176667263081708,6.993924462108225
21.0,75.0,0.125,1,Solve_Succeeded,3.817041399210398,5.0534971175100285,7.791475087109405,0.5722920010365586,0.15225200004935976,0,1026.8025579452515,2.093399163862592,1.2614731447158554,3.8170414056472213,3.058543342209458,6.74434769823108
21.0,75.0,0.188,1,Solve_Succeeded,3.705623264170349,5.319531323508577,8.280018419967934,0.5787406987851247,0.2150590808945298,0,740.8999285697937,2.3279210379401056,1.330839691870603,3.705623270109178,2.9649560055642104,6.547482491908194
21.0,75.0,0.25,1,Solve_Succeeded,1.3730139068417508,4.748695094129126,6.783622224172072,0.4747504293613854,0.2726071633029231,0,619.2579202651978,1.3730139101412095,1.373013912452669,1.3730139183508725,0.050657101198133346,2.4259844769205245
21.0,75.0,0.312,1,Solve_Succeeded,3.802797360016916,4.467143325314279,4.902489630186743,0.5518526045563259,0.3387786954550632,0,7526.384097576141,1.9456829481047682,1.5045002317865652,3.802797373427148,2.726803824482321,6.719179841008482
21.0,75.0,0.375,1,Solve_Succeeded,3.910138267144497,6.7169193350708705,11.843182581521136,0.6589919729037472,0.4063805701382738,0,5982.225698471069,1.958512892510656,1.485752983856939,3.9101382770428748,3.0710588808697614,6.9088409749070285
21.0,75.0,0.438,0,Infeasible_Problem_Detected,5.988986870997236,9.033924472434622,11.9999969396506,0.6759658220554035,0.4696888464990252,0,7155.104854822159,2.191108686152806,1.4800239025623678,4.107358060318792,3.1746057943309722,10.581967967783088
21.0,75.0,0.5,0,Infeasible_Problem_Detected,5.988989717081661,9.028348341570172,11.99999931733138,0.6921734759454317,0.5329606417801882,0,4341.579568147659,2.035619153549825,1.4639511320094585,4.113917151174329,3.1559086545293518,10.58197299654252
21.0,75.0,0.562,1,Solved_To_Acceptable_Level,3.9418678534115905,6.803707164641735,11.980787553835071,0.6820580222769773,0.5949789534417608,0,311.8918149471283,2.029620636593679,1.4745791053741546,3.9418678634149185,3.073996381395663,6.964904124274641
21.0,75.0,0.625,1,Solved_To_Acceptable_Level,3.696366928526641,6.597612072926738,11.734518785774501,0.6131009878917316,0.6541952851377016,0,512.8759233951569,2.0425082294830053,1.5105002521821214,3.696366938526756,2.848237399719149,6.531127430628112
21.0,75.0,0.688,1,Solve_Succeeded,3.5563627687769017,6.102176353193379,10.420659053266299,0.5855478516857315,0.7153832310326539,0,717.0521349906921,2.338050239853906,1.4319400759767262,3.556362778450956,2.74692717972319,6.283753448059766
21.0,75.0,0.75,1,Solve_Succeeded,3.5988738807676923,5.663488328137589,9.28791432897228,0.5808254554813973,0.7776583550229236,0,947.9911332130432,2.0097604930998907,1.3731247496237104,3.598873888802927,2.856508303318313,6.358866523952429
21.0,75.0,0.812,1,Solve_Succeeded,3.669614233402313,5.276396332696548,8.333780912490681,0.5730737110273952,0.839789224334638,0,1139.722928762436,1.820777983909906,1.3251850203571893,3.669614237155462,2.947834142034008,6.483857972712207
21.0,75.0,0.875,1,Solve_Succeeded,3.770409056257133,5.211757266265769,8.34501049700104,0.5676818312658802,0.9020324681555181,0,1172.5361621379852,1.7403945194031394,1.286133459573774,3.770409041159247,3.057492521328881,6.661952800726161
21.0,75.0,0.938,1,Solve_Succeeded,3.938143974452857,4.461775558596028,6.599545590376601,0.5651350791307735,0.9644111942443223,0,1238.41286611557,1.8226059778426813,1.3030372526519074,3.938143979545639,3.1135738319795814,6.958324385713508
22.0,60.0,0.0,1,Solve_Succeeded,3.216480777476548,2.7187596015375934,5.699815282679116,0.5295557256769864,0.024070714803499337,0,777.9129047393799,1.3427932934902989,1.0794550142475399,3.2164807863390705,2.475837084984593,7.1040180270464015
22.0,60.0,0.062,1,Solve_Succeeded,3.0244381320250384,3.212535313479475,7.768417440297358,0.546585845127346,0.0873448111421521,0,1078.3197944164276,1.3450375873071985,0.9916557564867353,3.024438041555749,2.4597829389362125,6.679866754387614
22.0,60.0,0.125,1,Solve_Succeeded,2.9289662290774983,3.3851546893148785,8.357935116871058,0.5571233240411972,0.15032378745641786,0,929.5433497428894,1.5829874719278172,0.9566001546290258,2.9289662177233913,2.376171997877988,6.469004583419551
22.0,60.0,0.188,1,Solve_Succeeded,2.844348913216165,3.4824225137778466,8.549123224264914,0.5638760183691109,0.21313072810768688,0,799.93416929245,1.6531833328809757,1.0082584915369792,2.844348923001327,2.290279075759619,6.282116186172298
22.0,60.0,0.25,1,Solve_Succeeded,1.0309591561148765,3.3455410581634446,8.148526626424163,0.4722125865442065,0.2714642084792821,0,518.0196721553802,1.0309584238003138,1.0309591377432337,1.0309589096720602,0.03893567083735597,2.27700799006004
22.0,60.0,0.312,1,Solve_Succeeded,1.067470290281019,3.5245902133538247,8.679683578114934,0.48700255241041035,0.3346364796550186,0,718.9253792762756,1.0674699041082392,1.0674702737700958,1.0674702717851765,0.0413410575449062,2.357647600009046
22.0,60.0,0.375,1,Solved_To_Acceptable_Level,1.480295010693608,3.9765677139462783,10.037129635000534,0.48318562215004285,0.3969629828250019,0,1310.1905598640442,1.3193408481326312,1.4802950173155167,1.4802950206906087,0.0491771915854285,3.269424930176164
22.0,60.0,0.438,1,Solve_Succeeded,3.289047373695912,3.225932397904636,3.8656720425327786,0.6776949753644178,0.46830431706201897,0,2648.400452375412,1.7596460569451808,1.0539314751352928,3.289047382153764,2.4985735439251617,7.264290835549924
22.0,60.0,0.5,0,Infeasible_Problem_Detected,5.9887242552049615,4.9453115053063375,7.072248946520197,0.7029217253808161,0.5319509875185279,0,11703.649455308914,2.0174945632565566,1.1135262210364234,3.3112079724700583,2.4803851466360802,13.226879938441131
22.0,60.0,0.562,1,Solve_Succeeded,2.9702655184673494,3.033461386032615,4.796523562738055,0.6585348935639994,0.5924334042529092,0,750.417628288269,1.5088411439434999,0.9956520278430161,2.970265527988835,2.422789661066678,6.560219459747798
22.0,60.0,0.625,1,Solve_Succeeded,2.8497066487655336,2.9562395556366443,4.731963238152697,0.6411483816081697,0.6541431082549164,0,704.7075679302216,1.387109854276946,1.0152904822944289,2.849706658433602,2.280241531107453,6.2939494451158575
22.0,60.0,0.688,1,Solve_Succeeded,2.744660916682805,2.8755899519332377,5.050483821462627,0.5769282361683004,0.7137240107349228,0,1129.6905550956726,1.605480252434004,1.0305783603551084,2.744660926544176,2.0905849614823415,6.06194222169155
22.0,60.0,0.75,1,Solve_Succeeded,2.7896725992383593,2.840795911015569,5.297746524226762,0.566105543459036,0.7757320701572287,0,540.4947009086609,1.4477066757211157,1.0714540988336052,2.78967259986888,2.166089971418143,6.161356403346699
22.0,60.0,0.812,1,Solved_To_Acceptable_Level,2.8552633995611387,2.749148774181755,5.225766979790993,0.556944166045512,0.8378156439111596,0,311.8671832084656,1.3319280064348111,1.0528185520896498,2.855263410032262,2.245652175946452,6.306222255231872
22.0,60.0,0.875,1,Solve_Succeeded,2.925969502819899,2.6999515469462434,5.251107825810688,0.5554257670178318,0.9002466257735374,0,669.4349355697632,1.2424086890238557,0.9672909185229628,2.9259694542655192,2.3633110484565725,6.462385921960361
22.0,60.0,0.938,1,Solve_Succeeded,3.022091596227406,2.8771147189506756,6.4009066595704045,0.5523725700100447,0.9626078440913652,0,679.0809535980225,1.1757165688295084,0.9728354779252419,3.0220916047625788,2.4590449554119513,6.674684123505993
22.0,63.0,0.0,1,Solved_To_Acceptable_Level,3.391172817578909,3.3940755712928024,7.387319149955116,0.5274051077056005,0.023972959441163674,0,2117.150887966156,1.3975482832979824,1.0927798759410052,3.3911728275839095,2.5970809519689633,7.133188781859427
22.0,63.0,0.062,1,Solved_To_Acceptable_Level,3.2559358061168644,4.1644151751292275,10.222378500734813,0.5496219309349896,0.08748281504249954,0,620.9360308647156,1.3827672580751176,1.071244603019081,3.2559358173866997,2.5646026862231146,6.848723440531888
22.0,63.0,0.125,1,Solve_Succeeded,3.0992273049681844,3.907811268878399,9.111394192195519,0.5555938981025919,0.1502542680955724,0,1158.8502142429352,1.5750618147526079,1.0399446668043486,3.0992273075942496,2.4951661763429245,6.519093727583838
22.0,63.0,0.188,1,Solve_Succeeded,2.9963020098524984,3.8555451812202497,8.666983654602335,0.5591141120963886,0.2129142778225631,0,1467.5070447921753,1.6237034928445033,1.0688429442555063,2.9963020198550745,2.38947931696317,6.302594716774666
22.0,63.0,0.25,1,Solve_Succeeded,1.0894925928802859,3.8008405600051587,8.687933033123628,0.4712349279647684,0.27141976945294405,0,560.8791267871857,1.0894925891389997,1.0894925973273268,1.0894925996145144,0.042313271314923594,2.291701649991702
22.0,63.0,0.312,1,Solve_Succeeded,1.1253077665697302,4.075068327844143,9.583686642797918,0.4842031901784725,0.33450923591720333,0,758.4245929718018,1.125307728622436,1.1253077713745485,1.1253077742277084,0.04342982181188497,2.3670373550485397
22.0,63.0,0.375,1,Solved_To_Acceptable_Level,1.321095791033891,4.624097150190537,11.245110727647907,0.49164721715544196,0.39734760077979286,0,826.7167456150055,1.3210957972423178,1.3210957973060173,1.32109580102411,0.048201494748574734,2.77886919460877
22.0,63.0,0.438,1,Solve_Succeeded,3.3684370819410705,4.97305777139632,12.000000100343893,0.6781577336292695,0.46832535152860283,0,3718.8057174682617,1.8804198585948382,1.2250338213068466,3.3684370849047207,2.5915597570237163,7.085365122281105
22.0,63.0,0.5,0,Infeasible_Problem_Detected,5.98880941862851,5.2587182892462465,7.174432470833834,0.7451934307362563,0.5338724288359835,0,5523.264520645142,1.9236691231830152,1.2556686843953968,3.8179549883509267,2.641566627088033,12.59720765046529
22.0,63.0,0.562,1,Solved_To_Acceptable_Level,3.087455995888975,4.74452754460273,11.56859480902029,0.6576220672334633,0.5923919121469758,0,1206.5183918476105,1.9730949417013652,1.1720969897359028,3.0874560084739473,2.4319450808326155,6.494333276144632
22.0,63.0,0.625,1,Solved_To_Acceptable_Level,2.912064815546376,4.595054030579527,11.344686218311534,0.5948138642270756,0.6520369938285036,0,980.021360874176,2.1956839362799503,1.1103968826096884,2.9120648267145492,2.1882068630115525,6.1254053366507915
22.0,63.0,0.688,1,Solved_To_Acceptable_Level,2.9130723641625447,4.2972306553098445,10.333364226349897,0.5750485212139429,0.7136385691460884,0,1191.751492023468,2.0686645615872656,1.178534611891803,2.9130723741646896,2.212712224489762,6.127524672607005
22.0,63.0,0.75,1,Solve_Succeeded,2.941715406595565,3.927036175401849,8.983292960828026,0.5615419877105609,0.7755246358050255,0,1061.0966398715973,1.7212168633892198,1.2048338675771961,2.9417154161420163,2.2749299501180857,6.187774102509965
22.0,63.0,0.812,1,Solve_Succeeded,3.011687852503893,3.726878812711931,8.41209090638857,0.5546857793922879,0.8377129899723766,0,822.8356783390045,1.5298916960906872,1.1322807256387717,3.0116878617891265,2.369002219025218,6.3349581869085
22.0,63.0,0.875,1,Solve_Succeeded,3.098811994297814,3.6955437241061286,8.446884527552875,0.5565878219186284,0.9002994464508466,0,1037.252299785614,1.415304173928771,1.0458095633540336,3.0988120018311522,2.4932504456503426,6.518220139131041
22.0,63.0,0.938,1,Solve_Succeeded,3.1981220646948008,3.5425394017504583,8.007497203202895,0.550959413734263,0.962543609715194,0,1381.2095234394073,1.4129186229873871,1.0352540225838784,3.1981218906027857,2.5885423133836793,6.7271146774480854
22.0,66.0,0.0,1,Solve_Succeeded,3.576759973883331,3.636832815597122,7.082040830450757,0.5282316012095966,0.02401052732770898,0,874.3613874912262,1.4019241703554282,1.1871883045299199,3.576759949502641,2.7247390466632058,7.181583365842415
22.0,66.0,0.062,1,Solve_Succeeded,3.358292093984909,3.8049260353394727,7.491288289573706,0.5465276090700164,0.08734216404863705,0,959.3647012710571,1.3997428117114237,1.0902528356615047,3.3582921037458897,2.710926076534075,6.742933497328608
22.0,66.0,0.125,1,Solve_Succeeded,3.247672439935347,4.092750712923528,8.396647217286706,0.5546141811757157,0.15020973550798705,0,868.2925724983215,1.5251900756243344,1.109065773912487,3.2476724497007314,2.6190733180106207,6.520826262496449
22.0,66.0,0.188,1,Solve_Succeeded,3.158050038289508,4.267995622939514,8.81471468088332,0.5625353780004947,0.21306978990911335,0,887.9044342041016,1.6683905844996862,1.1374767484683503,3.158050048188708,2.524565987459908,6.340878277849381
22.0,66.0,0.25,1,Solve_Succeeded,1.1507591538219837,3.7894142323311235,7.086099462813704,0.46835339848649615,0.2712887908402951,0,362.9074683189392,1.1507588378143458,1.150759113765764,1.1507590553474745,0.041284897458256455,2.310547215223456
22.0,66.0,0.312,1,Solve_Succeeded,1.1903716749428424,3.9063720880855453,7.220662573124345,0.48675535890067373,0.3346252435863942,0,565.0488665103912,1.1903614775661109,1.1903715878647925,1.1903715283055714,0.044329619834231906,2.3900830590703595
22.0,66.0,0.375,1,Solve_Succeeded,3.9056654194737135,4.040525878195167,6.535826053904248,0.6725111023057448,0.4055686864684429,0,2119.9953434467316,1.8492216523994751,1.0774294600502863,3.9056654294506776,2.852926965157366,7.841974863799814
22.0,66.0,0.438,0,Infeasible_Problem_Detected,5.988852186722578,5.853944865674643,7.758092702475726,0.6850737177431148,0.4686397142425333,0,2796.163020849228,2.0943128760878387,1.5702007389220798,3.7337555641582725,2.7379806841899765,12.024693174465375
22.0,66.0,0.5,0,Infeasible_Problem_Detected,5.988837303548775,5.894631603761288,8.198783021574567,0.7138297941546465,0.5324468089160791,0,3435.9872925281525,2.0321739292257215,1.284762071073377,3.7519092290984415,2.787610582712364,12.024663291343723
22.0,66.0,0.562,1,Solve_Succeeded,4.048592030166191,4.198776281645289,6.775865572464117,0.694879418955944,0.594085428134361,0,396.3054301738739,1.7713862713641828,1.1912600344682034,4.048592039174583,2.8573320005091434,8.128949493738682
22.0,66.0,0.625,1,Solve_Succeeded,3.2166151755440113,4.15121856518088,7.459425718765004,0.6242333859366126,0.6533742448153006,0,880.029497385025,1.967919548230237,1.1915323090113994,3.216615185094052,2.5879140186432963,6.45846805703397
22.0,66.0,0.688,1,Solve_Succeeded,3.0571858581346736,4.074341532231694,7.540468702760474,0.5711989645218469,0.7134635892964476,0,1173.7447922229767,1.8005011176438477,1.285256993118529,3.057185865096747,2.3276267021107335,6.138358532689394
22.0,66.0,0.75,1,Solved_To_Acceptable_Level,3.1410806098481743,4.324496704438908,8.776538781962625,0.5665610598770444,0.7757527754489566,0,718.2013711929321,1.714746531172727,1.2711034356396425,3.1410806198792693,2.407629402827396,6.306806278075289
22.0,66.0,0.812,1,Solve_Succeeded,3.1684427759091,3.9976067136398536,7.997399540317649,0.5598095070296805,0.8379458866831677,0,1544.0400881767273,1.5327198055335556,1.1741096264819955,3.1684427543247806,2.5091738295948685,6.361745294970855
22.0,66.0,0.875,1,Solve_Succeeded,3.256231799947561,3.7103738017232404,7.118043122105715,0.5566301606115008,0.9003013709368866,0,1889.9551956653595,1.3986811555377376,1.124940378886614,3.2562317844247026,2.616327281208011,6.538012139640796
22.0,66.0,0.938,1,Solve_Succeeded,3.3552872205636213,3.850760597814019,7.910825061650868,0.5511609814079318,0.9625527718821787,0,1488.261710882187,1.2838474123155417,1.106931544558244,3.3552871810403415,2.715164148277785,6.736900174115323
22.0,69.0,0.0,1,Solve_Succeeded,3.8268960789196615,3.8842800819807453,6.797158114530489,0.532656374179221,0.024211653371782823,0,874.5110859870911,1.6607452188536989,1.259965673684423,3.8268960835873607,2.9099553877779454,7.349739104722421
22.0,69.0,0.062,1,Solved_To_Acceptable_Level,3.5690404531247637,4.376858124338208,8.359069498860153,0.5476650277447883,0.08739386489749036,0,526.639937877655,1.6855663432582477,1.1984547151236957,3.569040463536568,2.843520753264143,6.85451489763801
22.0,69.0,0.125,1,Solve_Succeeded,3.428156269096793,4.525676086095054,8.637442537513406,0.5589616576665688,0.1504073480757531,0,621.8685359954834,1.7037114470130896,1.1684993874488023,3.4281562389198283,2.7661839997112248,6.583940004765664
22.0,69.0,0.188,1,Solve_Succeeded,3.335134642773715,4.6729304974352015,8.910798345883114,0.5668109556458376,0.2132641343475381,0,688.7600927352905,1.8362200475684132,1.2094903724091761,3.3351346524675867,2.6732000136461274,6.405287470055445
22.0,69.0,0.25,1,Solve_Succeeded,1.208283884846725,4.207132972636023,7.447013028060387,0.46905655865388485,0.27132075266608574,0,586.2823646068573,1.2082837042727113,1.2082838658482051,1.2082838000880525,0.04515878674064834,2.320567670228165
22.0,69.0,0.312,1,Solve_Succeeded,1.2652745873137268,4.408119492442376,7.696266710499353,0.4918834347526644,0.334858337943303,0,724.694103717804,1.26527248070013,1.2652745505285228,1.265274569436374,0.04772669716545335,2.4300210721207947
22.0,69.0,0.375,1,Solve_Succeeded,3.601857282576572,3.9334120172769373,4.590992418625556,0.6544561916473821,0.4047480087112447,0,3483.3724925518036,1.4924115816027956,1.3089786127788725,3.6018572917094103,2.823905859186758,6.917541206620785
22.0,69.0,0.438,0,Maximum_CpuTime_Exceeded,5.988001146560877,6.787224376385138,9.313347977811596,0.6793392827496719,0.46836403645008995,0,6208.551254987717,1.944078786808666,1.3437889242295475,3.7083423392715247,2.835194853377015,11.50024596393674
22.0,69.0,0.5,0,Maximum_CpuTime_Exceeded,5.988822725130796,7.9653803027066665,11.99996087175682,0.6806160102261032,0.5309360897879022,0,3867.3868680000305,1.9018833818469127,1.2956127420998573,3.669112185289835,2.755253514313605,11.501823845336812
22.0,69.0,0.562,1,Solve_Succeeded,3.627868292068171,3.963293131886367,4.574672264727515,0.6722581604150972,0.5930571891097774,0,239.64394450187683,1.4905657833112478,1.3172113151715927,3.627868300834832,2.826494211019986,6.967496609033406
22.0,69.0,0.625,1,Solve_Succeeded,3.401001843302863,3.9214118166094027,5.11423983037007,0.6388447237593404,0.6540383965345155,0,333.02427220344543,1.411338872065037,1.2841891909405285,3.401001852638719,2.7021408932425355,6.531788616014008
22.0,69.0,0.688,1,Solve_Succeeded,3.2227215420411195,3.9652479689597406,5.6371175007823515,0.5777788604239386,0.7137626754738154,0,889.3889253139496,1.8275795564345438,1.3290239128186896,3.2227215520433607,2.449159899695172,6.189392670379908
22.0,69.0,0.75,1,Solve_Succeeded,3.2656428205863155,4.078583592177395,6.511457695114238,0.5792848306578736,0.7763311286662671,0,704.1650388240814,1.6789095113017651,1.2735834466711842,3.265642819305782,2.585636450870468,6.271825062805197
22.0,69.0,0.812,1,Solve_Succeeded,3.337129487282247,3.968811729047183,6.5195834578987535,0.5708579019686634,0.8384480864531215,0,775.4934940338135,1.5575908941379928,1.2243160342809205,3.337129492402908,2.671794813907858,6.409118665465469
22.0,69.0,0.875,1,Solve_Succeeded,3.4275350039561086,4.172927767483577,7.5495986229329715,0.5641377584633965,0.9006426253846999,0,491.92914724349976,1.4534405581949994,1.190224228302076,3.427535012024196,2.7713217043031633,6.582746834999691
22.0,69.0,0.938,1,Solve_Succeeded,3.5365258561050927,4.220521806257594,8.013312990765384,0.5507345563969073,0.962533388927132,0,723.5820531845093,1.5485846921352866,1.1871116740917838,3.5365258075209987,2.843480280823432,6.792069040666313
22.0,72.0,0.0,1,Solve_Succeeded,4.065478797225534,4.119885298196573,6.366642570165623,0.5364380857346206,0.02438354935157363,0,554.7834761142731,1.666160111444801,1.356546192688952,4.065478804058699,3.143777590733142,7.482617562001916
22.0,72.0,0.062,1,Solve_Succeeded,3.7309842261674797,4.498184632247498,7.456624736448324,0.544806387069543,0.08726392668497919,0,782.8689906597137,1.717334226140792,1.2903955277156727,3.730984230064169,2.9690615268609974,6.866971760700141
22.0,72.0,0.125,1,Solve_Succeeded,3.599275248381012,4.855594212558064,8.392896452202404,0.5604401703053934,0.15047455319569975,0,974.1844210624695,1.7576847062435452,1.2360034970986713,3.599275258059742,2.90630306962859,6.624558023127357
22.0,72.0,0.188,1,Solve_Succeeded,3.505253706383329,4.985539738794413,8.565628819603711,0.5676754533328547,0.21330342969694788,0,1011.5037531852722,1.8515688513051083,1.2788608794528458,3.505253715960839,2.8046551477957204,6.451508973692274
22.0,72.0,0.25,1,Solve_Succeeded,1.2677621306512707,4.439854395556749,6.989581001334507,0.468547274596647,0.27129760339075676,0,497.0372700691223,1.2677621003299375,1.2677621295446238,1.2677621338728016,0.04671098708692347,2.333348581162436
22.0,72.0,0.312,1,Solve_Succeeded,1.4066563079621432,4.900404438315443,8.037202981155298,0.4788712073283671,0.33426687306038033,0,602.963207244873,1.3675317093290795,1.4066563067303894,1.4066562068702282,0.0538057294091434,2.5889868619758554
22.0,72.0,0.375,1,Solve_Succeeded,3.5818532418944558,6.196214424477368,12.000000077330705,0.5786779245720944,0.40130354202600427,0,4117.349831104279,3.002391071840952,1.4510516211499804,3.5818532547517625,2.5530909422288506,6.592492375216321
22.0,72.0,0.438,0,Infeasible_Problem_Detected,5.989691963979749,9.179465954942659,11.999994815535198,0.766837687653066,0.47235625517916513,0,2835.1484463214874,3.2921224077380353,1.8977661746456493,5.846159631663282,3.9483934543829555,11.024181041417025
22.0,72.0,0.5,0,Infeasible_Problem_Detected,5.98847985773366,7.923556881994625,9.347123041254344,0.727048526341537,0.5330476595227748,0,3600.0033066272736,2.325454278030051,1.4105229391049319,4.449104283903782,3.202585178001745,11.021950128912897
22.0,72.0,0.562,1,Solve_Succeeded,3.683998579230097,6.218912744853345,12.00000011997428,0.6024713848571085,0.5898850629480505,0,684.3407742977142,3.080501546154482,1.4307920182633025,3.68399858922972,2.5455411561606223,6.7804934774594035
22.0,72.0,0.625,1,Solved_To_Acceptable_Level,3.4728042948652615,5.999578875044774,11.31824053250684,0.5907830383333268,0.6518537744696967,0,1017.578471660614,2.5835875548377905,1.3941591452180684,3.4728043049023896,2.5530683192536046,6.391785003008325
22.0,72.0,0.688,1,Solve_Succeeded,3.3503824563794398,5.523368834767755,9.859143028109463,0.5817717463118149,0.7139441702869007,0,1610.4788365364075,1.9760204485665736,1.3523738228817879,3.3503824661608377,2.5657157312164807,6.166464482519638
22.0,72.0,0.75,1,Solve_Succeeded,3.4853423517791695,5.262842011961187,9.264787299800915,0.5863673028379375,0.7766530592199061,0,1037.3197915554047,1.9874668456125177,1.2928288341635596,3.4853423351202486,2.7638181827039654,6.41486161699077
22.0,72.0,0.812,1,Solve_Succeeded,3.5196253472193817,4.790610151435953,8.040695608506274,0.572082817992615,0.8385037644542095,0,804.000324010849,1.7731488612420125,1.2561511456025019,3.5196253158309054,2.826223986611914,6.477960345714684
22.0,72.0,0.875,1,Solve_Succeeded,3.610982293369553,4.57292116759721,7.621912187105022,0.566696740452585,0.9007589427478451,0,1327.8281607627869,1.6462627603592235,1.2308203391226198,3.6109822994395233,2.9264274412585216,6.646105138436429
22.0,72.0,0.938,1,Solve_Succeeded,3.7232245649265727,4.2485241559820945,6.855623289042699,0.5492114688926437,0.9624641576769384,0,902.7440247535706,1.634900523536084,1.288739499020423,3.7232245748975634,2.9685850896423505,6.852689905998052
22.0,75.0,0.0,1,Solve_Succeeded,4.1892361284620145,4.416451324445547,6.39380053409376,0.535492269452147,0.024340557702370254,0,958.807270526886,1.9886551133550512,1.3996553828824916,4.189236124709932,3.322725416470434,7.401980247367473
22.0,75.0,0.062,1,Solve_Succeeded,3.91405108711445,4.552332252071517,6.556220215878399,0.5600208475705362,0.08795549307138793,0,1046.7508783340454,1.912774443729908,1.3770648007743145,3.9140510970501055,3.07184093554458,6.915754554194748
22.0,75.0,0.125,1,Solve_Succeeded,3.7854746643353216,5.030442924669482,7.600872177477776,0.581486758865708,0.15143121631207748,0,832.0289580821991,1.9322486052791956,1.3564761280125799,3.7854746594648807,3.016688882400379,6.68857229172398
22.0,75.0,0.188,1,Solve_Succeeded,3.8642990939382527,5.3442814872719975,8.486659307492815,0.5722028777890993,0.21350922171768633,0,848.6827864646912,2.4118832690575984,1.217172194793251,3.8642991013497197,3.1426267709685174,6.827847532612611
22.0,75.0,0.25,1,Solve_Succeeded,1.3696382723231937,4.826068894003925,7.0062553996327175,0.47806524988006766,0.27173023863091234,0,312.405882358551,1.36963806605158,1.3696382349457075,1.3696380153388834,0.0520016100929566,2.4200200530345253
22.0,75.0,0.312,1,Solve_Succeeded,3.7870267766158476,4.662062837756036,5.2223421479116325,0.6241136729433122,0.34086880331560515,0,6169.143288135529,1.648123834621139,1.3930987136621367,3.787026786430702,3.0545861480238994,6.691314725926745
22.0,75.0,0.375,1,Solve_Succeeded,3.886293721671183,6.712426677833516,11.85678087733977,0.6580640394503895,0.4049120017931996,0,4297.34130859375,1.9271434571955588,1.4696190405968899,3.8862937306606957,3.0661651584832526,6.866709939752005
22.0,75.0,0.438,0,Infeasible_Problem_Detected,5.988974397111173,8.776557453136643,11.999995579799418,0.6766349307474936,0.46825613042377706,0,4907.091492176056,2.294828504813856,1.4631452660143196,3.9908405684137036,3.1450425552808645,10.581945927617431
22.0,75.0,0.5,0,Infeasible_Problem_Detected,5.988977723031094,8.794145070394354,11.999999119570116,0.6900423915886434,0.5313655632662847,0,2398.922287940979,2.058060784544313,1.4767866140087307,4.083074924222906,3.159486538369156,10.58195180420037
22.0,75.0,0.562,1,Solve_Succeeded,3.959531320155291,6.813322108611974,12.000000109392193,0.6825353117936994,0.593524332354259,0,511.28952074050903,2.0487785543044534,1.4888006853023183,3.959531330116554,3.0782986125310186,6.9961137834887905
22.0,75.0,0.625,1,Solved_To_Acceptable_Level,3.7203531151893636,6.425847399329423,11.167860666286993,0.6389972734836862,0.6540453306128946,0,952.2161388397217,2.2807709919642303,1.401982427418264,3.7203531252343285,2.937167141985236,6.573508732240806
22.0,75.0,0.688,1,Solve_Succeeded,3.6543918994341227,5.986212923177046,9.97158875309286,0.6166077129327943,0.7155276233151272,0,883.9910817146301,2.3015922878893353,1.4238871518687168,3.6543919031325105,2.8620882941055394,6.456961562031069
22.0,75.0,0.75,1,Solve_Succeeded,3.6287744427674604,5.4912769141674715,8.820259834823798,0.587094599017947,0.7766861181371794,0,1593.8777103424072,2.4357450292548357,1.3843876547351,3.628774451764637,2.856615335477992,6.411697962076382
22.0,75.0,0.812,1,Solve_Succeeded,3.6967741596167083,5.082171634068456,7.705261262802864,0.5925665292564125,0.8394348422389277,0,1602.6978442668915,1.9623489139874946,1.3642861461705404,3.6967741632611624,2.9359119155449087,6.53184696908151
22.0,75.0,0.875,1,Solve_Succeeded,3.7881191041863063,4.747231845392917,7.034250259770722,0.5850852121691954,0.9015947823713272,0,1463.1627428531647,1.7925733067123326,1.32472567371273,3.7881191032750303,3.028710637076573,6.6932447644474315
22.0,75.0,0.938,1,Solve_Succeeded,3.909348170674692,4.731538491307996,7.2939096138730255,0.5639399267685611,0.9631336330349346,0,1341.1423797607422,1.7856844414648465,1.381158724464949,3.9093481737517743,3.0720573850396242,6.907444949883927
23.0,60.0,0.0,1,Solve_Succeeded,3.1974292124335104,2.977455279909656,6.893780903409348,0.5264929411563738,0.022890997441581455,0,893.9337751865387,1.3560017885628262,1.029378239649033,3.19742921553045,2.470564578022448,7.061940156580978
23.0,60.0,0.062,1,Solved_To_Acceptable_Level,3.0781632464677555,3.7477635452301277,10.054580335948952,0.5485340249436907,0.08634930543233442,0,404.03738021850586,1.2893076580391198,0.9898080223544431,3.0781632570830473,2.4360615291642733,6.798525688766704
23.0,60.0,0.125,1,Solve_Succeeded,2.9288693428485724,3.493103079909657,8.818643237310148,0.5541831300027762,0.1490949186957729,0,880.4776022434235,1.3835053919036135,0.9565862666465844,2.928869352834626,2.3653171433275553,6.46879059752488
23.0,60.0,0.188,1,Solved_To_Acceptable_Level,2.859817489746976,3.796332343589159,9.775684629906701,0.5687054536249989,0.21222632407065217,0,766.0495376586914,1.5068747491525158,1.0217590532228489,2.859817499778866,2.3049794851444916,6.316280558394611
23.0,60.0,0.25,1,Solved_To_Acceptable_Level,2.8438512420012825,2.8874026226563103,5.400894060861884,0.5539835862429496,0.2740862428801284,0,1846.04389834404,2.1350438488903682,1.0423072449393382,2.8438512519959964,2.1151018666064383,6.281017014273984
23.0,60.0,0.312,1,Solve_Succeeded,2.7845711603609407,3.0836187624479914,5.859620088338569,0.5439916912159596,0.3361518126614467,0,739.1081700325012,2.3326786522623517,1.077735338787546,2.7845711695317634,2.007478845134936,6.150089209088044
23.0,60.0,0.375,1,Solved_To_Acceptable_Level,3.175345928805903,3.630912147086507,7.792328786461931,0.5423215456440575,0.39857919763669813,0,395.36618185043335,1.7481104738313036,1.2610635021047927,3.1753459395438677,1.9142824334741677,7.013166339530536
23.0,60.0,0.438,1,Solve_Succeeded,3.1222042861139405,3.618815373860295,7.41393296034455,0.6760919198106672,0.4668953008613333,0,1386.3370504379272,1.639886635096866,1.3563472658838034,3.122204296119608,2.4496480783152617,6.895796078742987
23.0,60.0,0.5,0,Infeasible_Problem_Detected,5.988750049127563,4.619976902670132,6.197798008803252,0.7069957182112377,0.5307389442780623,0,9576.500091075897,1.8578651109678705,1.1495136062236495,3.3354216201534572,2.4838579199798736,13.226936907689147
23.0,60.0,0.562,1,Solved_To_Acceptable_Level,2.9599002976963247,3.755819825111659,8.540935579903758,0.6614999762690713,0.5912608685334378,0,1305.7059950828552,1.6998186192127769,1.0578803591879473,2.959900307695669,2.363794854770246,6.537326515469287
23.0,60.0,0.625,1,Solved_To_Acceptable_Level,2.850000654266164,3.7398437352880634,8.590927622376663,0.6204147335833159,0.6519745536340572,0,1426.547734260559,2.0080078591990085,0.9973111885526859,2.85000066431441,2.2102755461884587,6.294598794675523
23.0,60.0,0.688,1,Solved_To_Acceptable_Level,2.786989730595416,3.627753655990472,8.615523310623653,0.5747928824048941,0.7124909948871693,0,1077.6817162036896,1.966758069446484,1.013819058591002,2.7869897406297017,2.108161296633621,6.15543093743466
23.0,60.0,0.75,1,Solve_Succeeded,2.780045820599203,3.413045356501253,8.176035512826353,0.5607948944636998,0.7743823867158126,0,1874.0836353302002,1.592035815471836,1.090934647193852,2.7800458305917717,2.1535079696303545,6.1400944049931425
23.0,60.0,0.812,1,Solved_To_Acceptable_Level,2.961240448158967,3.865639378058355,9.971903291497336,0.572979417152467,0.8374121485718464,0,525.9841957092285,1.5326970862314069,1.0424716113258021,2.9612404581918854,2.29536496709557,6.540286412855346
23.0,60.0,0.875,1,Solve_Succeeded,2.932317232148527,3.2906981336581476,8.090953212389163,0.5546994757505025,0.8991173685108914,0,1429.4262924194336,1.3367550636390022,0.9614281479125661,2.9323171119921136,2.3637374120035517,6.47640571150711
23.0,60.0,0.938,1,Solve_Succeeded,3.02899943516079,3.2929338611027967,8.354200390411528,0.5491030435921868,0.9613740453735735,0,813.5403873920441,1.211596984194693,0.9477549332788789,3.0289993841549188,2.461160002585835,6.689940988292604
23.0,63.0,0.0,1,Solve_Succeeded,3.4068070767499803,3.2922495857033223,7.015525626905612,0.529587507395817,0.023025543799818138,0,780.0235748291016,1.5357049483257545,1.1035000461618012,3.4068070860739184,2.6018228961630245,7.1660747856495215
23.0,63.0,0.062,1,Solved_To_Acceptable_Level,3.2375817519471797,3.6980638923480518,8.361273371195631,0.5458903580386751,0.08623436339298592,0,299.4530420303345,1.4564337806528709,1.0727420451989496,3.237581761952916,2.5563281729282474,6.810116462843767
23.0,63.0,0.125,1,Solve_Succeeded,3.0952315416689347,3.8169416408321166,8.756164254275728,0.5588540261495004,0.1492980011369348,0,1063.4338235855103,1.6616140443560141,1.0417831599071687,3.095231542859507,2.505654889764964,6.510688808261111
23.0,63.0,0.188,1,Solve_Succeeded,3.0054816419659485,4.0155733443016075,9.359524516223717,0.5665860825922331,0.2121341775040102,0,691.6250126361847,1.7453467289473035,1.074634718564598,3.0054816461933895,2.4161176438985037,6.321903685186371
23.0,63.0,0.25,1,Solve_Succeeded,1.0901684949729664,3.4708720850041415,7.095954694737601,0.47066622144655024,0.2704637487585456,0,335.3440661430359,1.090167932560227,1.0901684303255488,1.090168388084956,0.04126964807256291,2.293123381494193
23.0,63.0,0.312,1,Solve_Succeeded,1.1317437558203254,3.8202090267985755,8.353599785343995,0.49053209780176527,0.3338274825131202,0,280.8305513858795,1.1317404687066395,1.131743601698567,1.1317433950707136,0.0448599461020785,2.380575186587096
23.0,63.0,0.375,1,Solve_Succeeded,3.154788858972214,3.5925758335085582,6.3011138408471155,0.6412143408254087,0.40287888438371333,0,3463.1885137557983,1.2678788765889915,1.1270894705574435,3.154788862404092,2.524619069769891,6.635965109564063
23.0,63.0,0.438,1,Solve_Succeeded,3.310550602737033,4.9524163422735645,12.000000110689504,0.6756815483538295,0.46687745862407953,0,12052.531903743744,1.882929253032551,1.1636973482897837,3.3105506124465163,2.57743549738922,6.963603358345295
23.0,63.0,0.5,0,Infeasible_Problem_Detected,5.988760247078502,7.086062255412571,11.999999886926254,0.7021988462565418,0.5305303846291415,0,4794.694344520569,1.9632443042003143,1.2308947824889769,3.483570615893438,2.6042905709991464,12.597104220186804
23.0,63.0,0.562,1,Solved_To_Acceptable_Level,3.0679133876414744,4.7164450575741625,11.468640323707152,0.6594364761110435,0.5911711511352629,0,993.3534615039825,1.933261573299971,1.1400172541628857,3.0679133981289817,2.4385096772460066,6.453226225157219
23.0,63.0,0.625,1,Solved_To_Acceptable_Level,2.901775656755172,4.567285000309268,11.195952309410254,0.5983480831181676,0.651015134048616,0,761.9026985168457,2.211611701100993,1.1311946955564236,2.9017756667936823,2.1996573360607115,6.1037625257377846
23.0,63.0,0.688,1,Solved_To_Acceptable_Level,2.9124668615127693,4.309458732259319,10.318293772920962,0.5847252742110212,0.712922838009175,0,794.779548406601,2.124939387926551,1.1767807349215,2.9124668715656923,2.2506364852719978,6.1262510233590595
23.0,63.0,0.75,1,Solve_Succeeded,2.9357451812073188,3.9220094637746943,8.928828988953548,0.5675789245891923,0.7746773445473562,0,993.7137339115143,1.8294244193743268,1.1726495291779946,2.9357451907104846,2.2945417193007827,6.175215985582438
23.0,63.0,0.812,1,Solve_Succeeded,3.0082464803987805,3.8418957480179987,8.809916073666079,0.5680268628314054,0.8371968201231048,0,1073.9098284244537,1.7082192778736596,1.062865178936905,3.0082464886947955,2.4220557562538083,6.327719406045684
23.0,63.0,0.875,1,Solved_To_Acceptable_Level,3.11868107594974,3.9020232881300267,9.254681623976303,0.5634117825492136,0.8994961644586613,0,832.5730412006378,1.5749655536964515,1.1001310293143332,3.118681085953562,2.509631653476388,6.560013913134736
23.0,63.0,0.938,1,Solve_Succeeded,3.1888527261512554,3.311499481207863,6.969108260789927,0.5486835150568563,0.9613558050024721,0,1075.3563458919525,1.4303577811015682,1.0153164481546322,3.188852729289687,2.593242925322608,6.707617015349792
23.0,66.0,0.0,1,Solve_Succeeded,1.325021593752085,3.2557465247425856,6.175576013610445,0.43782959593969417,0.019036069388682457,0,3316.1337385177612,1.211194477284655,1.325021485036741,1.3250214285962476,0.35141946058489915,2.660439365949573
23.0,66.0,0.062,1,Solve_Succeeded,1.2676075533584812,3.824890443320249,8.283094091512835,0.4435317721298292,0.08178399009260132,0,895.1223704814911,1.2676057494836346,1.2676074932430432,1.2676074828093136,0.28935459478542136,2.5451608120440263
23.0,66.0,0.125,1,Solve_Succeeded,1.213156786054796,4.130742904979055,9.289428875492037,0.4450958710637432,0.14435199439407545,0,690.8493545055389,1.2131481712388312,1.2131558247803051,1.21315547790128,0.16982722201884412,2.4358320542909753
23.0,66.0,0.188,1,Solve_Succeeded,1.159148417917967,4.046707691130995,8.685302877062778,0.4538190010633148,0.2072312609157965,0,424.97343730926514,1.1591469309020126,1.1591482347050577,1.1591479269114502,0.05941883440166681,2.327391565955205
23.0,66.0,0.25,1,Solve_Succeeded,1.1486741962169529,3.7529049028729835,7.078343044476055,0.46663415228339983,0.2702884414036261,0,320.20156717300415,1.1486740018304458,1.1486741790623747,1.1486741589559923,0.04285599482887143,2.3063609413431543
23.0,66.0,0.312,1,Solve_Succeeded,1.1886236089329472,3.9368231534461335,7.331482041767009,0.48215717784347406,0.33346335555841183,0,273.2532238960266,1.1886127446524979,1.1886234389326629,1.1886234741411674,0.044457943819099725,2.386573211646791
23.0,66.0,0.375,1,Solve_Succeeded,3.342742953233755,3.882873608156828,6.153815301860993,0.6535644768443067,0.4034158468193178,0,674.4099721908569,1.4531703619316927,1.2168746081764341,3.34274296263059,2.6523413371288354,6.711713216575357
23.0,66.0,0.438,0,Infeasible_Problem_Detected,5.988755659405435,5.298715305818778,7.024645859383348,0.6794945786134513,0.46704324246424866,0,3874.6713008880615,1.5709176610905966,1.299698875801273,3.717174124505706,2.7090271763590983,12.024499362473458
23.0,66.0,0.5,0,Infeasible_Problem_Detected,5.988867206535865,5.731871637331252,7.181400245395314,0.7537334505219778,0.5327710197427242,0,1933.8064341545105,2.0361894879593088,1.2127377259222678,3.967606396281948,2.930107979030349,12.024723331938072
23.0,66.0,0.562,1,Solve_Succeeded,3.3938673100161956,4.03191856096921,6.301756923317955,0.6890950036041513,0.5924606523306153,0,655.6806991100311,1.507623839525469,1.2482026733752623,3.393867314784483,2.676843671365412,6.814363054120801
23.0,66.0,0.625,1,Solve_Succeeded,3.19548544055093,4.265087675270209,7.951195759672802,0.6479333688922778,0.6531710160387946,0,928.3044888973236,1.6492269247240254,1.1661380767424665,3.1954854518892137,2.5631787050574606,6.416042802205864
23.0,66.0,0.688,1,Solved_To_Acceptable_Level,3.148640321302805,4.332207708629131,8.471372449396947,0.6257792022340186,0.7147077914014792,0,1452.7457585334778,1.949289915020671,1.1472748307060026,3.14864033132169,2.4809054800849895,6.321985014817358
23.0,66.0,0.75,1,Solve_Succeeded,3.17645495960348,4.062253148260212,7.855482447801535,0.6074471910224498,0.7764107474357588,0,1589.3143498897552,1.819725107883548,1.1560008032041837,3.1764549605729417,2.514122381530042,6.377832526309771
23.0,66.0,0.812,1,Solved_To_Acceptable_Level,3.295866762079482,4.272824509659184,8.976778127451015,0.5973246229100865,0.8384706357786991,0,1216.2782137393951,1.6203811458173476,1.1213231383719626,3.295866772279788,2.557136274782188,6.617593041582995
23.0,66.0,0.875,1,Solve_Succeeded,3.2732194016157323,3.6987652230830923,6.970477070954683,0.5899067684218441,0.900648120366167,0,1874.8449530601501,1.651670923169057,1.1510003000667393,3.2732193985571825,2.6384634215906013,6.57212062845651
23.0,66.0,0.938,1,Solve_Succeeded,3.37501628761416,3.8594175382212192,7.871505723222467,0.5722641083041033,0.962381048187135,0,1428.57297372818,1.4793348210965376,1.1750936417248872,3.375016269426546,2.690741335994951,6.776513103355278
23.0,69.0,0.0,1,Solve_Succeeded,3.8322685682907056,3.9293559478992552,6.9539777988399285,0.532664287065262,0.023159316828924466,0,979.2937562465668,1.6516174120583278,1.2817348459822777,3.8322685770741316,2.914149160359021,7.360057230536597
23.0,69.0,0.062,1,Solve_Succeeded,3.5460661070882717,4.310979016216105,8.108855772223333,0.5466928497409069,0.08626925433656134,0,881.6782314777374,1.6464887065613105,1.1779651992791336,3.546066105543427,2.8451302167820955,6.810391554336381
23.0,69.0,0.125,1,Solve_Succeeded,3.4259390429003456,4.493367624509643,8.503407540528345,0.5602691944496648,0.14935953019346362,0,665.8431842327118,1.7083453808927602,1.1688724443839706,3.4259390527856297,2.7735766062315403,6.579681714562853
23.0,69.0,0.188,1,Solve_Succeeded,3.3312998809335337,4.686874242165247,8.944265048312976,0.5676935893895465,0.21218232997345848,0,670.8514184951782,1.839504625029108,1.194821954083704,3.3312998701266134,2.676751348983498,6.397922624375592
23.0,69.0,0.25,1,Solve_Succeeded,1.2028428465140768,3.9859256168797326,6.566547625564915,0.4669535618826955,0.2703023287775087,0,332.7120018005371,1.2028428466515988,1.2028428527649988,1.2028428561488558,0.045275628854581626,2.310117892816115
23.0,69.0,0.312,1,Solve_Succeeded,1.2805306928890088,4.291611589723482,7.251566098277961,0.48222538296115575,0.333466320998311,0,538.363269329071,1.280528762154435,1.280530593369089,1.2805306061260164,0.048552533027085044,2.4593211611276744
23.0,69.0,0.375,1,Solve_Succeeded,3.568561610887457,4.446100592921051,6.744450305883181,0.6571569834216623,0.40357204275746367,0,2981.6921951770782,1.8799231835122496,1.3281798564519478,3.56856161897729,2.8110737743919434,6.85359525794988
23.0,69.0,0.438,0,Infeasible_Problem_Detected,5.988891366466278,5.670522168178323,7.442055502140163,0.6873468294191266,0.46738464443073846,0,3523.923487663269,1.8851557580110365,1.3360420703598532,3.9256390085765958,2.885713914016922,11.50195567434319
23.0,69.0,0.5,0,Infeasible_Problem_Detected,5.98889665528273,6.35087040660739,8.17852080001787,0.7094274768546414,0.5308446729224009,0,4365.047259807587,2.096473911801813,1.3128362770571564,3.9239008958011454,2.888750021515874,11.501965831771113
23.0,69.0,0.562,1,Solve_Succeeded,3.6088298050131553,4.582539727078838,6.998199838233839,0.677338517885986,0.5919495007776515,0,339.1148097515106,1.882683009173749,1.314829556567453,3.6088298135012984,2.8221847887019047,6.930932273363622
23.0,69.0,0.625,1,Solve_Succeeded,3.3824457505367245,4.3862641385495165,7.029574933054223,0.6347767837176486,0.6525989905964195,0,860.5281448364258,1.7967703683626466,1.2781940247297203,3.382445760041337,2.6913908129125064,6.49615074191928
23.0,69.0,0.688,1,Solve_Succeeded,3.227659525529211,4.7223171175774805,8.527410865660043,0.577154348982999,0.712593667347087,0,1138.5118718147278,2.0298726952309543,1.3367105003671256,3.227659535538246,2.4627593441477793,6.198876306619945
23.0,69.0,0.75,1,Solve_Succeeded,3.2691625498171453,4.555960434843701,8.35252873557335,0.5703828055920043,0.774799252417044,0,1119.2721526622772,1.7763615589861677,1.3305352084558515,3.26916255782211,2.5438579895441653,6.2785848731142275
23.0,69.0,0.812,1,Solve_Succeeded,3.338526073800314,4.433837475756211,8.170147321725562,0.5707010827704395,0.8373130905552365,0,1092.516594171524,1.5767648295116703,1.2039555892394072,3.3385260814134954,2.6765772016608893,6.4118008774548425
23.0,69.0,0.875,1,Solve_Succeeded,3.428878504565862,4.202741770634775,7.6557371806444054,0.5643331203419314,0.899536222623562,0,678.8322975635529,1.457660967191473,1.1734759675431612,3.4288784296494743,2.7777447116959806,6.585327092933299
23.0,69.0,0.938,1,Solve_Succeeded,3.5429945458619723,4.134260871421789,7.672951433499297,0.549782013742712,0.9614035658149006,0,748.3047904968262,1.5485854786694508,1.1934705171936584,3.5429945473214093,2.845128032393095,6.804492472367096
23.0,72.0,0.0,1,Solve_Succeeded,4.245968937385253,4.458911793606973,7.349070091563238,0.5462796712701803,0.02375129005522526,0,943.2939877510071,1.4581353907039734,1.3489160295894924,4.245968937569329,3.2898827142848055,7.814814274834111
23.0,72.0,0.062,1,Solve_Succeeded,3.7697032186334374,4.252179874158408,6.667689765226779,0.5621208278733357,0.08694003599449288,0,980.640221118927,1.7945580802195136,1.3580612720302427,3.7697032249752134,2.938109706307204,6.938235055248992
23.0,72.0,0.125,1,Solved_To_Acceptable_Level,3.6751681816750676,5.343508449079741,9.932337966846868,0.5793629310029231,0.15018969265230098,0,424.5975112915039,1.8555623134511592,1.3088935044954846,3.675168191725895,2.865328609412826,6.7642409052236765
23.0,72.0,0.188,1,Solve_Succeeded,3.555266740474147,5.026270632486961,8.71264850260269,0.5757790320946929,0.21253387096063886,0,709.5886306762695,2.16777230938572,1.39195039258047,3.555266720032213,2.7368378616193594,6.543559240310894
23.0,72.0,0.25,1,Solve_Succeeded,1.2641843126849106,4.375660733282334,6.767081480467327,0.4700393352880981,0.27043649283861304,0,453.8287687301636,1.2641842094554563,1.2641842965661134,1.2641843016498973,0.04638411530784934,2.326763515814905
23.0,72.0,0.312,1,Solve_Succeeded,1.40548221210345,4.747435919796195,7.548858579135837,0.4764046732999653,0.33321324666521585,0,570.8236844539642,1.300586514102213,1.4054822178453859,1.4054822180208788,0.05254146321697972,2.586825908560546
23.0,72.0,0.375,1,Solve_Succeeded,3.62143399512569,6.094315743451248,11.580678458040392,0.6448061356848067,0.40303504937760043,0,4354.218909263611,1.7936528111630488,1.3829440072413024,3.621434004994109,2.877824708875317,6.6653417624637505
23.0,72.0,0.438,0,Infeasible_Problem_Detected,5.988917872082911,8.107750319514233,11.999998288741963,0.678586885306023,0.4670037770832682,0,6377.8241283893585,2.141237686045786,1.381938883515456,3.862405708670554,2.9513670437519366,11.022756305509944
23.0,72.0,0.5,0,Infeasible_Problem_Detected,5.988925114064348,8.449425229645037,11.99999914398727,0.7067466471334354,0.5307281151174763,0,3263.714042663574,2.1653921828062637,1.423066010162179,4.027363465603652,3.041283468815479,11.022769634561746
23.0,72.0,0.562,1,Solve_Succeeded,3.663686048573565,6.22703061140383,11.861584367201743,0.6682282282328837,0.5915534012275167,0,319.98723816871643,1.9247984146384656,1.3643998382588867,3.6636860585565527,2.8942036124407453,6.743107745987136
23.0,72.0,0.625,1,Solve_Succeeded,3.4901606721926255,5.790216205776968,10.737808192070874,0.6382432578389551,0.6527497068625634,0,999.0355803966522,2.27441519919054,1.3701856371662113,3.490160672671344,2.7301422150997983,6.423729858775644
23.0,72.0,0.688,1,Solve_Succeeded,3.4551058142999755,5.520227275721652,10.002326587728264,0.6016023436182808,0.7136566236355775,0,1086.741627216339,2.1740317394648567,1.351681139235492,3.4551058241844577,2.6402317018681276,6.359210497494009
23.0,72.0,0.75,1,Solve_Succeeded,3.506819827376069,4.991913575902647,8.551196567377112,0.5859069362124609,0.7754742146179331,0,1066.2710194587708,1.921748614181859,1.3384794615339528,3.5068198212744957,2.7264438318796747,6.454391459379445
23.0,72.0,0.812,1,Solve_Succeeded,3.591324994890541,4.859245213494614,8.361127933056691,0.5825051140284068,0.8378263093055829,0,754.4110591411591,1.716465639551416,1.312106137073182,3.5913250036062436,2.838896604716382,6.609925378522061
23.0,72.0,0.875,1,Solve_Succeeded,3.6845865227294925,4.6350037712182495,7.850414749759762,0.5761198362409651,0.9000486885322158,0,702.4882576465607,1.625208369834744,1.2666043404862575,3.684586442193484,2.9604244984795067,6.7815756024866065
23.0,72.0,0.938,1,Solve_Succeeded,3.848361917468944,4.248924345942977,6.956678168555537,0.5439146698152564,0.9611484639050112,0,759.2313928604126,1.5372001433677507,1.3943042424902596,3.8483618463400866,2.9638247192159417,7.083008399464303
23.0,75.0,0.0,1,Solve_Succeeded,4.403436709662564,4.434869140835145,6.048490795305319,0.557525183428552,0.0242402253664588,0,1309.5492334365845,1.5551875800732204,1.396419901302178,4.403436716378748,3.547874561454818,7.780452222305585
23.0,75.0,0.062,1,Solve_Succeeded,3.924739421684229,4.6323330193047,6.7641153470576745,0.5618395700350135,0.08692780739282661,0,978.725405216217,1.8811389162687604,1.3543692124817446,3.9247394146276537,3.0792009346645197,6.934639820848791
23.0,75.0,0.125,1,Solve_Succeeded,3.7885046468037595,5.126019124378355,7.872349028150002,0.582077453854013,0.15030771538495688,0,893.334150314331,1.93011588491643,1.3377427163921582,3.7885046540500333,3.020469508355809,6.693925981440554
23.0,75.0,0.188,1,Solve_Succeeded,3.7035431406098134,5.277134844395931,8.113175899507942,0.5827498966752688,0.21283695202935943,0,661.4383409023285,2.2039128648972377,1.379121776257775,3.7035431416212425,2.9097033599019277,6.543807112188594
23.0,75.0,0.25,1,Solve_Succeeded,1.4044222537508224,5.037499239596006,7.59016960468957,0.48077409254952824,0.27090322141519685,0,290.87251496315,1.4044220873586695,1.4044222408190374,1.3803401429216768,0.05199676420510703,2.4814800270147046
23.0,75.0,0.312,1,Solve_Succeeded,3.839315096817297,4.563876869758975,4.97335466095443,0.6171437058411502,0.33933233503657195,0,4477.12852025032,1.493155440415607,1.3925359866327571,3.8393150045841296,3.0746359393456166,6.783703195191961
23.0,75.0,0.375,1,Solve_Succeeded,3.869061454379701,6.723585045105077,11.86326552514777,0.6562277200398814,0.4035316400017339,0,4861.314247846603,1.8961660229210513,1.4725218160190003,3.869061464455288,3.06487562205747,6.8362621687986564
23.0,75.0,0.438,0,Infeasible_Problem_Detected,5.990009944527428,9.7836447762542,11.999998542906145,0.7638956014487472,0.4707128513360215,0,2292.2268702983856,3.418802201431376,1.8387338437352,5.885903078050136,4.0471692315956735,10.583775641027056
23.0,75.0,0.5,0,Infeasible_Problem_Detected,5.988992336405372,9.156127207606382,11.999999760318133,0.7311480202346048,0.531789044411018,0,4927.069976806641,2.7410816275417234,1.5111375607334374,4.09088980772685,3.102774052372325,10.581977624637421
23.0,75.0,0.562,1,Solved_To_Acceptable_Level,3.9707581258410847,6.8397865460363505,12.000000119676166,0.6814829322826956,0.5921296927079434,0,580.9180989265442,2.0729769794545794,1.4951740496206576,3.9707581358402972,3.0791533827726694,7.015950477191179
23.0,75.0,0.625,1,Solved_To_Acceptable_Level,3.7220939548812213,6.389471006171473,10.971628511289298,0.641543951906973,0.6528932153003033,0,1046.4901022911072,2.478006872366772,1.5235689146461384,3.722093964929744,2.8945143668501787,6.576584629759548
23.0,75.0,0.688,1,Solved_To_Acceptable_Level,3.65797512676184,5.9350232599577994,9.809789152136302,0.6112839500882813,0.7140775630473165,0,1543.7730581760406,2.385465081582807,1.4647607408429024,3.657975136761494,2.8263713059124043,6.463292782589727
23.0,75.0,0.75,1,Solve_Succeeded,3.6843067270455983,5.563950005705507,8.874593958771738,0.6060617698482705,0.7763505117325333,0,1394.3677513599396,2.004034216669434,1.4243481796560626,3.684306733859053,2.9071159312365555,6.509818206128817
23.0,75.0,0.812,1,Solve_Succeeded,3.742528380282691,5.278777811227547,8.230132261299477,0.6042423732778136,0.838771407533818,0,816.151168346405,1.9473164334964752,1.361203335830938,3.7425283807904632,3.020626309213905,6.612690308348622
23.0,75.0,0.875,1,Solve_Succeeded,3.828185705148146,4.727310692756317,6.963476583039484,0.5761354671715002,0.9000493681378915,0,952.0608797073364,1.743403300167002,1.3150292128168894,3.828185695721383,3.101807750536888,6.764038622755813
23.0,75.0,0.938,1,Solve_Succeeded,4.05281775340352,4.8374565263016995,7.53027189730719,0.5467382854009113,0.9612712298000394,0,1023.5387625694275,1.6210744112650113,1.433253303290519,4.0528177625762805,3.101943348096653,7.160942003974959
24.0,60.0,0.0,1,Solved_To_Acceptable_Level,3.1533201993606945,3.5123347744601245,9.12844850798944,0.5434072223331261,0.022641967597213597,0,832.9470160007477,1.7716006243572031,1.0854913775121209,3.1533202098784034,2.4424806474689222,6.964519638411319
24.0,60.0,0.062,1,Solved_To_Acceptable_Level,3.0321975477646697,3.7076850817534885,9.773564125623759,0.566699121492248,0.08611246339551037,0,543.2043161392212,1.5149107095436574,1.0234452188605088,3.03219755778344,2.406865489037732,6.697004437808478
24.0,60.0,0.125,1,Solve_Succeeded,2.911680332964645,3.359447434843269,7.976234587660548,0.5721816662456249,0.14884090276023443,0,909.2139077186584,1.4872007304496881,1.0325491818605668,2.911680291108906,2.301478716981542,6.4308264234693135
24.0,60.0,0.188,1,Solve_Succeeded,2.8244395841624534,3.315828507485517,7.508942225290094,0.5768472165657975,0.21153530069024162,0,1208.427005290985,1.6223536201180844,1.054648291834268,2.8244395869204704,2.2016316278714334,6.238143831823291
24.0,60.0,0.25,1,Solve_Succeeded,1.0273445672896444,3.0237854597823985,6.451252131552686,0.46988325226861566,0.2695784688445255,0,268.4729619026184,1.0273444892193662,1.0273445631227474,1.0273445708216413,0.039919242873637774,2.269024698397108
24.0,60.0,0.312,1,Solve_Succeeded,1.060145183746539,3.284588185847868,7.469862546281538,0.48554407554945467,0.332731003147894,0,455.00350403785706,1.0601451767236363,1.0601451891779425,1.0601451932598893,0.04136036603286369,2.341469145209821
24.0,60.0,0.375,1,Solved_To_Acceptable_Level,2.055738086701819,3.7613036206641413,8.990363104689703,0.5047340074499607,0.3960305836437484,0,1195.5485503673553,1.090691070071392,1.6310198312857453,2.0557380967051078,0.6236879908379382,4.540366144601366
24.0,60.0,0.438,1,Solve_Succeeded,3.155555370765889,3.2690176030571196,5.349743085409998,0.670116939005575,0.46542153912523226,0,604.3132894039154,1.6932011762509753,1.127943343171064,3.1555553812736283,2.467354584216141,6.969456306482596
24.0,60.0,0.5,0,Infeasible_Problem_Detected,5.988691055961641,6.734406007287657,12.000000070902596,0.7039004662911706,0.529329186096802,0,7938.343432426453,1.9249794789318355,1.1562090022218325,3.311618693436234,2.474047644222363,13.22680661357481
24.0,60.0,0.562,1,Solve_Succeeded,2.9548507127561594,3.3769791007593355,6.593355106963,0.6584647648228836,0.58993603186762,0,727.7546675205231,1.6518683065405317,1.0490936310320964,2.9548507184244666,2.4116884146597006,6.52617384740572
24.0,60.0,0.625,1,Solve_Succeeded,2.826388101979529,3.3527786971581097,6.65665585001437,0.640115728302514,0.6516714886792713,0,575.0193903446198,1.808465633946232,1.0337622792936463,2.826388111132671,2.2848135367342204,6.2424473879942015
24.0,60.0,0.688,1,Solve_Succeeded,2.7197019557957223,3.3405265177304306,6.9607472315161845,0.5948824949776793,0.7122867706240701,0,707.2670247554779,2.0565487368269237,1.0288747423517408,2.7197019656328325,2.0946838956878446,6.006817095709207
24.0,60.0,0.75,1,Solved_To_Acceptable_Level,2.850777147533351,3.667031275020148,8.498758952658857,0.5847044143642318,0.774362683931843,0,290.8732693195343,1.733383848442362,1.013809010961277,2.85077715753288,2.1876091634919326,6.296313781504173
24.0,60.0,0.812,1,Solve_Succeeded,2.8311808538655416,3.1780585119856735,7.124125149009732,0.5758529384290394,0.8364938724345432,0,1027.288384437561,1.6654902434673045,1.0486317408433594,2.831180861619387,2.209188367533135,6.2530328067026915
24.0,60.0,0.875,1,Solve_Succeeded,2.9140243179667578,3.2465563950385006,7.709940726819939,0.5706775039817656,0.8987782293325735,0,1327.9026720523834,1.5593372252653679,1.0406895265252918,2.9140243272943733,2.300486807144074,6.436003420585771
24.0,60.0,0.938,1,Solved_To_Acceptable_Level,3.015652221310048,3.617271823069739,9.57562615254375,0.5677270734699829,0.9611552947279159,0,698.3747174739838,1.6183309021609569,1.0311463116236033,3.0156522313130742,2.4045582179292637,6.66046192270313
24.0,63.0,0.0,1,Solve_Succeeded,3.403692967760386,3.260081368727433,6.829819878254788,0.5288610939430407,0.0220358789142933,0,474.3659417629242,1.5597543788532866,1.0995408339685409,3.403692977749291,2.600925931050858,7.159524388926915
24.0,63.0,0.062,1,Solve_Succeeded,3.1951819924850455,3.640846151227054,8.273991055075479,0.5463457654960999,0.08526440689567079,0,813.7983858585358,1.5390257293476883,1.021332051860286,3.1951819933037666,2.583649511661566,6.720930359740723
24.0,63.0,0.125,1,Solve_Succeeded,3.0936636673381757,3.821314163113078,8.827108295123898,0.5582310815672962,0.14825962839863735,0,654.6701123714447,1.6045351170855116,1.060276119713719,3.0936636754357836,2.5001373318383684,6.507390850831881
24.0,63.0,0.188,1,Solve_Succeeded,3.0035866873672905,3.771222122279385,8.296306685550467,0.5663396132524648,0.2110974838855193,0,392.40732884407043,1.6631013577517768,1.0685633127119631,3.0035866963707747,2.415574801640736,6.317917728229175
24.0,63.0,0.25,1,Solve_Succeeded,1.0854408981244863,3.447889131630231,6.984557844367932,0.471956015992903,0.2696648339997041,0,306.8181035518646,1.0854408944100407,1.0854409022640141,1.085440908444343,0.042551940658293874,2.283179081212614
24.0,63.0,0.312,1,Solve_Succeeded,1.1223597166672004,3.58199027762335,7.306599597059443,0.48406266678324217,0.33266927778263505,0,283.61690616607666,1.1223589328242534,1.1223596989294657,1.122359708199783,0.04287507966914904,2.360836256601395
24.0,63.0,0.375,1,Solve_Succeeded,2.982631064961483,3.7201310904627585,6.527316151984561,0.6836267811093485,0.40348444921288945,0,2111.623391866684,1.5578066019867414,1.3248929037490234,2.9826310749839777,1.8022470709375509,6.273838461644139
24.0,63.0,0.438,1,Solve_Succeeded,3.2969159569180304,4.942537369533504,12.000000070520706,0.6737757802254489,0.465573990842727,0,11717.367210388184,1.8943542263249529,1.1483515271134086,3.2969159657528273,2.5599363000939976,6.934923456779507
24.0,63.0,0.5,0,Infeasible_Problem_Detected,5.988878235262032,7.931286327390109,11.999997055722348,0.7850993220946471,0.5327124713802377,0,14677.42302942276,2.83890018565391,1.5351509109454196,5.114612276190904,3.5794613619884754,12.597352403347152
24.0,63.0,0.562,1,Solved_To_Acceptable_Level,3.0709667180787488,4.7491707574706155,11.58365792260609,0.6610711141173576,0.5900446297548898,0,757.4533739089966,1.9211276439832625,1.1252430064882706,3.070966729414652,2.4464450680047367,6.459648776762249
24.0,63.0,0.625,1,Solved_To_Acceptable_Level,2.987257590779002,4.628685742881781,11.295790165132223,0.6270673865483185,0.6511278077728466,0,455.6776604652405,1.8242245169242783,1.085665859547081,2.9872576016785244,2.331091212649985,6.283570163281236
24.0,63.0,0.688,1,Solve_Succeeded,2.8892477880442353,4.247287681943192,10.040574060768671,0.5782069367278154,0.7115919556969921,0,848.6840264797211,2.0572871216835864,1.1689818481743486,2.889247798077582,2.216469670189438,6.0774106830696
24.0,63.0,0.75,1,Solve_Succeeded,2.9326234202833605,3.9348734999823325,8.976356623346287,0.5666286683421885,0.7736095278475913,0,954.6992001533508,1.8661158139224292,1.1787099370202634,2.932623430029763,2.2936522736369604,6.168649493339107
24.0,63.0,0.812,1,Solve_Succeeded,2.9998008471891824,3.6959952933799087,8.168834848144357,0.5629473004174952,0.8359561375173957,0,1252.5428700447083,1.6660250708151347,1.0828051935337568,2.9998008572905888,2.3975413927964264,6.309954373324818
24.0,63.0,0.875,1,Solve_Succeeded,3.0931670149364257,3.6169433198902463,8.119485706167021,0.5596002086163776,0.8983166753590158,0,870.346498966217,1.5479670929458254,1.06463981795336,3.0931670023680677,2.4975805149755756,6.5063461634829265
24.0,63.0,0.938,1,Solve_Succeeded,3.189607649793994,3.567569942122014,8.120998334009188,0.5499853986784591,0.9604160582782691,0,908.7859778404236,1.4979744059740099,1.030996081305563,3.189607622327557,2.590876162275666,6.709204965345035
24.0,66.0,0.0,1,Solve_Succeeded,3.6074701937766367,3.580258107332508,6.905111554010851,0.5305368476447555,0.022105701985198085,0,1099.4142091274261,1.5467695824839292,1.178181304076983,3.607470203191826,2.7304118247858478,7.243244759382244
24.0,66.0,0.062,1,Solve_Succeeded,3.366877801290698,4.002326294124213,8.294505967831016,0.5479037177854377,0.08532932157439325,0,1307.9804637432098,1.5602959156982459,1.0902219629739567,3.3668778090587406,2.718442879795136,6.7601722757821445
24.0,66.0,0.125,1,Solve_Succeeded,3.2584533386213126,4.132189364646203,8.585645027762071,0.5601206198578358,0.14833835916074323,0,918.32493019104,1.633761479716951,1.114472289308424,3.258453348097659,2.6369829751748664,6.542472647279686
24.0,66.0,0.188,1,Solve_Succeeded,3.165497143084106,4.265810817556333,8.842633784829593,0.5671148085512444,0.21112978368963523,0,1325.9868559837341,1.767552030552,1.1400052515282142,3.1654971496696205,2.539035250356188,6.355830917754514
24.0,66.0,0.25,1,Solve_Succeeded,1.1454448285233878,3.6883253872117585,6.752040377103577,0.46864408359057735,0.269526836816274,0,240.57497191429138,1.1454443737636977,1.145444740915577,1.145444672960248,0.04298403933011081,2.299876868193254
24.0,66.0,0.312,1,Solve_Succeeded,1.1858922684235966,3.940880249226608,7.339135739469735,0.48414958530475977,0.33267289938769834,0,308.9161636829376,1.1858860298704352,1.1858921559960638,1.1858922035271608,0.04464948527152039,2.381089100408791
24.0,66.0,0.375,1,Solve_Succeeded,3.3518656771437785,3.8545280261250507,5.859224504379677,0.644651313965496,0.401860471415229,0,679.3060657978058,1.482961655297277,1.173671777242895,3.351865687687714,2.6778088550942756,6.730030241693559
24.0,66.0,0.438,0,Maximum_CpuTime_Exceeded,5.988237776923752,5.666698340291816,7.555019362746843,0.6921371134644649,0.4663111265403887,0,6002.100689411163,1.8248882075023993,1.35489344042573,3.5492856756695375,2.7190072787100426,12.023459534181072
24.0,66.0,0.5,0,Infeasible_Problem_Detected,5.988851596596785,5.645953544124106,7.387333026514291,0.716133045178467,0.5298388769805206,0,6442.28390955925,1.991803455850431,1.2793183299675037,3.874433385858364,2.76876004586858,12.024691989583635
24.0,66.0,0.562,1,Solve_Succeeded,3.372723543601671,4.06907908193229,6.638957989186983,0.6734521355824068,0.590560505649267,0,462.663366317749,1.7014227234341015,1.1968676261139048,3.372723552991205,2.6880319963344603,6.771909626358651
24.0,66.0,0.625,1,Solved_To_Acceptable_Level,3.2506448353346142,4.427264230098366,8.52097213011734,0.6412855684281074,0.6517202320178379,0,638.2314865589142,1.7835348262598816,1.191967513104924,3.2506448454140595,2.5814486289277707,6.526794374841686
24.0,66.0,0.688,1,Solved_To_Acceptable_Level,3.0714478917424346,4.341198553572502,8.52363464592107,0.5779883678600082,0.7115828486608337,0,1073.2485654354095,1.960649448327221,1.2558760369358175,3.0714479017805285,2.3415124015690916,6.166994500455881
24.0,66.0,0.75,1,Solve_Succeeded,3.1111497134651698,4.337340139646713,8.993131419785525,0.56887856294792,0.7737032734561634,0,780.1753804683685,1.6809281416800619,1.2703960642426482,3.1111497154514427,2.4221572962684035,6.246709646163038
24.0,66.0,0.812,1,Solve_Succeeded,3.1751619623652005,3.868009899017856,7.471855882606271,0.5609293313004088,0.8358720554708503,0,575.3368678092957,1.4654909955721271,1.2076288932208554,3.175161970090275,2.507824604507677,6.375236386919285
24.0,66.0,0.875,1,Solve_Succeeded,3.2578522095305007,3.7479218529013067,7.286833149652373,0.5582463969815602,0.898260266540898,0,1048.1293666362762,1.3373117790908995,1.1346105940046267,3.257852164714181,2.6235030498302923,6.5412656726124405
24.0,66.0,0.938,1,Solve_Succeeded,3.3659892910209686,3.9620273129569945,8.270505614341205,0.5486002350742332,0.9603583431280928,0,678.2257971763611,1.369323833213974,1.126725903236576,3.3659892864652057,2.7147537548976333,6.758388283951532
24.0,69.0,0.0,1,Solve_Succeeded,3.8248028506160945,3.394679067836909,5.056008607263691,0.5324306983838704,0.022184612434489104,0,830.7699177265167,1.5762056883976896,1.254329430853119,3.824802854725551,2.8945486090979715,7.3457189584731974
24.0,69.0,0.062,1,Solve_Succeeded,3.544010081010722,4.2754013138735525,7.975717056575216,0.5470807499789743,0.08529503124912392,0,718.5384438037872,1.5370305474396784,1.179580749290111,3.544010016838726,2.8461270063418653,6.806442856762455
24.0,69.0,0.125,1,Solve_Succeeded,3.427176050139575,4.415089504940594,8.253010598391374,0.5594543806778198,0.1483105991949092,0,559.5832271575928,1.638304215999889,1.1799608161380333,3.427176055492615,2.763425345237389,6.582057446825108
24.0,69.0,0.188,1,Solve_Succeeded,3.3355138155507507,4.576991425187523,8.546502216906058,0.5676015727267256,0.21115006553028026,0,907.3430478572845,1.8084941932123124,1.2094659491288766,3.3355138253649352,2.671916018800826,6.406015689722076
24.0,69.0,0.25,1,Solve_Succeeded,1.203504738907908,3.930262998748615,6.449869075294421,0.4664945046091527,0.26943727102538134,0,326.7169027328491,1.20350329276715,1.2035045592128302,1.203504518320806,0.04560670644207886,2.311389089187727
24.0,69.0,0.312,1,Solve_Succeeded,1.2659385607116933,4.38709621131687,7.610675344950142,0.4881340146142304,0.332838917275593,0,633.5628604888916,1.245305611209649,1.2659385669386904,1.265938572501406,0.05043567926333179,2.4312962651615497
24.0,69.0,0.375,1,Solve_Succeeded,3.5758000293412016,3.8555034362948923,4.265344702979047,0.6471831216899536,0.40196596340374846,0,1823.2659659385681,1.4688130835342255,1.309409192374648,3.5758000345363254,2.828980066589604,6.867496990860498
24.0,69.0,0.438,0,Infeasible_Problem_Detected,5.9885173985064135,5.940057112839164,7.3943920232733,0.6963658563591775,0.4665152438576034,0,3693.167944908142,1.95033012361489,1.3040890326983785,4.091743306679678,2.914219978853563,11.501237450779799
24.0,69.0,0.5,0,Infeasible_Problem_Detected,5.988925609619865,5.823348524650854,6.442889009939478,0.7117025281076764,0.5296542721552013,0,4182.589752912521,2.2454933673072,1.3352960541237584,4.006929520614156,2.9360134896612227,11.502021439976694
24.0,69.0,0.562,1,Solve_Succeeded,3.6382449596893154,3.9215821320625164,4.328965606869224,0.6692160169474928,0.5903840007061459,0,345.8507516384125,1.547251821838424,1.3321598236184369,3.6382449654835307,2.8344073777289163,6.987425501331251
24.0,69.0,0.625,1,Solve_Succeeded,3.3929704809551966,3.8644967317043664,4.744646932888175,0.6386415658506369,0.6516100652437764,0,518.3033580780029,1.3993815403350847,1.2887322446857907,3.3929704922052264,2.7229235908738025,6.516363995984216
24.0,69.0,0.688,1,Solve_Succeeded,3.231828225060866,3.888356356464948,5.196503677362649,0.5779186828136218,0.7115799451172565,0,488.36416697502136,1.8133562186621381,1.3188858186339016,3.231828233900414,2.44960861172392,6.2068824957956625
24.0,69.0,0.75,1,Solve_Succeeded,3.2817108673262707,3.792907188035795,5.472637755277429,0.5711489207970855,0.7737978716998786,0,527.3894190788269,1.6456528706504314,1.345227314026421,3.281710875072878,2.54096385415283,6.302684524109017
24.0,69.0,0.812,1,Solve_Succeeded,3.344317110384784,3.704178901269043,5.5578442905866385,0.5680235888409344,0.8361676495350391,0,717.6047587394714,1.5351102944933326,1.2614438613591887,3.3443171233433664,2.659837995221219,6.422922843446084
24.0,69.0,0.875,1,Solve_Succeeded,3.4370270504948413,4.20781134839382,7.667240646079276,0.5634239700906529,0.8984759987537773,0,712.2643566131592,1.4332423086759436,1.193611465541804,3.4370270595720176,2.7746021004577845,6.600976769701567
24.0,69.0,0.938,1,Solve_Succeeded,3.5444798991052897,3.8623868688256042,6.71333998124936,0.5475703866309293,0.9603154327762887,0,932.442854642868,1.4160354143743563,1.1970557979838887,3.544479907093642,2.8452438847832204,6.807345165147773
24.0,72.0,0.0,1,Solve_Succeeded,1.6982609247189837,3.99356070500632,6.627427894587146,0.4353822950259463,0.0181409289594144,0,650.2136635780334,1.1248586046075817,1.650220594705968,1.6982609317672128,0.5250677691602952,3.1256926069411577
24.0,72.0,0.062,1,Solve_Succeeded,1.425318320806083,4.4974572836828495,8.088646620441509,0.4497692936243994,0.08124038723434997,0,821.3053560256958,1.3962235541336654,1.4253183209291138,1.4253183256844886,0.3747760738699586,2.6233347732584487
24.0,72.0,0.125,1,Solve_Succeeded,1.359892340899665,4.830586829393667,8.982663430054355,0.4529060597418792,0.1438710858225781,0,679.6505477428436,1.3598922520859458,1.3598923350844936,1.3598923399021712,0.23764149739717924,2.502916586206768
24.0,72.0,0.188,1,Solve_Succeeded,1.3040439242483903,4.855659913528058,8.787791772196158,0.4622226273349844,0.2067592761389577,0,317.3863251209259,1.3040438321862249,1.3040439075204286,1.3040438937520786,0.12345986094141581,2.4001261489451062
24.0,72.0,0.25,1,Solve_Succeeded,1.2618705937019021,4.139090213854937,5.881990969196769,0.47142080318879404,0.2696425334661998,0,323.9460277557373,1.2618705224729034,1.2618705878838787,1.2618705927418554,0.04730698655249425,2.3225050569323717
24.0,72.0,0.312,1,Solve_Succeeded,1.4049589198499859,4.525054902026251,6.688955886947204,0.47765233212110164,0.33240218050504594,0,413.2238702774048,1.3940382337010884,1.4049588984129924,1.2600648606403844,0.05297201495856094,2.585862775802726
24.0,72.0,0.375,0,Maximum_CpuTime_Exceeded,5.9871168805780055,5.000874409284347,3.9026285068807467,0.6898567948884771,0.4037311166212456,0,5754.550988912582,1.6132762208165459,1.4492335061813606,4.236665433873316,3.1081354272701383,11.019441534646345
24.0,72.0,0.438,0,Infeasible_Problem_Detected,5.988778165752819,6.380192679208811,7.620768227944417,0.7165869200549759,0.4673577848998563,0,4122.406695604324,1.9775789963830628,1.3700513443850257,4.148251416335469,3.0157235628000834,11.022499172441195
24.0,72.0,0.5,0,Infeasible_Problem_Detected,5.988481900459899,7.268687513291896,9.211302436661798,0.7222836447318748,0.5300951518847397,0,4040.5049271583557,2.22800064097679,1.4958203752189314,4.34574502386325,3.145044205712365,11.021953888602713
24.0,72.0,0.562,1,Solve_Succeeded,3.664178846578748,6.202674987995021,11.832510003873296,0.664409188651818,0.5901837161938257,0,3754.1956644058228,1.8413398959869818,1.3794908703787347,3.6641788565668305,2.8947152120846265,6.744014753302147
24.0,72.0,0.625,1,Solve_Succeeded,3.49328690316598,5.745297062162729,10.57726619322054,0.6416267038201885,0.6517344459925075,0,1080.0020196437836,2.2113268938529003,1.3599700916235111,3.4932869131773705,2.7650223559315914,6.429483766728642
24.0,72.0,0.688,1,Solve_Succeeded,3.460752599667688,5.438499589156065,9.645633240070518,0.6217321013713198,0.7134055042238051,0,622.9251563549042,2.0456815046098793,1.354696028288086,3.4607525937316117,2.733959620319607,6.369603550186875
24.0,72.0,0.75,1,Solve_Succeeded,3.4982617679560586,5.196085252165603,9.074806206671473,0.6096427780516017,0.7754017824188167,0,798.7045991420746,1.9375568737424849,1.3298704907978294,3.4982617775581772,2.7766561293926566,6.438640132436964
24.0,72.0,0.812,1,Solve_Succeeded,1.309047608710329,4.201815587039495,6.831803439559787,0.4607643310562833,0.8316985137940117,0,1707.0389096736908,1.309047411103435,1.3090475924079776,1.3090475766351766,0.1336711909634044,2.4093355579955653
24.0,72.0,0.875,1,Solve_Succeeded,1.3572340097640072,4.3569095766666965,7.61966885644734,0.45618648200180795,0.8940077700834085,0,503.07572388648987,1.357231323499467,1.3572338710738447,1.3572338750026336,0.23302933286140473,2.4980238598556026
24.0,72.0,0.938,1,Solve_Succeeded,1.4305810517077586,4.257324302733395,7.475055098333638,0.44993905949370894,0.9562474608122379,0,251.91218090057373,1.2458017053048986,1.4305810430939656,1.430581050255645,0.35836549059801825,2.6330209638975055
24.0,75.0,0.0,1,Solve_Succeeded,4.400291414661198,4.002817257304781,4.66837563738465,0.5598470004491787,0.023326958352049083,0,858.5530230998993,1.594316798971667,1.394587448431723,4.400291424576221,3.5596060637742903,7.7748947863534585
24.0,75.0,0.062,1,Solve_Succeeded,1.6467836404252882,4.217034582351001,5.969068649046585,0.45122317331606443,0.08130096555483608,0,2929.302252292633,1.2723825173240646,1.646783591583466,1.6467836386066925,0.45057514553002925,2.9097094564089363
24.0,75.0,0.125,1,Solve_Succeeded,1.4475756477678787,4.801100715918171,7.650571997929789,0.45842115111143467,0.14410088129630974,0,394.63572096824646,1.4475753465982009,1.447575650316877,1.4475756545516294,0.26858634132362585,2.5577279539221776
24.0,75.0,0.188,1,Solve_Succeeded,1.3866028539260236,5.089642495177335,8.26118717882429,0.4672641261728792,0.20696933859053646,0,697.8828499317169,1.3866028248293152,1.386602852930527,1.3866028546515279,0.14542364791007542,2.4499948489348697
24.0,75.0,0.25,1,Solve_Succeeded,1.368909786951,4.425106522794585,5.63101096459279,0.4776272206026536,0.2699011341917772,0,497.44377279281616,1.3689097894178588,1.3689097928867544,1.3689098870308227,0.051123746896587816,2.4187328889382265
24.0,75.0,0.312,1,Solve_Succeeded,3.783294314135514,4.468617347848335,4.5917964925600225,0.6301669079870729,0.33875695449946147,0,6216.406799077988,1.5207073246668663,1.3954341561792347,3.7832943206093304,3.0515100999742906,6.684719821102505
24.0,75.0,0.375,1,Solve_Succeeded,3.8547508459573003,6.703581113816911,11.826486441217497,0.653522087943562,0.4022300869976485,0,3540.4593303203583,1.8795034558096797,1.462046329976016,3.8547508556340015,3.058342834716659,6.810976690104643
24.0,75.0,0.438,0,Infeasible_Problem_Detected,5.988987945061029,9.073368031361078,11.999998085217944,0.6899505477414117,0.4662479391546143,0,1411.6868500709534,2.1261397164479043,1.439111784976733,4.216561326306754,3.174628254064152,10.581969865551258
24.0,75.0,0.5,0,Infeasible_Problem_Detected,5.988976890866297,8.77282682926137,11.999999329356942,0.6904980103737443,0.5287707504880738,0,3378.152379512787,2.115210965040653,1.4825264801905715,3.9992654567578176,3.0785723054588097,10.58195033384463
24.0,75.0,0.562,1,Solved_To_Acceptable_Level,3.998274452435071,6.8501646415080835,12.000000119755747,0.6830068984078337,0.590958620766993,0,438.84036135673523,2.093814252298258,1.5072003138395242,3.9982744624371636,3.0840512143510916,7.0645691990018245
24.0,75.0,0.625,1,Solved_To_Acceptable_Level,3.7260482104239663,6.377877339953473,11.003444733451314,0.6388918551620887,0.6516204939650869,0,652.4673361778259,2.3327393268375998,1.4711795862418104,3.7260482204687246,2.8983155857022913,6.583571421748089
24.0,75.0,0.688,1,Solve_Succeeded,3.6566296845157606,6.004554798646839,10.05222236173145,0.6049195579287168,0.7127049815803632,0,821.6899724006653,2.4019791100209607,1.447179606214251,3.6566296941283194,2.810441055135524,6.46091551460481
24.0,75.0,0.75,1,Solve_Succeeded,3.662126486039138,5.478391215089219,8.613637292931655,0.602403435307319,0.7751001431378048,0,1041.8196594715118,1.9892819530772659,1.3419644738643441,3.6621264732355145,2.9631529431080743,6.4706278380576
24.0,75.0,0.812,1,Solve_Succeeded,3.7330323296069086,5.289402263301557,8.335688927736301,0.5938538844992751,0.8372439118541365,0,760.349000453949,1.829107593899651,1.3175332569535914,3.7330323335910225,3.0449125518622835,6.595911693495047
24.0,75.0,0.875,1,Solve_Succeeded,3.8355737979302384,4.917716597453249,7.590664611471601,0.5727778508660432,0.8988657437860855,0,760.8594663143158,1.7278589972894631,1.307081982732881,3.835573805096916,3.1041130496223395,6.777092677280748
24.0,75.0,0.938,1,Solve_Succeeded,4.061070636491043,4.464214481815873,6.491213622138044,0.545819440125789,0.9602424766719079,0,818.3698499202728,1.7139728488992418,1.4344877504667644,4.061070642996371,3.1013121159190007,7.1755240603987165
